feature,gold_coefficient,expanded_coefficient,absolute_expanded_coefficient
has_emoji,-1.5676399810774255,-2.0389775510756474,2.0389775510756474
upper,-0.30151517281976925,-0.39289115879322845,0.39289115879322845
baje,-0.44841678587992706,-0.3871123884137822,0.3871123884137822
স্পর্শ,-0.36985881031937007,-0.32040081507605056,0.32040081507605056
ব্যাবহারটা,-0.3305477914203136,-0.3123766647756546,0.3123766647756546
ho,-0.27474143480445423,-0.3038422953269462,0.3038422953269462
খেলনা,-0.3722834034554025,-0.301683467351387,0.301683467351387
faltu,-0.21642121914723125,-0.2876041051795134,0.2876041051795134
ব্যান্ডের,-0.3754130635060986,-0.2773703398985665,0.2773703398985665
কাটছে,-0.2890188810085586,-0.27076100138148834,0.27076100138148834
pakistani,-0.06894435786553307,-0.26693253880249557,0.26693253880249557
দারুণভাবে,-0.2894200895970639,-0.2656183932700335,0.2656183932700335
paid,-0.25921172472998166,-0.264802010151629,0.264802010151629
২ঘন্টা,-0.19443471181528313,-0.2599320280695551,0.2599320280695551
nimno,-0.04616712182187621,-0.2546413043458297,0.2546413043458297
branded,-0.2939717734873313,-0.2478793289094599,0.2478793289094599
village,-0.19556269054532843,-0.24674853943264957,0.24674853943264957
চাইছে,-0.14271043625049126,-0.24515994161421303,0.24515994161421303
বলেনতো,-0.26593365342622827,-0.23921367128823576,0.23921367128823576
thi,-0.2536031438869646,-0.23557493675160002,0.23557493675160002
খুলেই,-0.18193672809603206,-0.2321841775465671,0.2321841775465671
id,-0.2858782222364708,-0.23161022303354023,0.23161022303354023
খুজেন,-0.24300463416799875,-0.22634209470992941,0.22634209470992941
মসলাটা,-0.21834036559949338,-0.22494380557778884,0.22494380557778884
has_promo,-0.26533003728986493,-0.2185346865111651,0.2185346865111651
pura,-0.18887241737335916,-0.21045480869796707,0.21045480869796707
ব্যবসায়ী,-0.24365560315176882,-0.20421595477017726,0.20421595477017726
পুরষ্কার,-0.15467473411435842,-0.20109202228100953,0.20109202228100953
মাস্টারপিস,-0.08182364374779184,-0.19975428229145104,0.19975428229145104
has_phone,-0.1434468769056703,-0.19053777172598085,0.19053777172598085
বিচ্ছিন্ন,-0.19987479686049484,-0.18525157870039402,0.18525157870039402
joya,-0.10785808456971425,-0.1845179071752343,0.1845179071752343
hook,-0.1911559107382588,-0.18382755355351874,0.18382755355351874
shutter,-0.2895087352307535,-0.18157051713978933,0.18157051713978933
fans,-0.2445851542274152,-0.18075883971880366,0.18075883971880366
khaite,-0.16102004319696775,-0.17699301179332355,0.17699301179332355
ব্রেকাপ,-0.19371484518094603,-0.17437893363364212,0.17437893363364212
জিনিয়াস,-0.18834439158440686,-0.16912660022203904,0.16912660022203904
ওফার,-0.15561351282388444,-0.16838826382025948,0.16838826382025948
কসম,-0.15772573808323062,-0.167342920592526,0.167342920592526
আপডাউন,-0.08806772049356637,-0.1672955441863892,0.1672955441863892
স্বনামধন্য,-0.13881396086301853,-0.16585041012262658,0.16585041012262658
শেরা,-0.23985326514804947,-0.1651898035573004,0.1651898035573004
পাল্টা,-0.1891390605776358,-0.16103170207002615,0.16103170207002615
আংটি,-0.14551047357173585,-0.1597605913545159,0.1597605913545159
প্রোমো,-0.13515062295232627,-0.15871744247333341,0.15871744247333341
এইড,-0.13005604629860468,-0.1541110276392124,0.1541110276392124
জঘন্যতম,-0.15971402567555681,-0.15359105818246213,0.15359105818246213
তারিখের,-0.17954631155675718,-0.15018408359990032,0.15018408359990032
দানার,-0.09554357487136267,-0.1498357270794619,0.1498357270794619
জয়েন,-0.1669716261015535,-0.14884708050047035,0.14884708050047035
offer,-0.11179973753113767,-0.14611729483878597,0.14611729483878597
পেরেছেন,-0.1626680178833821,-0.14285194479658714,0.14285194479658714
site,-0.24131241404446466,-0.1411292214350286,0.1411292214350286
করবি,-0.16442327375400612,-0.13998885027593436,0.13998885027593436
২৯৯টাকায়,-0.06612936185554073,-0.13997079832672044,0.13997079832672044
হইবে,-0.11025458061574156,-0.13806181129715062,0.13806181129715062
চ,-0.15213541856197038,-0.13789137275063446,0.13789137275063446
মৌ,-0.24209875904032577,-0.13785347809459086,0.13785347809459086
কটু,-0.19205646171525034,-0.13483390363277095,0.13483390363277095
behind,-0.17529001244384404,-0.13319679210812146,0.13319679210812146
প্রিমিয়ার,-0.14601204667706955,-0.13234131634001886,0.13234131634001886
মানহীন,-0.095882737924134,-0.12791118998850431,0.12791118998850431
রেটিংঃ১০,-0.18001826920776434,-0.12764273823712785,0.12764273823712785
ঠিকানায়,-0.132535870830565,-0.12617912520589308,0.12617912520589308
drive,-0.2539995270530947,-0.1259102300746468,0.1259102300746468
এগুলোও,-0.10039277118498259,-0.12546504145918366,0.12546504145918366
হেলমেট,-0.11347292125513424,-0.12243146902549742,0.12243146902549742
lagtase,-0.0997348167403144,-0.12214280849042801,0.12214280849042801
প্লাজার,-0.11689563755268707,-0.12180059573793818,0.12180059573793818
bamboo,-0.024964277217900826,-0.1217021804461932,0.1217021804461932
জেনো,-0.08387535891367294,-0.12006528183176098,0.12006528183176098
১৫০টাকা,-0.11329780021186167,-0.11963815391074044,0.11963815391074044
পারছিনা,-0.1296507289356515,-0.11797687790331025,0.11797687790331025
ইং,-0.17871413130754518,-0.11755855853921518,0.11755855853921518
খুজছিলাম,-0.1207739133481889,-0.11639478161871605,0.11639478161871605
includes,-0.1633853830045933,-0.11565629419857355,0.11565629419857355
যেকোন,-0.07973655191887219,-0.11515224872365468,0.11515224872365468
হিসবে,-0.1763584917288841,-0.11326787652078145,0.11326787652078145
114,-0.09418059952508827,-0.11187582279784204,0.11187582279784204
ওয়ারির,-0.10673647486436974,-0.11152771129323481,0.11152771129323481
অফারটি,-0.0983671312666039,-0.11078868140245324,0.11078868140245324
বারে,-0.14965380822157345,-0.1103521142195755,0.1103521142195755
127,-0.0928512452862856,-0.11029670140759992,0.11029670140759992
একেতো,-0.16725960042034296,-0.10935657953595145,0.10935657953595145
2019,-0.09883205922247267,-0.10873146711899603,0.10873146711899603
টেশ,-0.0870373349843915,-0.10838253889369573,0.10838253889369573
তোর,-0.09637737508568492,-0.10820197328808431,0.10820197328808431
bolta,-0.10621518110503479,-0.10720717243900074,0.10720717243900074
সেকশনের,-0.1740199219190959,-0.10601534160333168,0.10601534160333168
৯৯টাকার,-0.09371012014305526,-0.1058573879572445,0.1058573879572445
jatrabari,-0.07391443257096034,-0.10558401994076824,0.10558401994076824
obdi,-0.10437890154268498,-0.10535374303617058,0.10535374303617058
mosjid,-0.07470168175033418,-0.10384947279799889,0.10384947279799889
হিসেবেও,-0.11942505330907857,-0.10293192275827817,0.10293192275827817
প্যান্ট,-0.14148979230884032,-0.10210726486629451,0.10210726486629451
৩০০টাকার,-0.1548892155526547,-0.09919429100168377,0.09919429100168377
বল্লে,-0.11120460559228604,-0.09899809338386087,0.09899809338386087
promotional,-0.09299790594024201,-0.09878801352806657,0.09878801352806657
2020,-0.11469948624887936,-0.09658381231333006,0.09658381231333006
tomorrow,-0.046227944479488026,-0.09449177068885252,0.09449177068885252
digit_chars,0.0,-0.09389808316847836,0.09389808316847836
দিলা,-0.10227939197693436,-0.09316709205912953,0.09316709205912953
কুড়মুড়ে,-0.10372917687369214,-0.093138288632988,0.093138288632988
reviw,-0.08266857047598289,-0.09296243531041866,0.09296243531041866
প্রোন,-0.14428973865019015,-0.09203507621206881,0.09203507621206881
আস্তা,-0.155215030207793,-0.09155958173076773,0.09155958173076773
ওরফে,-0.05752316955958161,-0.08893777092911041,0.08893777092911041
কারিগর,-0.09045654094448716,-0.08653521959393633,0.08653521959393633
সম্মানিত,0.0,-0.08547404032866261,0.08547404032866261
italian,-0.13446747244523538,-0.08528691312319735,0.08528691312319735
কোম্পানির,-0.19454011215019176,-0.0847780041112765,0.0847780041112765
বোরহানিঃ,-0.07396836451398622,-0.08432422660274487,0.08432422660274487
০৫,-0.10531198895460521,-0.0837267318141513,0.0837267318141513
সপ্তাহে,-0.05244984551534714,-0.08291932762921837,0.08291932762921837
baler,-0.03593494363602298,-0.08216890896970888,0.08216890896970888
লাউঞ্জের,-0.10205425761133088,-0.08187166194579024,0.08187166194579024
bal,-0.03575451245174288,-0.0817563346880688,0.0817563346880688
আগামী,-0.12952227644859785,-0.08149014915380817,0.08149014915380817
মিলেও,-0.04556564854784497,-0.08084502009345933,0.08084502009345933
অন্তর,-0.11081044913714233,-0.0799672661565725,0.0799672661565725
thaky,-0.02450471078501514,-0.07963400180058643,0.07963400180058643
বিজয়,-0.06820165637386197,-0.07952912316410254,0.07952912316410254
ময়দা,-0.06752548046637141,-0.07935178570595608,0.07935178570595608
blbo,-0.1389482743271692,-0.07781748223858763,0.07781748223858763
picchi,-0.03368224334818274,-0.07701788030072307,0.07701788030072307
hal,-0.0333738689280073,-0.07631275077786494,0.07631275077786494
কিনলেই,-0.17467158422855136,-0.07628810900133108,0.07628810900133108
১৫০টাকায়,-0.15790537066683852,-0.07616611357586096,0.07616611357586096
c,-0.06235077938245071,-0.07468126353616117,0.07468126353616117
জুসটা,-0.02646140995237865,-0.0745627097533353,0.0745627097533353
pabna,-0.022770140452565257,-0.07399709475077844,0.07399709475077844
division,-0.028980277787150246,-0.0734565516452132,0.0734565516452132
foodpanda,-0.07661068848108023,-0.07207606579281751,0.07207606579281751
মিরর,-0.06585878005988541,-0.06924897300384167,0.06924897300384167
tehari,-0.019749641355839606,-0.06862394009784596,0.06862394009784596
তূলনামূলক,-0.06460199109018364,-0.06792748868003065,0.06792748868003065
ঠোট,-0.04642606278863577,-0.06792065887661908,0.06792065887661908
ভেজিটেবিল,-0.0452891787244492,-0.06776237014343856,0.06776237014343856
chapra,-0.10308783859771489,-0.0676360868119989,0.0676360868119989
উপকারিতা,-0.08285917831775728,-0.06687016764207299,0.06687016764207299
গুনে,-0.048821940678960445,-0.06577810902870813,0.06577810902870813
তোমায়,-0.11819826129924288,-0.06473083342350672,0.06473083342350672
জিনিষের,-0.11091933474102975,-0.06406236967349652,0.06406236967349652
bashundhara,-0.029853238106289367,-0.0639717067148669,0.0639717067148669
হজম,-0.011605651394182999,-0.06379038806144664,0.06379038806144664
অফার,-0.04242752690847144,-0.06339613897701737,0.06339613897701737
কান্ড,-0.17075843919239292,-0.062499381064249446,0.062499381064249446
flavours,0.0,-0.06203613024822911,0.06203613024822911
maintenance,-0.0070198254866435895,-0.061887197745445564,0.061887197745445564
ডিজে,-0.07643066479795688,-0.0616821391642881,0.0616821391642881
monthly,-0.006949490902173959,-0.061267123878125065,0.061267123878125065
মাসালার,-0.10156049430398703,-0.061227666584983374,0.061227666584983374
পানিও,-0.04403269081709312,-0.06042113126984612,0.06042113126984612
উরে,-0.09831803286445569,-0.05992242788365171,0.05992242788365171
ছুটিতে,-0.10720561251292743,-0.059616828609970786,0.059616828609970786
থাকতাম,-0.05446034512589786,-0.058822932283245546,0.058822932283245546
o,-0.10173211250431867,-0.05731530334345786,0.05731530334345786
আরাবিয়ান,-0.04326012129215148,-0.056862972345600026,0.056862972345600026
মিটাতে,-0.03659117122733416,-0.056205330216087354,0.056205330216087354
korban,-0.013637469401092579,-0.05473870551381667,0.05473870551381667
মনমুগ্ধকর,-0.060915597896005154,-0.05446218650508641,0.05446218650508641
টেস্টঃ১০,-0.05900428244131887,-0.05380662671363107,0.05380662671363107
সংযোজন,-0.044788763922324386,-0.05307714484527754,0.05307714484527754
ফ্রী,-0.05717883461661319,-0.05160328052541763,0.05160328052541763
বাবু,-0.05192928522458626,-0.049632700692768136,0.049632700692768136
thakbe,0.0,-0.04954554407621238,0.04954554407621238
জুড়ি,-0.06044080829129274,-0.049059800769195104,0.049059800769195104
ক্রেতা,-0.08879876950608874,-0.04759387279959816,0.04759387279959816
নামতে,-0.07903796202591791,-0.047225473400206094,0.047225473400206094
available,-0.04555361741485489,-0.04535506456410818,0.04535506456410818
নিয়াও,0.0,-0.044943267915733436,0.044943267915733436
৪৯৯,-0.017959010619659436,-0.04472864397774314,0.04472864397774314
ভি,-0.15078184142394188,-0.044529969822562125,0.044529969822562125
মধ্যম,-0.10416371918815173,-0.044114701261227414,0.044114701261227414
drinks,-0.03381580198052964,-0.04406213849376114,0.04406213849376114
discount,-0.024360122919225905,-0.04372177724727729,0.04372177724727729
ইনবক্সে,-0.0976698413742328,-0.043506999906026876,0.043506999906026876
সম্ভবনা,-0.054562866176957395,-0.04338469365257912,0.04338469365257912
food,-0.0154345278108877,-0.04304037389946999,0.04304037389946999
২০২০ইং,0.0,-0.04302466628311675,0.04302466628311675
দিবা,-0.05111554913163919,-0.0429821838269155,0.0429821838269155
ইসু,-0.03754845114208211,-0.04284060329748342,0.04284060329748342
combine,-0.05039405582782125,-0.04237549254918479,0.04237549254918479
মূর্খ,-0.0361543979530361,-0.04125006952495794,0.04125006952495794
এলকোহল,-0.0361543979530361,-0.04125006952495794,0.04125006952495794
running,-0.10763312140525443,-0.04079413614851842,0.04079413614851842
post,-0.03639570702372202,-0.04027064050966287,0.04027064050966287
কোনায়,-0.047038214743030285,-0.03994685498960558,0.03994685498960558
ঘুম,-0.03791689557608896,-0.03984829842224986,0.03984829842224986
cox,-0.0554442141555401,-0.039569448384356554,0.039569448384356554
khilgao,-0.1089209400431624,-0.03954887163821155,0.03954887163821155
পর্যন্ত,-0.053076722975569514,-0.03758864055642581,0.03758864055642581
৯৫০,-0.04853727438351524,-0.03477210291548587,0.03477210291548587
launch,0.0,-0.03463831217219348,0.03463831217219348
গুলাও,-0.08534517379601143,-0.03420750964464316,0.03420750964464316
গুন,-0.08369364551738488,-0.033227144339386706,0.033227144339386706
ঝুলে,-0.01793554000612524,-0.03311217412315612,0.03311217412315612
bcz,-0.12764973147069275,-0.03294907933579855,0.03294907933579855
জেনেটিক,-0.004098115666609056,-0.0318295776131419,0.0318295776131419
খাচ্ছি,-0.020498508757562393,-0.031272905877509694,0.031272905877509694
emoji_count,-0.21904399720564408,-0.030751020784661198,0.030751020784661198
brioche,-0.034860952975899126,-0.030425391812917597,0.030425391812917597
কোলেস্লো,0.0,-0.030129760264332704,0.030129760264332704
৩৪৫,-0.06885830732820791,-0.029119444171004767,0.029119444171004767
ঝুরঝুরে,-0.01909571739724979,-0.028965688992700626,0.028965688992700626
১০ই,-0.10379189421156393,-0.028885470873768433,0.028885470873768433
শরীরের,-0.07087563175750933,-0.028870392791629583,0.028870392791629583
পাচ্ছেন,-0.029078495806774334,-0.028190441004446728,0.028190441004446728
উন্নতি,-0.11606284218501281,-0.027353725350078534,0.027353725350078534
সংসারে,-0.11623190979272699,-0.027328019874604932,0.027328019874604932
কপালে,-0.04162838703838326,-0.026920391156204225,0.026920391156204225
smoothies,-0.05579838466116071,-0.026881942215250018,0.026881942215250018
monta,0.0,-0.026256260197016757,0.026256260197016757
ছি,-0.10831609044552168,-0.025546114823237598,0.025546114823237598
যেখান,-0.015379196483888977,-0.025387081193252965,0.025387081193252965
poti,0.0,-0.025057433436018205,0.025057433436018205
একটু,0.012431804866615603,0.02502150209649846,0.02502150209649846
chemistry,-0.036234661778263864,-0.024992787033192417,0.024992787033192417
valobasa,0.0,-0.024746671719720247,0.024746671719720247
পড়েই,-0.104779078485432,-0.02387139389215356,0.02387139389215356
ফ্রেশনেস,-0.07811991532236447,-0.023749842796231213,0.023749842796231213
ruti,0.0,-0.023689259353055023,0.023689259353055023
group,-0.015930983254261746,-0.023683634436408266,0.023683634436408266
friday,0.0,-0.023360658994246688,0.023360658994246688
জেলী,0.0,-0.023158334595483696,0.023158334595483696
যোগাযোগ,-0.07523754900849934,-0.022815241197838836,0.022815241197838836
পুডিং,-0.019206197267284234,-0.02229581552537453,0.02229581552537453
badda,0.0,-0.022262091296403753,0.022262091296403753
tarik,-0.004218531912607343,-0.021963987368961185,0.021963987368961185
মেগা,-0.02668349585769199,-0.021359073596506514,0.021359073596506514
promo_keyword_hits,-9.577971672861504e-05,-0.02109564479715515,0.02109564479715515
junk,-0.02840584713515575,-0.021023302371767017,0.021023302371767017
প্লেটার,-0.017386938221910415,-0.02086708951785548,0.02086708951785548
খাবারও,0.0,-0.020815351124593314,0.020815351124593314
লক্ষ,-0.06174037621205468,-0.020710667295003007,0.020710667295003007
খাবা,0.0,-0.02062690634042931,0.02062690634042931
ভাল,0.03071615680204876,0.02060405019159896,0.02060405019159896
name,0.0,-0.019581633841141585,0.019581633841141585
g,-0.09199702124702544,-0.0192472285441037,0.0192472285441037
ফ্লাট,-0.08194898750322385,-0.018786692741318008,0.018786692741318008
এতোদিন,-0.06800519114803494,-0.018664376275354132,0.018664376275354132
latin_chars,0.0,-0.018474765567814803,0.018474765567814803
পেপারের,-0.12715012468706957,-0.017959257493964303,0.017959257493964303
lake,0.0,-0.017212370187275856,0.017212370187275856
জো,-0.022789271659429226,-0.016075907276269254,0.016075907276269254
তাদের,0.020432750751767117,0.015990332658932967,0.015990332658932967
ডিংক্স,-0.0607030927016643,-0.015909757334946574,0.015909757334946574
প্রোফাইল,-0.04779250734842111,-0.01563500234758946,0.01563500234758946
repeated_char_ratio,-0.07194874761092217,-0.015559809283993798,0.015559809283993798
যেইখানে,0.0,-0.015434877468633014,0.015434877468633014
বাড়িতে,0.0,-0.01532143852259418,0.01532143852259418
সমাধান,-0.062320873108790094,-0.01461747918344461,0.01461747918344461
house,0.0,-0.014098072230378346,0.014098072230378346
sober,0.0,-0.01397503336740087,0.01397503336740087
হান্ডি,0.0,-0.013881886233797339,0.013881886233797339
added,0.0,-0.013395825543750055,0.013395825543750055
ভুতের,-0.016109134478361726,-0.013350926017940938,0.013350926017940938
400,-0.007970428516536987,-0.01243228675241341,0.01243228675241341
মালিবাগ,0.09256961445459032,0.012234707627836313,0.012234707627836313
বলা,0.04295838906467307,0.011353421569700362,0.011353421569700362
crispy,-0.016522458551709966,-0.011182860299198651,0.011182860299198651
১১টা,0.0,-0.011129399904457235,0.011129399904457235
১২৮,-0.1803913063043595,-0.010564887522421242,0.010564887522421242
চিনেন,0.0,-0.010002294920825494,0.010002294920825494
তোমাকে,0.0,-0.00978768908544608,0.00978768908544608
has_email,-0.006749028111864562,-0.009576939819085497,0.009576939819085497
email_count,-0.006749028111864562,-0.009576939819085497,0.009576939819085497
হোল,-0.03760270535637594,-0.009466962210997222,0.009466962210997222
সমাজ,0.0,-0.009362567779404323,0.009362567779404323
20,-0.038767495734320145,-0.008922848834015683,0.008922848834015683
ফেস্ট,-0.05334194439095842,-0.008185008240535615,0.008185008240535615
e,0.0,-0.008112579500473473,0.008112579500473473
মিনিট,0.013228088734740854,0.007799707940008939,0.007799707940008939
১৬৫,-0.03922006623189325,-0.0077853605460132995,0.0077853605460132995
ট্যাব,-0.07991134472897746,-0.007658834914642353,0.007658834914642353
নিতেও,-0.12305409879773324,-0.007623760960313431,0.007623760960313431
হুলুস্থুল,-0.1725122235705961,-0.007208866561071068,0.007208866561071068
2018,-0.03483675935160167,-0.007188237199923433,0.007188237199923433
আজকেও,-0.07477720289025415,-0.0071417767103414504,0.0071417767103414504
বেশ,0.0120424824415521,0.006628383865468985,0.006628383865468985
মেনুঃ,0.0,-0.006377570083795579,0.006377570083795579
ব্লুবেরি,-0.03018013811735768,-0.006359360875959536,0.006359360875959536
পাশে,0.025307664573821543,0.006233388175412487,0.006233388175412487
কোণায়,-0.008728875572185567,-0.006159154962070769,0.006159154962070769
নিয়েছিলাম,0.026324897424691938,0.005686353168462439,0.005686353168462439
তবে,0.006466021764601826,0.005568919783445469,0.005568919783445469
বুকটা,-0.07404051187919927,-0.005510840227322063,0.005510840227322063
লেবুর,-0.016733291826469352,-0.00536096067512906,0.00536096067512906
orokom,-0.006109819984866731,-0.00472383556157463,0.00472383556157463
কাছে,0.017729441698953075,0.004610321285515809,0.004610321285515809
মাঠ,0.0,-0.004295302016766714,0.004295302016766714
লেগেছে,0.01650937681634402,0.004126219743641203,0.004126219743641203
eating,0.08031917132968475,0.004063671220525882,0.004063671220525882
pallabi,0.0,-0.003996469340044401,0.003996469340044401
হলেও,0.024671709057476215,0.003290367710841752,0.003290367710841752
rakhen,0.0,-0.00292373107390802,0.00292373107390802
drum,0.0,-0.0027614599698298297,0.0027614599698298297
ভালো,0.0,0.0025990105604463544,0.0025990105604463544
পরিবেশ,0.02889471160073198,0.0023441219441365404,0.0023441219441365404
বনানী,0.09401263360240912,0.0023247106704089304,0.0023247106704089304
chana,-0.06246096085303586,-0.00208162292831595,0.00208162292831595
ক্যাটারিং,-0.03368870553980574,-0.0015459796829711922,0.0015459796829711922
tow,0.0,-0.0014743019455226276,0.0014743019455226276
২৯৯,-0.007494285469412395,-0.000950009550583698,0.000950009550583698
জী,-0.004285974213139517,-0.0003317605662698552,0.0003317605662698552
পিঠা,0.0,-0.0002816085167727188,0.0002816085167727188
অনুভব,-0.029318004358152416,-0.00023602928612200482,0.00023602928612200482
gazipur,0.0,0.0,0.0
sweetness,0.0,0.0,0.0
tolar,0.0,0.0,0.0
হাইওয়ে,0.0,0.0,0.0
উটের,0.0,0.0,0.0
মেট,0.0,0.0,0.0
ম্যাপঃ,0.0,0.0,0.0
অাপনারা,0.0,0.0,0.0
উঠুন,0.0,0.0,0.0
ugly,0.0,0.0,0.0
ভাজাপোড়া,0.0,0.0,0.0
তুলনার,0.0,0.0,0.0
movies,0.0,0.0,0.0
disapointed,0.0,0.0,0.0
টুকিটাকি,0.0,0.0,0.0
digibox,0.0,0.0,0.0
পোকায়,0.0,0.0,0.0
5050,0.0,0.0,0.0
barei,0.0,0.0,0.0
লাভারস,0.0,0.0,0.0
neoya,0.0,0.0,0.0
ফর্মুলা,0.0,0.0,0.0
vare,0.0,0.0,0.0
395,0.0,0.0,0.0
aager,0.0,0.0,0.0
admin,0.0,0.0,0.0
kenai,0.0,0.0,0.0
diners,0.0,0.0,0.0
সপ্ট,0.0,0.0,0.0
gourmet,0.0,0.0,0.0
closer,0.0,0.0,0.0
পরো,0.0,0.0,0.0
underrated,0.0,0.0,0.0
তিল,0.0,0.0,0.0
জায়গাও,0.0,0.0,0.0
margin,0.0,0.0,0.0
ধুলে,0.0,0.0,0.0
producet,0.0,0.0,0.0
dakhta,0.0,0.0,0.0
tuned,0.0,0.0,0.0
fungal,0.0,0.0,0.0
কাকড়া১৯,0.0,0.0,0.0
১২পিস,0.0,0.0,0.0
dwar,0.0,0.0,0.0
muinuddin,0.0,0.0,0.0
হতেও,0.0,0.0,0.0
ক্যাবলটি,0.0,0.0,0.0
liner,0.0,0.0,0.0
খাতায়,0.0,0.0,0.0
milea,0.0,0.0,0.0
ডিলার,0.0,0.0,0.0
৪দিনের,0.0,0.0,0.0
sar,0.0,0.0,0.0
ম্যাগি,0.0,0.0,0.0
চালাবেন,0.0,0.0,0.0
interest,0.0,0.0,0.0
felben,0.0,0.0,0.0
কম্বাইন্ড,0.0,0.0,0.0
খাশীর,0.0,0.0,0.0
peyei,0.0,0.0,0.0
cal,0.0,0.0,0.0
৭৯০,0.0,0.0,0.0
97,0.0,0.0,0.0
পিসই,0.0,0.0,0.0
রুপি,0.0,0.0,0.0
redres,0.0,0.0,0.0
delevered,0.0,0.0,0.0
কমেন্টের,0.0,0.0,0.0
ম্যাগী,0.0,0.0,0.0
bolten,0.0,0.0,0.0
paser,0.0,0.0,0.0
বেইলীরোডের,0.0,0.0,0.0
রহিম,0.0,0.0,0.0
powered,0.0,0.0,0.0
discomfort,0.0,0.0,0.0
ডেস্ক্রিপশনে,0.0,0.0,0.0
enhance,0.0,0.0,0.0
অমৃতের,0.0,0.0,0.0
460,0.04317293106057461,0.0,0.0
এক্সএল,0.0,0.0,0.0
অনুযায়ে,0.0,0.0,0.0
reminds,0.0,0.0,0.0
কাগজটা,0.0,0.0,0.0
বাজারদর,0.0,0.0,0.0
ভাব্লাম,0.0,0.0,0.0
প্রক্রিয়া,0.0,0.0,0.0
প্রেমের,0.0,0.0,0.0
ভ্যানে,0.0,0.0,0.0
লেখাগুলো,0.0,0.0,0.0
ঘুরায়,0.0,0.0,0.0
lakse,0.0,0.0,0.0
কন্টিনিউ,0.0,0.0,0.0
পেয়েছ,0.0,0.0,0.0
nano,0.0,0.0,0.0
ডুবানো,0.0,0.0,0.0
কমু,0.0,0.0,0.0
recommened,0.0,0.0,0.0
adjusting,0.0,0.0,0.0
জমানো,0.0,0.0,0.0
রেডক্স,0.0,0.0,0.0
ধনেপাতার,0.0,0.0,0.0
bestt,0.0,0.0,0.0
গ্যাজেট,0.0,0.0,0.0
মেল,0.0,0.0,0.0
মামাদের,0.0,0.0,0.0
হচ্ছিলাম,0.0,0.0,0.0
সৌন্দর্যের,0.0,0.0,0.0
129,0.0,0.0,0.0
নব,0.0,0.0,0.0
রিভিউয়ার,0.0,0.0,0.0
sabai,0.0,0.0,0.0
কোয়ালিটিতেও,0.0,0.0,0.0
কানেরটা,0.0,0.0,0.0
শপকে,0.0,0.0,0.0
সারি,0.0,0.0,0.0
কথামতো,0.0,0.0,0.0
আশাকরছি,0.0,0.0,0.0
সোসাইটি,0.0,0.0,0.0
ক্ষমাসুন্দর,0.0,0.0,0.0
amonta,0.0,0.0,0.0
improvements,0.0,0.0,0.0
প্রচেষ্টা,0.0,0.0,0.0
ইঞ্চ,0.0,0.0,0.0
ভাবতেছিলাম,0.0,0.0,0.0
চর্বির,0.0,0.0,0.0
কাছথেকে,0.0,0.0,0.0
উকি,0.0,0.0,0.0
dakhano,0.0,0.0,0.0
mashe,0.0,0.0,0.0
মেজবানের,0.0,0.0,0.0
ভালমত,0.0,0.0,0.0
activation,0.0,0.0,0.0
ielts,0.0,0.0,0.0
কার্ডও,0.0,0.0,0.0
এ্যাপ,0.0,0.0,0.0
নাগেটস,0.0,0.0,0.0
দইয়ের,0.0,0.0,0.0
এমনও,0.0,0.0,0.0
ওতোটা,0.0,0.0,0.0
karjokor,0.0,0.0,0.0
espresso,0.0,0.0,0.0
বাদই,0.0,0.0,0.0
hobay,0.0,0.0,0.0
rakle,0.0,0.0,0.0
sophisticated,0.0,0.0,0.0
futo,0.0,0.0,0.0
একাউন্ট,0.0,0.0,0.0
পূজা,0.0,0.0,0.0
unharmed,0.0,0.0,0.0
আন্ডাররেটেড,0.0,0.0,0.0
itt,0.0,0.0,0.0
বৈদ্যুতিক,0.0,0.0,0.0
খাজা,0.0,0.0,0.0
এধরনের,0.0,0.0,0.0
প্ল্যানেট,0.0,0.0,0.0
১০প্রাইজ,0.0,0.0,0.0
sobei,0.0,0.0,0.0
ব্যতীত,0.0,0.0,0.0
bullets,0.0,0.0,0.0
পরিণত,0.0,0.0,0.0
viya,0.0,0.0,0.0
trix,0.0,0.0,0.0
quallity,0.0,0.0,0.0
চকোলেটের,0.0,0.0,0.0
piyaj,0.0,0.0,0.0
বোড,0.0,0.0,0.0
helpline,0.0,0.0,0.0
আদায়,0.0,0.0,0.0
থার্ডক্লাস,0.0,0.0,0.0
শু,0.0,0.0,0.0
থা,0.0,0.0,0.0
১বছরের,0.0,0.0,0.0
১১৫০টাকা,0.0,0.0,0.0
moisturising,0.0,0.0,0.0
গতবারের,0.0,0.0,0.0
kopiko,0.0,0.0,0.0
ভালবাসি,0.0,0.0,0.0
ঘ্রাণের,0.0,0.0,0.0
এডাপটার,0.0,0.0,0.0
প্লাটারটি,0.0,0.0,0.0
ডিটারজেন্টের,0.0,0.0,0.0
এলিফেন্ট,0.0,0.0,0.0
লোডের,0.0,0.0,0.0
সবগুলোতে,0.0,0.0,0.0
relay,0.0,0.0,0.0
fork,0.0,0.0,0.0
cholo,0.0,0.0,0.0
tub,0.0,0.0,0.0
mco,0.0,0.0,0.0
golar,0.0,0.0,0.0
হাস্পাতালের,0.0,0.0,0.0
মিলের,0.0,0.0,0.0
reverse,0.0,0.0,0.0
৩৫৫,0.0,0.0,0.0
ছার,0.0,0.0,0.0
ট্যাক্স,0.0,0.0,0.0
chilly,0.0,0.0,0.0
pang,0.0,0.0,0.0
bebostha,0.0,0.0,0.0
630,0.0,0.0,0.0
tiles,0.0,0.0,0.0
tky,0.0,0.0,0.0
সেরকমটা,0.0,0.0,0.0
approx,0.0,0.0,0.0
চুইগোস্ত,0.0,0.0,0.0
দিনগুলো,0.0,0.0,0.0
পেরত,0.0,0.0,0.0
washes,0.0,0.0,0.0
remind,0.0,0.0,0.0
onnano,0.0,0.0,0.0
chewing,0.0,0.0,0.0
খেজুরগুলো,0.0,0.0,0.0
৬২০,0.0,0.0,0.0
ওয়াসটা,0.0,0.0,0.0
ভিড়ে,0.0,0.0,0.0
ঠুনকো,0.0,0.0,0.0
কমও,0.0,0.0,0.0
পরিবেশও,0.0,0.0,0.0
walnut,0.0,0.0,0.0
পরছি,0.0,0.0,0.0
ক্যালেন্ডার,0.0,0.0,0.0
subscription,0.0,0.0,0.0
bery,0.0,0.0,0.0
অন্দরমহল,0.0,0.0,0.0
asilo,0.0,0.0,0.0
krce,0.0,0.0,0.0
সিনথেটিক,0.0,0.0,0.0
চুলকে,0.0,0.0,0.0
টাওজার,0.0,0.0,0.0
রিমোটটি,0.0,0.0,0.0
celar,0.0,0.0,0.0
admit,0.0,0.0,0.0
পেয়েছিল,0.0,0.0,0.0
wat,0.0,0.0,0.0
ডেলিবাড়ি,0.0,0.0,0.0
aida,0.0,0.0,0.0
beche,0.0,0.0,0.0
১২৪,0.0,0.0,0.0
lglo,0.0,0.0,0.0
পদ্মার,0.0,0.0,0.0
1150,0.0,0.0,0.0
পজিশন,0.0,0.0,0.0
১৫০টাকার,-0.07110847081512194,0.0,0.0
suffer,0.0,0.0,0.0
ট্রেন,0.0,0.0,0.0
ameen,0.0,0.0,0.0
মডিউলটি,0.0,0.0,0.0
subtle,0.0,0.0,0.0
ভালোবাসায়,0.0,0.0,0.0
pawder,0.0,0.0,0.0
josssss,0.0,0.0,0.0
অস্বাভাবিক,0.0,0.0,0.0
জামাটি,0.0,0.0,0.0
gora,0.0,0.0,0.0
বাটোরা,0.0,0.0,0.0
gia,0.0,0.0,0.0
minecraft,0.0,0.0,0.0
approve,0.0,0.0,0.0
holders,0.0,0.0,0.0
আলুও,0.0,0.0,0.0
লাগাইতে,0.0,0.0,0.0
kare,0.0,0.0,0.0
ingredient,0.0,0.0,0.0
bebohare,0.0,0.0,0.0
agiye,0.0,0.0,0.0
laikou,0.0,0.0,0.0
সানস্ক্রিন,0.0,0.0,0.0
কাবাবই,0.0,0.0,0.0
assistant,0.0,0.0,0.0
confirmation,0.0,0.0,0.0
এরপরও,0.0,0.0,0.0
সত্তেও,0.0,0.0,0.0
ভ,0.0,0.0,0.0
ভুলেই,0.0,0.0,0.0
messenger,0.0,0.0,0.0
ফগ,0.0,0.0,0.0
balck,0.0,0.0,0.0
drilling,0.0,0.0,0.0
araktu,0.0,0.0,0.0
সেটটা,0.0,0.0,0.0
crisp,0.0,0.0,0.0
অস্পষ্ট,0.0,0.0,0.0
setmenu,0.0,0.0,0.0
স্মুদি,0.0,0.0,0.0
71,0.0,0.0,0.0
পালিয়ে,0.0,0.0,0.0
akhni,0.0,0.0,0.0
onkta,0.0,0.0,0.0
অইখানে,0.0,0.0,0.0
ধনিয়াপাতা,0.0,0.0,0.0
নারায়ণগঞ্জের,0.0,0.0,0.0
ফুরিয়ে,0.0,0.0,0.0
ভেজি,0.0,0.0,0.0
স্ট্যান্ডের,0.0,0.0,0.0
restaurent,0.0,0.0,0.0
paired,0.0,0.0,0.0
hatee,0.0,0.0,0.0
আলহামুলিল্লাহ,0.0,0.0,0.0
দারুচিনি,0.0,0.0,0.0
এলুমিনিয়াম,0.0,0.0,0.0
naruto,0.0,0.0,0.0
pech,0.0,0.0,0.0
আস্তানা,0.0,0.0,0.0
unpleasant,0.0,0.0,0.0
কোট,0.0,0.0,0.0
যতক্ষন,0.0,0.0,0.0
ghorer,0.0,0.0,0.0
ধরছি,0.0,0.0,0.0
সেলাইও,0.0,0.0,0.0
ম্যারিকোর,0.0,0.0,0.0
beloved,0.0,0.0,0.0
ডিপ্লোমা,0.0,0.0,0.0
কলিগের,0.0,0.0,0.0
প্রতিমাসে,0.0,0.0,0.0
টেস্টঃ৮,0.0,0.0,0.0
৩১৯,0.0,0.0,0.0
sare,0.0,0.0,0.0
তোলপাড়ঃ,0.0,0.0,0.0
ভ্যাটসহ,0.0,0.0,0.0
sellerke,0.0,0.0,0.0
নিয়ন্ত্রিত,0.0,0.0,0.0
method,0.0,0.0,0.0
আমারতো,0.0,0.0,0.0
রঙেরটা,0.0,0.0,0.0
norbore,0.0,0.0,0.0
bahrain,0.0,0.0,0.0
ইম্পসিবল,0.0,0.0,0.0
minoxidil,0.0,0.0,0.0
সরু,0.0,0.0,0.0
পেকেজিন,0.0,0.0,0.0
ভূত,0.0,0.0,0.0
ফাঁটা,0.0,0.0,0.0
ইন্সট্রাকশন,0.0,0.0,0.0
ক্লিনজার,0.0,0.0,0.0
৬৭০,0.0,0.0,0.0
straw,0.0,0.0,0.0
kaya,0.0,0.0,0.0
জিরার,0.0,0.0,0.0
dudh,0.0,0.0,0.0
বেব্যহার,0.0,0.0,0.0
৭রং,0.0,0.0,0.0
bore,0.0,0.0,0.0
নাহি,0.0,0.0,0.0
dukan,0.0,0.0,0.0
১২২৯,-0.02711926896345688,0.0,0.0
পেয়েগেলাম,0.0,0.0,0.0
beli,0.0,0.0,0.0
আড়ংয়ের,0.0,0.0,0.0
ভরায়,0.0,0.0,0.0
সেমাইয়ের,0.0,0.0,0.0
২৯৯টাকা,0.0,0.0,0.0
onkbar,0.0,0.0,0.0
restora,0.0,0.0,0.0
মাদার,0.0,0.0,0.0
reccomend,0.0,0.0,0.0
আরবি,0.0,0.0,0.0
ফেব্রিকের,0.0,0.0,0.0
খাইছিলাম,0.0,0.0,0.0
হেলে,0.0,0.0,0.0
জীবনটা,0.0,0.0,0.0
উপায়ে,0.0,0.0,0.0
1700,0.0,0.0,0.0
নিকটস্থ,0.0,0.0,0.0
pregnant,0.0,0.0,0.0
ness,0.0,0.0,0.0
accident,0.0,0.0,0.0
reaching,0.0,0.0,0.0
legitimate,0.0,0.0,0.0
টিকিয়া,0.0,0.0,0.0
ডিসকানেকটেড,0.0,0.0,0.0
xpon,0.0,0.0,0.0
unethical,0.0,0.0,0.0
khetre,0.0,0.0,0.0
fin,0.0,0.0,0.0
salami,0.0,0.0,0.0
jaitese,0.0,0.0,0.0
প্রতিনিয়তই,0.0,0.0,0.0
vondami,0.0,0.0,0.0
epson,0.0,0.0,0.0
প্যাকেটিংটা,0.0,0.0,0.0
stolen,0.0,0.0,0.0
kinchilam,0.0,0.0,0.0
মিলন,0.0,0.0,0.0
অপসন,0.0,0.0,0.0
exceptionally,0.0,0.0,0.0
মডারেট,0.0,0.0,0.0
অত্র,0.0,0.0,0.0
nobodoy,0.0,0.0,0.0
কোলা,0.0,0.0,0.0
rohomote,0.0,0.0,0.0
নাটের,0.0,0.0,0.0
দুজনই,0.0,0.0,0.0
ঘটিয়ে,0.0,0.0,0.0
১০তিনজনার,0.0,0.0,0.0
ঠাস,0.0,0.0,0.0
সর্বদাই,0.0,0.0,0.0
প্রোডাক্টগুলা,0.0,0.0,0.0
খের,0.0,0.0,0.0
জ্বালানো,0.0,0.0,0.0
খবার,0.0,0.0,0.0
কলিটি,0.0,0.0,0.0
দুইরকম,0.0,0.0,0.0
সিকরেট,0.0,0.0,0.0
pristine,0.0,0.0,0.0
chaily,0.0,0.0,0.0
পাঞ্চ,0.0,0.0,0.0
fillet,0.0,0.0,0.0
makhon,0.0,0.0,0.0
দেখেছেন,0.0,0.0,0.0
নিউজপ্রিন্ট,0.0,0.0,0.0
খটকা,0.0,0.0,0.0
গায়েও,0.0,0.0,0.0
training,0.0,0.0,0.0
পান্থপথে,0.0,0.0,0.0
মাসাআল্লাহ,0.0,0.0,0.0
vaiar,0.0,0.0,0.0
চার্জারে,0.0,0.0,0.0
পিৎজায়,0.0,0.0,0.0
অবস্থাই,0.0,0.0,0.0
শেফের,0.0,0.0,0.0
পৌছেছে,0.0,0.0,0.0
ototao,0.0,0.0,0.0
লাইগা,0.0,0.0,0.0
agar,0.0,0.0,0.0
পরিচালিত,0.0,0.0,0.0
হ্যাসেল,0.0,0.0,0.0
soundor,0.0,0.0,0.0
এইচ,0.0,0.0,0.0
rotating,0.0,0.0,0.0
বেটা,0.0,0.0,0.0
ওয়েজেসের,0.0,0.0,0.0
reliability,0.0,0.0,0.0
teddy,0.0,0.0,0.0
peyec,0.0,0.0,0.0
aod,0.0,0.0,0.0
হবেননা,0.0,0.0,0.0
আইডিয়াল,0.0,0.0,0.0
fx,0.0,0.0,0.0
জাফরানী,0.0,0.0,0.0
মালটি,0.0,0.0,0.0
kintam,0.0,0.0,0.0
মায়োর,0.0,0.0,0.0
cobi,0.0,0.0,0.0
পরিশ্রম,0.0,0.0,0.0
সপে,0.0,0.0,0.0
kntu,0.0,0.0,0.0
কাল্লুর,0.0,0.0,0.0
ব্লেডগুলো,0.0,0.0,0.0
nisondehe,0.0,0.0,0.0
cottage,0.0,0.0,0.0
কভারে,0.0,0.0,0.0
ওখানের,0.0,0.0,0.0
unojayi,0.0,0.0,0.0
সিমা,0.0,0.0,0.0
ebr,0.0,0.0,0.0
লট,0.0,0.0,0.0
বার্গারগুলো,0.0,0.0,0.0
স্যাম্পল,0.0,0.0,0.0
পার্সেলে,0.0,0.0,0.0
aurum,0.0,0.0,0.0
তাহারা,0.0,0.0,0.0
পাঠাইয়া,0.0,0.0,0.0
buys,0.0,0.0,0.0
রিভিউয়ের,0.0,0.0,0.0
সফটনেস,0.0,0.0,0.0
patai,0.0,0.0,0.0
বোরহানীটা,0.0,0.0,0.0
deinai,0.0,0.0,0.0
যাবেনঃ,0.0,0.0,0.0
যাইয়েন,0.0,0.0,0.0
আনছিলাম,0.0,0.0,0.0
knowledge,0.0,0.0,0.0
নিরব,0.0,0.0,0.0
ওয়েফার,0.0,0.0,0.0
বারবারই,0.0,0.0,0.0
ভাববে,0.0,0.0,0.0
handing,0.0,0.0,0.0
dhik,0.0,0.0,0.0
টয়,0.0,0.0,0.0
muloto,0.0,0.0,0.0
প্ল্যাটারটা,0.0,0.0,0.0
215,0.0,0.0,0.0
চিকেনও,0.0,0.0,0.0
গভীর,0.0,0.0,0.0
chronograph,0.0,0.0,0.0
পহেলা,0.0,0.0,0.0
somosha,0.0,0.0,0.0
server,0.0,0.0,0.0
গাজীপুর,0.0,0.0,0.0
১৩২,0.0,0.0,0.0
৪ধরনের,0.0,0.0,0.0
pharmacy,0.0,0.0,0.0
ফ্রেশের,0.0,0.0,0.0
নিলাম৷,0.0,0.0,0.0
রেস্তোরায়,0.0,0.0,0.0
খজনক,0.0,0.0,0.0
satai,0.0,0.0,0.0
responses,0.0,0.0,0.0
published,0.0,0.0,0.0
এট্টু,0.0,0.0,0.0
vagga,0.0,0.0,0.0
২০৭,0.0,0.0,0.0
awosome,0.0,0.0,0.0
টকদই,0.0,0.0,0.0
১০০টাকাতে,0.0,0.0,0.0
রকমটাই,0.0,0.0,0.0
milaye,0.0,0.0,0.0
ঠি,0.0,0.0,0.0
advertisements,0.0,0.0,0.0
minty,0.0,0.0,0.0
প্রোগ্রামের,0.0,0.0,0.0
foodbook,0.0,0.0,0.0
lv,0.0,0.0,0.0
pizzataste,0.0,0.0,0.0
রুপচাদা,0.0,0.0,0.0
bla,0.0,0.0,0.0
vlog,0.0,0.0,0.0
অসংখ,0.0,0.0,0.0
প্রেরণ,0.0,0.0,0.0
ফাটিয়ে,0.0,0.0,0.0
হাড়ভাঙ্গা,0.0,0.0,0.0
tawa,0.0,0.0,0.0
marinara,0.0,0.0,0.0
১পিছ,0.0,0.0,0.0
রোগান,0.0,0.0,0.0
muja,0.0,0.0,0.0
ফিংগার,0.0,0.0,0.0
বাজিয়ে,0.0,0.0,0.0
karona,0.0,0.0,0.0
petuk,0.0,0.0,0.0
মুদ্রিত,0.0,0.0,0.0
এসেও,0.0,0.0,0.0
তদারকি,0.0,0.0,0.0
apology,0.0,0.0,0.0
baraz,0.0,0.0,0.0
salamat,0.0,0.0,0.0
গাড়ী,0.0,0.0,0.0
basha,0.0,0.0,0.0
daughters,0.0,0.0,0.0
soi,0.0,0.0,0.0
seirokom,0.0,0.0,0.0
yea,0.0,0.0,0.0
diyecilam,0.0,0.0,0.0
foaming,0.0,0.0,0.0
variants,0.0,0.0,0.0
বিদ্রঃ,0.0,0.0,0.0
ডাউট,0.0,0.0,0.0
ল্যাগ,0.0,0.0,0.0
গতো,0.0,0.0,0.0
কমেনি,0.0,0.0,0.0
পোর্ডাক্ট,0.0,0.0,0.0
সোল্ডার,0.0,0.0,0.0
ফালতো,0.0,0.0,0.0
আমারই,0.0,0.0,0.0
আমলের,0.0,0.0,0.0
bhebechilam,0.0,0.0,0.0
স্ট্র্যাপ,0.0,0.0,0.0
নিও,0.0,0.0,0.0
license,0.0,0.0,0.0
কানায়,0.0,0.0,0.0
akte,0.0,0.0,0.0
এস্টিমেটেড,0.0,0.0,0.0
potty,0.0,0.0,0.0
পেচানো,0.0,0.0,0.0
গেছ,0.0,0.0,0.0
লজ্জাজনক,0.0,0.0,0.0
লেফট,0.0,0.0,0.0
সন্ধেহ,0.0,0.0,0.0
ভিষন,0.0,0.0,0.0
নানটাও,0.0,0.0,0.0
প্রাথমিক,0.0,0.0,0.0
hyderabadi,0.0,0.0,0.0
hoitase,0.0,0.0,0.0
sh,0.0,0.0,0.0
পাত্র,0.0,0.0,0.0
mepe,0.0,0.0,0.0
অ্যাপে,-0.028906768309676974,0.0,0.0
কেবি,0.0,0.0,0.0
মাঝেও,0.0,0.0,0.0
pricewise,0.0,0.0,0.0
পিতলের,0.0,0.0,0.0
মশারি,0.0,0.0,0.0
badge,0.0,0.0,0.0
infinite,0.0,0.0,0.0
noddles,0.0,0.0,0.0
ppl,0.0,0.0,0.0
unsatisfactory,0.0,0.0,0.0
hea,0.0,0.0,0.0
bolbe,0.0,0.0,0.0
গন্ধের,0.0,0.0,0.0
drawback,0.0,0.0,0.0
নিকৃষ্ট,0.0,0.0,0.0
৫০০মিলি,0.0,0.0,0.0
অ্যালুমিনিয়ামের,0.0,0.0,0.0
wore,0.0,0.0,0.0
indonesia,0.0,0.0,0.0
backlit,0.0,0.0,0.0
felechi,0.0,0.0,0.0
অপ্রয়োজনীয়,0.0,0.0,0.0
ডেকোরেট,0.0,0.0,0.0
jemnta,0.0,0.0,0.0
উনাদেত,0.0,0.0,0.0
valued,0.0,0.0,0.0
প্রেমিকা,0.0,0.0,0.0
krben,0.0,0.0,0.0
denied,0.0,0.0,0.0
জংলী,0.0,0.0,0.0
tests,0.0,0.0,0.0
shohoje,0.0,0.0,0.0
sabber,0.0,0.0,0.0
বাদামী,0.0,0.0,0.0
চেনার,0.0,0.0,0.0
মধ্যের,0.0,0.0,0.0
nishondehe,0.0,0.0,0.0
engineering,0.0,0.0,0.0
লাকছে,0.0,0.0,0.0
explained,0.0,0.0,0.0
থিকে,0.0,0.0,0.0
befor,0.0,0.0,0.0
720,0.0,0.0,0.0
কুয়ালিটির,0.0,0.0,0.0
১৪৭,0.0,0.0,0.0
ট্রিপল,0.0,0.0,0.0
aonek,0.0,0.0,0.0
sellerer,0.0,0.0,0.0
চমকে,0.0,0.0,0.0
প্রোডাক্স,0.0,0.0,0.0
৫টার,0.0,0.0,0.0
১৫মিনিট,0.0,0.0,0.0
কাকার,0.0,0.0,0.0
lagtece,0.0,0.0,0.0
rehab,0.0,0.0,0.0
spending,0.0,0.0,0.0
seats,0.0,0.0,0.0
লিভিংটেক্স,0.0,0.0,0.0
handel,0.0,0.0,0.0
পেঁপে,0.0,0.0,0.0
aitate,0.0,0.0,0.0
ব্রণের,0.0,0.0,0.0
etu,0.0,0.0,0.0
লোকটার,0.0,0.0,0.0
পেপসোডেন্ট,0.0,0.0,0.0
ওয়াসিং,0.0,0.0,0.0
নামীদামী,0.0,0.0,0.0
দুইবারই,0.0,0.0,0.0
gulate,0.0,0.0,0.0
নজরুল,0.0,0.0,0.0
moments,0.0,0.0,0.0
giganto,0.0,0.0,0.0
singer,0.0,0.0,0.0
লোম,0.0,0.0,0.0
বিবরন,0.0,0.0,0.0
অন্যন্য,0.0,0.0,0.0
cayaci,0.0,0.0,0.0
didnot,0.0,0.0,0.0
supplying,0.0,0.0,0.0
আশঙ্কা,0.0,0.0,0.0
স্টোক,0.0,0.0,0.0
আটকাতে,0.0,0.0,0.0
বিফটা,0.0,0.0,0.0
pregnancy,0.0,0.0,0.0
gpu,0.0,0.0,0.0
pinewood,0.0,0.0,0.0
rekheche,0.0,0.0,0.0
বগুড়া,0.0,0.0,0.0
reshmi,0.0,0.0,0.0
vikan,0.0,0.0,0.0
bul,0.0,0.0,0.0
ন্যায্য,0.0,0.0,0.0
আকৃষ্ট,0.0,0.0,0.0
aloo,0.0,0.0,0.0
whose,0.0,0.0,0.0
dewer,0.0,0.0,0.0
miliya,0.0,0.0,0.0
লের,0.0,0.0,0.0
ক্যাফেটা,0.0,0.0,0.0
বিয়েবাড়ি,0.0,0.0,0.0
cire,0.0,0.0,0.0
tangy,0.0,0.0,0.0
dumbell,0.0,0.0,0.0
ট্রিটের,0.0,0.0,0.0
আলকুশি,0.0,0.0,0.0
goat,0.0,0.0,0.0
গ্রিলটা,0.0,0.0,0.0
tobey,0.0,0.0,0.0
un,0.0,0.0,0.0
diyasa,0.0,0.0,0.0
শাকিল,0.0,0.0,0.0
আসাটা,0.0,0.0,0.0
এপিক,0.0,0.0,0.0
krchilam,0.0,0.0,0.0
দেখায়ছে,0.0,0.0,0.0
ইন্সটা,0.0,0.0,0.0
baga,0.0,0.0,0.0
excessive,0.0,0.0,0.0
পৌছালাম,0.0,0.0,0.0
desher,0.0,0.0,0.0
লিখেছি,0.0,0.0,0.0
হাইজেনিক,0.0,0.0,0.0
পিকটা,0.0,0.0,0.0
cayci,0.0,0.0,0.0
khoshi,0.0,0.0,0.0
dilew,0.0,0.0,0.0
বাবুদের,0.0,0.0,0.0
মোল্ড,0.0,0.0,0.0
ভাঁজা,0.0,0.0,0.0
prudact,0.0,0.0,0.0
ফেঁটে,0.0,0.0,0.0
ফলস,0.0,0.0,0.0
আদার,0.0,0.0,0.0
flex,0.0,0.0,0.0
সাই,0.0,0.0,0.0
organized,0.0,0.0,0.0
rabbit,0.0,0.0,0.0
voj,0.0,0.0,0.0
মহল,0.0,0.0,0.0
sao,0.0,0.0,0.0
আউটলুক,0.0,0.0,0.0
পাড়ার,0.0,0.0,0.0
drain,0.0,0.0,0.0
এশিয়া,0.0,0.0,0.0
রংটাও,0.0,0.0,0.0
১৪৬,0.0,0.0,0.0
savabik,0.0,0.0,0.0
খাশি,0.0,0.0,0.0
jaa,0.0,0.0,0.0
hoccha,0.0,0.0,0.0
ডিফরেন্ট,0.0,0.0,0.0
হোলো,0.0,0.0,0.0
টাকা৩,0.0,0.0,0.0
ততক্ষণে,0.0,0.0,0.0
১নাম্বার,0.0,0.0,0.0
খুলছে,0.0,0.0,0.0
recommende,0.0,0.0,0.0
124,0.0,0.0,0.0
২০০টাকার,0.0,0.0,0.0
detox,0.0,0.0,0.0
ব্যাক্তি,0.0,0.0,0.0
linux,0.0,0.0,0.0
দামাদামি,0.0,0.0,0.0
hose,0.0,0.0,0.0
ansi,0.0,0.0,0.0
১প্যাকেট,0.0,0.0,0.0
pas,0.0,0.0,0.0
blessings,0.0,0.0,0.0
narayngonj,0.0,0.0,0.0
কিবোর্ডের,0.0,0.0,0.0
সিষ্টেম,0.0,0.0,0.0
goos,0.0,0.0,0.0
289,0.0,0.0,0.0
texted,0.0,0.0,0.0
felchi,0.0,0.0,0.0
uthbe,0.0,0.0,0.0
সামিল,0.0,0.0,0.0
tasting,0.0,0.0,0.0
higly,0.0,0.0,0.0
ম্যাটেরিয়ালস,0.0,0.0,0.0
পেকেজিংও,0.0,0.0,0.0
আইল্যান্ড,0.0,0.0,0.0
করি৷,0.0,0.0,0.0
thokay,0.0,0.0,0.0
ze,0.0,0.0,0.0
আঁচার,0.0,0.0,0.0
সু্ন্দর,0.0,0.0,0.0
চমকপ্রদ,0.0,0.0,0.0
onok,0.0,0.0,0.0
চন্দন,0.0,0.0,0.0
লুচিটা,0.0,0.0,0.0
৩ঘন্টা,0.0,0.0,0.0
নোটপ্যাড,0.0,0.0,0.0
comforter,0.0,0.0,0.0
potom,0.0,0.0,0.0
tupi,0.0,0.0,0.0
১০সব,0.0,0.0,0.0
মুড়ে,0.0,0.0,0.0
৭৭৫,0.0,0.0,0.0
sgt,0.0,0.0,0.0
doita,0.0,0.0,0.0
vert,0.0,0.0,0.0
চুপ,0.0,0.0,0.0
যেইগুলো,0.0,0.0,0.0
অল্পদামে,0.0,0.0,0.0
cheyechilm,0.0,0.0,0.0
ফার্মের,0.0,0.0,0.0
ছোটই,0.0,0.0,0.0
সয়া,0.0,0.0,0.0
shomporke,0.0,0.0,0.0
informing,0.0,0.0,0.0
ইমেইল,0.0,0.0,0.0
bismillah,0.0,0.0,0.0
৫০০টাকা,0.0,0.0,0.0
leader,0.0,0.0,0.0
ক্যাপ্টেইন,0.0,0.0,0.0
বানাইয়া,0.0,0.0,0.0
sider,0.0,0.0,0.0
chui,0.0,0.0,0.0
dragon,0.0,0.0,0.0
beshikkhon,0.0,0.0,0.0
টাকারও,0.0,0.0,0.0
বাসাবোর,0.0,0.0,0.0
prefect,0.0,0.0,0.0
koyta,0.0,0.0,0.0
achy,0.0,0.0,0.0
প্লাষ্টিকের,0.0,0.0,0.0
সেনার,0.0,0.0,0.0
মাধ্যমেই,0.0,0.0,0.0
রিফান্ডের,0.0,0.0,0.0
চৌচির,0.0,0.0,0.0
ফুলহাতা,0.0,0.0,0.0
khubee,0.0,0.0,0.0
রোম,0.0,0.0,0.0
পরিকল্পনা,0.0,0.0,0.0
প্রতিটির,0.0,0.0,0.0
proved,0.0,0.0,0.0
কুইনে,0.0,0.0,0.0
এবারেরটা,0.0,0.0,0.0
কুইজিন,0.0,0.0,0.0
মেডিকেল,0.0,0.0,0.0
kharapna,0.0,0.0,0.0
চাপাচাপি,0.0,0.0,0.0
দিসিল,0.0,0.0,0.0
cerelac,0.0,0.0,0.0
overprice,0.0,0.0,0.0
rivew,0.0,0.0,0.0
bikers,0.0,0.0,0.0
ভাগ্যিস,0.0,0.0,0.0
সুত্রাপুর,0.0,0.0,0.0
রয়েলের,0.0,0.0,0.0
ambiance,0.0,0.0,0.0
জ্যামে,0.0,0.0,0.0
অসাধরণ,0.0,0.0,0.0
chitter,0.0,0.0,0.0
১৮৩,0.0,0.0,0.0
ঐতিহ্যের,0.0,0.0,0.0
ত্রুটিযুক্ত,0.0,0.0,0.0
philips,0.0,0.0,0.0
pb,0.0,0.0,0.0
token,0.0,0.0,0.0
ইস্ট,0.0,0.0,0.0
mila,0.0,0.0,0.0
genuin,0.0,0.0,0.0
polished,0.0,0.0,0.0
cockroaches,0.0,0.0,0.0
চাইজ,0.0,0.0,0.0
সাইড্স,0.0,0.0,0.0
অন্যরাও,0.0,0.0,0.0
hex,0.0,0.0,0.0
পেয়েগেছি,0.0,0.0,0.0
কাজটি,0.0,0.0,0.0
রোজায়,0.0,0.0,0.0
রেল,0.0,0.0,0.0
prodac,0.0,0.0,0.0
asoley,0.0,0.0,0.0
তাপে,0.0,0.0,0.0
ব্লেডের,0.0,0.0,0.0
৫০০০,0.0,0.0,0.0
ব্যাপারটি,0.0,0.0,0.0
বহাল,0.0,0.0,0.0
অয়েলটা,0.0,0.0,0.0
জানিয়েছেন,0.0,0.0,0.0
nio,0.0,0.0,0.0
নামার,0.0,0.0,0.0
ব্যাকগ্রাউন্ড,0.0,0.0,0.0
trick,0.0,0.0,0.0
dekteo,0.0,0.0,0.0
নিম্মমানের,0.0,0.0,0.0
onujaiyi,0.0,0.0,0.0
পানসে,0.0,0.0,0.0
একপাশ,0.0,0.0,0.0
porta,0.0,0.0,0.0
kule,0.0,0.0,0.0
rakhsen,0.0,0.0,0.0
guro,0.0,0.0,0.0
টেক্কা,0.0,0.0,0.0
পানে,0.0,0.0,0.0
jamaican,0.0,0.0,0.0
antivirus,0.0,0.0,0.0
পরবর্তীতেও,0.0,0.0,0.0
wholesome,0.0,0.0,0.0
হচ্ছে৷,0.0,0.0,0.0
দেখাইয়া,0.0,0.0,0.0
kinlm,0.0,0.0,0.0
প্লেইটারের,0.0,0.0,0.0
পিস্,0.0,0.0,0.0
টিকঠাক,0.0,0.0,0.0
নিত্যপ্রয়োজনীয়,0.0,0.0,0.0
ময়লাযুক্ত,0.0,0.0,0.0
কোম,0.0,0.0,0.0
256,0.0,0.0,0.0
garir,0.0,0.0,0.0
ইনক্লুডেড,0.0,0.0,0.0
পাউরুটির,0.0,0.0,0.0
considerable,0.0,0.0,0.0
নির্ধিদায়,0.0,0.0,0.0
৫৯৯টাকা,-0.01166128382411504,0.0,0.0
বুজবেন,0.0,0.0,0.0
জগ,0.0,0.0,0.0
ottonto,0.0,0.0,0.0
ঢুকলে,0.0,0.0,0.0
vedio,0.0,0.0,0.0
sooooooo,0.0,0.0,0.0
ফ্লাশ,0.0,0.0,0.0
পাটিসাপটা,-0.025774446186239197,0.0,0.0
meyed,0.0,0.0,0.0
প্রেমিকদের,0.0,0.0,0.0
রাব্বানির,0.0,0.0,0.0
হোলে,0.0,0.0,0.0
koma,0.0,0.0,0.0
আলোটা,0.0,0.0,0.0
কুড়েঘর,0.0,0.0,0.0
পর্দা,0.0,0.0,0.0
রোলের,0.0,0.0,0.0
খুজেও,0.0,0.0,0.0
কাটুনে,0.0,0.0,0.0
কিপটা,0.0,0.0,0.0
corporation,0.0,0.0,0.0
নূরজাহান,0.0,0.0,0.0
পাড়ে,0.0,0.0,0.0
stretchable,0.0,0.0,0.0
hoisy,0.0,0.0,0.0
আগালেই,0.0,0.0,0.0
নিভিয়া,0.0,0.0,0.0
introduce,0.0,0.0,0.0
তাহলো,0.0,0.0,0.0
দুপুরেই,0.0,0.0,0.0
বর্ণনার,0.0,0.0,0.0
রিস্টার্ট,0.0,0.0,0.0
kiwi,0.0,0.0,0.0
88,0.0,0.0,0.0
লাইম,0.0,0.0,0.0
থাইকা,0.0,0.0,0.0
sustainable,0.0,0.0,0.0
যাইনি,0.0,0.0,0.0
morich,0.0,0.0,0.0
supar,0.0,0.0,0.0
vesi,0.0,0.0,0.0
কিনিয়েন,0.0,0.0,0.0
ফান্টা,0.0,0.0,0.0
karor,0.0,0.0,0.0
chepta,0.0,0.0,0.0
thnaks,0.0,0.0,0.0
১১০টাকা,0.0,0.0,0.0
ম্যাশ,0.0,0.0,0.0
social,0.0,0.0,0.0
তালি,0.0,0.0,0.0
khobor,0.0,0.0,0.0
harbals,0.0,0.0,0.0
দুইবারে,0.0,0.0,0.0
টকবেন,0.0,0.0,0.0
young,0.0,0.0,0.0
ক্ষয়ক্ষতি,0.0,0.0,0.0
sondr,0.0,0.0,0.0
relaxed,0.0,0.0,0.0
আরজিবি,0.0,0.0,0.0
photography,0.0,0.0,0.0
korechilo,0.0,0.0,0.0
মহিলাদের,0.0,0.0,0.0
arms,0.0,0.0,0.0
ভাবসি,0.0,0.0,0.0
ভন্ডামি,0.0,0.0,0.0
পেপে,0.0,0.0,0.0
২০৫,0.0,0.0,0.0
novo,0.0,0.0,0.0
কয়েকদিনের,0.0,0.0,0.0
তালার,0.0,0.0,0.0
heritage,0.0,0.0,0.0
এ্যাপে,0.0,0.0,0.0
khelam,0.0,0.0,0.0
ninja,0.0,0.0,0.0
jala,0.0,0.0,0.0
aun,0.0,0.0,0.0
445,0.0,0.0,0.0
নূন্যতম,0.0,0.0,0.0
passion,0.0,0.0,0.0
giya,0.0,0.0,0.0
bitor,0.0,0.0,0.0
হাজারো,0.0,0.0,0.0
nilei,0.0,0.0,0.0
গেমস,0.0,0.0,0.0
মৌজা,0.0,0.0,0.0
nisilm,0.0,0.0,0.0
veneziana,0.0,0.0,0.0
lofah,0.0,0.0,0.0
একতা,0.0,0.0,0.0
পুদিনার,0.0,0.0,0.0
রাতেই,0.0,0.0,0.0
damp,0.0,0.0,0.0
napkins,0.0,0.0,0.0
সেটে,0.007918048543244363,0.0,0.0
দাড়ায়,0.0,0.0,0.0
vuna,0.0,0.0,0.0
paiya,0.0,0.0,0.0
বুশরা,0.0,0.0,0.0
riderz,0.0,0.0,0.0
কাঠবাদাম,0.0,0.0,0.0
কিপটামি,0.0,0.0,0.0
খানাপিনার,0.0,0.0,0.0
ওয়েটাররা,0.0,0.0,0.0
asea,0.0,0.0,0.0
জাওয়ার,0.0,0.0,0.0
dhamaka,0.0,0.0,0.0
avail,0.0,0.0,0.0
partesi,0.0,0.0,0.0
মাশাল্লা,0.0,0.0,0.0
ditasi,0.0,0.0,0.0
raj,0.0,0.0,0.0
ia,0.0,0.0,0.0
bowlprice,0.0,0.0,0.0
নগদের,0.0,0.0,0.0
tarai,0.0,0.0,0.0
warp,0.0,0.0,0.0
parena,0.0,0.0,0.0
ইউপিএস,0.0,0.0,0.0
koresilm,0.0,0.0,0.0
slime,0.0,0.0,0.0
তোবে,0.0,0.0,0.0
মিলেনি,0.0,0.0,0.0
blur,0.0,0.0,0.0
sil,0.0,0.0,0.0
জলেনা,0.0,0.0,0.0
ব্যাটারিও,0.0,0.0,0.0
boroi,0.0,0.0,0.0
কৃষি,0.0,0.0,0.0
হাঁটলেই,0.0,0.0,0.0
firot,0.0,0.0,0.0
pyci,0.0,0.0,0.0
সিপিং,0.0,0.0,0.0
সুইচগুলো,0.0,0.0,0.0
করুণ,0.0,0.0,0.0
fuck,0.0,0.0,0.0
attor,0.0,0.0,0.0
jacchena,0.0,0.0,0.0
খানার,0.0,0.0,0.0
এতদূর,0.0,0.0,0.0
sill,0.0,0.0,0.0
payache,0.0,0.0,0.0
bashar,0.0,0.0,0.0
দোকানটার,0.0,0.0,0.0
বইতে,0.0,0.0,0.0
parker,0.0,0.0,0.0
বড়ও,0.0,0.0,0.0
এলাচ,0.0,0.0,0.0
গজের,0.0,0.0,0.0
osomvob,0.0,0.0,0.0
বান্ডেল,0.0,0.0,0.0
কথাটি,0.0,0.0,0.0
palto,0.0,0.0,0.0
deformed,0.0,0.0,0.0
spinning,0.0,0.0,0.0
sas,0.0,0.0,0.0
মোঃ,0.0,0.0,0.0
unujayi,0.0,0.0,0.0
গ্রোসারি,0.0,0.0,0.0
ওয়ারেন্টিতে,0.0,0.0,0.0
৮৮০,0.0,0.0,0.0
পিটা,0.0,0.0,0.0
realize,0.0,0.0,0.0
batparir,0.0,0.0,0.0
thumb,0.0,0.0,0.0
refurbished,0.0,0.0,0.0
খাবারেই,0.0,0.0,0.0
drutoi,0.0,0.0,0.0
glazed,0.0,0.0,0.0
মুভমেন্ট,0.0,0.0,0.0
বারেই,0.0,0.0,0.0
কল্পনাই,0.0,0.0,0.0
বোনেরা,0.0,0.0,0.0
dumble,0.0,0.0,0.0
ভেরিফাইড,0.0,0.0,0.0
ফরজ,0.0,0.0,0.0
seams,0.0,0.0,0.0
টিই,0.0,0.0,0.0
রেখেছিল,0.0,0.0,0.0
kather,0.0,0.0,0.0
leka,0.0,0.0,0.0
থাকো,0.0,0.0,0.0
মালে,0.0,0.0,0.0
তাকেও,0.0,0.0,0.0
ছুড়ে,0.0,0.0,0.0
calm,0.0,0.0,0.0
cone,0.0,0.0,0.0
barano,0.0,0.0,0.0
celam,0.0,0.0,0.0
রঙন,0.0,0.0,0.0
ওয়ার্কিং,0.0,0.0,0.0
european,0.0,0.0,0.0
disay,0.0,0.0,0.0
wipe,0.0,0.0,0.0
সিঙ্গাড়ার,0.0,0.0,0.0
shoot,0.0,0.0,0.0
জন্ন্যে,0.0,0.0,0.0
alhumdulilaah,0.0,0.0,0.0
বোরহানীঃ,0.0,0.0,0.0
lines,0.0,0.0,0.0
ao,0.0,0.0,0.0
কাটলো,0.0,0.0,0.0
rip,0.0,0.0,0.0
টাকাটেষ্ট,0.0,0.0,0.0
দুঃখে,0.0,0.0,0.0
মুডে,0.0,0.0,0.0
তেমনটায়,0.0,0.0,0.0
atao,0.0,0.0,0.0
named,0.0,0.0,0.0
আচরণও,0.0,0.0,0.0
peyechii,0.0,0.0,0.0
tarpore,0.0,0.0,0.0
ডিফ্রেন্ট,0.0,0.0,0.0
moisturize,0.0,0.0,0.0
নির্ভয়,0.0,0.0,0.0
সালাদঃ,0.0,0.0,0.0
luxury,0.0,0.0,0.0
sevice,0.0,0.0,0.0
অনেকাংশে,0.0,0.0,0.0
weighted,0.0,0.0,0.0
seamlessly,0.0,0.0,0.0
bi,0.0,0.0,0.0
১৯০টাকা,0.0,0.0,0.0
paisy,0.0,0.0,0.0
বাউচার,0.0,0.0,0.0
shopno,0.0,0.0,0.0
tops,0.0,0.0,0.0
dorai,0.0,0.0,0.0
ম্যানুর,0.0,0.0,0.0
bissash,0.0,0.0,0.0
নয়েস,0.0,0.0,0.0
যাইতো,0.0,0.0,0.0
eai,0.0,0.0,0.0
সেলসম্যানকে,0.0,0.0,0.0
controls,0.0,0.0,0.0
balloon,0.0,0.0,0.0
astonished,0.0,0.0,0.0
কোনোরকমে,0.0,0.0,0.0
হাইপে,0.0,0.0,0.0
maser,0.0,0.0,0.0
inserted,0.0,0.0,0.0
এক্সপেরিমেন্ট,0.0,0.0,0.0
অামরা,0.0,0.0,0.0
চেস্ট,0.0,0.0,0.0
beshie,0.0,0.0,0.0
hoyacha,0.0,0.0,0.0
২০দিন,0.0,0.0,0.0
খাওয়াও,0.0,0.0,0.0
মপ,0.0,0.0,0.0
গড়িয়ে,0.0,0.0,0.0
সাভাবিক,0.0,0.0,0.0
moisturized,0.0,0.0,0.0
shark,0.0,0.0,0.0
possibly,0.0,0.0,0.0
ডেলাইট,0.0,0.0,0.0
মোটে,0.0,0.0,0.0
কোল,0.0,0.0,0.0
বলতো,0.0,0.0,0.0
বাদশাহী,0.0,0.0,0.0
রাও,0.0,0.0,0.0
observe,0.0,0.0,0.0
ঝাঁঝ,0.0,0.0,0.0
ব্রাস,0.0,0.0,0.0
salted,0.0,0.0,0.0
৭৩,0.0,0.0,0.0
prawns,0.0,0.0,0.0
পাস্তাটি,0.0,0.0,0.0
owsome,0.0,0.0,0.0
ঘনো,0.0,0.0,0.0
tarikhe,0.0,0.0,0.0
nirsondehe,0.0,0.0,0.0
ইলেক্ট্রিক,0.0,0.0,0.0
গ্লোরিয়া,0.0,0.0,0.0
হাউ,0.0,0.0,0.0
ইতিপূর্বে,0.0,0.0,0.0
গিলা,0.0,0.0,0.0
beach,0.0,0.0,0.0
জানাব,0.0,0.0,0.0
চাটনিটা,0.0,0.0,0.0
মারছে,0.0,0.0,0.0
মিলিয়েই,0.0,0.0,0.0
উঠলেই,0.0,0.0,0.0
ফিনিস,0.0,0.0,0.0
abbu,0.0,0.0,0.0
variation,0.0,0.0,0.0
গুণাগুণ,0.0,0.0,0.0
যতোই,0.0,0.0,0.0
bust,0.0,0.0,0.0
লাগে৷,0.0,0.0,0.0
ডেকোর,0.0,0.0,0.0
anticipated,0.0,0.0,0.0
hota,0.0,0.0,0.0
phenomenal,0.0,0.0,0.0
unstable,0.0,0.0,0.0
disaster,0.0,0.0,0.0
chack,0.0,0.0,0.0
সুজির,0.0,0.0,0.0
amy,0.0,0.0,0.0
সেল্ফি,0.0,0.0,0.0
anker,0.0,0.0,0.0
অইটাই,0.0,0.0,0.0
oregano,0.0,0.0,0.0
পোট,0.0,0.0,0.0
তাকাই,0.0,0.0,0.0
tamone,0.0,0.0,0.0
tuning,0.0,0.0,0.0
outlets,0.0,0.0,0.0
tama,0.0,0.0,0.0
লন,0.0,0.0,0.0
বোতলটি,0.0,0.0,0.0
অসখ্য,0.0,0.0,0.0
ফ্রাইও,0.0,0.0,0.0
ক্যামনে,0.0,0.0,0.0
ধবধবে,0.0,0.0,0.0
জেরকম,0.0,0.0,0.0
hatay,0.0,0.0,0.0
keye,0.0,0.0,0.0
khuub,0.0,0.0,0.0
কনফিউশান,0.0,0.0,0.0
removal,0.0,0.0,0.0
পালটে,0.0,0.0,0.0
temptation,0.0,0.0,0.0
huk,0.0,0.0,0.0
নাম্বারটা,0.0,0.0,0.0
খুউব,0.0,0.0,0.0
বডিওয়াশ,0.0,0.0,0.0
tooks,0.0,0.0,0.0
jonnow,0.0,0.0,0.0
পাতে,0.0,0.0,0.0
chalu,0.0,0.0,0.0
konodin,0.0,0.0,0.0
chunk,0.0,0.0,0.0
ওয়েটারের,0.0,0.0,0.0
কুনাফা,0.0,0.0,0.0
ড্রাম,0.0,0.0,0.0
nuggets,0.0,0.0,0.0
হিরো,0.0,0.0,0.0
human,0.0,0.0,0.0
আপনিই,0.0,0.0,0.0
টারে,0.0,0.0,0.0
১২১,0.042792217689914334,0.0,0.0
সাবস্ক্রাইব,0.0,0.0,0.0
nileo,0.0,0.0,0.0
জাগলো,0.0,0.0,0.0
mihi,0.0,0.0,0.0
খাইবেন,0.0,0.0,0.0
ডেলেভারী,0.0,0.0,0.0
সাগুদানা,0.0,0.0,0.0
কমা,0.0,0.0,0.0
ততবার,0.0,0.0,0.0
6000,0.0,0.0,0.0
খারাব,0.0,0.0,0.0
হিমশিম,0.0,0.0,0.0
কালারগুলো,0.0,0.0,0.0
ekek,0.0,0.0,0.0
জানিয়েছিলাম,0.0,0.0,0.0
জনগণের,0.0,0.0,0.0
fule,0.0,0.0,0.0
হাড্ডির,0.0,0.0,0.0
cracks,0.0,0.0,0.0
dx,0.0,0.0,0.0
jaynamaz,0.0,0.0,0.0
বিয়া,0.0,0.0,0.0
cabol,0.0,0.0,0.0
serokomi,0.0,0.0,0.0
রখম,0.0,0.0,0.0
tubes,0.0,0.0,0.0
ইক্টু,0.0,0.0,0.0
মেন্যুটা,0.0,0.0,0.0
gule,0.0,0.0,0.0
khato,0.0,0.0,0.0
রাইখা,0.0,0.0,0.0
চিটাগং,0.0,0.0,0.0
requirements,0.0,0.0,0.0
koriye,0.0,0.0,0.0
সাজে,0.0,0.0,0.0
nearby,0.0,0.0,0.0
orna,0.0,0.0,0.0
যাইতেছে,0.0,0.0,0.0
জানালায়,0.0,0.0,0.0
ending,0.0,0.0,0.0
গ্রাফিক্স,0.0,0.0,0.0
পুটে,0.0,0.0,0.0
dell,0.0,0.0,0.0
mohammad,0.0,0.0,0.0
milia,0.0,0.0,0.0
mam,0.0,0.0,0.0
তুলো,0.0,0.0,0.0
taco,0.0,0.0,0.0
hospitality,0.0,0.0,0.0
কাজকরে,0.0,0.0,0.0
complement,0.0,0.0,0.0
হেল্পলাইনে,0.0,0.0,0.0
ভইরা,0.0,0.0,0.0
ছুট,0.0,0.0,0.0
ish,0.0,0.0,0.0
botoler,0.0,0.0,0.0
মডিফাই,0.0,0.0,0.0
রকমি,0.0,0.0,0.0
hbena,0.0,0.0,0.0
বুকড,0.0,0.0,0.0
সন্তুস্ট,0.0,0.0,0.0
escape,0.0,0.0,0.0
সেইরকমই,0.0,0.0,0.0
রসিকদের,0.0,0.0,0.0
বান্ধবীরা,0.0,0.0,0.0
খুত,0.0,0.0,0.0
সামগ্রী,0.0,0.0,0.0
happening,0.0,0.0,0.0
ডিব্বা,0.0,0.0,0.0
ভালবাসেন,0.0,0.0,0.0
লান্চ,0.061961545917273236,0.0,0.0
shelves,0.0,0.0,0.0
বেড়িয়ে,0.0,0.0,0.0
tala,0.0,0.0,0.0
shrimp,0.0,0.0,0.0
ফাজলামো,0.0,0.0,0.0
dhorte,0.0,0.0,0.0
১৩৬,0.0,0.0,0.0
approved,0.0,0.0,0.0
ইনভার্টার,0.0,0.0,0.0
unusual,0.0,0.0,0.0
জিতেছি,0.0,0.0,0.0
এয়ারবাডস,0.0,0.0,0.0
onthon,0.0,0.0,0.0
bp,0.0,0.0,0.0
picks,0.0,0.0,0.0
banay,0.0,0.0,0.0
আলহাম্দুলিল্লাহ,0.0,0.0,0.0
folding,0.0,0.0,0.0
ভেজিটেবলটা,0.0,0.0,0.0
তারকা,0.0,0.0,0.0
seeking,0.0,0.0,0.0
সুসি,0.0,0.0,0.0
নিউজ,0.0,0.0,0.0
যোগ্যতা,0.0,0.0,0.0
82,0.0,0.0,0.0
gigabit,0.0,0.0,0.0
sokal,0.0,0.0,0.0
drying,0.0,0.0,0.0
streaming,0.0,0.0,0.0
inexpensive,0.0,0.0,0.0
পোষ্টে,0.0,0.0,0.0
জদিও,0.0,0.0,0.0
চেয়েছেন,0.0,0.0,0.0
showpiece,0.0,0.0,0.0
khaben,0.0,0.0,0.0
হেডসেট,0.0,0.0,0.0
colleague,0.0,0.0,0.0
ততবারই,0.0,0.0,0.0
itz,0.0,0.0,0.0
krsilm,0.0,0.0,0.0
abdul,0.0,0.0,0.0
উকুলেলে,0.0,0.0,0.0
bargain,0.0,0.0,0.0
gulistan,0.0,0.0,0.0
jake,0.0,0.0,0.0
শক,0.0,0.0,0.0
acme,0.0,0.0,0.0
retailer,0.0,0.0,0.0
equivalent,0.0,0.0,0.0
খুলিনি,0.0,0.0,0.0
qualit,0.0,0.0,0.0
ঘোরাঘুরি,0.0,0.0,0.0
assalamualikum,0.0,0.0,0.0
কর্নারে,0.0,0.0,0.0
thrilled,0.0,0.0,0.0
apne,0.0,0.0,0.0
accha,0.0,0.0,0.0
jamar,0.0,0.0,0.0
সিনেমার,0.0,0.0,0.0
স্বাদহীন,0.0,0.0,0.0
মিলেয়ে,0.0,0.0,0.0
ভাবলে,0.0,0.0,0.0
আইসেন,0.0,0.0,0.0
allergy,0.0,0.0,0.0
ম্যানটাও,0.0,0.0,0.0
ঝিরঝির,0.0,0.0,0.0
পান্থপথস্কয়ার,0.0,0.0,0.0
গ্রাব,0.0,0.0,0.0
ডুপার,0.0,0.0,0.0
বলতেসে,0.0,0.0,0.0
ফরেস্ট,0.0,0.0,0.0
কাবাবচিকেন,0.0,0.0,0.0
মাগনা,0.0,0.0,0.0
লাইসেন্স,0.0,0.0,0.0
songe,0.0,0.0,0.0
শেড,0.0,0.0,0.0
becoming,0.0,0.0,0.0
decorative,0.0,0.0,0.0
টার্কিশ,0.0,0.0,0.0
alhumdulilah,0.0,0.0,0.0
daeaz,0.0,0.0,0.0
jus,0.0,0.0,0.0
ডু,0.0,0.0,0.0
ব্যবস্হা,0.0,0.0,0.0
praise,0.0,0.0,0.0
shocking,-0.07107287707379926,0.0,0.0
ive,0.0,0.0,0.0
সরকারি,0.0,0.0,0.0
সূপ,-0.0012275596533768765,0.0,0.0
মোস্তাকিম,0.0,0.0,0.0
darazmart,0.0,0.0,0.0
চিকেন৩,0.0,0.0,0.0
মিলছে,0.0,0.0,0.0
লিটারেলি,0.0,0.0,0.0
তর,0.0,0.0,0.0
গুলোয়,0.0,0.0,0.0
laage,0.0,0.0,0.0
bigbite,0.0,0.0,0.0
pakora,0.0,0.0,0.0
kren,0.0,0.0,0.0
jotha,0.0,0.0,0.0
maggie,0.0,0.0,0.0
burst,0.0,0.0,0.0
সেলারকে৷,0.0,0.0,0.0
রেইন,0.0,0.0,0.0
ঘ,0.0,0.0,0.0
actu,0.0,0.0,0.0
সাউন্ডটা,0.0,0.0,0.0
pendent,0.0,0.0,0.0
কাসুন্দি,0.0,0.0,0.0
hearing,0.0,0.0,0.0
upgraded,0.0,0.0,0.0
mentioning,0.0,0.0,0.0
bolo,0.0,0.0,0.0
spark,0.0,0.0,0.0
created,0.0,0.0,0.0
মহাখালি,0.0,0.0,0.0
বসন্তের,0.0,0.0,0.0
কাশ্মিরি,0.0,0.0,0.0
দিয়েছন,0.0,0.0,0.0
nicee,0.0,0.0,0.0
blinking,0.0,0.0,0.0
কতক্ষন,0.0,0.0,0.0
deli,0.0,0.0,0.0
clamp,0.0,0.0,0.0
durer,0.0,0.0,0.0
drone,0.0,0.0,0.0
ঢাকনাটা,0.0,0.0,0.0
টুপ,0.0,0.0,0.0
বেল্টে,0.0,0.0,0.0
আলাল,0.0,0.0,0.0
কাস্টমাররা,0.0,0.0,0.0
প্ল্যাটারটির,0.0,0.0,0.0
components,0.0,0.0,0.0
ভোক্তার,0.0,0.0,0.0
570,-0.0106051953027955,0.0,0.0
dakce,0.0,0.0,0.0
dissapointing,0.0,0.0,0.0
ক্ষিদা,0.0,0.0,0.0
রিসনেবল,0.0,0.0,0.0
dustbin,0.0,0.0,0.0
পণ্যটিতে,0.0,0.0,0.0
রিপ্লেসমেন্ট,0.0,0.0,0.0
eidgah,0.0,0.0,0.0
simsim,0.0,0.0,0.0
tis,0.0,0.0,0.0
পড়েন,0.0,0.0,0.0
ডানো,0.0,0.0,0.0
shothik,0.0,0.0,0.0
আার,0.0,0.0,0.0
wake,0.0,0.0,0.0
ক্রাম,0.0,0.0,0.0
excellence,0.0,0.0,0.0
১৩৪,0.0,0.0,0.0
ভাঙার,0.0,0.0,0.0
reveiw,0.0,0.0,0.0
সেলারো,0.0,0.0,0.0
হাতির,0.0,0.0,0.0
absorbent,0.0,0.0,0.0
esogoal,0.0,0.0,0.0
dimension,0.0,0.0,0.0
সস্থা,0.0,0.0,0.0
putul,0.0,0.0,0.0
মেকআপ,0.0,0.0,0.0
লাইফটাইম,0.0,0.0,0.0
মনমত,0.0,0.0,0.0
মিলই,0.0,0.0,0.0
ভেসলিন,0.0,0.0,0.0
কেটেছি,0.0,0.0,0.0
howai,0.0,0.0,0.0
রাখছিলাম,0.0,0.0,0.0
সামথিং,0.0,0.0,0.0
ডোর,0.0,0.0,0.0
স্ট্রেপ,0.0,0.0,0.0
সুগন্ধযুক্ত,0.0,0.0,0.0
tolerate,0.0,0.0,0.0
০০০০,0.0,0.0,0.0
jomat,0.0,0.0,0.0
মনোযোগী,0.0,0.0,0.0
birds,0.0,0.0,0.0
মোমোর,0.0,0.0,0.0
কালশী,0.0,0.0,0.0
sathey,0.0,0.0,0.0
বৃষ্টিস্নাত,0.0,0.0,0.0
সেবায়,0.0,0.0,0.0
conditioners,0.0,0.0,0.0
pao,0.0,0.0,0.0
erpor,0.0,0.0,0.0
ফুডপান্ডায়,0.0,0.0,0.0
হবে৷,0.0,0.0,0.0
বর্ডার,0.0,0.0,0.0
৯৭,0.0,0.0,0.0
গরজিয়াস,0.0,0.0,0.0
যাইনা,0.0,0.0,0.0
shaky,0.0,0.0,0.0
bibechonay,0.0,0.0,0.0
ফাইজলামির,0.0,0.0,0.0
শাহজাদপুর,0.0,0.0,0.0
বুধবার,0.0,0.0,0.0
korana,0.0,0.0,0.0
alloy,0.0,0.0,0.0
আনছে,0.0,0.0,0.0
bolay,-0.03368224334818274,0.0,0.0
deliveryr,0.0,0.0,0.0
লাইটে,0.0,0.0,0.0
সেগুলি,0.0,0.0,0.0
লেও,0.0,0.0,0.0
allergic,0.0,0.0,0.0
সুপে,0.0,0.0,0.0
hoase,0.0,0.0,0.0
nearest,0.0,0.0,0.0
দুধে,0.0,0.0,0.0
article,0.0,0.0,0.0
১০বিহেভিয়ার,0.0,0.0,0.0
শিকাগো,0.0,0.0,0.0
পিজ্জাগুলো,0.0,0.0,0.0
ডাকনা,0.0,0.0,0.0
swapno,0.0,0.0,0.0
কস্টের,0.0,0.0,0.0
রিস্কি,0.0,0.0,0.0
ওদিকে,0.0,0.0,0.0
glo,0.0,0.0,0.0
টাইলস,0.0,0.0,0.0
caution,0.0,0.0,0.0
কুশন,0.0,0.0,0.0
বেইলীরোড,0.0,0.0,0.0
ফ্রিডম,0.0,0.0,0.0
ঢোকে,0.0,0.0,0.0
পুণ্য,0.0,0.0,0.0
revived,0.0,0.0,0.0
cilantro,0.0,0.0,0.0
মলে,0.0,0.0,0.0
জন্মের,0.0,0.0,0.0
constant,0.0,0.0,0.0
সার্কিটের,0.0,0.0,0.0
bettary,0.0,0.0,0.0
storing,0.0,0.0,0.0
জাপানি,0.0,0.0,0.0
থ্যাঙ্কিউ,0.0,0.0,0.0
লুকটা,0.0,0.0,0.0
টিস্যুটা,0.0,0.0,0.0
গেচে,0.0,0.0,0.0
woodhouse,0.0,0.0,0.0
esheche,0.0,0.0,0.0
uno,0.0,0.0,0.0
insaallah,0.0,0.0,0.0
গ্রাহককে,0.0,0.0,0.0
affect,0.0,0.0,0.0
পারবনা,0.0,0.0,0.0
জিলাপী,0.0,0.0,0.0
anlam,0.0,0.0,0.0
হাসান,0.0,0.0,0.0
ধ্যে,0.0,0.0,0.0
স্প্যাগেটি,0.0,0.0,0.0
সার্কিটে,0.0,0.0,0.0
pleasing,0.0,0.0,0.0
sultans,0.0,0.0,0.0
vhi,0.0,0.0,0.0
tamontai,0.0,0.0,0.0
বাজিমাত,0.0,0.0,0.0
কোব,0.0,0.0,0.0
reviewplace,0.0,0.0,0.0
হাঁটার,0.0,0.0,0.0
রোস্টটা,0.0,0.0,0.0
oigula,0.0,0.0,0.0
colleagues,0.0,0.0,0.0
opekkha,0.0,0.0,0.0
deserved,0.0,0.0,0.0
মোটরসাইকেল,0.0,0.0,0.0
ক্লাসে,0.0,0.0,0.0
বটতলা,0.0,0.0,0.0
unimart,0.0,0.0,0.0
পালটা,0.0,0.0,0.0
কপালের,0.0,0.0,0.0
সৌদি,0.0,0.0,0.0
ক্যাপ্টেন,0.0,0.0,0.0
tick,0.0,0.0,0.0
জায়ান্ট,0.0,0.0,0.0
drivers,0.0,0.0,0.0
vengge,0.0,0.0,0.0
bookmarks,0.0,0.0,0.0
alhamdullila,0.0,0.0,0.0
কালারটাই,0.0,0.0,0.0
কিনতেই,0.0,0.0,0.0
porduct,0.0,0.0,0.0
panthopath,0.0,0.0,0.0
চাদরটা,0.0,0.0,0.0
পাবুলামে,0.0,0.0,0.0
playstore,0.0,0.0,0.0
গ্রহণযোগ্য,0.0,0.0,0.0
কোনই,0.0,0.0,0.0
দেড়িতে,0.0,0.0,0.0
বারও,0.0,0.0,0.0
exilent,0.0,0.0,0.0
সেন্টিমিটার,0.0,0.0,0.0
greater,0.0,0.0,0.0
fela,0.0,0.0,0.0
upokrito,0.0,0.0,0.0
ধাচের,0.0,0.0,0.0
assembled,0.0,0.0,0.0
345,0.0,0.0,0.0
prepare,0.0,0.0,0.0
সত,0.0,0.0,0.0
thka,0.0,0.0,0.0
barir,0.0,0.0,0.0
aer,0.0,0.0,0.0
একথায়,0.02519748223667443,0.0,0.0
gulote,0.0,0.0,0.0
agree,0.0,0.0,0.0
পচে,0.0,0.0,0.0
cng,0.0,0.0,0.0
বানালাম,0.0,0.0,0.0
পিসে,0.0,0.0,0.0
২০মিনিট,0.0,0.0,0.0
মানটাও,0.0,0.0,0.0
drumstick,0.0,0.0,0.0
বার্মিজ,0.0,0.0,0.0
পারফেকশন,0.0,0.0,0.0
heavily,0.0,0.0,0.0
ব্যাগটার,0.0,0.0,0.0
ঠকাতে,0.0,0.0,0.0
দিকটায়,0.0,0.0,0.0
oitay,0.0,0.0,0.0
কাজল,0.0,0.0,0.0
servicing,0.0,0.0,0.0
biker,0.0,0.0,0.0
অ্যাডাপ্টার,0.0,0.0,0.0
বাচ্ছাদের,0.0,0.0,0.0
ধারের,0.0,0.0,0.0
অনিচ্ছাকৃত,0.0,0.0,0.0
১০টার,0.0,0.0,0.0
টিমের,0.0,0.0,0.0
scale,0.0,0.0,0.0
camp,0.0,0.0,0.0
allha,0.0,0.0,0.0
তরফ,0.0,0.0,0.0
স্ট্যাটাস,0.0,0.0,0.0
rotation,0.0,0.0,0.0
তিনশো,0.0,0.0,0.0
exception,0.0,0.0,0.0
বাকিরা,0.0,0.0,0.0
মাশাআল্লাহ্,0.0,0.0,0.0
নেসলের,0.0,0.0,0.0
বেলটি,0.0,0.0,0.0
korchen,0.0,0.0,0.0
গামছা,0.0,0.0,0.0
ব্যাগও,0.0,0.0,0.0
হাসিমুখে,0.0,0.0,0.0
hoileo,0.0,0.0,0.0
hesebe,0.0,0.0,0.0
প্ল্যাটারটি,0.0,0.0,0.0
পেরেছিলাম,0.0,0.0,0.0
অনেককে,0.0,0.0,0.0
ঠকিয়েছে,0.0,0.0,0.0
প্যাকেটেই,0.0,0.0,0.0
aikhan,0.0,0.0,0.0
moricha,0.0,0.0,0.0
tongue,0.0,0.0,0.0
410,0.1496342589794212,0.0,0.0
sunflower,0.0,0.0,0.0
depth,0.0,0.0,0.0
sock,0.0,0.0,0.0
চাইছিল,0.0,0.0,0.0
containers,0.0,0.0,0.0
গলাকাটা,0.0,0.0,0.0
polybag,0.0,0.0,0.0
merun,0.0,0.0,0.0
লালবাগে,0.0,0.0,0.0
semai,0.0,0.0,0.0
babar,0.0,0.0,0.0
ফ্যাকাশে,0.0,0.0,0.0
tier,0.0,0.0,0.0
covar,0.0,0.0,0.0
আাছে,0.0,0.0,0.0
সিনার,0.0,0.0,0.0
রেসপন্সিব,0.0,0.0,0.0
asadharon,0.0,0.0,0.0
তেমই,0.0,0.0,0.0
chailei,0.0,0.0,0.0
foodreview,0.0,0.0,0.0
premier,0.0,0.0,0.0
লইট্টা,0.0,0.0,0.0
সারাজীবন,0.0,0.0,0.0
pathalo,0.0,0.0,0.0
নয়টা,0.0,0.0,0.0
contacting,0.0,0.0,0.0
জননী,0.0,0.0,0.0
plugging,0.0,0.0,0.0
উপাদানের,0.0,0.0,0.0
নিচতলায়,0.0,0.0,0.0
goody,0.0,0.0,0.0
আমাকেই,0.0,0.0,0.0
droto,0.0,0.0,0.0
bhabi,0.0,0.0,0.0
অরিজিনালটা,0.0,0.0,0.0
korteche,0.0,0.0,0.0
honda,0.0,0.0,0.0
jossh,0.0,0.0,0.0
109,0.0,0.0,0.0
bellow,0.0,0.0,0.0
overheat,0.0,0.0,0.0
duke,0.0,0.0,0.0
১০০০০,0.0,0.0,0.0
payni,0.0,0.0,0.0
blv,0.0,0.0,0.0
dekhbo,0.0,0.0,0.0
কবিতা,0.0,0.0,0.0
সাইজটি,0.0,0.0,0.0
dibba,0.0,0.0,0.0
113,0.0,0.0,0.0
jonnno,0.0,0.0,0.0
কোর,0.0,0.0,0.0
pices,0.0,0.0,0.0
zai,0.0,0.0,0.0
সুন্দরই,0.0,0.0,0.0
নেয়না,0.0,0.0,0.0
রেস্টুরেন্টগুলোর,0.0,0.0,0.0
ড্রিংসের,0.0,0.0,0.0
uneven,0.0,0.0,0.0
পল্লি,0.0,0.0,0.0
vaiyer,0.0,0.0,0.0
preferable,0.0,0.0,0.0
parbena,0.0,0.0,0.0
akrokom,0.0,0.0,0.0
freshly,0.0,0.0,0.0
888585,0.0,0.0,0.0
pulling,0.0,0.0,0.0
সেলারি,0.0,0.0,0.0
legechilo,0.0,0.0,0.0
লাচ্ছিটা,0.0,0.0,0.0
১দিনে,0.0,0.0,0.0
latter,0.0,0.0,0.0
dkte,0.0,0.0,0.0
bestest,0.0,0.0,0.0
ভাল্লাগতো,0.0,0.0,0.0
monster,0.0,0.0,0.0
মারজুক,0.0,0.0,0.0
পৌছায়,0.0,0.0,0.0
তারপরো,0.0,0.0,0.0
রেপুটেশন,0.0,0.0,0.0
রচনা,0.0,0.0,0.0
১০ব্যবহারঃ,0.0,0.0,0.0
computers,0.0,0.0,0.0
লাগায়ে,0.0,0.0,0.0
leds,0.0,0.0,0.0
calender,0.0,0.0,0.0
analogue,0.0,0.0,0.0
ফ্যাশনেবল,0.0,0.0,0.0
ধূলা,0.0,0.0,0.0
kortey,0.0,0.0,0.0
সজ্জিত,0.0,0.0,0.0
asee,0.0,0.0,0.0
chosma,0.0,0.0,0.0
meyeder,0.0,0.0,0.0
infinity,0.0,0.0,0.0
bcs,0.0,0.0,0.0
momos,0.0,0.0,0.0
টক্কর,0.0,0.0,0.0
কারনটা,0.0,0.0,0.0
ম্যানুফ্যাকচারিং,0.0,0.0,0.0
এসেছেন,0.0,0.0,0.0
৫১০,0.0,0.0,0.0
প্রতিদিনের,0.0,0.0,0.0
সবঠিক,0.0,0.0,0.0
ফুডপান্ডার,0.0,0.0,0.0
crime,0.0,0.0,0.0
concept,-0.006949490902173959,0.0,0.0
সেরাদের,0.0,0.0,0.0
পর্বে,0.0,0.0,0.0
sokh,0.0,0.0,0.0
kince,0.0,0.0,0.0
চীজে,0.0,0.0,0.0
পাউন্ড,0.0,0.0,0.0
রিজনাবল,0.0,0.0,0.0
পাবুলামের,0.0,0.0,0.0
সমস্যাও,0.0,0.0,0.0
tt,0.0,0.0,0.0
স্বাভাবিকভাবেই,0.0,0.0,0.0
আলম,0.0,0.0,0.0
২৪২,0.0,0.0,0.0
shok,0.0,0.0,0.0
ক্যান্ডি,0.0,0.0,0.0
ডিলা,0.0,0.0,0.0
পাস্তাঃ,0.0,0.0,0.0
probuct,0.0,0.0,0.0
afsos,0.0,0.0,0.0
safi,0.0,0.0,0.0
tokon,0.0,0.0,0.0
attract,0.0,0.0,0.0
thekeu,0.0,0.0,0.0
মুগ্ধকর,0.0,0.0,0.0
sobgulai,0.0,0.0,0.0
তৌফিক,0.0,0.0,0.0
shaft,0.0,0.0,0.0
পরিশেষেঃ,0.0,0.0,0.0
envelop,0.0,0.0,0.0
কাদা,0.0,0.0,0.0
tmoni,0.0,0.0,0.0
বসত,0.0,0.0,0.0
expand,0.0,0.0,0.0
তহ,0.0,0.0,0.0
nevy,0.0,0.0,0.0
prosuct,0.0,0.0,0.0
brac,0.0,0.0,0.0
স্টু,0.0,0.0,0.0
মঙ্গোলিয়ান,0.0,0.0,0.0
festival,0.0,0.0,0.0
৬৭৫,0.0,0.0,0.0
vloe,0.0,0.0,0.0
পণ্যগুলি,0.0,0.0,0.0
eseche,0.0,0.0,0.0
sukriya,0.0,0.0,0.0
eaktu,0.0,0.0,0.0
লাজবাব,0.0,0.0,0.0
নোজ,0.0,0.0,0.0
বাসিরা,0.0,0.0,0.0
nat,0.0,0.0,0.0
চললেই,0.0,0.0,0.0
kagojer,0.0,0.0,0.0
১১২,0.0,0.0,0.0
ব্র্যান্ডেড,0.0,0.0,0.0
asola,0.0,0.0,0.0
ফালটু,0.0,0.0,0.0
কারেন্টে,0.0,0.0,0.0
ছাড়তে,0.0,0.0,0.0
parsina,0.0,0.0,0.0
বিছাট,0.0,0.0,0.0
sondhor,0.0,0.0,0.0
segula,0.0,0.0,0.0
creation,0.0,0.0,0.0
poland,0.0,0.0,0.0
tailoring,0.0,0.0,0.0
ড্রেসটি,0.0,0.0,0.0
barang,0.0,0.0,0.0
স্বয়ং,0.0,0.0,0.0
সান্তনা,0.0,0.0,0.0
flip,0.0,0.0,0.0
মেঘ,0.0,0.0,0.0
dekhinai,0.0,0.0,0.0
খেলনাটি,0.0,0.0,0.0
রাবিশ,0.0,0.0,0.0
somponno,0.0,0.0,0.0
হাতাটা,0.0,0.0,0.0
chulkay,0.0,0.0,0.0
lcd,0.0,0.0,0.0
খিচুড়িতে,0.0,0.0,0.0
niaci,0.0,0.0,0.0
চলতো,0.0,0.0,0.0
মারলে,0.0,0.0,0.0
ধরতেও,0.0,0.0,0.0
cto,0.0,0.0,0.0
ghulo,0.0,0.0,0.0
পেল,0.0,0.0,0.0
জ্যুসিনেস,0.0,0.0,0.0
turmeric,0.0,0.0,0.0
কম্পার্টমেন্ট,0.0,0.0,0.0
weekend,0.0,0.0,0.0
meaning,0.0,0.0,0.0
jaby,0.0,0.0,0.0
দেখিয়েছিলো,0.0,0.0,0.0
চিকেন১১,0.0,0.0,0.0
combined,0.0,0.0,0.0
অামাদের,0.0,0.0,0.0
ধন্যবা,0.0,0.0,0.0
autograph,0.0,0.0,0.0
writer,0.0,0.0,0.0
insanely,0.0,0.0,0.0
jolojo,0.0,0.0,0.0
ব্যাস্ততার,0.0,0.0,0.0
চাচাতো,0.0,0.0,0.0
স্পেসের,0.0,0.0,0.0
lifting,0.0,0.0,0.0
কাটলাম,0.0,0.0,0.0
lagy,0.0,0.0,0.0
hath,0.0,0.0,0.0
sedin,0.0,0.0,0.0
বেড়েই,0.0,0.0,0.0
ডিফেক্টেড,0.0,0.0,0.0
ডিও,0.0,0.0,0.0
opener,0.0,0.0,0.0
tishu,0.0,0.0,0.0
দাবারের,0.0,0.0,0.0
রেপার,0.0,0.0,0.0
দ্বারাজকে,0.0,0.0,0.0
dekhalo,0.0,0.0,0.0
lagasa,0.0,0.0,0.0
payece,0.0,0.0,0.0
দেকছি,0.0,0.0,0.0
রাহুল,0.0,0.0,0.0
alta,0.0,0.0,0.0
সিজনাল,0.0,0.0,0.0
খিলগা,0.0,0.0,0.0
dose,0.0,0.0,0.0
ম্যাসেজে,0.0,0.0,0.0
thanka,0.0,0.0,0.0
তিলের,0.0,0.0,0.0
commented,0.0,0.0,0.0
tearing,0.0,0.0,0.0
নগরী,0.0,0.0,0.0
handfeel,0.0,0.0,0.0
পারলো,0.0,0.0,0.0
পোডাক্টটা,0.0,0.0,0.0
ossum,0.0,0.0,0.0
kokhon,0.0,0.0,0.0
খালাতো,0.0,0.0,0.0
বসতেই,0.0,0.0,0.0
pasi,0.0,0.0,0.0
ফালি,0.0,0.0,0.0
দিনগুলোতে,0.0,0.0,0.0
amaze,0.0,0.0,0.0
ts,0.0,0.0,0.0
dope,0.0,0.0,0.0
আবরন,0.0,0.0,0.0
মুগ্ধতা,0.0,0.0,0.0
বয়টা,0.0,0.0,0.0
রিকোমান্ড,0.0,0.0,0.0
বাবাকে,0.0,0.0,0.0
fond,0.0,0.0,0.0
যুক্তি,0.0,0.0,0.0
মায়োনিজ,0.0,0.0,0.0
ধীর,0.0,0.0,0.0
ট্রাম্প,0.0,0.0,0.0
লাইভে,0.0,0.0,0.0
splitter,0.0,0.0,0.0
squashed,0.0,0.0,0.0
কালর,0.0,0.0,0.0
তেমোন,0.0,0.0,0.0
kaji,0.0,0.0,0.0
london,0.0,0.0,0.0
লাষ্টিং,0.0,0.0,0.0
amito,0.0,0.0,0.0
hydrate,0.0,0.0,0.0
লিটল,0.0,0.0,0.0
splendid,0.0,0.0,0.0
৬৪০,0.0,0.0,0.0
১লিটার,0.0,0.0,0.0
khu,0.0,0.0,0.0
ধোয়াতেই,0.0,0.0,0.0
refer,0.0,0.0,0.0
brain,0.0,0.0,0.0
ব্রাউনিটা,0.0,0.0,0.0
সময়েও,0.0,0.0,0.0
কর্মরত,0.0,0.0,0.0
activities,0.0,0.0,0.0
pakajing,0.0,0.0,0.0
death,-0.10755029890733932,0.0,0.0
বদলাতে,0.0,0.0,0.0
খুলেছি,0.0,0.0,0.0
দাওয়ায়,0.0,0.0,0.0
সেহরিতে,0.0,0.0,0.0
১মাসের,0.0,0.0,0.0
ছাতাটা,0.0,0.0,0.0
polaw,0.0,0.0,0.0
মাসেও,0.0,0.0,0.0
নেশার,0.0,0.0,0.0
১ঃ,0.0,0.0,0.0
deyeche,0.0,0.0,0.0
ডেকোরেশনটা,0.0,0.0,0.0
সুখে,0.0,0.0,0.0
সাবেক,0.0,0.0,0.0
যাবেই,0.0,0.0,0.0
গুলিস্তানের,0.0,0.0,0.0
বিমান,0.0,0.0,0.0
caught,0.0,0.0,0.0
পুরস্কার,0.0,0.0,0.0
টাউট,0.0,0.0,0.0
টাওয়েল,0.0,0.0,0.0
nawar,0.0,0.0,0.0
tooooo,0.0,0.0,0.0
পোষায়,0.0,0.0,0.0
বাড়াবেন,0.0,0.0,0.0
বারো,0.0,0.0,0.0
নাথিং,0.0,0.0,0.0
বাবে,0.0,0.0,0.0
ulanzi,0.0,0.0,0.0
profit,0.0,0.0,0.0
গ্রিলবাটার,0.0,0.0,0.0
পিনে,0.0,0.0,0.0
649,0.0,0.0,0.0
wimpy,0.0,0.0,0.0
alfresco,0.0,0.0,0.0
অক্ষুন্ন,0.0,0.0,0.0
allhamdullah,0.0,0.0,0.0
assume,0.0,0.0,0.0
স্যাটিসফাইট,0.0,0.0,0.0
ghosa,0.0,0.0,0.0
france,0.0,0.0,0.0
ashi,0.0,0.0,0.0
সামঞ্জস্যপূর্ণ,0.0,0.0,0.0
বিশ্ববিদ্যালয়,0.0,0.0,0.0
ধূসর,0.0,0.0,0.0
thekew,0.0,0.0,0.0
retun,0.0,0.0,0.0
তুর্কি,0.0,0.0,0.0
এক্সপেন্সিভ,0.0,0.0,0.0
বেকা,0.0,0.0,0.0
মেয়োনিজের,0.0,0.0,0.0
ভাইরাস,0.0,0.0,0.0
বলবোনা,0.0,0.0,0.0
লাইটটি,0.0,0.0,0.0
ম্যাসেজের,0.0,0.0,0.0
ওর্ডারের,0.0,0.0,0.0
রাজ্জাক,0.0,0.0,0.0
shwapno,0.0,0.0,0.0
experiment,0.0,0.0,0.0
পাইকারী,0.0,0.0,0.0
faizlami,0.0,0.0,0.0
switched,0.0,0.0,0.0
ভালোমন্দ,0.0,0.0,0.0
স্টান,0.0,0.0,0.0
দারাজও,0.0,0.0,0.0
দোলা,0.0,0.0,0.0
126,0.0,0.0,0.0
শোনে,0.0,0.0,0.0
orgnal,0.0,0.0,0.0
তি,0.0,0.0,0.0
ঘড়ী,0.0,0.0,0.0
kotobar,0.0,0.0,0.0
জোসেফ,0.0,0.0,0.0
dependable,0.0,0.0,0.0
আইনা,0.0,0.0,0.0
chokhe,0.0,0.0,0.0
প্রসংসা,0.0,0.0,0.0
tinta,0.0,0.0,0.0
বুয়া,0.0,0.0,0.0
jey,0.0,0.0,0.0
রাহমাতুল্লাহি,0.0,0.0,0.0
stage,0.0,0.0,0.0
kemn,0.0,0.0,0.0
কয়জন,0.0,0.0,0.0
startup,0.0,0.0,0.0
সজাগ,0.0,0.0,0.0
যতোটুকু,0.0,0.0,0.0
ডাকলে,0.0,0.0,0.0
advantage,0.0,0.0,0.0
মীট,0.0,0.0,0.0
ভাইয়ে,0.0,0.0,0.0
মুখর,0.0,0.0,0.0
hydrated,0.0,0.0,0.0
keto,0.0,0.0,0.0
mashjid,0.0,0.0,0.0
infinix,0.0,0.0,0.0
kinna,0.0,0.0,0.0
sena,0.0,0.0,0.0
গড়ম,0.0,0.0,0.0
aiub,0.0,0.0,0.0
২১৬,0.0,0.0,0.0
negativereview,0.0,0.0,0.0
হাটার,0.0,0.0,0.0
সবখানের,0.0,0.0,0.0
scru,0.0,0.0,0.0
অলিভস,0.0,0.0,0.0
sthan,0.0,0.0,0.0
dcoin,0.0,0.0,0.0
baik,0.0,0.0,0.0
আরাফাত,0.0,0.0,0.0
chechi,0.0,0.0,0.0
রিপিটার,0.0,0.0,0.0
রিপেয়ার,0.0,0.0,0.0
খাতির,0.0,0.0,0.0
উঠছিলো,0.0,0.0,0.0
cs,0.0,0.0,0.0
কামড়ায়,0.0,0.0,0.0
মাসেরও,0.0,0.0,0.0
hinge,0.0,0.0,0.0
aageo,0.0,0.0,0.0
মুহূর্তেই,0.0,0.0,0.0
স্টপ,0.0,0.0,0.0
levender,0.0,0.0,0.0
সর্বনাশ,0.0,0.0,0.0
ডানা,0.0,0.0,0.0
মিনু,0.0,0.0,0.0
dosent,0.0,0.0,0.0
gamblers,0.0,0.0,0.0
ble,0.0,0.0,0.0
মুহুর্ত,0.0,0.0,0.0
সালামি,0.0,0.0,0.0
প্রদর্শনের,0.0,0.0,0.0
প্রোডাকের,0.0,0.0,0.0
জিনিজ,0.0,0.0,0.0
সলভ,0.0,0.0,0.0
জিহ্বা,0.0,0.0,0.0
আশপাশের,0.0,0.0,0.0
plastik,0.0,0.0,0.0
diyache,0.0,0.0,0.0
কাগজগুলো,0.0,0.0,0.0
খিত,0.0,0.0,0.0
dram,0.0,0.0,0.0
cuteeeee,0.0,0.0,0.0
উপরন্তু,0.0,0.0,0.0
pcb,0.0,0.0,0.0
সনামধন্য,0.0,0.0,0.0
স্থির,0.0,0.0,0.0
nights,0.0,0.0,0.0
dawr,0.0,0.0,0.0
রিকোমেন্ডেশন,0.0,0.0,0.0
bujhai,0.0,0.0,0.0
৭দিনের,0.0,0.0,0.0
ব্রাশগুলো,0.0,0.0,0.0
jinesh,0.0,0.0,0.0
অলওভার,0.0,0.0,0.0
miniket,0.0,0.0,0.0
disconnects,0.0,0.0,0.0
একটাতেও,0.0,0.0,0.0
onushare,0.0,0.0,0.0
prodict,0.0,0.0,0.0
পাকাজিং,0.0,0.0,0.0
paicii,0.0,0.0,0.0
নিমকি,0.0,0.0,0.0
plastics,0.0,0.0,0.0
jaw,0.0,0.0,0.0
polling,0.0,0.0,0.0
shokale,0.0,0.0,0.0
manu,0.0,0.0,0.0
dekhlei,0.0,0.0,0.0
করোনাকালীন,0.0,0.0,0.0
puka,0.0,0.0,0.0
কুরিয়ারের,0.0,0.0,0.0
বটম,0.0,0.0,0.0
headsets,0.0,0.0,0.0
তথ্যের,0.0,0.0,0.0
586,0.0,0.0,0.0
disilm,0.0,0.0,0.0
hanged,0.0,0.0,0.0
kidding,0.0,0.0,0.0
shompurno,0.0,0.0,0.0
ঘটেছে,0.0,0.0,0.0
urgently,0.0,0.0,0.0
খাইসিলাম,0.0,0.0,0.0
spillage,0.0,0.0,0.0
রাইতে,0.0,0.0,0.0
টিয়া,0.0,0.0,0.0
আঁকা,-0.0884411276289395,0.0,0.0
পৃষ্ঠার,0.0,0.0,0.0
সালমান,0.0,0.0,0.0
smail,0.0,0.0,0.0
tekeo,0.0,0.0,0.0
সেনাবাহিনীর,0.0,0.0,0.0
পেজঃ,0.0,0.0,0.0
khv,0.0,0.0,0.0
লেগেছেতাদের,0.0,0.0,0.0
পূনরায়,0.0,0.0,0.0
পড়বো,0.0,0.0,0.0
ইলাহা,0.0,0.0,0.0
tuna,0.0,0.0,0.0
টেইস্ট,0.0,0.0,0.0
আংগুল,0.0,0.0,0.0
এতা,0.0,0.0,0.0
grain,0.0,0.0,0.0
খুন,0.0,0.0,0.0
অমূল্য,0.0,0.0,0.0
bagpack,0.0,0.0,0.0
ঢুকানো,0.0,0.0,0.0
altitude,0.0,0.0,0.0
মজাও,0.0,0.0,0.0
bilash,0.0,0.0,0.0
convert,0.0,0.0,0.0
তাকায়,0.0,0.0,0.0
similarity,0.0,0.0,0.0
সংসদের,0.0,0.0,0.0
maddhome,0.0,0.0,0.0
xr,0.0,0.0,0.0
মোটামুটিভাবে,0.0,0.0,0.0
কফিঃ,0.0,0.0,0.0
gummy,0.0,0.0,0.0
ভেটকি,0.0,0.0,0.0
থাকতেছে,0.0,0.0,0.0
ব্যাকা,0.0,0.0,0.0
অফারগুলো,0.0,0.0,0.0
dawya,0.0,0.0,0.0
mx,0.0,0.0,0.0
character,0.0,0.0,0.0
এন্টারপ্রাইজ,0.0,0.0,0.0
dolby,0.0,0.0,0.0
সুগন্ধটা,0.0,0.0,0.0
meron,0.0,0.0,0.0
agin,0.0,0.0,0.0
অফলাইনে,0.0,0.0,0.0
stipulated,0.0,0.0,0.0
এখানো,0.0,0.0,0.0
jose,0.0,0.0,0.0
২৬০টাকা,0.0,0.0,0.0
ফাউন্টেন,0.0,0.0,0.0
descent,0.0,0.0,0.0
ইমাম,0.0,0.0,0.0
ট্রান্সপোর্ট,0.0,0.0,0.0
packate,0.0,0.0,0.0
backstreet,0.0,0.0,0.0
প্রিপারেশন,0.0,0.0,0.0
cuteeee,0.0,0.0,0.0
স্প্রেটা,0.0,0.0,0.0
প্রত্যাশায়,0.0,0.0,0.0
কোয়ালিটিঃ,0.0,0.0,0.0
পড়ছিলো,0.0,0.0,0.0
প্রসংশার,0.0,0.0,0.0
মনোভাব,0.0,0.0,0.0
kathi,0.0,0.0,0.0
poutine,0.0,0.0,0.0
বিরতি,0.0,0.0,0.0
এনালগ,0.0,0.0,0.0
assorted,0.0,0.0,0.0
multicolor,0.0,0.0,0.0
অরজিনালি,0.0,0.0,0.0
ঘাস,0.0,0.0,0.0
আসলই,0.0,0.0,0.0
সেড,0.0,0.0,0.0
ge,0.0,0.0,0.0
পাঞ্জাবিটা,0.0,0.0,0.0
চেষ্টার,0.0,0.0,0.0
কাড়বে,0.0,0.0,0.0
gallon,0.0,0.0,0.0
daini,0.0,0.0,0.0
monei,0.0,0.0,0.0
bti,0.0,0.0,0.0
রিসিট,0.0,0.0,0.0
পামু,0.0,0.0,0.0
siya,0.0,0.0,0.0
ডোনাট,0.0,0.0,0.0
deeply,0.0,0.0,0.0
হলনা,0.0,0.0,0.0
একশন,0.0,0.0,0.0
bajare,0.0,0.0,0.0
ড্রোন,0.0,0.0,0.0
চিড়ে,0.0,0.0,0.0
stylist,0.0,0.0,0.0
দুজনেই,0.0,0.0,0.0
modified,0.0,0.0,0.0
ispahani,0.0,0.0,0.0
lesson,0.0,0.0,0.0
মিঠা,0.0,0.0,0.0
dekeci,0.0,0.0,0.0
নেক্সটাইম,0.0,0.0,0.0
kheteo,0.0,0.0,0.0
মাংসর,0.0,0.0,0.0
গছিয়ে,0.0,0.0,0.0
সড়ক,0.0,0.0,0.0
বেডশীট,0.0,0.0,0.0
jedin,0.0,0.0,0.0
contents,0.0,0.0,0.0
hatei,0.0,0.0,0.0
daw,0.0,0.0,0.0
daua,0.0,0.0,0.0
particularly,0.0,0.0,0.0
shokh,0.0,0.0,0.0
কার্ডটা,0.0,0.0,0.0
ভূয়া,0.0,0.0,0.0
তোলপাড়,0.0,0.0,0.0
youuu,0.0,0.0,0.0
ঠিকঠাকভাবেই,0.0,0.0,0.0
কসমেটিক,0.0,0.0,0.0
পুরের,0.0,0.0,0.0
পেট্রোল,0.0,0.0,0.0
পৃষ্ঠায়,0.0,0.0,0.0
ampere,0.0,0.0,0.0
মাপেও,0.0,0.0,0.0
বার্গারকে,0.0,0.0,0.0
সত্যেও,0.0,0.0,0.0
unlock,0.0,0.0,0.0
পরিবেশিত,0.0,0.0,0.0
হইলেই,0.0,0.0,0.0
sneakers,0.0,0.0,0.0
দৈনিক,0.0,0.0,0.0
পুনশ্চঃ,0.0,0.0,0.0
চিরে,0.0,0.0,0.0
রিসপন্স,0.0,0.0,0.0
stylus,0.0,0.0,0.0
solo,0.0,0.0,0.0
ঢিলেঢালা,0.0,0.0,0.0
এভেইলএবল,0.0,0.0,0.0
দানাদার,0.0,0.0,0.0
violet,0.0,0.0,0.0
updates,0.0,0.0,0.0
অচেনা,0.0,0.0,0.0
জ্বলতে,0.0,0.0,0.0
পয়শা,0.0,0.0,0.0
লজ্জায়,0.0,0.0,0.0
দশের,0.0,0.0,0.0
বয়ামের,0.0,0.0,0.0
madness,0.0,0.0,0.0
contrast,0.0,0.0,0.0
সবশেষ,0.0,0.0,0.0
bras,0.0,0.0,0.0
tend,0.0,0.0,0.0
ভাবুন,0.0,0.0,0.0
আহত,0.0,0.0,0.0
cofee,0.0,0.0,0.0
odour,0.0,0.0,0.0
baboharer,0.0,0.0,0.0
hoici,0.0,0.0,0.0
বিড়াল,0.0,0.0,0.0
ছটো,0.0,0.0,0.0
honor,0.0,0.0,0.0
buttery,0.0,0.0,0.0
স্ক্রুর,0.0,0.0,0.0
রিজেক্টেড,0.0,0.0,0.0
ঠিকিই,0.0,0.0,0.0
২ধরনের,0.0,0.0,0.0
ব্যাবসায়ী,0.0,0.0,0.0
ব্যবহারকারী,0.0,0.0,0.0
camara,0.0,0.0,0.0
দ্বিমত,0.0,0.0,0.0
চাইছেন,0.0,0.0,0.0
অনুবাদ,0.0,0.0,0.0
এতক্ষণ,0.0,0.0,0.0
rakhi,0.0,0.0,0.0
রয়াল,0.0,0.0,0.0
লিভারী,0.0,0.0,0.0
ওভারব্রিজের,0.0,0.0,0.0
sesa,0.0,0.0,0.0
অংশটুকু,0.0,0.0,0.0
burned,0.0,0.0,0.0
মেইবি,0.0,0.0,0.0
২৮৮,0.0,0.0,0.0
koman,0.0,0.0,0.0
জমেছে,0.0,0.0,0.0
meh,0.0,0.0,0.0
thaklo,0.0,0.0,0.0
fungus,0.0,0.0,0.0
রিবিও,0.0,0.0,0.0
আরেকটায়,0.0,0.0,0.0
৪৬৫,0.0,0.0,0.0
১২১৬,0.0,0.0,0.0
কালীন,0.0,0.0,0.0
dumre,0.0,0.0,0.0
purity,0.0,0.0,0.0
নিয়ার,0.0,0.0,0.0
কম্প্যাক্ট,0.0,0.0,0.0
পূর্ণতা,0.0,0.0,0.0
গুরি,0.0,0.0,0.0
বিরিয়ানী২১,0.0,0.0,0.0
ভুলতে,0.0,0.0,0.0
ভাগই,0.0,0.0,0.0
এমনিই,0.0,0.0,0.0
প্রডাক্স,0.0,0.0,0.0
কাশ্মিরী,0.0,0.0,0.0
কোকের,0.0,0.0,0.0
kisaan,0.0,0.0,0.0
seasonal,0.0,0.0,0.0
কেরামেল,0.0,0.0,0.0
beshir,0.0,0.0,0.0
চাঁনখারপুল,0.0,0.0,0.0
থাকাটা,0.0,0.0,0.0
tey,0.0,0.0,0.0
nece,0.0,0.0,0.0
পরযন্ত,0.0,0.0,0.0
highlighter,0.0,0.0,0.0
capable,0.0,0.0,0.0
ribanar,0.0,0.0,0.0
য়ের,0.0,0.0,0.0
ইন্ডিয়ার,0.0,0.0,0.0
প্রসঙ্গ,0.0,0.0,0.0
benge,0.0,0.0,0.0
পাউডারটি,0.0,0.0,0.0
ভোগান্তিতে,0.0,0.0,0.0
সন্দর,0.0,0.0,0.0
পুরটা,0.0,0.0,0.0
সীট,0.002142088295902697,0.0,0.0
খাওয়ানো,0.0,0.0,0.0
royeche,0.0,0.0,0.0
হরিয়ালি,0.0,0.0,0.0
manageable,0.0,0.0,0.0
উটে,0.0,0.0,0.0
sela,0.0,0.0,0.0
990,0.0,0.0,0.0
cos,0.0,0.0,0.0
নেটফ্লিক্স,0.0,0.0,0.0
১৩৩,0.0,0.0,0.0
chil,0.0,0.0,0.0
৯৯৯টাকা,0.0,0.0,0.0
longtime,0.0,0.0,0.0
certificate,0.0,0.0,0.0
হচ্ছেন,0.0,0.0,0.0
platterprice,0.0,0.0,0.0
নিজেরই,0.0,0.0,0.0
আগুনে,0.0,0.0,0.0
lahat,0.0,0.0,0.0
bengal,0.0,0.0,0.0
চড়া,0.0,0.0,0.0
মাপলে,0.0,0.0,0.0
631,0.0,0.0,0.0
amanillah,0.0,0.0,0.0
ডিসকালার,0.0,0.0,0.0
recv,0.0,0.0,0.0
crown,0.0,0.0,0.0
ass,0.0,0.0,0.0
অপজিটেই,0.0,0.0,0.0
partially,0.0,0.0,0.0
সল্যুশন,0.0,0.0,0.0
soda,0.0,0.0,0.0
hw,0.0,0.0,0.0
নামটাই,0.0,0.0,0.0
valobasha,0.0,0.0,0.0
অনুভূত,0.0,0.0,0.0
korachilam,0.0,0.0,0.0
প্লাস্টিকে,0.0,0.0,0.0
কেমেরার,0.0,0.0,0.0
কিচু,0.0,0.0,0.0
৮২৫,0.0,0.0,0.0
চলন,0.0,0.0,0.0
কাটসু,0.0,0.0,0.0
সিম্পলি,0.0,0.0,0.0
krn,0.0,0.0,0.0
আরিফ,0.0,0.0,0.0
জ্ঞাপন,0.0,0.0,0.0
ফটোগ্রাফির,0.0,0.0,0.0
continuous,0.0,0.0,0.0
রামপুরায়,0.0,0.0,0.0
বাজাতে,0.05038660964295654,0.0,0.0
পাঠাইছি,0.0,0.0,0.0
vibrate,0.0,0.0,0.0
declined,0.0,0.0,0.0
kissu,0.0,0.0,0.0
প্রাণকেন্দ্রে,0.0,0.0,0.0
৩০০টাকায়,0.0,0.0,0.0
১৩৭,0.0,0.0,0.0
bearing,0.0,0.0,0.0
যাইতাম,0.0,0.0,0.0
lagey,0.0,0.0,0.0
অাজ,0.0,0.0,0.0
দেলিভারি,0.0,0.0,0.0
হান্টার,0.0,0.0,0.0
এক্সপ্রেসের,0.0,0.0,0.0
স্পেশিয়ালি,0.0,0.0,0.0
kalshi,0.0,0.0,0.0
১০পিস,0.0,0.0,0.0
কীরকম,0.0,0.0,0.0
stil,0.0,0.0,0.0
ektay,0.0,0.0,0.0
chuijhal,0.0,0.0,0.0
precision,0.0,0.0,0.0
মাজখানে,0.0,0.0,0.0
যুগের,0.0,0.0,0.0
১০টাকায়,0.0,0.0,0.0
জেনেই,0.0,0.0,0.0
ব্যবসাকে,0.0,0.0,0.0
শেকের,0.0,0.0,0.0
জিবনেও,0.0,0.0,0.0
nillkin,0.0,0.0,0.0
দাঁতগুলো,0.0,0.0,0.0
মাতামাতি,0.0,0.0,0.0
kirokom,0.0,0.0,0.0
চালাইছি,0.0,0.0,0.0
spigen,0.0,0.0,0.0
১০বোরহানি,0.0,0.0,0.0
mohammedpur,0.0,0.0,0.0
কদবেল,0.0,0.0,0.0
বাড়ার,0.0,0.0,0.0
পান্ডা,0.0,0.0,0.0
প্রস্থ,0.0,0.0,0.0
adi,0.0,0.0,0.0
মাঞ্চুরিয়ান,0.0,0.0,0.0
নির্ধারণ,0.0,0.0,0.0
ধাপ,0.0,0.0,0.0
hoby,0.0,0.0,0.0
কনফেকশনারীর,0.0,0.0,0.0
ইউনাইটেড,0.0,0.0,0.0
রিল,0.0,0.0,0.0
রেস্তরা,0.0,0.0,0.0
ডায়েরি,0.0,0.0,0.0
সোনালি,0.0,0.0,0.0
নেওয়াটাই,0.0,0.0,0.0
kinleo,0.0,0.0,0.0
নেক্সটে,0.0,0.0,0.0
পারতেসি,0.0,0.0,0.0
savvy,0.0,0.0,0.0
মানেরই,0.0,0.0,0.0
trade,0.0,0.0,0.0
destination,0.0,0.0,0.0
va,0.0,0.0,0.0
রিকমান্ডেট,0.0,0.0,0.0
কাচে,0.0,0.0,0.0
deyece,0.0,0.0,0.0
aschilo,0.0,0.0,0.0
theika,0.0,0.0,0.0
coupons,0.0,0.0,0.0
yonex,0.0,0.0,0.0
krini,0.0,0.0,0.0
ডিজিট,0.0,0.0,0.0
nostw,0.0,0.0,0.0
surma,0.0,0.0,0.0
দোকানই,0.0,0.0,0.0
পেস্টের,0.0,0.0,0.0
eshob,0.0,0.0,0.0
ম্যাটার,0.0,0.0,0.0
unsealed,0.0,0.0,0.0
mirchi,0.0,0.0,0.0
wacth,0.0,0.0,0.0
bikash,0.0,0.0,0.0
holay,0.0,0.0,0.0
ছারাই,0.0,0.0,0.0
ধন্যবাদদ,0.0,0.0,0.0
বিক্রেতাদের,0.0,0.0,0.0
সাউন,0.0,0.0,0.0
disconnecting,0.0,0.0,0.0
ব্যাবহারটাও,0.0,0.0,0.0
tular,0.0,0.0,0.0
korechhi,0.0,0.0,0.0
জায়গাটাও,0.0,0.0,0.0
মায়েদের,0.0,0.0,0.0
অালাদা,0.0,0.0,0.0
feed,0.0,0.0,0.0
delicia,0.0,0.0,0.0
feather,0.0,0.0,0.0
সমায়,0.0,0.0,0.0
বোতামের,0.0,0.0,0.0
বাহানা,0.0,0.0,0.0
smoking,0.0,0.0,0.0
productes,0.0,0.0,0.0
standards,0.0,0.0,0.0
goli,0.0,0.0,0.0
motamti,0.0,0.0,0.0
sealing,0.0,0.0,0.0
surfaces,0.0,0.0,0.0
নিয়ন্ত্রণ,0.0,0.0,0.0
cholteche,0.0,0.0,0.0
মাতানো,0.0,0.0,0.0
ত্রিশ,0.0,0.0,0.0
curly,0.0,0.0,0.0
সুইচটা,0.0,0.0,0.0
ব্যাবসায়িক,0.0,0.0,0.0
sototar,0.0,0.0,0.0
লেগরোস্ট,0.0,0.0,0.0
ফাজিল,0.0,0.0,0.0
killed,0.0,0.0,0.0
minuses,0.0,0.0,0.0
humm,0.0,0.0,0.0
অভিশাপ,0.0,0.0,0.0
ভরতা,0.0,0.0,0.0
ফ্রেপে,0.0,0.0,0.0
apartment,0.0,0.0,0.0
১৫টা,0.0,0.0,0.0
অত্যধিক,0.0,0.0,0.0
brothers,0.0,0.0,0.0
ক্যাশনাট,0.0,0.0,0.0
freak,0.0,0.0,0.0
কেচাপ,0.0,0.0,0.0
manar,0.0,0.0,0.0
ry,0.0,0.0,0.0
blanket,0.0,0.0,0.0
কালোভুনা,0.0,0.0,0.0
reduction,0.0,0.0,0.0
নাজিরাবাজারে,0.0,0.0,0.0
নুন্যতম,0.0,0.0,0.0
খায়ের,0.0,0.0,0.0
settle,0.0,0.0,0.0
দারাকে,0.0,0.0,0.0
cn,0.0,0.0,0.0
হান্ড্রেড,0.0,0.0,0.0
১২৬০,0.0,0.0,0.0
পিছলা,0.0,0.0,0.0
সুমন,0.0,0.0,0.0
চিকেনগুলো,0.0,0.0,0.0
কাবা,0.0,0.0,0.0
thor,0.0,0.0,0.0
৫বার,0.0,0.0,0.0
bug,0.0,0.0,0.0
আগত,0.0,0.0,0.0
posting,0.0,0.0,0.0
মংগোলিয়ান,0.0,0.0,0.0
babcilam,0.0,0.0,0.0
ঠকবো,0.0,0.0,0.0
বিপদজনক,0.0,0.0,0.0
৯১,0.0,0.0,0.0
ক্যান্টনমেন্ট,0.0,0.0,0.0
স্ক্যাম,0.0,0.0,0.0
এগুলোকে,0.0,0.0,0.0
পাটনার,0.0,0.0,0.0
surrounding,0.0,0.0,0.0
এটুকুই,0.0,0.0,0.0
লিখাটা,0.0,0.0,0.0
জাগা,0.0,0.0,0.0
সুগন্ধী,0.0575340473695334,0.0,0.0
ভীড়ে,0.0,0.0,0.0
ইমপোর্টেড,0.0,0.0,0.0
দিলনা,0.0,0.0,0.0
contest,0.0,0.0,0.0
এখনের,0.0,0.0,0.0
golay,0.0,0.0,0.0
sketching,0.0,0.0,0.0
চারটাই,0.0,0.0,0.0
ডেকোরেশনে,0.0,0.0,0.0
breaker,0.0,0.0,0.0
করেছে৷,0.0,0.0,0.0
joystick,0.0,0.0,0.0
মাথানষ্ট,0.0,0.0,0.0
উইল,0.0,0.0,0.0
কালাইরুটি,0.0,0.0,0.0
atmosphere,0.0,0.0,0.0
thakche,0.0,0.0,0.0
গাছে,0.0,0.0,0.0
onike,0.0,0.0,0.0
দেকে,0.0,0.0,0.0
ধারনার,0.0,0.0,0.0
গোশতের,0.0,0.0,0.0
shby,0.0,0.0,0.0
chio,0.0,0.0,0.0
arrangement,0.0,0.0,0.0
carg,0.0,0.0,0.0
diamond,0.0,0.0,0.0
শুরুটা,0.0,0.0,0.0
ডাব,0.0,0.0,0.0
cabel,0.0,0.0,0.0
perspective,0.0,0.0,0.0
পুকুরে,0.0,0.0,0.0
xbox,0.0,0.0,0.0
butper,0.0,0.0,0.0
sofar,0.0,0.0,0.0
chayachi,0.0,0.0,0.0
জাবেনা,0.0,0.0,0.0
reservation,0.0,0.0,0.0
alpha,0.0,0.0,0.0
পলো,0.0,0.0,0.0
দুজনকেই,0.0,0.0,0.0
rog,0.0,0.0,0.0
প্রয়োগ,0.0,0.0,0.0
স্বাস্থ্যবান,0.0,0.0,0.0
বাঙালীর,0.0,0.0,0.0
টিউবের,0.0,0.0,0.0
khaisi,0.0,0.0,0.0
বাস্তবতা,0.0,0.0,0.0
touching,0.0,0.0,0.0
তাড়াতে,0.0,0.0,0.0
কৌশল,0.0,0.0,0.0
squeezed,0.0,0.0,0.0
ফেলেছেন,0.0,0.0,0.0
pitha,0.0,0.0,0.0
delete,0.0,0.0,0.0
halim,0.0,0.0,0.0
tri,0.0,0.0,0.0
ফুটিয়ে,0.0,0.0,0.0
ঠোকবেন,0.0,0.0,0.0
বাজেনা,0.0,0.0,0.0
mould,0.0,0.0,0.0
চালুই,0.0,0.0,0.0
দাতে,0.0,0.0,0.0
sotteo,0.0,0.0,0.0
টমাটো,0.0,0.0,0.0
akoi,0.0,0.0,0.0
ক্ষেতে,0.0,0.0,0.0
সামর্থ্য,0.0,0.0,0.0
dumating,0.0,0.0,0.0
sarai,0.0,0.0,0.0
রেস্তরাঁ,0.0,0.0,0.0
ক্রিমটি,0.0,0.0,0.0
ভীম,0.0,0.0,0.0
লোশনের,0.0,0.0,0.0
নীলক্ষেত,0.0,0.0,0.0
tapped,0.0,0.0,0.0
chemicals,0.0,0.0,0.0
classes,0.0,0.0,0.0
ইউজলেস,0.0,0.0,0.0
চিক,0.0,0.0,0.0
সেইটার,0.0,0.0,0.0
কার্টিজ,0.0,0.0,0.0
fo,0.0,0.0,0.0
টাকাবিফ,0.0,0.0,0.0
ধ্যানবাদ,0.0,0.0,0.0
responds,0.0,0.0,0.0
ততটুকুই,0.0,0.0,0.0
৬৯৫,0.0,0.0,0.0
pita,0.0,0.0,0.0
potarito,0.0,0.0,0.0
ill,0.0,0.0,0.0
টাকাবাই,0.0,0.0,0.0
স্যরি,0.0,0.0,0.0
কার্ডগুলো,0.0,0.0,0.0
সার্কিটটা,0.0,0.0,0.0
মোড়েই,0.0,0.0,0.0
চেকইন,0.0,0.0,0.0
লোহা,0.0,0.0,0.0
wiresto,0.0,0.0,0.0
ছয়টি,0.0,0.0,0.0
তুলিনি,0.0,0.0,0.0
parban,0.0,0.0,0.0
বিচ্ছিরি,0.0,0.0,0.0
sachets,0.0,0.0,0.0
starship,0.0,0.0,0.0
দুদিনের,0.0,0.0,0.0
হতোনা,0.0,0.0,0.0
prettiest,0.0,0.0,0.0
komdame,0.0,0.0,0.0
বুঝ,0.0,0.0,0.0
knob,0.0,0.0,0.0
মাস্রুম,0.0,0.0,0.0
চাইনিস,0.0,0.0,0.0
sige,0.0,0.0,0.0
মতেই,0.0,0.0,0.0
domestic,0.0,0.0,0.0
নিরাপত্তা,0.0,0.0,0.0
korchilo,0.0,0.0,0.0
scoop,0.0,0.0,0.0
পরেছিলো,0.0,0.0,0.0
ছেলেকে,0.0,0.0,0.0
আরেকজনকে,0.0,0.0,0.0
pp,0.0,0.0,0.0
yer,0.0,0.0,0.0
usit,0.0,0.0,0.0
ওড়ার,0.0,0.0,0.0
বাটিটা,0.0,0.0,0.0
dce,0.0,0.0,0.0
রাখাই,0.0,0.0,0.0
sabdhane,0.0,0.0,0.0
সাহায্যে,0.0,0.0,0.0
hoilei,0.0,0.0,0.0
porto,0.0,0.0,0.0
excuse,0.0,0.0,0.0
৫৯৫,0.0,0.0,0.0
ম্যন,0.0,0.0,0.0
হোয়া,0.0,0.0,0.0
ভিত্তিতে,0.0,0.0,0.0
justice,0.0,0.0,0.0
স্বল্পমূল্যে,0.0,0.0,0.0
প্যাকেজিন,0.0,0.0,0.0
khuby,0.0,0.0,0.0
সেফটির,0.0,0.0,0.0
লাইটগুলো,0.0,0.0,0.0
porsa,0.0,0.0,0.0
ছবিসহ,0.0,0.0,0.0
মৃদু,0.0,0.0,0.0
হান্ডেট,0.0,0.0,0.0
shamlao,0.0,0.0,0.0
পিজ্জাবার্গে,0.0,0.0,0.0
পাস্তাও,0.0,0.0,0.0
পাত্তা,0.0,0.0,0.0
গল্পের,0.0,0.0,0.0
সেলম্যান,0.0,0.0,0.0
ষোল,0.0,0.0,0.0
hon,0.0,0.0,0.0
picking,0.0,0.0,0.0
স্রেফ,0.0,0.0,0.0
penne,0.0,0.0,0.0
ওনিওন,0.0,0.0,0.0
cl,0.0,0.0,0.0
shawpno,0.0,0.0,0.0
আবদারটা,0.0,0.0,0.0
৫২৫,0.0,0.0,0.0
awkward,0.0,0.0,0.0
niasi,0.0,0.0,0.0
পন্নটি,0.0,0.0,0.0
পিভিসি,0.0,0.0,0.0
ভুলিয়ে,0.0,0.0,0.0
বাজনা,0.0,0.0,0.0
furthermore,0.0,0.0,0.0
bhorta,0.0,0.0,0.0
yay,0.0,0.0,0.0
কিংস,0.0,0.0,0.0
kicudin,0.0,0.0,0.0
ওভাররেটেড,0.0,0.0,0.0
sq,0.0,0.0,0.0
কস্টেপ,0.0,0.0,0.0
চেয়েছিল,0.0,0.0,0.0
অ্যাডজাস্ট,0.0,0.0,0.0
pizzaburgwari,0.0,0.0,0.0
ulto,0.0,0.0,0.0
পাম্পার,0.0,0.0,0.0
rode,0.0,0.0,0.0
eaten,0.0,0.0,0.0
donot,0.0,0.0,0.0
inaccurate,0.0,0.0,0.0
laglei,0.0,0.0,0.0
সেস,0.0,0.0,0.0
delan,0.0,0.0,0.0
তেহেরী,0.0,0.0,0.0
কাধে,0.0,0.0,0.0
tera,0.0,0.0,0.0
jins,0.0,0.0,0.0
কাবাবিশ,0.0,0.0,0.0
এভেইলেভল,0.0,0.0,0.0
economical,0.0,0.0,0.0
kiser,0.0,0.0,0.0
ater,0.0,0.0,0.0
sk,0.0,0.0,0.0
লাগতেছিল,0.0,0.0,0.0
mri,0.0,0.0,0.0
অসন্তোষ,0.0,0.0,0.0
ক্যাবেল,0.0,0.0,0.0
আইসি,0.0,0.0,0.0
ইনস্টলেশন,0.0,0.0,0.0
apnadr,0.0,0.0,0.0
somy,0.0,0.0,0.0
darazbd,0.0,0.0,0.0
ফখরুদ্দিন,0.0,0.0,0.0
৫০টাকায়,0.0,0.0,0.0
hoar,0.0,0.0,0.0
কার্টনে,0.0,0.0,0.0
রোমাঞ্চকর,0.0,0.0,0.0
backcover,0.0,0.0,0.0
কুটুম,0.0,0.0,0.0
বরফের,0.0,0.0,0.0
dekhcilam,0.0,0.0,0.0
বলিনি,0.0,0.0,0.0
ওও,0.0,0.0,0.0
বলসি,0.0,0.0,0.0
ভায়া,0.0,0.0,0.0
সুজি,0.0,0.0,0.0
tht,0.0,0.0,0.0
kamal,0.0,0.0,0.0
অাপনাদের,0.0,0.0,0.0
visual,0.0,0.0,0.0
2017,0.0,0.0,0.0
ওঠেনা,0.0,0.0,0.0
elegance,0.0,0.0,0.0
dawyar,0.0,0.0,0.0
প্যারায়,0.0,0.0,0.0
প্রোডাক্টিও,0.0,0.0,0.0
cabinet,0.0,0.0,0.0
২২০০,0.0,0.0,0.0
তৃতীয়ত,0.0,0.0,0.0
টেস,0.0,0.0,0.0
টিএসসি,0.0,0.0,0.0
dham,0.0,0.0,0.0
সুসজ্জিত,0.0,0.0,0.0
ঘী,0.0,0.0,0.0
cent,0.0,0.0,0.0
কাসে,0.0,0.0,0.0
পার্পেল,0.0,0.0,0.0
হইতেসে,0.0,0.0,0.0
পরিমাণমত,0.0,0.0,0.0
করছি৷,0.0,0.0,0.0
পুড়ি,0.0,0.0,0.0
tadar,0.0,0.0,0.0
গ্রেভী,0.0,0.0,0.0
ends,0.0,0.0,0.0
শীতকালের,0.0,0.0,0.0
coler,0.0,0.0,0.0
swiftly,0.0,0.0,0.0
টিকিয়ে,0.0,0.0,0.0
নিট,0.0,0.0,0.0
delen,0.0,0.0,0.0
chutney,0.0,0.0,0.0
habby,0.0,0.0,0.0
mk,0.0,0.0,0.0
vulnerable,0.0,0.0,0.0
kup,0.0,0.0,0.0
সেলালের,0.0,0.0,0.0
ডটেড,0.0,0.0,0.0
লাগবো,0.0,0.0,0.0
manzala,0.0,0.0,0.0
77,0.0,0.0,0.0
ক্যাম্পাস,0.0,0.0,0.0
pochondho,0.0,0.0,0.0
hype,0.0,0.0,0.0
অতন্ত,0.0,0.0,0.0
হাজারীবাগ,0.0,0.0,0.0
ক্রিয়েট,0.0,0.0,0.0
ada,0.0,0.0,0.0
bundose,0.0,0.0,0.0
thief,0.0,0.0,0.0
চারকোনা,0.0,0.0,0.0
নিরাপদে,0.0,0.0,0.0
কিলিয়ার,0.0,0.0,0.0
porew,0.0,0.0,0.0
বাচ্ছা,0.0,0.0,0.0
আইনে,0.0,0.0,0.0
উওরা,0.0,0.0,0.0
আরেহ,0.0,0.0,0.0
beware,0.0,0.0,0.0
সুনামের,0.0,0.0,0.0
আরং,0.0,0.0,0.0
অস্বস্তি,0.0,0.0,0.0
ক্লিপগুলো,0.0,0.0,0.0
অন্যগুলো,0.0,0.0,0.0
purapuri,0.0,0.0,0.0
এতটুকুই,0.0,0.0,0.0
thakeo,0.0,0.0,0.0
রাইড,0.0,0.0,0.0
ব্লগার,0.0,0.0,0.0
থান্ডার,0.0,0.0,0.0
shomosha,0.0,0.0,0.0
transparency,0.0,0.0,0.0
জালী,0.0,0.0,0.0
সিয়েলো,0.0,0.0,0.0
১৭০টাকা,0.0,0.0,0.0
কেঊ,0.0,0.0,0.0
oneke,0.0,0.0,0.0
doubtful,0.0,0.0,0.0
প্রত্যেকবারই,0.0,0.0,0.0
স্যুপঃ,0.0,0.0,0.0
মুজাগুলো,0.0,0.0,0.0
dorkari,0.0,0.0,0.0
hoece,0.0,0.0,0.0
emi,0.0,0.0,0.0
cholce,0.0,0.0,0.0
clicks,0.0,0.0,0.0
নিখুত,0.0,0.0,0.0
hoea,0.0,0.0,0.0
plane,0.0,0.0,0.0
নিরাস,0.0,0.0,0.0
প্রিন্টটা,0.0,0.0,0.0
মাণ,0.0,0.0,0.0
সমস্য,0.0,0.0,0.0
thakbo,0.0,0.0,0.0
mamar,0.0,0.0,0.0
এনারা,0.0,0.0,0.0
jol,0.0,0.0,0.0
nisa,0.0,0.0,0.0
unujai,0.0,0.0,0.0
valomoto,0.0,0.0,0.0
scissor,0.0,0.0,0.0
1499,0.0,0.0,0.0
বালতিটা,0.0,0.0,0.0
modu,0.0,0.0,0.0
নারিকেলের,0.0,0.0,0.0
vaii,0.0,0.0,0.0
আবহাওয়ার,0.0,0.0,0.0
ফাইভস্টার,0.0,0.0,0.0
arabic,0.0,0.0,0.0
paina,0.0,0.0,0.0
মগের,0.0,0.0,0.0
diyee,0.0,0.0,0.0
চল্লিশ,0.0,0.0,0.0
সরল,0.0,0.0,0.0
চিঠি,0.0,0.0,0.0
mrtaco,0.0,0.0,0.0
amai,0.0,0.0,0.0
জিনি,0.0,0.0,0.0
ব্যাবহারঃ,0.0,0.0,0.0
প্রচার,0.0,0.0,0.0
চইঝাল,0.0,0.0,0.0
unake,0.0,0.0,0.0
আর্মি,0.0,0.0,0.0
shikakai,0.0,0.0,0.0
doomhot,0.0,0.0,0.0
ক্লোজ,0.0,0.0,0.0
jegulo,0.0,0.0,0.0
dicha,0.0,0.0,0.0
mayed,0.0,0.0,0.0
এরও,0.0,0.0,0.0
গুনা,0.0,0.0,0.0
নেসক্যাফে,0.0,0.0,0.0
কাবাবও,0.0,0.0,0.0
শাহবাগ,0.0,0.0,0.0
koekdin,0.0,0.0,0.0
onnnnk,0.0,0.0,0.0
মুসকিল,0.0,0.0,0.0
বড়জোর,0.0,0.0,0.0
আজিব,0.0,0.0,0.0
গোদরেজের,0.0,0.0,0.0
মেগনেট,0.0,0.0,0.0
রাশিয়ান,0.0,0.0,0.0
পিসলুচি,0.0,0.0,0.0
grid,0.0,0.0,0.0
hahaha,0.0,0.0,0.0
বোরকার,0.0,0.0,0.0
মোনে,0.0,0.0,0.0
শূন্য,0.0,0.0,0.0
decorations,0.0,0.0,0.0
bollen,0.0,0.0,0.0
শর্মাটা,0.0,0.0,0.0
switching,0.0,0.0,0.0
মজারেলা,0.0,0.0,0.0
causing,0.0,0.0,0.0
ফ্যাক্টরির,0.0,0.0,0.0
korbona,0.0,0.0,0.0
সানশাইন,0.0,0.0,0.0
কপির,0.0,0.0,0.0
111,0.0,0.0,0.0
pans,0.0,0.0,0.0
বাচতে,0.0,0.0,0.0
যারে,0.0,0.0,0.0
ওয়েলের,0.0,0.0,0.0
producte,0.0,0.0,0.0
সেলাইটা,0.0,0.0,0.0
sheikh,0.0,0.0,0.0
detected,0.0,0.0,0.0
পারপেক্ট,0.0,0.0,0.0
টফি,0.0,0.0,0.0
জাওয়াব,0.0,0.0,0.0
web,0.0,0.0,0.0
চখে,0.0,0.0,0.0
dupure,0.0,0.0,0.0
lagaite,0.0,0.0,0.0
mediocre,0.0,0.0,0.0
ডিপি,0.0,0.0,0.0
বিয়ার,0.0,0.0,0.0
ট্রিক্স,0.0,0.0,0.0
ফ্লাওয়ার,0.0,0.0,0.0
ওয়াড,0.0,0.0,0.0
valley,0.0,0.0,0.0
cay,0.0,0.0,0.0
copied,0.0,0.0,0.0
5000,0.0,0.0,0.0
ভালোলাগার,0.0,0.0,0.0
গিফটটা,0.0,0.0,0.0
জিলাপির,0.0,0.0,0.0
টিশু,0.0,0.0,0.0
গরমিল,0.0,0.0,0.0
তেহারীতে,0.0,0.0,0.0
৫মিনিট,0.0,0.0,0.0
কমলার,0.0,0.0,0.0
prosperous,0.0,0.0,0.0
৯৩,0.0,0.0,0.0
miniature,0.0,0.0,0.0
এবারেও,0.0,0.0,0.0
৩০৫,0.0,0.0,0.0
towards,0.0,0.0,0.0
ফ্যাক্ট,0.0,0.0,0.0
হো,0.0,0.0,0.0
replay,0.0,0.0,0.0
দলবল,0.0,0.0,0.0
messy,0.0,0.0,0.0
উল্লেখিত,0.0,0.0,0.0
বুঝানোর,0.0,0.0,0.0
লিভার,0.0,0.0,0.0
gasi,0.0,0.0,0.0
রেক্সিন,0.0,0.0,0.0
obvious,0.0,0.0,0.0
scented,0.0,0.0,0.0
২বছর,0.0,0.0,0.0
ব্যস,0.0,0.0,0.0
বলতেন,0.0,0.0,0.0
বাল্ব,0.0,0.0,0.0
অপেশাদার,0.0,0.0,0.0
esp,0.0,0.0,0.0
ডিফল্ট,0.0,0.0,0.0
destroy,0.0,0.0,0.0
নম্র,0.0,0.0,0.0
খুজেছি,0.0,0.0,0.0
উঠেই,0.0,0.0,0.0
rana,0.0,0.0,0.0
ঘটলো,0.0,0.0,0.0
toiletries,0.0,0.0,0.0
ওঠার,0.0,0.0,0.0
chiruni,0.0,0.0,0.0
dekechi,0.0,0.0,0.0
radiator,0.0,0.0,0.0
kolpona,0.0,0.0,0.0
ভেজানো,0.0,0.0,0.0
lolipop,0.0,0.0,0.0
font,0.0,0.0,0.0
ছিলআর,0.0,0.0,0.0
hobey,0.0,0.0,0.0
krche,0.0,0.0,0.0
আখনি,0.0,0.0,0.0
মাসা,0.0,0.0,0.0
romjan,0.0,0.0,0.0
কাবাবটি,0.0,0.0,0.0
havana,0.0,0.0,0.0
fooled,0.0,0.0,0.0
সখের,0.0,0.0,0.0
কম্বল,0.0,0.0,0.0
লাগ্লে,0.0,0.0,0.0
benefited,0.0,0.0,0.0
স্টেকে,0.0,0.0,0.0
uae,0.0,0.0,0.0
oversized,0.0,0.0,0.0
ঘ্রাণেই,0.0,0.0,0.0
থালায়,0.0,0.0,0.0
কালিজিরা,0.0,0.0,0.0
passport,0.0,0.0,0.0
প্রসাব,0.0,0.0,0.0
হালকার,0.0,0.0,0.0
ক্যাশিয়ার,0.0,0.0,0.0
বাইটেই,0.0,0.0,0.0
biriany,-0.0012351395325865438,0.0,0.0
catalogue,0.0,0.0,0.0
pag,0.0,0.0,0.0
দুইদিনে,0.0,0.0,0.0
টিস্যুতে,0.0,0.0,0.0
ডাবলি,0.0,0.0,0.0
khaise,0.0,0.0,0.0
নিচ্ছিল,0.0,0.0,0.0
mo,0.0,0.0,0.0
alhhamdulillah,0.0,0.0,0.0
পিজ্জাবার্গের,0.0,0.0,0.0
saudi,0.0,0.0,0.0
fibre,0.0,0.0,0.0
farot,0.0,0.0,0.0
মেয়নেজ,0.0,0.0,0.0
শিরা,0.0,0.0,0.0
লাইব্রেরি,0.0,0.0,0.0
beguni,0.0,0.0,0.0
করতেছিলাম,0.0,0.0,0.0
edur,0.0,0.0,0.0
values,0.0,0.0,0.0
কালামারি,0.0,0.0,0.0
শেস,0.0,0.0,0.0
cutout,0.0,0.0,0.0
western,0.0,0.0,0.0
আক্ষেপ,0.0,0.0,0.0
ভাষ্যমতে,0.0,0.0,0.0
উইং,0.0,0.0,0.0
ব্যাগগুলো,0.0,0.0,0.0
হইতাছে,0.0,0.0,0.0
ontime,0.0,0.0,0.0
সাউন্ডের,0.0,0.0,0.0
khaoa,0.0,0.0,0.0
চুইয়ে,0.0,0.0,0.0
সংক্রান্ত,0.0,0.0,0.0
vanished,0.0,0.0,0.0
tactile,0.0,0.0,0.0
ব্যাটারীর,0.0,0.0,0.0
nicchi,0.0,0.0,0.0
carge,0.0,0.0,0.0
maira,0.0,0.0,0.0
নেমেই,0.0,0.0,0.0
bedroom,0.0,0.0,0.0
ghar,0.0,0.0,0.0
সমসা,0.0,0.0,0.0
ইঁদুরে,0.0,0.0,0.0
hoyesilo,0.0,0.0,0.0
সমস্যাটি,0.0,0.0,0.0
সেলারদেরকে,0.0,0.0,0.0
adore,0.0,0.0,0.0
যানিনা,0.0,0.0,0.0
রাম্পুরা,0.0,0.0,0.0
এইদিক,0.0,0.0,0.0
mala,0.0,0.0,0.0
টানতে,0.0,0.0,0.0
চিবিয়ে,0.0,0.0,0.0
প্লেটোর,0.0,0.0,0.0
excluding,0.0,0.0,0.0
চলেও,0.0,0.0,0.0
কয়লার,0.0,0.0,0.0
শ্যাম্পুটি,0.0,0.0,0.0
erkm,0.0,0.0,0.0
shte,0.0,0.0,0.0
রেগে,0.0,0.0,0.0
biswas,0.0,0.0,0.0
প্রপার,0.0,0.0,0.0
জলজ,0.0,0.0,0.0
donnobadh,0.0,0.0,0.0
spiral,0.0,0.0,0.0
diyase,0.0,0.0,0.0
অর্ডারই,0.0,0.0,0.0
পারতেছিলাম,0.0,0.0,0.0
অভিজ্ঞতায়,0.0,0.0,0.0
shomadhan,0.0,0.0,0.0
sorted,0.0,0.0,0.0
takha,0.0,0.0,0.0
ড়ে,0.0,0.0,0.0
hba,0.0,0.0,0.0
ঠ্যাং,0.0,0.0,0.0
khoy,0.0,0.0,0.0
রূপচাঁদা,0.0,0.0,0.0
gyro,0.0,0.0,0.0
দেখিয়েছিল,0.0,0.0,0.0
হোমডেলিভারি,0.0,0.0,0.0
truely,0.0,0.0,0.0
gontar,0.0,0.0,0.0
অপেন,0.0,0.0,0.0
সেলারটাও,0.0,0.0,0.0
রাইসটাও,0.0,0.0,0.0
completable,0.0,0.0,0.0
স্টেইনলেস,0.0,0.0,0.0
ভুক্তভোগী,0.0,0.0,0.0
battry,0.0,0.0,0.0
মাস্কটা,0.0,0.0,0.0
nim,0.0,0.0,0.0
ক্লিকি,0.0,0.0,0.0
দুটার,0.0,0.0,0.0
wonderfully,0.0,0.0,0.0
ভিমের,0.0,0.0,0.0
এগোলেই,0.0,0.0,0.0
barbell,0.0,0.0,0.0
ঘোরার,0.0,0.0,0.0
amaizing,0.0,0.0,0.0
এলাকাতেও,0.0,0.0,0.0
৩৮৫,0.0,0.0,0.0
delivry,0.0,0.0,0.0
ট্যাং,0.0,0.0,0.0
মিশেলে,0.0,0.0,0.0
বিস্বাস,0.0,0.0,0.0
dengan,0.0,0.0,0.0
firmly,0.0,0.0,0.0
mhz,0.0,0.0,0.0
হুমড়ি,0.0,0.0,0.0
atate,0.0,0.0,0.0
ওর্থ,0.0,0.0,0.0
করবনা,0.0,0.0,0.0
৪টির,0.0,0.0,0.0
গুগলম্যাপ,0.0,0.0,0.0
thxs,0.0,0.0,0.0
সজিব,0.0,0.0,0.0
শনির,0.0,0.0,0.0
রাইটারের,0.0,0.0,0.0
কোলে,0.0,0.0,0.0
arr,0.0,0.0,0.0
soooooo,0.0,0.0,0.0
আলোর,0.0,0.0,0.0
ব্যস্ততা,0.0,0.0,0.0
কাষ্টমারের,0.0,0.0,0.0
etate,0.0,0.0,0.0
hoce,0.0,0.0,0.0
jongli,0.0,0.0,0.0
ডিসপ্লেটা,0.0,0.0,0.0
ক্যাশুনাট,0.0,0.0,0.0
চাহিদানুযায়ী,0.0,0.0,0.0
স্টেবল,0.0,0.0,0.0
ট্রিম,0.0,0.0,0.0
kee,0.0,0.0,0.0
আসলেন,0.0,0.0,0.0
লোকে,0.0,0.0,0.0
কার্পণ্য,0.0,0.0,0.0
সিগারেটের,0.0,0.0,0.0
hpy,0.0,0.0,0.0
উপরেও,-0.004051284779778714,0.0,0.0
সেন্ডুইজ,0.0,0.0,0.0
নীচের,0.0,0.0,0.0
ডিটেইল,0.0,0.0,0.0
earliest,0.0,0.0,0.0
ইন্সটায়ঃ,0.0,0.0,0.0
মাসালাদার,0.0,0.0,0.0
ant,0.0,0.0,0.0
কাক,0.0,0.0,0.0
৫০০গ্রাম,0.0,0.0,0.0
দশা,0.0,0.0,0.0
অনুষ্ঠানের,0.0,0.0,0.0
ইলাস্টিক,0.0,0.0,0.0
জিহ্বার,0.0,0.0,0.0
পেপের,0.0,0.0,0.0
পৌঁছায়,0.0,0.0,0.0
প্রোডাক্টট,0.0,0.0,0.0
mono,0.0,0.0,0.0
আলুপুরি,0.0,0.0,0.0
সিস্টেমের,0.0,0.0,0.0
bapare,0.0,0.0,0.0
guti,0.0,0.0,0.0
beparta,0.0,0.0,0.0
research,0.0,0.0,0.0
agad,0.0,0.0,0.0
পেলামনা,0.0,0.0,0.0
নানটা,0.0,0.0,0.0
মতোনেই,0.0,0.0,0.0
zigatola,0.0,0.0,0.0
chailey,0.0,0.0,0.0
ঘুরার,0.0,0.0,0.0
মাদ্রাসা,0.0,0.0,0.0
খাচ্ছেন,0.0,0.0,0.0
পন্যও,0.0,0.0,0.0
কেরি,0.0,0.0,0.0
measuring,0.0,0.0,0.0
hyece,0.0,0.0,0.0
burnt,0.0,0.0,0.0
সসেজের,0.0,0.0,0.0
atw,0.0,0.0,0.0
unsure,0.0,0.0,0.0
স্টাটার,0.0,0.0,0.0
jenuine,0.0,0.0,0.0
matagal,0.0,0.0,0.0
bangaliana,0.0,0.0,0.0
kebol,0.0,0.0,0.0
retan,0.0,0.0,0.0
electro,0.0,0.0,0.0
emoji,0.0,0.0,0.0
স্মেলও,0.0,0.0,0.0
sliding,0.0,0.0,0.0
বেয়াদবি,0.0,0.0,0.0
onel,0.0,0.0,0.0
৫০০টাকার,0.0,0.0,0.0
৫তালায়,0.0,0.0,0.0
কাশফুল,0.0,0.0,0.0
pawyar,0.0,0.0,0.0
wach,0.0,0.0,0.0
খরচা,0.0,0.0,0.0
doctor,0.0,0.0,0.0
নুতন,0.0,0.0,0.0
vabcelam,0.0,0.0,0.0
liar,0.0,0.0,0.0
mymensingh,0.0,0.0,0.0
সিলার,0.0,0.0,0.0
খবুই,0.0,0.0,0.0
সর্তক,0.0,0.0,0.0
চিন্তাভাবনা,0.0,0.0,0.0
উঠেনা,0.0,0.0,0.0
মাত্রার,0.0,0.0,0.0
দেখসিলাম,0.0,0.0,0.0
মধ্যবিত্ত,0.0,0.0,0.0
শিল্প,-0.00736115319052868,0.0,0.0
bhitor,0.0,0.0,0.0
cutie,0.0,0.0,0.0
knife,0.0,0.0,0.0
দুইরকমের,0.0,0.0,0.0
private,0.0,0.0,0.0
অামাকে,0.0,0.0,0.0
মিটবক্সে,0.0,0.0,0.0
মশারী,0.0,0.0,0.0
মনিপুর,0.0,0.0,0.0
শেফস,0.0,0.0,0.0
অধিকাংশই,0.0,0.0,0.0
ক্লিনিং,0.0,0.0,0.0
koster,0.0,0.0,0.0
বানটাও,0.0,0.0,0.0
bager,0.0,0.0,0.0
জগিং,0.0,0.0,0.0
koyel,0.0,0.0,0.0
বাটিমূল্য,0.0,0.0,0.0
বাদশাহ,0.0,0.0,0.0
absorbs,0.0,0.0,0.0
kiss,0.0,0.0,0.0
kento,0.0,0.0,0.0
ছিল১,0.0,0.0,0.0
ইউরিন,0.0,0.0,0.0
দিলুম,0.0,0.0,0.0
শ্বাস,0.0,0.0,0.0
টাইমও,0.0,0.0,0.0
athalo,0.0,0.0,0.0
বাঁধা,0.0,0.0,0.0
ব্যক্তির,0.0,0.0,0.0
আপসেট,0.0,0.0,0.0
ফটোগ্রাফি,0.0,0.0,0.0
দেখো,0.0,0.0,0.0
bur,0.0,0.0,0.0
shakib,0.0,0.0,0.0
baget,0.0,0.0,0.0
325,0.0,0.0,0.0
লেকে,0.0,0.0,0.0
মোটের,0.0,0.0,0.0
ভাসা,0.0,0.0,0.0
প্যাকিংটাও,0.0,0.0,0.0
বেনারসী,0.0,0.0,0.0
মাল্টিমিটার,0.0,0.0,0.0
ডায়ালের,0.0,0.0,0.0
matador,0.0,0.0,0.0
phon,0.0,0.0,0.0
শিশুর,0.0,0.0,0.0
dekhun,0.0,0.0,0.0
ginis,0.0,0.0,0.0
conforms,0.0,0.0,0.0
bisoye,0.0,0.0,0.0
১১৮,0.0,0.0,0.0
mjl,0.0,0.0,0.0
তাকাইয়া,0.0,0.0,0.0
ি,0.0,0.0,0.0
আজেবাজে,0.0,0.0,0.0
pawdar,0.0,0.0,0.0
৫১২,0.0,0.0,0.0
রেশ,0.0,0.0,0.0
hungrynaki,0.0,0.0,0.0
করিতে,0.0,0.0,0.0
তেন,0.0,0.0,0.0
deyese,0.0,0.0,0.0
tuch,0.0,0.0,0.0
৪ডিম,0.0,0.0,0.0
dul,0.0,0.0,0.0
জিগায়,0.0,0.0,0.0
nuaim,0.0,0.0,0.0
ফ্যানা,0.0,0.0,0.0
খুভই,0.0,0.0,0.0
solpo,0.0,0.0,0.0
নাজিরাবাজারের,0.0,0.0,0.0
parfait,0.0,0.0,0.0
secondary,0.0,0.0,0.0
আইন,0.0,0.0,0.0
মানসিক,0.0,0.0,0.0
ভার্সনের,0.0,0.0,0.0
epic,0.0,0.0,0.0
করেছি৷,0.0,0.0,0.0
lasagna,0.0,0.0,0.0
ফিগার,0.0,0.0,0.0
লেখক,0.0,0.0,0.0
cholle,0.0,0.0,0.0
ডাবলির,0.0,0.0,0.0
৬টার,0.0,0.0,0.0
pl,0.0,0.0,0.0
হারাবেন,0.0,0.0,0.0
73,0.0,0.0,0.0
ample,0.0,0.0,0.0
science,0.0,0.0,0.0
pi,0.0,0.0,0.0
ফ্লেক্সিবল,0.0,0.0,0.0
কথাঃ,0.0,0.0,0.0
ভাঙ্গাচুরা,0.0,0.0,0.0
মুরি,0.0,0.0,0.0
ham,0.0,0.0,0.0
সাফ,0.0,0.0,0.0
unclear,0.0,0.0,0.0
bule,0.0,0.0,0.0
chapa,0.0,0.0,0.0
rabar,0.0,0.0,0.0
lentil,0.0,0.0,0.0
jokhn,0.0,0.0,0.0
marking,0.0,0.0,0.0
স্মরণ,0.0,0.0,0.0
চিমটি,0.0,0.0,0.0
লাইনটা,0.0,0.0,0.0
টপিংসে,0.0,0.0,0.0
উল্টে,0.0,0.0,0.0
লাগতাছে,0.0,0.0,0.0
টিপে,0.0,0.0,0.0
মুছার,0.0,0.0,0.0
afterall,0.0,0.0,0.0
কার্যকরি,0.0,0.0,0.0
রাজকাচুরি,0.0,0.0,0.0
অফুরন্ত,0.0,0.0,0.0
listed,0.0,0.0,0.0
য়া,0.0,0.0,0.0
boll,0.0,0.0,0.0
rt,0.0,0.0,0.0
মলাট,0.0,0.0,0.0
kv,0.0,0.0,0.0
সাজেক,0.0,0.0,0.0
ফ্রীজ,0.0,0.0,0.0
মারাত্যক,0.0,0.0,0.0
sope,0.0,0.0,0.0
basmati,0.0,0.0,0.0
স্প্রিড,0.0,0.0,0.0
chuigosto,0.0,0.0,0.0
অবসান,0.0,0.0,0.0
weren,0.0,0.0,0.0
১০বি,0.0,0.0,0.0
ইতিমধ্যেই,0.0,0.0,0.0
vaire,0.0,0.0,0.0
hoisey,0.0,0.0,0.0
beige,0.0,0.0,0.0
সমাধানের,0.0,0.0,0.0
satified,0.0,0.0,0.0
পিসটা,0.0,0.0,0.0
বেডশিট,0.0,0.0,0.0
ceyesilam,0.0,0.0,0.0
ঘষে,0.0,0.0,0.0
unfair,0.0,0.0,0.0
১২৩,0.0,0.0,0.0
থাইল্যান্ড,0.0,0.0,0.0
টেনেটুনে,0.0,0.0,0.0
যাইয়া,0.0,0.0,0.0
kibhabe,0.0,0.0,0.0
fom,0.0,0.0,0.0
ভৌগলিক,0.0,0.0,0.0
chapter,0.0,0.0,0.0
প্যকিং,0.0,0.0,0.0
log,0.008103302462854112,0.0,0.0
যমুনার,0.0,0.0,0.0
ধন্যবাধ,0.0,0.0,0.0
কন্টেন্ট,0.0,0.0,0.0
প্যাকাজিং,0.0,0.0,0.0
sausages,0.0,0.0,0.0
এভয়েড,0.0,0.0,0.0
৭৭,0.0,0.0,0.0
ফ্যান্টাসি,0.0,0.0,0.0
recommand,0.0,0.0,0.0
বিবরণে,0.0,0.0,0.0
বেলট,0.0,0.0,0.0
লাচ্চির,-0.005524756734594157,0.0,0.0
relax,0.0,0.0,0.0
thokanor,0.0,0.0,0.0
hindi,0.0,0.0,0.0
খানাদানা,0.0,0.0,0.0
fixing,0.0,0.0,0.0
এলে,0.0,0.0,0.0
khaddo,0.0,0.0,0.0
যাইত,0.0,0.0,0.0
অন্যকিছু,0.0,0.0,0.0
পাঁচটার,0.0,0.0,0.0
দুইটারই,0.0,0.0,0.0
ifter,0.0,0.0,0.0
eyeliner,0.0,0.0,0.0
coils,0.0,0.0,0.0
scanning,0.0,0.0,0.0
ওউনার,0.0,0.0,0.0
gaus,0.0,0.0,0.0
watermelon,0.0,0.0,0.0
খেলেন,0.0,0.0,0.0
parches,0.0,0.0,0.0
bicha,0.0,0.0,0.0
গি,0.0,0.0,0.0
হোল্ড,0.0,0.0,0.0
মারাত্তক,0.0,0.0,0.0
pizzas,0.0,0.0,0.0
embarrassing,0.0,0.0,0.0
দিয়াছে,0.0,0.0,0.0
কারে,0.0,0.0,0.0
শীট,0.0,0.0,0.0
আনন্দে,0.0,0.0,0.0
রোদের,0.0,0.0,0.0
বির,0.0,0.0,0.0
প্যাডগুলো,0.0,0.0,0.0
dries,0.0,0.0,0.0
bends,0.0,0.0,0.0
jazakallah,0.0,0.0,0.0
cigarette,0.0,0.0,0.0
pojjonto,0.0,0.0,0.0
বৃদ্ধির,0.0,0.0,0.0
tokben,0.0,0.0,0.0
ব্র্যান্ডিং,0.0,0.0,0.0
complaining,0.0,0.0,0.0
চিপসটা,0.0,0.0,0.0
অলস,0.0,0.0,0.0
সোফার,0.0,0.0,0.0
মেটানোর,0.0,0.0,0.0
আইসড,0.0,0.0,0.0
babyder,0.0,0.0,0.0
television,0.0,0.0,0.0
মিটারের,0.0,0.0,0.0
folds,0.0,0.0,0.0
gam,0.0,0.0,0.0
আগ্রাবাদ,0.0,0.0,0.0
জাও,0.0,0.0,0.0
বেডসিট,0.0,0.0,0.0
আলোকিত,0.0,0.0,0.0
নাশতা,0.0,0.0,0.0
সুনদর,0.0,0.0,0.0
বয়ফ্রেন্ড,0.0,0.0,0.0
mushrooms,0.0,0.0,0.0
jaga,0.0,0.0,0.0
অল্পের,0.0,0.0,0.0
shuvo,0.0,0.0,0.0
ben,0.0,0.0,0.0
লাগাইলে,0.0,0.0,0.0
কিছুও,0.0,0.0,0.0
কম্পানিকে,0.0,0.0,0.0
appreciation,0.0,0.0,0.0
সেগুলোও,0.0,0.0,0.0
রেজালার,0.0,0.0,0.0
133,0.0,0.0,0.0
elite,0.0,0.0,0.0
মাস্কের,0.0,0.0,0.0
ব্যবধান,0.0,0.0,0.0
ধরতেই,0.0,0.0,0.0
প্যাকটি,0.0,0.0,0.0
komanor,0.0,0.0,0.0
বুইঝা,0.0,0.0,0.0
হায়রে,0.0,0.0,0.0
স্বাদঃ১০,-0.00980344329974156,0.0,0.0
confidently,0.0,0.0,0.0
হিটার,0.0,0.0,0.0
জীবনকে,0.0,0.0,0.0
ু,0.0,0.0,0.0
ফেইসে,0.0,0.0,0.0
slips,0.0,0.0,0.0
মেপের,0.0,0.0,0.0
৮১,0.0,0.0,0.0
পারফর্ম,0.0,0.0,0.0
rubik,0.0,0.0,0.0
ডেলিবারী,0.0,0.0,0.0
krsilam,0.0,0.0,0.0
pathate,0.0,0.0,0.0
রিফিলিং,0.0,0.0,0.0
cihlo,0.0,0.0,0.0
ব্লেন্ডারের,0.0,0.0,0.0
74,0.0,0.0,0.0
conditioned,0.0,0.0,0.0
সময়মতোই,0.0,0.0,0.0
ওয়াসের,0.0,0.0,0.0
clam,0.0,0.0,0.0
rakhsi,0.0,0.0,0.0
desserts,0.0,0.0,0.0
ঘাটের,0.0,0.0,0.0
স্পর্ট,0.0,0.0,0.0
baiya,0.0,0.0,0.0
stich,0.0,0.0,0.0
পুষিয়ে,0.0,0.0,0.0
অাবার,0.0,0.0,0.0
এক্সাক্ট,0.0,0.0,0.0
dte,0.0,0.0,0.0
মটামটি,0.0,0.0,0.0
ধরলেও,0.0,0.0,0.0
দেও,0.0,0.0,0.0
ch,0.0,0.0,0.0
সেবন,0.0,0.0,0.0
bluewow,0.0,0.0,0.0
rotor,0.0,0.0,0.0
জিনিস৷,0.0,0.0,0.0
১০টাকার,0.0,0.0,0.0
wrongly,0.0,0.0,0.0
গ্রানটা,0.0,0.0,0.0
উফফফ,0.0,0.0,0.0
kajol,0.0,0.0,0.0
chici,0.0,0.0,0.0
representative,0.0,0.0,0.0
dekar,0.0,0.0,0.0
sprite,0.0,0.0,0.0
ভরষা,0.0,0.0,0.0
progress,0.0,0.0,0.0
creating,0.0,0.0,0.0
persel,0.0,0.0,0.0
ক্রেডিট,0.0,0.0,0.0
১০মুল্য,0.0,0.0,0.0
melts,0.0,0.0,0.0
tkhn,0.0,0.0,0.0
রেস্টুরেন্টি,0.0,0.0,0.0
porlei,0.0,0.0,0.0
জামাটা,0.0,0.0,0.0
candle,0.0,0.0,0.0
পল্লিমা,0.0,0.0,0.0
lagteche,0.0,0.0,0.0
দাঁড়ি,0.0,0.0,0.0
রিলাক্স,0.0,0.0,0.0
সম্বলিত,0.0,0.0,0.0
কোটা,0.0,0.0,0.0
দুইটাতেই,0.0,0.0,0.0
সেগুলোতে,0.0,0.0,0.0
যেগুলোর,0.0,0.0,0.0
আইটেমগুলা,0.0,0.0,0.0
চিপে,0.0,0.0,0.0
চাইনিজের,0.0,0.0,0.0
sana,0.0,0.0,0.0
ন্যাচোস,0.0,0.0,0.0
হাবিজাবি,0.0,0.0,0.0
dhuke,0.0,0.0,0.0
92,0.0,0.0,0.0
speechless,0.0,0.0,0.0
৪০০টাকা,0.0,0.0,0.0
protarok,0.0,0.0,0.0
barai,0.0,0.0,0.0
hoyrani,0.0,0.0,0.0
নয়াপল্টনে,0.0,0.0,0.0
শুষ্ক,0.0,0.0,0.0
স্ক্রিনে,0.0,0.0,0.0
goreng,0.0,0.0,0.0
গেন্ডারিয়া,0.0,0.0,0.0
রাইসঃ,0.0,0.0,0.0
ফয়জুর,0.0,0.0,0.0
ie,0.0,0.0,0.0
হ্যাপী,0.0,0.0,0.0
মেইল,0.0,0.0,0.0
প্রাণের,0.0,0.0,0.0
jali,0.0,0.0,0.0
law,0.0,0.0,0.0
ফ্রন্ট,0.0,0.0,0.0
investment,0.0,0.0,0.0
authorities,0.0,0.0,0.0
constantly,0.0,0.0,0.0
caused,0.0,0.0,0.0
tokhn,0.0,0.0,0.0
ভর,0.0,0.0,0.0
২০০টাকাটেস্টঃ,0.0,0.0,0.0
ভেরিফাই,0.0,0.0,0.0
জিবির,0.0,0.0,0.0
ডিসের,0.0,0.0,0.0
loyal,0.0,0.0,0.0
gorir,0.0,0.0,0.0
1207,0.0,0.0,0.0
hoyar,0.0,0.0,0.0
kokono,0.0,0.0,0.0
বোর,0.0,0.0,0.0
dumpling,0.0,0.0,0.0
petam,0.0,0.0,0.0
পাওয়াটা,0.0,0.0,0.0
neye,0.0,0.0,0.0
suppliers,0.0,0.0,0.0
উঠলাম,0.0,0.0,0.0
walk,0.0,0.0,0.0
লোট্টো,0.0,0.0,0.0
৬৮,0.0,0.0,0.0
ওমা,0.0,0.0,0.0
আসোলেই,0.0,0.0,0.0
ডিউটি,0.0,0.0,0.0
sockets,0.0,0.0,0.0
basmoti,0.0,0.0,0.0
রিকশায়,0.0,0.0,0.0
wardrobe,0.0,0.0,0.0
মারবেন,0.0,0.0,0.0
takatai,0.0,0.0,0.0
theory,0.0,0.0,0.0
genial,0.0,0.0,0.0
finis,0.0,0.0,0.0
foldable,0.0,0.0,0.0
ধুতে,0.0,0.0,0.0
স্বভাব,0.0,0.0,0.0
৬৪৫,0.0,0.0,0.0
সেমি,0.0,0.0,0.0
khelte,0.0,0.0,0.0
ইন্টাক্ট,0.0,0.0,0.0
clearance,0.0,0.0,0.0
ওয়াইফের,0.0,0.0,0.0
হেরে,0.0,0.0,0.0
dewr,0.0,0.0,0.0
bage,0.0,0.0,0.0
oud,0.0,0.0,0.0
এক্সাম,0.0,0.0,0.0
imagination,0.0,0.0,0.0
পরসে,0.0,0.0,0.0
rolls,0.0,0.0,0.0
শেভ,0.0,0.0,0.0
surround,0.0,0.0,0.0
supplies,0.0,0.0,0.0
dewya,0.0,0.0,0.0
355,0.0,0.0,0.0
pojonto,0.0,0.0,0.0
খাদ্যের,0.0,0.0,0.0
মুগ,0.0,0.0,0.0
৮৫টাকা,0.0,0.0,0.0
বাকেট,0.0,0.0,0.0
vhitore,0.0,0.0,0.0
মাত্রায়,0.0,0.0,0.0
ব্রেক,0.0,0.0,0.0
শুয়ে,0.0,0.0,0.0
কেএফসি,0.0,0.0,0.0
nipple,0.0,0.0,0.0
যেমনি,0.0,0.0,0.0
ধনবাদ,0.0,0.0,0.0
ভেট,0.0,0.0,0.0
ব্লকের,0.0,0.0,0.0
বর্জন,0.0,0.0,0.0
পাক,0.0,0.0,0.0
উদ,0.0,0.0,0.0
dog,0.0,0.0,0.0
টীম,0.0,0.0,0.0
niyecilam,0.0,0.0,0.0
3000,0.0,0.0,0.0
বিশ্বাসী,0.0,0.0,0.0
unfortunate,0.0,0.0,0.0
চিট,0.0,0.0,0.0
survice,0.0,0.0,0.0
বিছানার,0.0,0.0,0.0
ধারা,0.0,0.0,0.0
আফগানি,0.0,0.0,0.0
বিছানা,0.0,0.0,0.0
stands,0.0,0.0,0.0
steam,0.0,0.0,0.0
dhakar,0.0,0.0,0.0
movie,0.0,0.0,0.0
ঝাক্কাস,0.0,0.0,0.0
লায়লাতির,0.0,0.0,0.0
স্ক্রল,0.0,0.0,0.0
শিয়া,0.0,0.0,0.0
vooc,0.0,0.0,0.0
dn,0.0,0.0,0.0
minus,0.0,0.0,0.0
vabay,0.0,0.0,0.0
খুলবে,0.0,0.0,0.0
মসলায়,0.0,0.0,0.0
handi,0.0,0.0,0.0
তরকারি,0.0,0.0,0.0
ঝালাই,0.0,0.0,0.0
পোস্টটা,0.0,0.0,0.0
creamer,0.0,0.0,0.0
aliexpress,0.0,0.0,0.0
টেক্স,0.0,0.0,0.0
কিবোর্ডটা,0.0,0.0,0.0
আল্লাহু,0.0,0.0,0.0
চিটিংবাজি,0.0,0.0,0.0
ইফতারিতে,0.0,0.0,0.0
৩০মিনিট,0.0,0.0,0.0
blame,0.0,0.0,0.0
pate,0.0,0.0,0.0
icca,0.0,0.0,0.0
jossss,0.0,0.0,0.0
dac,0.0,0.0,0.0
মারকেট,0.0,0.0,0.0
pulled,0.0,0.0,0.0
আমলে,0.0,0.0,0.0
assembly,0.0,0.0,0.0
etota,0.0,0.0,0.0
parmesan,0.0,0.0,0.0
zajakallah,0.0,0.0,0.0
চাচ্ছিল,0.0,0.0,0.0
অহেতুক,0.0,0.0,0.0
৪০৫,0.0,0.0,0.0
স্বাস্থ্যবিধি,0.0,0.0,0.0
hotat,0.0,0.0,0.0
lying,0.0,0.0,0.0
massager,0.0,0.0,0.0
ভেলপুরির,0.0,0.0,0.0
এসিআই,0.0,0.0,0.0
ফেইসওয়াস,0.0,0.0,0.0
কোমরে,0.0,0.0,0.0
অন্ন,0.0,0.0,0.0
ততদিন,0.0,0.0,0.0
সানি,0.0,0.0,0.0
suti,0.0,0.0,0.0
নামিদামি,0.0,0.0,0.0
ঝাঁজালো,0.0,0.0,0.0
তবেই,0.0,0.0,0.0
জ্বাল,0.0,0.0,0.0
ক্যাশব্যাকের,0.0,0.0,0.0
পরীক্ষার,0.0,0.0,0.0
টাকি,0.0,0.0,0.0
মোজাগুলো,0.0,0.0,0.0
লুকিয়ে,0.0,0.0,0.0
ঠুসে,0.0,0.0,0.0
সেটির,0.0,0.0,0.0
দুবাই,0.0,0.0,0.0
এপ্লাই,0.0,0.0,0.0
hoichilo,0.0,0.0,0.0
ওদিক,0.0,0.0,0.0
ম্যাক্স,0.0,0.0,0.0
খুঁজি,0.0,0.0,0.0
এছারা,0.0,0.0,0.0
rj,0.0,0.0,0.0
tom,0.0,0.0,0.0
জায়গাই,0.0,0.0,0.0
houar,0.0,0.0,0.0
porteo,0.0,0.0,0.0
koraci,0.0,0.0,0.0
আন্টি,0.0,0.0,0.0
bises,0.0,0.0,0.0
61,0.0,0.0,0.0
porca,0.0,0.0,0.0
hk,0.0,0.0,0.0
crop,0.0,0.0,0.0
owesome,0.0,0.0,0.0
আপুরা,0.0,0.0,0.0
এপিসোড,0.0,0.0,0.0
আকৃতির,0.0,0.0,0.0
পোডাক্টের,0.0,0.0,0.0
টেবিলটা,0.0,0.0,0.0
tora,0.0,0.0,0.0
সেন্ডেল,0.0,0.0,0.0
annoyed,0.0,0.0,0.0
shaver,0.0,0.0,0.0
trim,0.0,0.0,0.0
কক,0.0,0.0,0.0
হাজারের,0.0,0.0,0.0
আহার,0.0,0.0,0.0
কামালের,0.0,0.0,0.0
কাপড,0.0,0.0,0.0
ekono,0.0,0.0,0.0
washable,0.0,0.0,0.0
stops,0.0,0.0,0.0
যথাক্রমে,0.0,0.0,0.0
𝟏,0.0,0.0,0.0
জন্য৷,0.0,0.0,0.0
ব্লাউজ,0.0,0.0,0.0
chanachur,0.0,0.0,0.0
বাকিগুলা,0.0,0.0,0.0
অনিক,0.0,0.0,0.0
frequently,0.0,0.0,0.0
যিনিস,0.0,0.0,0.0
melting,0.0,0.0,0.0
indicate,0.0,0.0,0.0
পেপারে,0.0,0.0,0.0
টাইমিং,0.0,0.0,0.0
birokto,0.0,0.0,0.0
grate,0.0,0.0,0.0
tnxs,0.0,0.0,0.0
প্রোটেকশন,0.0,0.0,0.0
azam,0.0,0.0,0.0
chol,0.0,0.0,0.0
কেনায়,0.0,0.0,0.0
komse,0.0,0.0,0.0
timer,0.0,0.0,0.0
noticeable,0.0,0.0,0.0
seven,0.0,0.0,0.0
রিচার্জেবল,0.0,0.0,0.0
intek,0.0,0.0,0.0
ধরেন,0.0,0.0,0.0
২কেজি,0.0,0.0,0.0
সম,0.0,0.0,0.0
hoitese,0.0,0.0,0.0
korea,0.0,0.0,0.0
provider,0.0,0.0,0.0
অজানা,0.0,0.0,0.0
mg,0.0,0.0,0.0
ভাজার,0.0,0.0,0.0
হয়েছেন,0.0,0.0,0.0
তারমানে,0.0,0.0,0.0
oviggota,0.0,0.0,0.0
তেমটাই,0.0,0.0,0.0
player,0.0,0.0,0.0
acid,0.0,0.0,0.0
তাড়াহুড়া,0.0,0.0,0.0
লগ,0.0,0.0,0.0
grow,0.0,0.0,0.0
কেন্দ্রীয়,0.0,0.0,0.0
সামগ্রিই,0.0,0.0,0.0
১৬০টাকা,0.0,0.0,0.0
ডালে,0.0,0.0,0.0
কতোটা,0.0,0.0,0.0
routers,0.0,0.0,0.0
বলছিলেন,0.0,0.0,0.0
পুনশ্চ,0.0,0.0,0.0
obosso,0.0,0.0,0.0
gifting,0.0,0.0,0.0
tshirts,0.0,0.0,0.0
হাইদ্রাবাদি,0.0,0.0,0.0
register,0.0,0.0,0.0
জুতাগুলো,0.0,0.0,0.0
giyechilo,0.0,0.0,0.0
outcome,0.0,0.0,0.0
কিমি,0.0,0.0,0.0
hossa,0.0,0.0,0.0
ব্যাটারিগুলো,0.0,0.0,0.0
ভেবেচিন্তে,0.0,0.0,0.0
হাইজিন,0.0,0.0,0.0
ঝুরা,0.0,0.0,0.0
beka,0.0,0.0,0.0
burgerlicious,0.0,0.0,0.0
১০৫০,0.0,0.0,0.0
hazelnut,0.0,0.0,0.0
buzz,0.0,0.0,0.0
আফতাব,0.0,0.0,0.0
unpack,0.0,0.0,0.0
নুডুলসের,0.0,0.0,0.0
amay,0.0,0.0,0.0
tola,0.0,0.0,0.0
গেনজি,0.0,0.0,0.0
hai,0.0,0.0,0.0
rumali,0.0,0.0,0.0
ভারতীয়,0.0,0.0,0.0
crt,0.0,0.0,0.0
ride,0.0,0.0,0.0
দেখসি,0.0,0.0,0.0
koyekbar,0.0,0.0,0.0
ঝালখোর,0.0,0.0,0.0
dicce,0.0,0.0,0.0
ব্যালেন্সড,0.0,0.0,0.0
প্রত্যেকের,0.0,0.0,0.0
ফ্রেশনার,0.0,0.0,0.0
thankfully,0.0,0.0,0.0
রকমারি,0.0,0.0,0.0
রিয়েলি,0.0,0.0,0.0
adults,0.0,0.0,0.0
পান্থপথের,0.0,0.0,0.0
জাজাকাল্লাহু,0.0,0.0,0.0
শব্দের,0.0,0.0,0.0
ফ্রেন্ডকে,0.0,0.0,0.0
carrier,0.0,0.0,0.0
fallen,0.0,0.0,0.0
prodct,0.0,0.0,0.0
তম,0.0,0.0,0.0
বন,0.0,0.0,0.0
জোরা,0.0,0.0,0.0
স্টেট,0.0,0.0,0.0
ভাংতি,0.0,0.0,0.0
বাঙালী,0.0,0.0,0.0
excelent,0.0,0.0,0.0
সমন্বয়ে,0.0,0.0,0.0
সিলাই,0.0,0.0,0.0
jersy,0.0,0.0,0.0
apanara,0.0,0.0,0.0
temone,0.0,0.0,0.0
rinbo,0.0,0.0,0.0
ওলিভ,0.0,0.0,0.0
brazil,0.0,0.0,0.0
basa,0.0,0.0,0.0
lufa,0.0,0.0,0.0
innoel,0.0,0.0,0.0
peking,0.0,0.0,0.0
কম্বোটা,0.0,0.0,0.0
প্রেজেন্টেশন,0.0,0.0,0.0
thikache,0.0,0.0,0.0
thong,0.0,0.0,0.0
nonsense,0.0,0.0,0.0
ছোটও,0.0,0.0,0.0
চিটিংবাজ,0.0,0.0,0.0
জেই,0.0,0.0,0.0
ক্যাবেজ,0.0,0.0,0.0
dalevary,0.0,0.0,0.0
খালার,0.0,0.0,0.0
teksoi,0.0,0.0,0.0
৪৪৯,0.0,0.0,0.0
যেটুকু,0.0,0.0,0.0
লাস্টের,0.0,0.0,0.0
vorosa,0.0,0.0,0.0
টিসুর,0.0,0.0,0.0
নাগালের,0.0,0.0,0.0
পার্কিং,0.0,0.0,0.0
prob,0.0,0.0,0.0
আটকিয়ে,0.0,0.0,0.0
dekko,0.0,0.0,0.0
wondering,0.0,0.0,0.0
খিচুরির,0.0,0.0,0.0
awasome,0.0,0.0,0.0
bapar,0.0,0.0,0.0
মেয়নিজ,0.0,0.0,0.0
ডেলিভারিতেও,0.0,0.0,0.0
wider,0.0,0.0,0.0
নিউটেলা,0.0,0.0,0.0
ভর্তাঃ,0.0,0.0,0.0
মাটনগুলোর,0.0,0.0,0.0
ছাড়ের,0.0,0.0,0.0
nt,0.0,0.0,0.0
পনের,0.0,0.0,0.0
অভিমত,0.0,0.0,0.0
ধ,0.0,0.0,0.0
icche,0.0,0.0,0.0
konorokom,0.0,0.0,0.0
orginial,0.0,0.0,0.0
চারপাশ,0.0,0.0,0.0
mezzan,0.0,0.0,0.0
উৎসাহ,0.0,0.0,0.0
620,0.0,0.0,0.0
মর্মাহত,0.0,0.0,0.0
thakben,0.0,0.0,0.0
ঢেকুর,0.0,0.0,0.0
মুন্না,0.0,0.0,0.0
বানাই,0.0,0.0,0.0
লগে,0.0,0.0,0.0
চ্ছে,0.0,0.0,0.0
সাপ্তাহ,0.0,0.0,0.0
nir,0.0,0.0,0.0
১০ঠিকানা,0.0,0.0,0.0
রিংস,0.0,0.0,0.0
মানিক,0.0,0.0,0.0
রেজার,0.0,0.0,0.0
৬০০টাকা,0.0,0.0,0.0
560,0.0,0.0,0.0
youu,0.0,0.0,0.0
সাইন,0.0,0.0,0.0
chia,0.0,0.0,0.0
মোঘল,0.0,0.0,0.0
শিট,0.0,0.0,0.0
এব়,0.0,0.0,0.0
password,0.0,0.0,0.0
ghure,0.0,0.0,0.0
লিখলে,0.0,0.0,0.0
bananor,0.0,0.0,0.0
ships,0.0,0.0,0.0
asparagus,0.0,0.0,0.0
slide,0.0,0.0,0.0
বিজ্ঞাপনের,0.0,0.0,0.0
মালঞ্চ,0.0,0.0,0.0
আখড়া,0.0,0.0,0.0
consuming,0.0,0.0,0.0
fack,0.0,0.0,0.0
lm,0.0,0.0,0.0
beautifull,0.0,0.0,0.0
stability,0.0,0.0,0.0
খাচ্ছিলাম,0.0,0.0,0.0
আইরন,0.0,0.0,0.0
weights,0.0,0.0,0.0
lagi,0.0,0.0,0.0
ভুলভাল,0.0,0.0,0.0
মসুর,0.0,0.0,0.0
ভাইদেরকে,0.0,0.0,0.0
কিরে,0.0,0.0,0.0
jogajog,0.0,0.0,0.0
কারার,0.0,0.0,0.0
চিন,0.0,0.0,0.0
gamepad,0.0,0.0,0.0
rotate,0.0,0.0,0.0
magnificent,0.0,0.0,0.0
tge,0.0,0.0,0.0
দিনেও,0.0,0.0,0.0
dory,0.0,0.0,0.0
gently,0.0,0.0,0.0
colourful,0.0,0.0,0.0
মাম,0.0,0.0,0.0
ভাবনার,0.0,0.0,0.0
manager,0.07278153420549958,0.0,0.0
rakben,0.0,0.0,0.0
সেলিব্রেশন,0.0,0.0,0.0
টেকআউট,0.0,0.0,0.0
expiring,0.0,0.0,0.0
বরো,0.0,0.0,0.0
চ্যাটের,0.0,0.0,0.0
release,0.0,0.0,0.0
ওয়ালেটের,0.0,0.0,0.0
oshonkho,0.0,0.0,0.0
posonder,0.0,0.0,0.0
factor,0.0,0.0,0.0
japanese,0.0,0.0,0.0
চেয়ারে,0.0,0.0,0.0
বিশ্বের,0.0,0.0,0.0
ফেভারেট,0.0,0.0,0.0
গামলা,0.0,0.0,0.0
totota,0.0,0.0,0.0
heaven,0.0,0.0,0.0
বিসমিল্লার,0.0,0.0,0.0
breeze,0.0,0.0,0.0
ফেললে,0.0,0.0,0.0
কারোই,0.0,0.0,0.0
ইস,0.0,0.0,0.0
command,0.0,0.0,0.0
bodole,0.0,0.0,0.0
tint,0.0,0.0,0.0
upay,0.0,0.0,0.0
answered,0.0,0.0,0.0
সিড,0.0,0.0,0.0
চালিয়েছি,0.0,0.0,0.0
kaca,0.0,0.0,0.0
চশমাটা,0.0,0.0,0.0
ওভেনের,0.0,0.0,0.0
happily,0.0,0.0,0.0
রাখব,0.0,0.0,0.0
স্বপ্নর,0.0,0.0,0.0
সদস্য,0.0,0.0,0.0
ফ্রাইজ,0.0,0.0,0.0
choosing,0.0,0.0,0.0
sucks,0.0,0.0,0.0
pokemon,0.0,0.0,0.0
ot,0.0,0.0,0.0
jotheshto,0.0,0.0,0.0
daklam,0.0,0.0,0.0
ডকুমেন্ট,0.0,0.0,0.0
মাদ্রাসার,0.0,0.0,0.0
মানঃ,0.0,0.0,0.0
ওয়ার্ল্ডের,0.0,0.0,0.0
chidro,0.0,0.0,0.0
lazy,0.0,0.0,0.0
বাফেটের,0.0,0.0,0.0
guide,0.0,0.0,0.0
ভান্ডার,0.02174799892572528,0.0,0.0
আলমাস,0.0,0.0,0.0
চোটে,0.0,0.0,0.0
৬মাস,0.0,0.0,0.0
prottek,0.0,0.0,0.0
dimensions,0.0,0.0,0.0
dekhchilam,0.0,0.0,0.0
কোনে,0.0,0.0,0.0
হেলথ,0.0,0.0,0.0
হইসি,0.0,0.0,0.0
ate,0.0,0.0,0.0
blind,0.0,0.0,0.0
বাখরখানি,0.0,0.0,0.0
হতাশার,0.0,0.0,0.0
thursday,0.0,0.0,0.0
অপরিষ্কার,0.0,0.0,0.0
notepad,0.0,0.0,0.0
wtf,0.0,0.0,0.0
লাখ,0.0,0.0,0.0
সাজসজ্জা,0.0,0.0,0.0
jacchilo,0.0,0.0,0.0
উলটো,0.0,0.0,0.0
declared,0.0,0.0,0.0
লালমাটিয়ার,0.0,0.0,0.0
২৫৬,0.0,0.0,0.0
cinta,0.0,0.0,0.0
প্যা,0.0,0.0,0.0
excess,0.0,0.0,0.0
জেগে,0.0,0.0,0.0
presm,0.0,0.0,0.0
চ্যানেলের,0.0,0.0,0.0
jal,0.0,0.0,0.0
pod,0.0,0.0,0.0
ফ্যানে,0.0,0.0,0.0
ছিলা,0.0,0.0,0.0
রাজার,0.0,0.0,0.0
fiber,0.0,0.0,0.0
আসাকরি,0.0,0.0,0.0
কামড়েই,0.0,0.0,0.0
himself,0.0,0.0,0.0
ব্রিজের,0.0,0.0,0.0
আামার,0.0,0.0,0.0
bracket,0.0,0.0,0.0
tolonay,0.0,0.0,0.0
sandals,0.0,0.0,0.0
magical,0.0,0.0,0.0
রায়ের,0.0,0.0,0.0
সাবার,0.0,0.0,0.0
ঢুকবে,0.0,0.0,0.0
অয়েজেস,0.0,0.0,0.0
২২২,0.0,0.0,0.0
ক্ষুধায়,0.0,0.0,0.0
mukti,0.0,0.0,0.0
racket,0.0,0.0,0.0
identify,0.0,0.0,0.0
দ্রষ্টব্য,0.0,0.0,0.0
babur,0.0,0.0,0.0
হালের,-0.026059820361742415,0.0,0.0
generation,0.0,0.0,0.0
vay,0.0,0.0,0.0
ane,0.0,0.0,0.0
folded,0.0,0.0,0.0
তাকালে,0.0,0.0,0.0
pipes,0.0,0.0,0.0
মোছার,0.0,0.0,0.0
email,0.0,0.0,0.0
ছোটোখাটো,0.0,0.0,0.0
babu,0.0,0.0,0.0
ফ্লাগশিপ,0.0,0.0,0.0
উইনার,0.0,0.0,0.0
সিঙ্গারার,0.0,0.0,0.0
মেজবানী,0.0,0.0,0.0
অভিভূত,0.0,0.0,0.0
১৩০টাকা,0.0,0.0,0.0
গেসিলো,0.0,0.0,0.0
ভিজিট,0.0,0.0,0.0
আলহামদুলিললাহ,0.0,0.0,0.0
সেইসাথে,0.0,0.0,0.0
একুশে,0.0,0.0,0.0
meals,0.0,0.0,0.0
ph,0.0,0.0,0.0
জিহবা,0.0,0.0,0.0
কনভেনশন,0.0,0.0,0.0
খাস,0.0,0.0,0.0
sellr,0.0,0.0,0.0
এমবিপিএস,0.0,0.0,0.0
গুলিও,0.0,0.0,0.0
train,0.0,0.0,0.0
ajaira,0.0,0.0,0.0
ওটিপি,0.0,0.0,0.0
আল্লাহই,0.0,0.0,0.0
theres,0.0,0.0,0.0
লিচু,0.0,0.0,0.0
পলিব্যাগে,0.0,0.0,0.0
বুজবো,0.0,0.0,0.0
দাই,0.0,0.0,0.0
east,-0.04316987637480166,0.0,0.0
rub,0.0,0.0,0.0
diace,0.0,0.0,0.0
tanx,0.0,0.0,0.0
otp,0.0,0.0,0.0
মাত্রাতিরিক্ত,0.0,0.0,0.0
hunger,0.0,0.0,0.0
বিদ্যমান,0.0,0.0,0.0
প্র,0.0,0.0,0.0
জট,0.0,0.0,0.0
remax,0.0,0.0,0.0
সাময়িক,0.0,0.0,0.0
বেরেস্তা,0.0,0.0,0.0
চিরা,0.0,0.0,0.0
booking,0.0,0.0,0.0
সমৃদ্ধ,0.0,0.0,0.0
pores,0.0,0.0,0.0
cakes,0.0,0.0,0.0
walking,0.0,0.0,0.0
১০এনভায়রনমেন্ট,0.0,0.0,0.0
এসিতে,0.0,0.0,0.0
সিল্ক,0.0,0.0,0.0
সেটের,0.0,0.0,0.0
ডেলি,0.0,0.0,0.0
chees,0.0,0.0,0.0
দুজনেরই,0.0,0.0,0.0
1350,0.0,0.0,0.0
freaking,0.0,0.0,0.0
295,0.0,0.0,0.0
পারসেন্ট,0.0,0.0,0.0
পাঞ্জাবী,0.0,0.0,0.0
জর্দার,0.0,0.0,0.0
dulna,0.0,0.0,0.0
odomos,0.0,0.0,0.0
maa,0.0,0.0,0.0
chhoto,0.0,0.0,0.0
drawing,0.0,0.0,0.0
masjid,0.0,0.0,0.0
সোবহানবাগের,0.0,0.0,0.0
trimming,0.0,0.0,0.0
mc,0.0,0.0,0.0
চাওমিনটা,0.0,0.0,0.0
এটলিস্ট,0.0,0.0,0.0
wowww,0.0,0.0,0.0
inferior,0.0,0.0,0.0
বাক্সের,0.0,0.0,0.0
ছাতার,0.0,0.0,0.0
peaceful,0.0,0.0,0.0
ঝুনার,0.0,0.0,0.0
gecilo,0.0,0.0,0.0
টাকাতাদের,0.0,0.0,0.0
নেয়ায়,0.0,0.0,0.0
gai,0.0,0.0,0.0
কিছুখন,0.0,0.0,0.0
bhaia,0.0,0.0,0.0
এভারেজে,0.0,0.0,0.0
কাটিয়ে,0.0,0.0,0.0
jola,0.0,0.0,0.0
telapoka,0.0,0.0,0.0
korc,0.0,0.0,0.0
বলুক,0.0,0.0,0.0
calls,0.0,0.0,0.0
savings,0.0,0.0,0.0
শ্যামলি,0.0,0.0,0.0
্যাশ,0.0,0.0,0.0
dlm,0.0,0.0,0.0
kothakar,0.0,0.0,0.0
উঠতেই,0.0,0.0,0.0
con,0.0,0.0,0.0
জমবে,0.0,0.0,0.0
gesture,0.0,0.0,0.0
manuser,0.0,0.0,0.0
মোবাইলটি,0.0,0.0,0.0
ওসাম,0.0,0.0,0.0
envelopes,0.0,0.0,0.0
ভাউচারের,0.0,0.0,0.0
litter,0.0,0.0,0.0
ware,0.0,0.0,0.0
দেখছে,0.0,0.0,0.0
wool,0.0,0.0,0.0
kortei,0.0,0.0,0.0
deina,0.0,0.0,0.0
একটিতে,0.0,0.0,0.0
dekhan,0.0,0.0,0.0
জব্বর,0.0,0.0,0.0
স্টিকারের,0.0,0.0,0.0
nighty,0.0,0.0,0.0
গাল,0.0,0.0,0.0
infact,0.0,0.0,0.0
পূর্বেও,0.0,0.0,0.0
লোকেরা,0.0,0.0,0.0
৫৫৫,0.0,0.0,0.0
niyese,0.0,0.0,0.0
কিসু,0.0,0.0,0.0
navana,0.0,0.0,0.0
shuna,0.0,0.0,0.0
বিরানী,0.0,0.0,0.0
rajkonna,0.0,0.0,0.0
জিনস,0.0,0.0,0.0
ফ্রিজটা,0.0,0.0,0.0
দক্ষ,0.0,0.0,0.0
কুঁচি,0.0,0.0,0.0
lagte,0.0,0.0,0.0
ce,0.0,0.0,0.0
whistle,0.0,0.0,0.0
খাইয়ে,0.0,0.0,0.0
মিলেছে,0.0,0.0,0.0
niras,0.0,0.0,0.0
দেখাও,0.0,0.0,0.0
outfit,0.0,0.0,0.0
hajar,0.0,0.0,0.0
ফিটফাট,0.0,0.0,0.0
আছিলো,0.0,0.0,0.0
ডাম্পলিং,0.0,0.0,0.0
জাবেন,0.0,0.0,0.0
developed,0.0,0.0,0.0
বানাইছে,0.0,0.0,0.0
কাউন্ট,0.0,0.0,0.0
প্রশ্নই,0.0,0.0,0.0
okkk,0.0,0.0,0.0
মুস্তাকিমের,0.0,0.0,0.0
ab,0.0,0.0,0.0
sandwitch,0.0,0.0,0.0
mukha,0.0,0.0,0.0
অবস্থার,0.0,0.0,0.0
আপ্নারাও,0.0,0.0,0.0
কাত,0.0,0.0,0.0
কেকে,0.0,0.0,0.0
korty,0.0,0.0,0.0
seamless,0.0,0.0,0.0
১০লুচি,0.0,0.0,0.0
কফিতে,0.0,0.0,0.0
চারজিং,0.0,0.0,0.0
লিকার,0.0,0.0,0.0
স্কেচ,0.0,0.0,0.0
loading,0.0,0.0,0.0
সিএনজি,0.0,0.0,0.0
নেসলে,0.0,0.0,0.0
stored,0.0,0.0,0.0
পচ্ছন্দের,0.0,0.0,0.0
aaiun,0.0,0.0,0.0
নয়৷,0.0,0.0,0.0
ভেজিটেবলের,0.0,0.0,0.0
thousand,0.0,0.0,0.0
জ,0.0,0.0,0.0
কাপের,0.0,0.0,0.0
chaisilm,0.0,0.0,0.0
creative,0.0,0.0,0.0
masterpiece,0.0,0.0,0.0
এটাতেও,0.0,0.0,0.0
duto,0.0,0.0,0.0
আবরণ,0.0,0.0,0.0
পনেরো,0.0,0.0,0.0
jene,0.0,0.0,0.0
চকের,0.0,0.0,0.0
sokale,0.0,0.0,0.0
কতবার,0.0,0.0,0.0
kinbe,0.0,0.0,0.0
এ্যাড,0.0,0.0,0.0
rusted,0.0,0.0,0.0
মিস্টির,0.0,0.0,0.0
রবি,0.0,0.0,0.0
আওতায়,0.0,0.0,0.0
২জনে,-0.02589531624130392,0.0,0.0
milai,0.0,0.0,0.0
distribution,0.0,0.0,0.0
রাইতা,0.0,0.0,0.0
ছায়ানীড়ের,0.0,0.0,0.0
shamoli,0.0,0.0,0.0
hurry,0.0,0.0,0.0
510,0.0,0.0,0.0
ফাকে,0.0,0.0,0.0
farm,0.0,0.0,0.0
ধরছে,0.0,0.0,0.0
টিশার্টের,0.0,0.0,0.0
কেসটা,0.0,0.0,0.0
গরীবের,0.0,0.0,0.0
তিনটে,0.0,0.0,0.0
কেড়ে,0.0,0.0,0.0
ট্যাস্ট,0.0,0.0,0.0
মটি,0.0,0.0,0.0
পাক্কা,0.0,0.0,0.0
কমদামী,0.0,0.0,0.0
সুন্দরভাবেই,0.0,0.0,0.0
dien,0.0,0.0,0.0
রেস্টুরেন্টেই,0.0,0.0,0.0
rf,0.0,0.0,0.0
saut,0.0,0.0,0.0
ড্রেসের,0.0,0.0,0.0
বোল্ট,0.0,0.0,0.0
kaderia,0.0,0.0,0.0
ভুলটা,0.0,0.0,0.0
ছোটবেলা,0.0,0.0,0.0
definately,0.0,0.0,0.0
বাতাসও,0.0,0.0,0.0
রিলেটেড,0.0,0.0,0.0
আবেগ,0.0,0.0,0.0
qualify,0.0,0.0,0.0
ক্রাস্টের,0.0,0.0,0.0
reputed,0.0,0.0,0.0
দৌড়ে,0.0,0.0,0.0
টপে,0.0,0.0,0.0
ফিটনেস,0.0,0.0,0.0
meeting,0.0,0.0,0.0
hosce,0.0,0.0,0.0
ঢেকে,0.0,0.0,0.0
biriani,0.0,0.0,0.0
burgerlover,0.0,0.0,0.0
kachi,0.0,0.0,0.0
twinkle,0.0,0.0,0.0
measured,0.0,0.0,0.0
smashed,0.0,0.0,0.0
ala,0.0,0.0,0.0
daz,0.0,0.0,0.0
116,0.0,0.0,0.0
eyelash,0.0,0.0,0.0
ইহাকে,-0.04265558705095314,0.0,0.0
ছাদের,0.0,0.0,0.0
ঘুমের,0.0,0.0,0.0
genjir,0.0,0.0,0.0
areas,0.0,0.0,0.0
naviforce,0.0,0.0,0.0
144,0.0,0.0,0.0
sabdhan,0.0,0.0,0.0
সামুদ্রিক,0.0,0.0,0.0
ghontar,0.0,0.0,0.0
করাটাই,0.0,0.0,0.0
cps,0.0,0.0,0.0
tiramisu,0.0,0.0,0.0
riders,0.0,0.0,0.0
ain,0.0,0.0,0.0
shortly,0.0,0.0,0.0
১০মিনিট,0.0,0.0,0.0
living,0.0,0.0,0.0
deodorant,0.0,0.0,0.0
mixer,0.0,0.0,0.0
daal,0.0,0.0,0.0
ফিঙ্গার,0.0,0.0,0.0
individually,0.0,0.0,0.0
আইসক্রীম,0.0,0.0,0.0
eyta,0.0,0.0,0.0
vabteo,0.0,0.0,0.0
disinfectant,0.0,0.0,0.0
exam,0.0,0.0,0.0
ঠোঁট,0.0,0.0,0.0
২২৯,0.0,0.0,0.0
অনেল,0.0,0.0,0.0
finely,0.0,0.0,0.0
দৌড়াদৌড়ি,0.0,0.0,0.0
সুর,0.0,0.0,0.0
পরেছিল,0.0,0.0,0.0
bugs,0.0,0.0,0.0
বল্টু,0.0,0.0,0.0
kam,0.0,0.0,0.0
শুনেন,0.0,0.0,0.0
goof,0.0,0.0,0.0
108,0.0,0.0,0.0
১২৯০,0.0,0.0,0.0
রাজত্ব,0.0,0.0,0.0
puzzle,0.0,0.0,0.0
aside,0.0,0.0,0.0
কমিউনিকেশন,0.0,0.0,0.0
daoyar,0.0,0.0,0.0
cheers,0.0,0.0,0.0
লিভন,0.0,0.0,0.0
পুরোন,0.0,0.0,0.0
ছাত্র,0.0,0.0,0.0
১০মূল্যঃ২০০,0.0,0.0,0.0
ওয়ারিতে,0.0,0.0,0.0
equipment,0.0,0.0,0.0
jotesto,0.0,0.0,0.0
চিপসের,0.0,0.0,0.0
unpacking,0.0,0.0,0.0
cucumber,0.0,0.0,0.0
daynai,0.0,0.0,0.0
ওরাই,0.0,0.0,0.0
hydrating,0.0,0.0,0.0
configuration,0.0,0.0,0.0
একপ্রকার,0.0,0.0,0.0
খাইর,0.0,0.0,0.0
banned,0.0,0.0,0.0
bet,0.0,0.0,0.0
আমীন,0.0,0.0,0.0
নিস,0.0,0.0,0.0
কোর্সের,0.0,0.0,0.0
ইটের,0.0,0.0,0.0
chop,0.0,0.0,0.0
বনানি,0.0,0.0,0.0
neatly,0.0,0.0,0.0
nian,0.0,0.0,0.0
আনলে,0.0,0.0,0.0
অন্ধকার,0.0,0.0,0.0
choltase,0.0,0.0,0.0
split,0.0,0.0,0.0
কস্তুরী,0.0,0.0,0.0
বাষ্প,0.0,0.0,0.0
হ্যান্ডি,0.0,0.0,0.0
nisshondehe,0.0,0.0,0.0
পারায়,0.0,0.0,0.0
models,0.0,0.0,0.0
reasons,0.0,0.0,0.0
ট্রাউজারের,0.0,0.0,0.0
প্রত্যেকবার,0.0,0.0,0.0
paschi,0.0,0.0,0.0
গন্ধও,0.0,0.0,0.0
pacaging,0.0,0.0,0.0
হৈ,0.0,0.0,0.0
regards,0.0,0.0,0.0
christmas,0.0,0.0,0.0
rakhche,0.0,0.0,0.0
চীজি,0.0,0.0,0.0
যাতায়াত,0.0,0.0,0.0
kokhno,0.0,0.0,0.0
prduct,0.0,0.0,0.0
organizer,0.0,0.0,0.0
কিসমিস,0.0,0.0,0.0
bucks,0.0,0.0,0.0
dekhiye,0.0,0.0,0.0
এমনটি,0.0,0.0,0.0
799,0.0,0.0,0.0
পেইন,0.0,0.0,0.0
আইসা,0.0,0.0,0.0
মিলেই,0.0,0.0,0.0
অবিশ্বাস,0.0,0.0,0.0
ওতটা,0.0,0.0,0.0
কানা,0.0,0.0,0.0
সংশয়,0.0,0.0,0.0
সেইখানে,0.0,0.0,0.0
odhikar,0.0,0.0,0.0
সরকার,0.0,0.0,0.0
টিউন,0.0,0.0,0.0
মারে,0.0,0.0,0.0
shell,0.0,0.0,0.0
ঘেটে,0.0,0.0,0.0
besy,0.0,0.0,0.0
সট,0.0,0.0,0.0
meyer,0.0,0.0,0.0
catching,0.0,0.0,0.0
ovarall,0.0,0.0,0.0
backlight,0.0,0.0,0.0
ম্যানশন,0.0,0.0,0.0
accidentally,0.0,0.0,0.0
medical,0.0,0.0,0.0
thaken,0.0,0.0,0.0
মেক্সিমাম,0.0,0.0,0.0
স্টেডিয়ামের,0.0,0.0,0.0
পবিত্র,0.020157352711540056,0.0,0.0
insta,0.0,0.0,0.0
লিখেছে,0.0,0.0,0.0
ধানমন্ডী,0.0,0.0,0.0
পাবেনঃ,0.0,0.0,0.0
রিফ্রেশমেন্ট,0.0,0.0,0.0
কেটলি,0.0,0.0,0.0
এয়ারপড,0.0,0.0,0.0
vabtei,0.0,0.0,0.0
গ্যাপ,0.0,0.0,0.0
৩৫টাকা,0.0,0.0,0.0
মাঝ,0.0,0.0,0.0
precise,0.0,0.0,0.0
plugged,0.0,0.0,0.0
আহমেদ,-0.042229677288321874,0.0,0.0
south,0.0,0.0,0.0
লাক,0.0,0.0,0.0
সিড়ি,0.0,0.0,0.0
অনুযাই,0.0,0.0,0.0
চারটার,0.0,0.0,0.0
১জন,0.0,0.0,0.0
housing,0.0,0.0,0.0
tita,0.0,0.0,0.0
pvc,0.0,0.0,0.0
ভাগাভাগি,0.0,0.0,0.0
পরেছি,0.0,0.0,0.0
ভিডিওটা,0.0,0.0,0.0
পোষণ,0.0,0.0,0.0
বোঝানোর,0.0,0.0,0.0
shes,0.0,0.0,0.0
265,0.0,0.0,0.0
বিহেব,0.0,0.0,0.0
সতেজ,0.0,0.0,0.0
বসেছিলাম,0.0,0.0,0.0
hochhe,0.0,0.0,0.0
সানগ্লাসটা,0.0,0.0,0.0
unpacked,0.0,0.0,0.0
nibenna,0.0,0.0,0.0
২নাম্বার,0.0,0.0,0.0
দ্রত,0.0,0.0,0.0
রাব্বানী,0.0,0.0,0.0
প্রেফার,0.0,0.0,0.0
ashlo,0.0,0.0,0.0
kicchu,0.0,0.0,0.0
pineapple,0.0,0.0,0.0
বাড়ছে,0.0,0.0,0.0
hide,0.0,0.0,0.0
clour,0.0,0.0,0.0
resturent,0.0,0.0,0.0
মহাখালী,0.0,0.0,0.0
১৭৪০,0.0,0.0,0.0
সিজন,0.0,0.0,0.0
আন্তর্জাতিক,0.0,0.0,0.0
burgerjourneycontinues,0.0,0.0,0.0
dele,0.0,0.0,0.0
শান্তিতে,0.0,0.0,0.0
আরব,0.0,0.0,0.0
fading,0.0,0.0,0.0
পোলাউ,0.0,0.0,0.0
malaysian,0.0,0.0,0.0
সত্তি,0.0,0.0,0.0
banana,0.0,0.0,0.0
arrange,0.0,0.0,0.0
এনাদের,0.0,0.0,0.0
চায়নিজ,0.0,0.0,0.0
sunder,0.0,0.0,0.0
শাওমি,0.0,0.0,0.0
জেলার,0.0,0.0,0.0
luxurious,0.0,0.0,0.0
sampu,0.0,0.0,0.0
ব্যান,0.0,0.0,0.0
কল্যাণে,0.0,0.0,0.0
milay,0.0,0.0,0.0
lira,0.0,0.0,0.0
মিঠাই,0.0,0.0,0.0
ku,0.0,0.0,0.0
খায়নি,0.0,0.0,0.0
তলার,0.0,0.0,0.0
ম্যাগনেটিক,0.0,0.0,0.0
পাইছি৷,0.0,0.0,0.0
washer,0.0,0.0,0.0
cleansing,0.0,0.0,0.0
jibone,0.0,0.0,0.0
সবাইকেই,0.0,0.0,0.0
speeds,0.0,0.0,0.0
্যাপার,0.0,0.0,0.0
৫৬০,0.0,0.0,0.0
বর্ণনায়,0.0,0.0,0.0
diba,0.0,0.0,0.0
paisilam,0.0,0.0,0.0
massallah,0.0,0.0,0.0
shakes,0.0,0.0,0.0
ঝরে,0.0,0.0,0.0
স্টিকারটা,0.0,0.0,0.0
delivey,0.0,0.0,0.0
গাড়িটি,0.0,0.0,0.0
ব্যবধানে,0.0,0.0,0.0
বুট,0.0,0.0,0.0
discolored,0.0,0.0,0.0
capo,0.0,0.0,0.0
ম্যানদের,0.0,0.0,0.0
বেগটা,0.0,0.0,0.0
mass,0.0,0.0,0.0
ডিসেন্ট,0.0,0.0,0.0
মিথ্যাবাদী,0.0,0.0,0.0
alhumdulliah,0.0,0.0,0.0
draw,0.0,0.0,0.0
komei,0.0,0.0,0.0
লাবাং,0.0,0.0,0.0
operating,0.0,0.0,0.0
nety,0.0,0.0,0.0
আইছে,0.0,0.0,0.0
সবখানেই,0.0,0.0,0.0
কতৃপক্ষের,0.0,0.0,0.0
initial,0.0,0.0,0.0
বার্গারোলজি,0.0,0.0,0.0
petty,0.0,0.0,0.0
পিচের,0.0,0.0,0.0
goromer,0.0,0.0,0.0
jegula,0.0,0.0,0.0
narrow,0.0,0.0,0.0
সখ,0.0,0.0,0.0
মোরগের,-0.0014317267330372114,0.0,0.0
ওয়ার্ড,0.0,0.0,0.0
থিম,0.0,0.0,0.0
bam,0.0,0.0,0.0
reduces,0.0,0.0,0.0
parin,0.0,0.0,0.0
গাড়,0.0,0.0,0.0
du,0.0,0.0,0.0
সপিং,0.0,0.0,0.0
বলতাম,0.0,0.0,0.0
ভীষন,0.0,0.0,0.0
vorta,0.0,0.0,0.0
nike,0.0,0.0,0.0
kinbenna,0.0,0.0,0.0
রিভিউঃ,0.0,0.0,0.0
প্রাডাক,0.0,0.0,0.0
চিরুনী,0.0,0.0,0.0
pisi,0.0,0.0,0.0
jines,0.0,0.0,0.0
ryans,0.0,0.0,0.0
দেকলাম,0.0,0.0,0.0
hatey,0.0,0.0,0.0
ধন্যবাদ৷,0.0,0.0,0.0
ইউজে,0.0,0.0,0.0
diache,0.0,0.0,0.0
ভাবার,0.0,0.0,0.0
haile,0.0,0.0,0.0
require,0.0,0.0,0.0
depend,0.0,0.0,0.0
ako,0.0,0.0,0.0
মাটিতে,0.0,0.0,0.0
একবেলা,0.0,0.0,0.0
মিশ্রণে,0.0,0.0,0.0
shomoi,0.0,0.0,0.0
tini,0.0,0.0,0.0
lng,0.0,0.0,0.0
tricky,0.0,0.0,0.0
কিঞ্চিত,0.0,0.0,0.0
gorome,0.0,0.0,0.0
সহনীয়,0.0,0.0,0.0
কাগজপত্র,0.0,0.0,0.0
বৈশাখী,0.0,0.0,0.0
ফার,0.0,0.0,0.0
খব,0.0,0.0,0.0
ages,0.0,0.0,0.0
পাঠাইলেন,0.0,0.0,0.0
বিরিয়ানিঃ,0.0,0.0,0.0
পাবুলুম,0.0,0.0,0.0
চতুর্থ,0.0,0.0,0.0
এইটুকু,0.0,0.0,0.0
ওখানেই,0.0,0.0,0.0
নলা,0.0,0.0,0.0
cudy,0.0,0.0,0.0
গাজরের,0.0,0.0,0.0
সেকশনে,0.0,0.0,0.0
apparently,0.0,0.0,0.0
নেইনি,0.0,0.0,0.0
পড়লেই,0.0,0.0,0.0
নেই৷,0.0,0.0,0.0
চাহিদার,0.0,0.0,0.0
deliverd,0.0,0.0,0.0
রায়,0.0,0.0,0.0
স্কাই,0.0,0.0,0.0
ফ্রিজটি,0.0,0.0,0.0
jigatola,0.0,0.0,0.0
আব্বু,0.0,0.0,0.0
দিছো,0.0,0.0,0.0
কিক,0.0,0.0,0.0
helping,0.0,0.0,0.0
mejaj,0.0,0.0,0.0
paile,0.0,0.0,0.0
হেঁটে,0.0,0.0,0.0
আসতো,0.0,0.0,0.0
জানালেন,0.0,0.0,0.0
tapes,0.0,0.0,0.0
মেয়োর,0.0,0.0,0.0
অডার্র,0.0,0.0,0.0
transferring,0.0,0.0,0.0
robust,0.0,0.0,0.0
পয়েন্টের,0.0,0.0,0.0
জনই,0.0,0.0,0.0
superfast,0.0,0.0,0.0
bangali,0.0,0.0,0.0
balt,0.0,0.0,0.0
ফেসওয়াশের,0.0,0.0,0.0
তালে,0.0,0.0,0.0
baniye,0.0,0.0,0.0
সেন্ডুইচ,0.0,0.0,0.0
ষ্টিকার,0.0,0.0,0.0
গেইম,0.0,0.0,0.0
vorosha,0.0,0.0,0.0
canon,0.0,0.0,0.0
তথা,0.0,0.0,0.0
বেয়ে,0.0,0.0,0.0
turbo,0.0,0.0,0.0
নাজমা,0.0,0.0,0.0
মোরে,0.0,0.0,0.0
garage,0.0,0.0,0.0
impact,0.0,0.0,0.0
cile,0.0,0.0,0.0
৭৪,0.0,0.0,0.0
পার্ফেক্টলি,0.0,0.0,0.0
দোকানেও,0.0,0.0,0.0
সর্বদা,0.0,0.0,0.0
সন্তোষ,0.0,0.0,0.0
১১৯,0.0,0.0,0.0
মাহবুব,0.0,0.0,0.0
পুরুষ,0.0,0.0,0.0
গুলোতেও,0.0,0.0,0.0
দমে,0.0,0.0,0.0
যথেষ্টই,0.0,0.0,0.0
লছ,0.0,0.0,0.0
hlo,0.0,0.0,0.0
kotota,0.0,0.0,0.0
চটপটির,0.0,0.0,0.0
বাহুল্য,0.0,0.0,0.0
সোমবার,0.0,0.0,0.0
ক্লান্তি,0.0,0.0,0.0
charming,0.0,0.0,0.0
prayer,0.0,0.0,0.0
ফিনিশ,0.0,0.0,0.0
চেনে,0.0,0.0,0.0
ratting,0.0,0.0,0.0
gor,0.0,0.0,0.0
scrolling,0.0,0.0,0.0
সুইং,0.0,0.0,0.0
হাসনাত,0.0,0.0,0.0
স্ক্রেচ,0.0,0.0,0.0
৪৭০,0.0,0.0,0.0
নাটক,0.0,0.0,0.0
সবগুলি,0.0,0.0,0.0
হয়েছ,0.0,0.0,0.0
ake,0.0,0.0,0.0
hood,0.0,0.0,0.0
foody,0.0,0.0,0.0
mene,0.0,0.0,0.0
gang,0.0,0.0,0.0
ক্রিকেট,0.0,0.0,0.0
ডেলভারি,0.0,0.0,0.0
চৌরঙ্গী,0.0,0.0,0.0
jutar,0.0,0.0,0.0
আঙ্গুলের,0.0,0.0,0.0
okayish,0.0,0.0,0.0
glitter,0.0,0.0,0.0
onions,0.0,0.0,0.0
aerosol,0.0,0.0,0.0
দিবেনা,0.0,0.0,0.0
দুরের,0.0,0.0,0.0
রাইসগুলো,0.0,0.0,0.0
আইপিএস,0.0,0.0,0.0
dude,0.0,0.0,0.0
৯২,0.0,0.0,0.0
অনায়াসেই,0.0,0.0,0.0
নলির,0.0,0.0,0.0
মানলাম,0.0,0.0,0.0
ম্যাম,0.0,0.0,0.0
continues,0.0,0.0,0.0
মেডিসিন,0.0,0.0,0.0
ফুডিদের,0.0,0.0,0.0
ene,0.0,0.0,0.0
হীরাঝীলের,0.0,0.0,0.0
মাইক্রোফোনের,0.0,0.0,0.0
ছোটবেলায়,0.0,0.0,0.0
apnarau,0.0,0.0,0.0
difficulty,0.0,0.0,0.0
সর্ট,0.0,0.0,0.0
ডিস্প্লে,0.0,0.0,0.0
toppings,0.0,0.0,0.0
এমনটাই,0.0,0.0,0.0
spices,0.0,0.0,0.0
rump,0.0,0.0,0.0
younger,0.0,0.0,0.0
সেলিব্রেট,0.0,0.0,0.0
beads,0.0,0.0,0.0
কেরানীগঞ্জ,0.0,0.0,0.0
atke,0.0,0.0,0.0
trousers,0.0,0.0,0.0
কোকোনাট,0.0,0.0,0.0
communicative,0.0,0.0,0.0
slipper,0.0,0.0,0.0
পাঠায়ছে,0.0,0.0,0.0
নেহারির,0.0,0.0,0.0
অষ্টব্যঞ্জনের,0.0,0.0,0.0
দুটোতেই,0.0,0.0,0.0
দীর্ঘস্থায়ী,0.0,0.0,0.0
metallic,0.0,0.0,0.0
sheller,0.0,0.0,0.0
কারিটা,0.0,0.0,0.0
thankx,0.0,0.0,0.0
জ্বালা,0.0,0.0,0.0
ফেলসি,0.0,0.0,0.0
ফিডার,0.0,0.0,0.0
বান্ধবীদের,0.0,0.0,0.0
আনুমানিক,0.0,0.0,0.0
রেসিপির,0.0,0.0,0.0
বিপদ,0.0,0.0,0.0
রুক্ষ,0.0,0.0,0.0
শুদু,0.0,0.0,0.0
বাঙ্গালী,0.0,0.0,0.0
ফুটে,0.0,0.0,0.0
ফটোতে,0.0,0.0,0.0
madchef,0.0,0.0,0.0
হাটের,0.0,0.0,0.0
pash,0.0,0.0,0.0
কাবারটা,0.0,0.0,0.0
যতবারই,0.0,0.0,0.0
টাইমলি,0.0,0.0,0.0
আসাধারণ,0.0,0.0,0.0
regulator,0.0,0.0,0.0
কন্টাক্ট,0.0,0.0,0.0
রাজধানীর,0.0,0.0,0.0
দেখাবে,0.0,0.0,0.0
সাউণ্ড,0.0,0.0,0.0
পেরিয়ে,0.0,0.0,0.0
2027,0.0,0.0,0.0
takeaway,0.0,0.0,0.0
folder,0.0,0.0,0.0
১০পরিমানঃ,0.0,0.0,0.0
distorted,0.0,0.0,0.0
আলহামদুল্লিলাহ,0.0,0.0,0.0
53,0.0,0.0,0.0
একেকরকম,0.0,0.0,0.0
spread,0.0,0.0,0.0
সেইভ,0.0,0.0,0.0
প্রিপেয়ার,0.0,0.0,0.0
planning,0.0,0.0,0.0
isp,0.0,0.0,0.0
রুফটপের,0.0,0.0,0.0
করতেসি,0.0,0.0,0.0
পল্টন,0.0,0.0,0.0
রেসপন্সিভ,0.0,0.0,0.0
cameras,0.0,0.0,0.0
বুঝেই,0.0,0.0,0.0
কুকিজ,0.0,0.0,0.0
মেয়েটা,0.0,0.0,0.0
বেপারে,0.0,0.0,0.0
likely,0.0,0.0,0.0
tula,0.0,0.0,0.0
বেইজ,0.0,0.0,0.0
রুই,0.0,0.0,0.0
সরবরাহের,0.0,0.0,0.0
ভিত্তি,0.0,0.0,0.0
generous,0.0,0.0,0.0
মধে,0.0,0.0,0.0
advanced,0.0,0.0,0.0
bisoi,0.0,0.0,0.0
blush,0.0,0.0,0.0
ওটিজি,0.0,0.0,0.0
padded,0.0,0.0,0.0
চেডার,0.0,0.0,0.0
প্রতিদান,0.0,0.0,0.0
এ্যালো,0.0,0.0,0.0
ডকুমেন্টস,0.0,0.0,0.0
পাওয়ারফুল,0.0,0.0,0.0
৩৬৫,0.0,0.0,0.0
চিংড়ী,0.0,0.0,0.0
করবোনা,0.0,0.0,0.0
liking,0.0,0.0,0.0
সুতো,0.0,0.0,0.0
করিয়েন,0.0,0.0,0.0
প্রানের,0.0,0.0,0.0
গালে,0.0,0.0,0.0
bolsilo,0.0,0.0,0.0
মেল্টেড,0.0,0.0,0.0
minipack,0.0,0.0,0.0
৮৮,0.0,0.0,0.0
গাড়িটা,0.0,0.0,0.0
alhamdulliha,0.0,0.0,0.0
ভালোমত,0.0,0.0,0.0
dua,0.0,0.0,0.0
কেনে,0.0,0.0,0.0
রিটার্নের,0.0,0.0,0.0
lt,0.0,0.0,0.0
কোরেলের,0.0,0.0,0.0
কেম্নে,0.0,0.0,0.0
আইপি,0.0,0.0,0.0
কাড,0.0,0.0,0.0
ওরডার,0.0,0.0,0.0
headrest,0.0,0.0,0.0
মাইক্রোফোনটি,0.0,0.0,0.0
fatafati,0.0,0.0,0.0
ete,0.0,0.0,0.0
godd,0.0,0.0,0.0
খ,0.0,0.0,0.0
mess,0.0,0.0,0.0
সদর,0.0,0.0,0.0
induction,0.0,0.0,0.0
layers,0.0,0.0,0.0
৩ধরনের,0.0,0.0,0.0
dangerous,0.0,0.0,0.0
২২০টাকা,0.0,0.0,0.0
রঙিন,0.0,0.0,0.0
quit,0.0,0.0,0.0
রুচিশীল,0.0,0.0,0.0
sire,0.0,0.0,0.0
boot,0.0,0.0,0.0
noodle,0.0,0.0,0.0
scotch,0.0,0.0,0.0
fare,0.0,0.0,0.0
jalapeno,0.0,0.0,0.0
ইন্টেরিয়রে,0.0,0.0,0.0
ইতিমধ্যে,0.0,0.0,0.0
সংগে,0.0,0.0,0.0
sakura,0.0,0.0,0.0
kabsa,0.0,0.0,0.0
aivabe,0.0,0.0,0.0
producta,0.0,0.0,0.0
বোমা,0.0,0.0,0.0
খোলে,0.0,0.0,0.0
camping,0.0,0.0,0.0
লকটা,0.0,0.0,0.0
এরজন্য,0.0,0.0,0.0
kath,0.0,0.0,0.0
স্কচটেপ,0.0,0.0,0.0
প্লেইট,0.0,0.0,0.0
swing,0.0,0.0,0.0
isnt,0.0,0.0,0.0
ডিমান্ড,0.0,0.0,0.0
shundhor,0.0,0.0,0.0
রুপে,0.0,0.0,0.0
ক্ষন,0.0,0.0,0.0
ইনজয়,0.0,0.0,0.0
grips,0.0,0.0,0.0
depending,0.0,0.0,0.0
প্রতারনার,0.0,0.0,0.0
সিলো,0.0,0.0,0.0
বুঝেন,0.0,0.0,0.0
বাবুর্চির,0.0,0.0,0.0
সরে,0.0,0.0,0.0
বফ,0.0,0.0,0.0
matibay,0.0,0.0,0.0
ডিশে,0.0,0.0,0.0
আব্দুল,0.0,0.0,0.0
চিটচিটে,0.0,0.0,0.0
১০০টাকার,0.0,0.0,0.0
সুন্দর৷,0.0,0.0,0.0
চোট,0.0,0.0,0.0
বক্সও,0.0,0.0,0.0
সাভার,0.0,0.0,0.0
messed,0.0,0.0,0.0
masa,0.0,0.0,0.0
clarity,0.0,0.0,0.0
সারারাত,0.0,0.0,0.0
dischi,0.0,0.0,0.0
টনিক,0.0,0.0,0.0
বিজয়ী,0.0,0.0,0.0
temporary,0.0,0.0,0.0
matters,0.0,0.0,0.0
dor,0.0,0.0,0.0
adult,0.0,0.0,0.0
কলকাতার,0.0,0.0,0.0
entry,0.0,0.0,0.0
অন্যকে,0.0,0.0,0.0
কেয়ারফুলি,0.0,0.0,0.0
এদেরকে,0.0,0.0,0.0
kola,0.0,0.0,0.0
প্রোডক্ট,0.0,0.0,0.0
রিজিক,0.0,0.0,0.0
ভাতে,0.0,0.0,0.0
নতুবা,0.0,0.0,0.0
শসার,0.0,0.0,0.0
reasonably,0.0,0.0,0.0
৫৭০,0.0,0.0,0.0
ঐরকমই,0.0,0.0,0.0
রুপচাঁদা,0.0,0.0,0.0
রিজার্ভেশন,0.0,0.0,0.0
দাবী,0.0,0.0,0.0
loofa,0.0,0.0,0.0
heights,0.0,0.0,0.0
স্বর্গীয়,0.0,0.0,0.0
বাটনের,0.0,0.0,0.0
রেকর্ডিং,0.0,0.0,0.0
anujai,0.0,0.0,0.0
ডিস্ক,0.0,0.0,0.0
ঠকান,0.0,0.0,0.0
যুগে,0.0,0.0,0.0
spanish,0.0,0.0,0.0
setay,0.0,0.0,0.0
ক্ষীর,0.0,0.0,0.0
ঘোরে,0.0,0.0,0.0
আরেকরকম,0.0,0.0,0.0
পেয়ারা,0.0,0.0,0.0
shiraj,0.0,0.0,0.0
যারাই,0.0,0.0,0.0
reall,0.0,0.0,0.0
presentation,0.0,0.0,0.0
সেটমেনু,0.0,0.0,0.0
দেড়শ,0.0,0.0,0.0
বার্তা,0.0,0.0,0.0
স্বাস্থ্যসম্মত,0.0,0.0,0.0
twist,0.0,0.0,0.0
eivabe,0.0,0.0,0.0
দুর্বলতা,0.0,0.0,0.0
rajshahi,0.0,0.0,0.0
milo,0.0,0.0,0.0
বাযে,0.0,0.0,0.0
খানের,0.0,0.0,0.0
dotted,0.0,0.0,0.0
কেবলমাত্র,0.0,0.0,0.0
প্লেটারঃ,0.0,0.0,0.0
japan,0.0,0.0,0.0
starter,0.0,0.0,0.0
ঘ্রাণও,0.0,0.0,0.0
paoyar,0.0,0.0,0.0
nur,0.0,0.0,0.0
স্ন্যাক্স,0.0,0.0,0.0
আলি,0.0,0.0,0.0
রাঁধুনি,0.0,0.0,0.0
প্রোড,0.0,0.0,0.0
lash,0.0,0.0,0.0
heats,0.0,0.0,0.0
স্পিডও,0.0,0.0,0.0
কাস্টমাইজড,0.0,0.0,0.0
brash,0.0,0.0,0.0
aug,0.0,0.0,0.0
ws,0.0,0.0,0.0
1400,0.0,0.0,0.0
ইতি,0.0,0.0,0.0
পছন্দমত,0.0,0.0,0.0
spectacular,0.0,0.0,0.0
nii,0.0,0.0,0.0
১৫টাকা,0.0,0.0,0.0
চিরচেনা,0.0,0.0,0.0
ইলেকট্রনিকস,0.0,0.0,0.0
giyechi,0.0,0.0,0.0
occasion,0.0,0.0,0.0
কল্যানে,0.0,0.0,0.0
paperback,0.0,0.0,0.0
ফেলাম,0.0,0.0,0.0
allhumdulillah,0.0,0.0,0.0
ব্রো,0.0,0.0,0.0
সার্কিটটি,0.0,0.0,0.0
টাকাতেই,0.0,0.0,0.0
ওইদিকে,0.0,0.0,0.0
ফিটে,0.0,0.0,0.0
ping,0.0,0.0,0.0
doroner,0.0,0.0,0.0
bash,0.0,0.0,0.0
লিখার,0.0,0.0,0.0
dolls,0.0,0.0,0.0
removable,0.0,0.0,0.0
counter,0.0,0.0,0.0
ganji,0.0,0.0,0.0
suger,0.0,0.0,0.0
টুকরোর,0.0,0.0,0.0
confident,0.0,0.0,0.0
কামর,0.0,0.0,0.0
drama,0.0,0.0,0.0
১৪০টাকা,0.0,0.0,0.0
মৌচাকের,0.0,0.0,0.0
khailam,0.0,0.0,0.0
দিয়েছ,0.0,0.0,0.0
sink,0.0,0.0,0.0
phoner,0.0,0.0,0.0
তাহলেই,0.0,0.0,0.0
cuts,0.0,0.0,0.0
জিম,0.0,0.0,0.0
বোরহানিটা,0.0,0.0,0.0
selle,0.0,0.0,0.0
ডিলিভারি,0.0,0.0,0.0
wax,0.0,0.0,0.0
howay,0.0,0.0,0.0
জামার,0.0,0.0,0.0
nude,0.0,0.0,0.0
permanent,0.0,0.0,0.0
khoroch,0.0,0.0,0.0
ব্রাক,0.0,0.0,0.0
পেইন্ট,0.0,0.0,0.0
ভাইয়াটার,0.0,0.0,0.0
stiker,0.0,0.0,0.0
রোডেই,0.0,0.0,0.0
স্বাধ,0.0,0.0,0.0
masher,0.0,0.0,0.0
পারবোনা,0.0,0.0,0.0
sabaner,0.0,0.0,0.0
সুগার,0.0,0.0,0.0
ততটুকু,0.0,0.0,0.0
দুইটায়,0.0,0.0,0.0
বিবি,0.0,0.0,0.0
কোনোটা,0.0,0.0,0.0
agai,0.0,0.0,0.0
lead,0.0,0.0,0.0
লাকি,0.0,0.0,0.0
কিনবা,0.0,0.0,0.0
ধরি,0.0,0.0,0.0
sakto,0.0,0.0,0.0
লিভা,0.0,0.0,0.0
tare,0.0,0.0,0.0
khobe,0.0,0.0,0.0
ফ্রেমটা,0.0,0.0,0.0
window,0.0,0.0,0.0
swimming,0.0,0.0,0.0
বিন্দাস,0.0,0.0,0.0
ভাবেন,0.0,0.0,0.0
jore,0.0,0.0,0.0
curren,0.0,0.0,0.0
complained,0.0,0.0,0.0
blackheads,0.0,0.0,0.0
পলিব্যাগ,0.0,0.0,0.0
মাখনি,0.0,0.0,0.0
beshidin,0.0,0.0,0.0
জড়িত,0.0,0.0,0.0
আশ্বস্ত,0.0,0.0,0.0
দরাজকে,0.0,0.0,0.0
হয়া,0.0,0.0,0.0
১২৭,-0.012511653436720121,0.0,0.0
রূপ,0.0,0.0,0.0
দোলনার,0.0,0.0,0.0
পর্যন্তই,0.0,0.0,0.0
shadow,0.0,0.0,0.0
picked,0.0,0.0,0.0
খুদের,0.0,0.0,0.0
ফোঁটা,0.0,0.0,0.0
৫৪৯,0.0,0.0,0.0
vebecilam,0.0,0.0,0.0
sensors,0.0,0.0,0.0
সিলিং,0.0,0.0,0.0
স্টল,0.0,0.0,0.0
পিছিয়ে,0.0,0.0,0.0
ডিভাইসে,0.0,0.0,0.0
realized,0.0,0.0,0.0
দিকঃ,0.0,0.0,0.0
ধান,0.0,0.0,0.0
সসি,0.0,0.0,0.0
বাঁশি,0.0,0.0,0.0
kei,0.0,0.0,0.0
পড়লেও,0.0,0.0,0.0
গোড়া,0.0,0.0,0.0
সলিউশন,0.0,0.0,0.0
jkhn,0.0,0.0,0.0
প্লেসের,0.0,0.0,0.0
capture,0.0,0.0,0.0
nissondehe,0.0,0.0,0.0
লুফাহ,0.0,0.0,0.0
cinthol,0.0,0.0,0.0
পাতি,0.0,0.0,0.0
es,0.0,0.0,0.0
dedicated,0.0,0.0,0.0
বারবি,0.0,0.0,0.0
বাফেলো,0.0,0.0,0.0
শিপড,0.0,0.0,0.0
fm,0.0,0.0,0.0
81,0.0,0.0,0.0
এতটাও,0.0,0.0,0.0
৮৬,0.0,0.0,0.0
যাচ্ছেতাই,0.0,0.0,0.0
হেরিটেজ,0.0,0.0,0.0
bulbs,0.0,0.0,0.0
hoilam,0.0,0.0,0.0
dana,0.0,0.0,0.0
বিভ্রান্ত,0.0,0.0,0.0
বীফের,0.0,0.0,0.0
pleasantly,0.0,0.0,0.0
appetizer,0.0,0.0,0.0
মিটে,0.0,0.0,0.0
জেলির,0.0,0.0,0.0
construction,0.0,0.0,0.0
গুনাগুন,0.0,0.0,0.0
initiate,0.0,0.0,0.0
দাঁতে,0.0,0.0,0.0
ভয়ানক,0.0,0.0,0.0
gain,0.0,0.0,0.0
শুনছি,0.0,0.0,0.0
dekhaice,0.0,0.0,0.0
kortece,0.0,0.0,0.0
আপনাদেরও,0.0,0.0,0.0
duidin,0.0,0.0,0.0
খাদকদের,0.0,0.0,0.0
চুলকায়,0.0,0.0,0.0
পোর্টে,0.0,0.0,0.0
ভুনাটা,0.0,0.0,0.0
barbar,0.0,0.0,0.0
আকাশী,0.0,0.0,0.0
যখনি,0.0,0.0,0.0
texas,0.0,0.0,0.0
identical,0.0,0.0,0.0
lagena,0.0,0.0,0.0
niscinte,0.0,0.0,0.0
acche,0.0,0.0,0.0
বেকারি,0.0,0.0,0.0
study,0.0,0.0,0.0
শ্রেয়,0.0,0.0,0.0
allows,0.0,0.0,0.0
৫৮০,0.0,0.0,0.0
স্যানিটাইজার,0.0,0.0,0.0
520,0.0,0.0,0.0
deache,0.0,0.0,0.0
অসৎ,0.0,0.0,0.0
tulonamulok,0.0,0.0,0.0
refresh,0.0,0.0,0.0
বাড়ালে,0.0,0.0,0.0
বাথরুমের,0.0,0.0,0.0
ruchi,0.0,0.0,0.0
প্রডাক্টিভ,0.0,0.0,0.0
bloody,0.0,0.0,0.0
নাগার,0.0,0.0,0.0
motho,0.0,0.0,0.0
imo,0.0,0.0,0.0
ফাইবার,0.0,0.0,0.0
উপ্রে,0.0,0.0,0.0
ব্যাগটির,0.0,0.0,0.0
প্রিন্টারের,0.0,0.0,0.0
hoese,0.0,0.0,0.0
vol,0.0,0.0,0.0
ভোগ,0.0077677565988660486,0.0,0.0
naah,0.0,0.0,0.0
foodgeek,0.0,0.0,0.0
সফট্,0.0,0.0,0.0
করতেছিল,0.0,0.0,0.0
ডোরি,0.0,0.0,0.0
মুল্যের,0.0,0.0,0.0
শট,0.0,0.0,0.0
shilo,0.0,0.0,0.0
মানাবে,0.0,0.0,0.0
জাত,0.0,0.0,0.0
সবজির,0.0,0.0,0.0
চেহারার,0.0,0.0,0.0
বাবুকে,-0.0035035254464128407,0.0,0.0
cctv,0.0,0.0,0.0
satmosjid,0.0,0.0,0.0
lagging,0.0,0.0,0.0
threads,0.0,0.0,0.0
মাউন্টেন,0.0,0.0,0.0
rap,0.0,0.0,0.0
ডেলিভারিম্যানের,0.0,0.0,0.0
বেবিদের,0.0,0.0,0.0
boyfriend,0.0,0.0,0.0
রাধুনির,0.0,0.0,0.0
pathaisen,0.0,0.0,0.0
দেখালাম,0.0,0.0,0.0
seii,0.0,0.0,0.0
ভাবতাম,0.0,0.0,0.0
প্রোডাক্টটাও,0.0,0.0,0.0
joints,0.0,0.0,0.0
কোম্পানী,0.0,0.0,0.0
ব্যবহারেও,0.0,0.0,0.0
পটল,0.0,0.0,0.0
adapters,0.0,0.0,0.0
lasted,0.0,0.0,0.0
জায়গাটার,0.0,0.0,0.0
zinger,0.0,0.0,0.0
arctic,0.0,0.0,0.0
আনপ্রফেশনাল,0.0,0.0,0.0
tnkx,0.0,0.0,0.0
ফিনিশিংটা,0.0,0.0,0.0
ইহার,0.0,0.0,0.0
জমিদারী,0.0,0.0,0.0
অরিজিনালটাই,0.0,0.0,0.0
এক্সপেক্টেড,0.0,0.0,0.0
ফ্লেভারটাও,0.0,0.0,0.0
যেহুতু,0.0,0.0,0.0
গুদারাঘাট,0.0,0.0,0.0
sulit,0.0,0.0,0.0
ইচ্ছেমত,0.0,0.0,0.0
দায়িত্ববান,0.0,0.0,0.0
হইচে,0.0,0.0,0.0
mistakes,0.0,0.0,0.0
apur,0.0,0.0,0.0
কম্বোর,0.0,0.0,0.0
studiox,0.0,0.0,0.0
জানিয়েছে,0.0,0.0,0.0
লিঙ্ক,0.0,0.0,0.0
বংশালের,0.0,0.0,0.0
নৌকা,0.0,0.0,0.0
ব্রেডের,0.0,0.0,0.0
দারাজমলের,0.0,0.0,0.0
motorcycle,0.0,0.0,0.0
germany,0.0,0.0,0.0
রাজলক্ষী,0.0,0.0,0.0
news,0.0,0.0,0.0
ঝুলিয়ে,0.0,0.0,0.0
পার্কে,0.0,0.0,0.0
১১৪,0.0,0.0,0.0
জ্বলছে,0.0,0.0,0.0
নিতান্তই,0.0,0.0,0.0
ওয়েলি,0.0,0.0,0.0
আম্মার,0.0,0.0,0.0
accommodating,0.0,0.0,0.0
crunch,0.0,0.0,0.0
বাসস্ট্যান্ড,0.0,0.0,0.0
অফলাইন,0.0,0.0,0.0
দুষ্কর,0.0,0.0,0.0
স্কু,0.0,0.0,0.0
ওয়াচটি,0.0,0.0,0.0
বুঝবে,0.0,0.0,0.0
ডালিম,0.0,0.0,0.0
মজিদ,0.0,0.0,0.0
stove,0.0,0.0,0.0
আর্ট,0.0,0.0,0.0
aei,0.0,0.0,0.0
reference,0.0,0.0,0.0
রাখেনা,0.0,0.0,0.0
নিকাব,0.0,0.0,0.0
রেস্পন্সিবল,0.0,0.0,0.0
বেশিরভাগই,0.0,0.0,0.0
lagenai,0.0,0.0,0.0
dhar,0.0,0.0,0.0
ঘণ্টায়,0.0,0.0,0.0
prepared,0.0,0.0,0.0
amazon,0.0,0.0,0.0
তুললাম,0.0,0.0,0.0
৮৯৯,0.0,0.0,0.0
চিলাম,0.0,0.0,0.0
স্মোক,0.0,0.0,0.0
মরি,0.0,0.0,0.0
কালচে,0.0,0.0,0.0
এলাকাতে,0.0,0.0,0.0
আগামীতেও,0.0,0.0,0.0
স্ক্রাচ,0.0,0.0,0.0
acta,0.0,0.0,0.0
দেকতে,0.0,0.0,0.0
গরীব,0.0,0.0,0.0
চামচে,0.0,0.0,0.0
static,0.0,0.0,0.0
কিহ,0.0,0.0,0.0
khela,0.0,0.0,0.0
disturb,0.0,0.0,0.0
মাজে,0.0,0.0,0.0
smelling,0.0,0.0,0.0
cockroach,0.0,0.0,0.0
peyechhi,0.0,0.0,0.0
produckt,0.0,0.0,0.0
rid,0.0,0.0,0.0
noyto,0.0,0.0,0.0
সবগুলার,0.0,0.0,0.0
nowadays,0.0,0.0,0.0
whatsoever,0.0,0.0,0.0
্যের,0.0,0.0,0.0
soman,0.0,0.0,0.0
আড্ডায়,0.0,0.0,0.0
ছুটি,0.0,0.0,0.0
ফখরুদ্দীন,0.0,0.0,0.0
আজীবন,0.0,0.0,0.0
টাকাটেস্টঃ,0.0,0.0,0.0
deua,0.0,0.0,0.0
অবস্তা,0.0,0.0,0.0
belly,0.0,0.0,0.0
quran,0.0,0.0,0.0
ফীল,0.0,0.0,0.0
চাওয়ার,0.0,0.0,0.0
krchi,0.0,0.0,0.0
durex,0.0,0.0,0.0
শুক্র,0.0,0.0,0.0
যতটুক,0.0,0.0,0.0
rcv,0.0,0.0,0.0
goid,0.0,0.0,0.0
সংমিশ্রণ,0.0,0.0,0.0
cardboard,0.0,0.0,0.0
বুমারস,0.0,0.0,0.0
আলোতে,0.0,0.0,0.0
olevs,0.0,0.0,0.0
শ্রিম্প,0.0,0.0,0.0
প্রাইভেট,0.0,0.0,0.0
অ্যালোভেরা,0.0,0.0,0.0
অনুভুতি,0.0,0.0,0.0
স্টাইলের,0.0,0.0,0.0
দেখাইলো,0.0,0.0,0.0
টিমার,0.0,0.0,0.0
deor,0.0,0.0,0.0
তোমাদের,0.0,0.0,0.0
oii,0.0,0.0,0.0
রোস্টের,0.0,0.0,0.0
সুরক্ষিত,0.0,0.0,0.0
টেন,0.0,0.0,0.0
স্মার্টওয়াচ,0.0,0.0,0.0
ক্রাম্ব,0.0,0.0,0.0
hoitam,0.0,0.0,0.0
স্টিমড,0.0,0.0,0.0
টুকরার,0.0,0.0,0.0
বাটারের,0.0,0.0,0.0
জ্যাক,0.0,0.0,0.0
চালালাম,0.0,0.0,0.0
প্রেডাক্ট,0.0,0.0,0.0
ফুডকোর্টের,0.0,0.0,0.0
বাধার,0.0,0.0,0.0
ভাল্লাগবে,0.0,0.0,0.0
কলারের,0.0,0.0,0.0
অনক,0.0,0.0,0.0
greatest,0.0,0.0,0.0
heatsink,0.0,0.0,0.0
afford,0.0,0.0,0.0
হেডফোনটি,0.0,0.0,0.0
curve,0.0,0.0,0.0
মেক,0.0,0.0,0.0
ইগনোর,0.0,0.0,0.0
বাইরেও,0.0,0.0,0.0
কাভান,0.0,0.0,0.0
ম্যাচিং,0.0,0.0,0.0
slots,0.0,0.0,0.0
scrub,0.0,0.0,0.0
একবছর,0.0,0.0,0.0
ইন্টেরিয়রটা,0.0,0.0,0.0
ভাঙ্গে,0.0,0.0,0.0
সুপরিচিত,0.0,0.0,0.0
গরি,0.0,0.0,0.0
প্রাইম,0.0,0.0,0.0
trend,0.0,0.0,0.0
জিং,0.0,0.0,0.0
atkano,0.0,0.0,0.0
mt,0.0,0.0,0.0
af,0.0,0.0,0.0
সোহাগ,0.0,0.0,0.0
bookmark,0.0,0.0,0.0
87,0.0,0.0,0.0
এইবারও,0.0,0.0,0.0
জিগ্যেস,0.0,0.0,0.0
১টাকা,0.0,0.0,0.0
bhenge,0.0,0.0,0.0
sondur,0.0,0.0,0.0
প্রেশার,0.0,0.0,0.0
মাটন৩টা,0.0,0.0,0.0
ধরাইয়া,0.0,0.0,0.0
চেপ্টা,0.02519748223667443,0.0,0.0
repeatedly,0.0,0.0,0.0
দোল,0.0,0.0,0.0
পেকে,0.0,0.0,0.0
choker,0.0,0.0,0.0
বউকে,0.0,0.0,0.0
concentration,0.0,0.0,0.0
১০৮,0.0,0.0,0.0
টুইংকেল,0.0,0.0,0.0
শীতকাল,0.0,0.0,0.0
সার্ভিং,0.0,0.0,0.0
hopes,0.0,0.0,0.0
জ্যামের,0.0,0.0,0.0
অবস্থাতেই,0.0,0.0,0.0
জায়গাঃ,0.0,0.0,0.0
সেইদিন,0.0,0.0,0.0
cosmetics,0.0,0.0,0.0
এশিয়ান,0.0,0.0,0.0
বিরিয়ানিও,0.0,0.0,0.0
বন২৫,0.0,0.0,0.0
ইতালি,0.0,0.0,0.0
holew,0.0,0.0,0.0
চীজকেক,0.0,0.0,0.0
গেলুম,0.0,0.0,0.0
জলপাইয়ের,0.0,0.0,0.0
correspond,0.0,0.0,0.0
alley,0.0,0.0,0.0
১০তাদের,0.0,0.0,0.0
freedom,0.0,0.0,0.0
দুইনাম্বার,0.0,0.0,0.0
worng,0.0,0.0,0.0
প্রোডাক্টির,0.0,0.0,0.0
vabsilm,0.0,0.0,0.0
holona,0.0,0.0,0.0
কাটালাম,0.0,0.0,0.0
boneless,0.0,0.0,0.0
খিদায়,0.0,0.0,0.0
দিগুন,0.0,0.0,0.0
broast,0.0,0.0,0.0
sender,0.0,0.0,0.0
বাহ্,0.0,0.0,0.0
টেকনোলজি,0.0,0.0,0.0
korao,0.0,0.0,0.0
goodd,0.0,0.0,0.0
clipper,0.0,0.0,0.0
chashara,0.0,0.0,0.0
বায়তুল,0.0,0.0,0.0
fzs,0.0,0.0,0.0
যেমনই,0.0,0.0,0.0
mystery,0.0,0.0,0.0
সাধ্য,0.0,0.0,0.0
এইতো,0.0,0.0,0.0
চায়ছি,0.0,0.0,0.0
পু,0.0,0.0,0.0
ফুডিং,0.0,0.0,0.0
নির্দেশনা,0.0,0.0,0.0
বকা,0.0,0.0,0.0
ওদেরকে,0.0,0.0,0.0
dye,0.0,0.0,0.0
ছেম,0.0,0.0,0.0
lakha,0.0,0.0,0.0
event,0.0,0.0,0.0
হাতি,0.0,0.0,0.0
বাকিটুকু,0.0,0.0,0.0
piercing,0.0,0.0,0.0
চারবার,0.0,0.0,0.0
চাহিদামত,0.0,0.0,0.0
moddhey,0.0,0.0,0.0
dake,0.0,0.0,0.0
কানেক্টিভিটি,0.0,0.0,0.0
সরমা১৮,0.0,0.0,0.0
diban,0.0,0.0,0.0
wears,0.0,0.0,0.0
দুনিয়াতে,0.0,0.0,0.0
bars,0.0,0.0,0.0
চললাম,0.0,0.0,0.0
চিকেন২০,0.0,0.0,0.0
তৃপ্ত,0.0,0.0,0.0
tolonai,0.0,0.0,0.0
ধারণ,0.0,0.0,0.0
টিকেট,0.0,0.0,0.0
ইমপ্রুভ,0.0,0.0,0.0
১০খাবারের,0.0,0.0,0.0
রিক্সায়,0.0,0.0,0.0
onektai,0.0,0.0,0.0
flavoured,0.0,0.0,0.0
খাতার,0.0,0.0,0.0
উরাধুরা,0.0,0.0,0.0
chowmin,0.0,0.0,0.0
২দিনেই,0.0,0.0,0.0
faraz,0.0,0.0,0.0
পুরায়,0.0,0.0,0.0
দিনদিন,0.0,0.0,0.0
jasmine,0.0,0.0,0.0
overrated,0.0,0.0,0.0
ইয়েস,0.0,0.0,0.0
কতই,0.0,0.0,0.0
বাগান,0.0,0.0,0.0
হিম,0.0,0.0,0.0
optical,0.0,0.0,0.0
haji,0.0,0.0,0.0
degrees,0.0,0.0,0.0
২টাকা,0.0,0.0,0.0
দীর্ঘক্ষণ,0.0,0.0,0.0
sooner,0.0,0.0,0.0
প্রশিকা,0.0,0.0,0.0
পেট্রোলিয়াম,0.0,0.0,0.0
২০১৬,0.0,0.0,0.0
অবস্থানঃ,0.0,0.0,0.0
সাবানে,0.0,0.0,0.0
এম্নিতে,0.0,0.0,0.0
kicuta,0.0,0.0,0.0
alhamdurillah,0.0,0.0,0.0
ছাগলের,0.0,0.0,0.0
সকেটের,0.0,0.0,0.0
রিলে,0.0,0.0,0.0
বোঝানো,0.0,0.0,0.0
কেয়ারলেস,0.025411842706962888,0.0,0.0
borka,0.0,0.0,0.0
অহ,0.0,0.0,0.0
visor,0.0,0.0,0.0
প্রেমিয়াম,0.0,0.0,0.0
veryy,0.0,0.0,0.0
রীব,0.0,0.0,0.0
নরবরে,0.0,0.0,0.0
সার,0.0,0.0,0.0
ফ্রান্স,0.0,0.0,0.0
additionally,0.0,0.0,0.0
সপ্ন,0.0,0.0,0.0
kemei,0.0,0.0,0.0
পেতেও,0.0,0.0,0.0
ফের,0.0,0.0,0.0
১ঃ১,0.0,0.0,0.0
daoya,0.0,0.0,0.0
ostad,0.0,0.0,0.0
priority,0.0,0.0,0.0
ফেয়ার,0.0,0.0,0.0
আনুন,0.0,0.0,0.0
সদস্যদের,0.0,0.0,0.0
pigment,0.0,0.0,0.0
কাচ্চিওয়ালা,0.0,0.0,0.0
thokaben,0.0,0.0,0.0
মজবুদ,0.0,0.0,0.0
৮৩০,0.0,0.0,0.0
modha,0.0,0.0,0.0
porno,0.0,0.0,0.0
parse,0.0,0.0,0.0
ভিড়ের,0.0,0.0,0.0
575,0.0,0.0,0.0
ড্রেসটা,0.0,0.0,0.0
ঘুরেফিরে,0.0,0.0,0.0
onojay,0.0,0.0,0.0
rigid,0.0,0.0,0.0
চিরুনিটা,0.0,0.0,0.0
handles,0.0,0.0,0.0
পাঠিয়েছিল,0.0,0.0,0.0
রিকমেন্ট,0.0,0.0,0.0
clothe,0.0,0.0,0.0
অনেস্টলি,0.0,0.0,0.0
chrome,0.0,0.0,0.0
শিশুদের,0.0,0.0,0.0
আব্বুর,0.0,0.0,0.0
hyce,0.0,0.0,0.0
৭ম,0.0,0.0,0.0
ব্যাহার,0.0,0.0,0.0
বিষ,0.0,0.0,0.0
কোয়ান্টিটিও,0.0,0.0,0.0
febrics,0.0,0.0,0.0
popeyes,0.0,0.0,0.0
ওভেনে,0.0,0.0,0.0
মেরিলের,0.0,0.0,0.0
যতদূর,0.0,0.0,0.0
mojito,0.0,0.0,0.0
চাবে,0.0,0.0,0.0
বয়ে,-0.015128144928570703,0.0,0.0
চিউই,0.0,0.0,0.0
পাঠাইলো,0.0,0.0,0.0
সেন্স,0.0,0.0,0.0
পৃষ্টা,0.0,0.0,0.0
মুছতে,0.0,0.0,0.0
ritha,0.0,0.0,0.0
দায়ভার,0.0,0.0,0.0
nithe,0.0,0.0,0.0
confuse,0.0,0.0,0.0
processed,0.0,0.0,0.0
saradin,0.0,0.0,0.0
rear,0.0,0.0,0.0
flavored,0.0,0.0,0.0
disan,0.0,0.0,0.0
korcilm,0.0,0.0,0.0
lacchi,0.0,0.0,0.0
তরকারী,0.0,0.0,0.0
প্যাকেজ৩৪,0.0,0.0,0.0
সবগুলোতেই,0.0,0.0,0.0
ঝির,0.0,0.0,0.0
chambers,0.0,0.0,0.0
pathaiche,0.0,0.0,0.0
niceee,0.0,0.0,0.0
bey,0.0,0.0,0.0
detection,0.0,0.0,0.0
anime,0.0,0.0,0.0
খিচুড়ী৫,0.0,0.0,0.0
geniune,0.0,0.0,0.0
eight,0.0,0.0,0.0
বাড়ী,0.0,0.0,0.0
ইয়াম,0.0,0.0,0.0
১সপ্তাহ,0.0,0.0,0.0
বিউটিফুল,0.0,0.0,0.0
bleu,0.0,0.0,0.0
ম্যাঙ্গো,0.0,0.0,0.0
ফ্যান্টাস্টিক,0.0,0.0,0.0
ms,0.0,0.0,0.0
অারো,0.0,0.0,0.0
naturally,0.0,0.0,0.0
চুলকানি,0.0,0.0,0.0
vertical,0.0,0.0,0.0
এলার্ম,0.0,0.0,0.0
keari,0.0,0.0,0.0
dicy,0.0,0.0,0.0
লতিফ,0.0,0.0,0.0
sauted,0.0,0.0,0.0
লিখি,0.0,0.0,0.0
perfection,0.0,0.0,0.0
eikhan,0.0,0.0,0.0
যাদু,0.0,0.0,0.0
ঠকালে,0.0,0.0,0.0
ভালোবাসে,0.0,0.0,0.0
joner,0.0,0.0,0.0
সেটিও,0.0,0.0,0.0
খাইসে,0.0,0.0,0.0
bajee,0.0,0.0,0.0
unnecessary,0.0,0.0,0.0
জম,0.0,0.0,0.0
yamaha,0.0,0.0,0.0
mechanic,0.0,0.0,0.0
টকটা,0.0,0.0,0.0
বিরিয়ানী৩৭,0.0,0.0,0.0
সার্কেল,0.0,0.0,0.0
plzz,0.0,0.0,0.0
technical,0.0,0.0,0.0
আবেগে,0.0,0.0,0.0
wd,0.0,0.0,0.0
informative,0.0,0.0,0.0
বানালে,0.0,0.0,0.0
existing,0.0,0.0,0.0
washi,0.0,0.0,0.0
ফালুদা৮,0.0,0.0,0.0
পলিস্টার,0.0,0.0,0.0
absorption,0.0,0.0,0.0
ওন,0.0,0.0,0.0
শ্রেষ্ঠ,0.0,0.0,0.0
দঃ,0.0,0.0,0.0
noiseless,0.0,0.0,0.0
bubt,0.0,0.0,0.0
পরলেই,0.0,0.0,0.0
চকোলেটি,0.0,0.0,0.0
অবস্হা,0.0,0.0,0.0
proclean,0.0,0.0,0.0
রিঠা,0.0,0.0,0.0
uncle,0.0,0.0,0.0
সিরিয়াস,0.0,0.0,0.0
ইনকাম,0.0,0.0,0.0
paneer,0.0,0.0,0.0
arrives,0.0,0.0,0.0
দারিয়ে,0.0,0.0,0.0
harbal,0.0,0.0,0.0
rk,0.0,0.0,0.0
midea,0.0,0.0,0.0
সেলা,0.0,0.0,0.0
অতিদ্রুত,0.0,0.0,0.0
তারিফ,0.0,0.0,0.0
monay,0.0,0.0,0.0
ডেডিকেটেড,0.0,0.0,0.0
আখরোট,0.0,0.0,0.0
মেজর,0.0,0.0,0.0
paten,0.0,0.0,0.0
উঠল,0.0,0.0,0.0
লিজেন্ড,0.0,0.0,0.0
কারসাজি,0.0,0.0,0.0
বোর্ডটা,0.0,0.0,0.0
jaie,0.0,0.0,0.0
porese,0.0,0.0,0.0
শ্যামপুর,0.0,0.0,0.0
ক্যালকুলেটর,0.0,0.0,0.0
সসটাও,0.0,0.0,0.0
aie,0.0,0.0,0.0
নিশ্চই,0.0,0.0,0.0
clasp,0.0,0.0,0.0
রেজালাটা,0.0,0.0,0.0
পিজ্জাটার,0.0,0.0,0.0
parce,0.0,0.0,0.0
উওর,0.0,0.0,0.0
sandle,0.0,0.0,0.0
চলিতেছে,-0.005357151834289621,0.0,0.0
diet,0.0,0.0,0.0
হইতাম,0.0,0.0,0.0
পাওনা,0.0,0.0,0.0
sheita,0.0,0.0,0.0
fazlami,0.0,0.0,0.0
dwa,0.0,0.0,0.0
tall,0.0,0.0,0.0
মডেলটি,0.0,0.0,0.0
লোফার,0.0,0.0,0.0
থ্যাংস,0.0,0.0,0.0
জালিয়াতি,0.0,0.0,0.0
puropuri,0.0,0.0,0.0
বসন্ত,0.0,0.0,0.0
mamla,0.0,0.0,0.0
pbo,0.0,0.0,0.0
thr,0.0,0.0,0.0
hyeche,0.0,0.0,0.0
প্রত্যাশিত,0.0,0.0,0.0
বাড়ীর,0.0,0.0,0.0
nirash,0.0,0.0,0.0
হানডেট,0.0,0.0,0.0
ব্যবস্থাও,0.0,0.0,0.0
খ্যাতি,0.0,0.0,0.0
বাসের,0.0,0.0,0.0
প্রভাব,0.0,0.0,0.0
১৭০০,0.0,0.0,0.0
টেকনিশিয়ান,0.0,0.0,0.0
হেলান,0.0,0.0,0.0
drums,0.0,0.0,0.0
একসঙ্গে,0.0,0.0,0.0
বাথরুম,0.0,0.0,0.0
ডেলিভারীম্যান,0.0,0.0,0.0
তেহারী৭,0.0,0.0,0.0
sincerity,0.0,0.0,0.0
সিলেটের,0.0,0.0,0.0
smelly,0.0,0.0,0.0
happier,0.0,0.0,0.0
incomplete,0.17770150878908428,0.0,0.0
teams,0.0,0.0,0.0
বুফে৯,0.0,0.0,0.0
ইচ্ছাকৃতভাবে,0.0,0.0,0.0
thekey,0.0,0.0,0.0
লোভী,0.0,0.0,0.0
দেওয়াটা,0.0,0.0,0.0
valovabei,0.0,0.0,0.0
bands,0.0,0.0,0.0
এয়ারবাড,0.0,0.0,0.0
eno,0.0,0.0,0.0
ওয়াশরুম,0.0,0.0,0.0
effectiveness,0.0,0.0,0.0
hyto,0.0,0.0,0.0
kick,0.0,0.0,0.0
প্রযন্ত,0.0,0.0,0.0
kobi,0.0,0.0,0.0
authentication,0.0,0.0,0.0
রাখলো,0.0,0.0,0.0
দিয়েছে৷,0.0,0.0,0.0
chilen,0.0,0.0,0.0
স্টেন্ড,0.0,0.0,0.0
thakla,0.0,0.0,0.0
এক্সপাইরি,0.0,0.0,0.0
বাইর,0.0,0.0,0.0
demanded,0.0,0.0,0.0
অপরিচিত,0.0,0.0,0.0
অবশিষ্ট,0.0,0.0,0.0
তিল্লি,0.0,0.0,0.0
চত্বরের,0.0,0.0,0.0
বেইমানি,0.0,0.0,0.0
পয়সার,0.0,0.0,0.0
ঢাকাই,0.0,0.0,0.0
ঘাটাঘাটি,0.0,0.0,0.0
১০আমার,0.0,0.0,0.0
lightly,0.0,0.0,0.0
ভোরে,0.0,0.0,0.0
চিকেনটাও,0.0,0.0,0.0
লাইজল,0.0,0.0,0.0
ঘুরছে,0.0,0.0,0.0
নির্ভেজাল,0.0,0.0,0.0
ইয়ামি,0.0,0.0,0.0
বিশ্রি,0.0,0.0,0.0
ক্যাশবেক,0.0,0.0,0.0
সোল্ডারিং,0.0,0.0,0.0
আঠাটা,0.0,0.0,0.0
হাওয়ায়,0.0,0.0,0.0
কিছুক্ষনের,0.0,0.0,0.0
diar,0.0,0.0,0.0
কোনকিছু,0.0,0.0,0.0
dare,0.0,0.0,0.0
boltese,0.0,0.0,0.0
একমি,0.0,0.0,0.0
excluded,0.0,0.0,0.0
typical,0.0,0.0,0.0
wild,0.0,0.0,0.0
glitch,0.0,0.0,0.0
ধধন্যবাদ,0.0,0.0,0.0
নামানো,0.0,0.0,0.0
পরবর্তিতে,0.0,0.0,0.0
খেল,0.0,0.0,0.0
tek,0.0,0.0,0.0
অমলেট,0.0,0.0,0.0
syringe,0.0,0.0,0.0
449,0.0,0.0,0.0
সংকোচ,0.0,0.0,0.0
alhamduliallah,0.0,0.0,0.0
ডোন্ট,0.0,0.0,0.0
ড্যামেজড,0.0,0.0,0.0
রেটীং,0.0,0.0,0.0
plm,0.0,0.0,0.0
ভাড়ি,0.0,0.0,0.0
ajonno,0.0,0.0,0.0
milano,0.0,0.0,0.0
২৫০টাকায়,0.0,0.0,0.0
পোডাকট,0.0,0.0,0.0
র্চাজ,0.0,0.0,0.0
পাপড়,0.0,0.0,0.0
নমনীয়,0.0,0.0,0.0
একলা,0.0,0.0,0.0
airport,0.0,0.0,0.0
spf,0.0,0.0,0.0
nahh,0.0,0.0,0.0
315,0.0,0.0,0.0
কাভারেজ,0.0,0.0,0.0
৪১০,0.0,0.0,0.0
talked,0.0,0.0,0.0
করিম,0.0,0.0,0.0
gale,0.0,0.0,0.0
brings,0.0,0.0,0.0
conversation,-0.011899369238066273,0.0,0.0
shal,0.0,0.0,0.0
achhe,0.0,0.0,0.0
ঢুকি,0.0,0.0,0.0
bolesilam,0.0,0.0,0.0
ঝরা,0.0,0.0,0.0
অবগত,0.0,0.0,0.0
বাসন,0.0,0.0,0.0
গায়,0.0,0.0,0.0
hoicilo,0.0,0.0,0.0
corrupted,0.0,0.0,0.0
yammy,0.0,0.0,0.0
পিৎজ্জা,0.0,0.0,0.0
চিরুনির,0.0,0.0,0.0
lagba,0.0,0.0,0.0
সোলারকে,0.0,0.0,0.0
alhamdullia,0.0,0.0,0.0
94,0.0,0.0,0.0
চাটগাঁইয়া,0.0,0.0,0.0
ব্যারেল,0.0,0.0,0.0
সাউন্ট,0.0,0.0,0.0
উদাহরণ,0.0,0.0,0.0
উত্তরে,0.0,0.0,0.0
gripper,0.0,0.0,0.0
তাইই,0.0,0.0,0.0
preference,0.0,0.0,0.0
দোপেয়াজা,0.0,0.0,0.0
অঙ্গনের,0.0,0.0,0.0
কনফিউশনে,0.0,0.0,0.0
স্টারে,0.0,0.0,0.0
তুলোনায়,0.0,0.0,0.0
bristle,0.0,0.0,0.0
পাশেরটা,0.0,0.0,0.0
sync,0.0,0.0,0.0
immediate,0.0,0.0,0.0
তায়ালা,0.0,0.0,0.0
লেখাও,0.0,0.0,0.0
pachi,0.0,0.0,0.0
oporer,0.0,0.0,0.0
bolchilam,0.0,0.0,0.0
কিনছে,0.0,0.0,0.0
crisis,0.0,0.0,0.0
nitee,0.0,0.0,0.0
অনেকগুলি,0.0,0.0,0.0
সস৩৬,0.0,0.0,0.0
darazs,0.0,0.0,0.0
গ্ৰাম,0.0,0.0,0.0
sided,0.0,0.0,0.0
rapidly,0.0,0.0,0.0
নাড়া,0.0,0.0,0.0
gacha,0.0,0.0,0.0
৭০০টাকা,0.0,0.0,0.0
জিনিশটা,0.0,0.0,0.0
সীমাবদ্ধ,0.0,0.0,0.0
মাইক্রোফোনটা,0.0,0.0,0.0
ফুডে,0.0,0.0,0.0
এপিটাইজার,0.0,0.0,0.0
whisper,0.0,0.0,0.0
vacuum,0.0,0.0,0.0
laggy,0.0,0.0,0.0
staying,0.0,0.0,0.0
কিছুদূর,0.0,0.0,0.0
উপযোগি,0.0,0.0,0.0
শিকাকাই,0.0,0.0,0.0
ধারাবাহিকতা,0.0,0.0,0.0
অপরাধ,0.0,0.0,0.0
lagece,0.0,0.0,0.0
lagabo,0.0,0.0,0.0
dheke,0.0,0.0,0.0
comportable,0.0,0.0,0.0
hoyechhe,0.0,0.0,0.0
dashboard,0.0,0.0,0.0
বঞ্চিত,0.0,0.0,0.0
বিয়েবাড়ির,0.0,0.0,0.0
রড,0.0,0.0,0.0
acrylic,0.0,0.0,0.0
vhaiya,0.0,0.0,0.0
নেয়াতে,0.0,0.0,0.0
ফিরি,0.0,0.0,0.0
ডিয়ার,0.0,0.0,0.0
jajakallahu,0.0,0.0,0.0
বসাতে,0.058116339421074366,0.0,0.0
sobgula,0.0,0.0,0.0
বেগুনী,0.0,0.0,0.0
লেইটে,0.0,0.0,0.0
টিউটোরিয়াল,0.0,0.0,0.0
khilgoan,0.0,0.0,0.0
stadium,0.0,0.0,0.0
ডাকলাম,0.0,0.0,0.0
খাইতাম,0.0,0.0,0.0
abdullah,0.0,0.0,0.0
তফাত,0.0,0.0,0.0
ওইগুলা,0.0,0.0,0.0
ক্যাস্টর,0.0,0.0,0.0
বেড়াতে,0.0,0.0,0.0
পল্লীর,0.0,0.0,0.0
জেনারেশন,0.0,0.0,0.0
nijera,0.0,0.0,0.0
মিটি,0.0,0.0,0.0
পারসেন,0.0,0.0,0.0
accessory,0.0,0.0,0.0
chinir,0.0,0.0,0.0
ঘটে,0.0,0.0,0.0
listing,0.0,0.0,0.0
বয়সের,0.0,0.0,0.0
saund,0.0,0.0,0.0
তালিকার,0.0,0.0,0.0
ittu,0.0,0.0,0.0
typer,0.0,0.0,0.0
terbaik,0.0,0.0,0.0
beshii,0.0,0.0,0.0
৩২৫,0.0,0.0,0.0
mulok,0.0,0.0,0.0
বেগের,0.0,0.0,0.0
fanta,0.0,0.0,0.0
nae,0.0,0.0,0.0
hardware,0.0,0.0,0.0
চুপচাপ,0.0,0.0,0.0
বিরানির,0.0,0.0,0.0
খিচুড়ী২৯,0.0,0.0,0.0
অফারটির,0.0,0.0,0.0
ক্রেজ,0.0,0.0,0.0
apnarai,0.0,0.0,0.0
bolesi,0.0,0.0,0.0
৫৯৯টাকায়,0.0,0.0,0.0
eisob,0.0,0.0,0.0
trpr,0.0,0.0,0.0
কচু,0.0,0.0,0.0
স্টোরি,0.0,0.0,0.0
লাগাইয়া,0.0,0.0,0.0
কোরআন,0.0,0.0,0.0
235,0.0,0.0,0.0
মাংসও,0.0,0.0,0.0
সব্জি,0.0,0.0,0.0
vasa,0.0,0.0,0.0
yep,0.0,0.0,0.0
ক্ষতিপূরণ,0.0,0.0,0.0
vr,0.0,0.0,0.0
citrus,0.0,0.0,0.0
লেনের,0.0,0.0,0.0
saver,0.0,0.0,0.0
ছোলার,0.0,0.0,0.0
সোডা,0.0,0.0,0.0
বরই,0.0,0.0,0.0
আবাহনী,0.0,0.0,0.0
ততটাও,0.0,0.0,0.0
সংশোধন,0.0,0.0,0.0
alhumdullah,0.0,0.0,0.0
scanned,0.0,0.0,0.0
loop,0.0,0.0,0.0
ভার্শন,0.0,0.0,0.0
keraniganj,0.0,0.0,0.0
aktao,0.0,0.0,0.0
animal,0.0,0.0,0.0
সবকিছুতেই,0.0,0.0,0.0
ঢুকেছে,0.0,0.0,0.0
cafeosteria,0.0,0.0,0.0
roshik,0.0,0.0,0.0
tail,0.0,0.0,0.0
মেসিন,0.0,0.0,0.0
pawer,0.0,0.0,0.0
নির,0.0,0.0,0.0
ময়মনসিংহ,0.0,0.0,0.0
experiences,0.0,0.0,0.0
সবে,0.0,0.0,0.0
আনিয়েছি,0.0,0.0,0.0
টুক,0.0,0.0,0.0
চাওমিনের,0.0,0.0,0.0
gausal,0.0,0.0,0.0
foodstagram,0.0,0.0,0.0
ভেরিয়েশন,0.0,0.0,0.0
ভিক্টোরীতে,0.0,0.0,0.0
diyaca,0.0,0.0,0.0
দাড়াজের,0.0,0.0,0.0
appetit,0.0,0.0,0.0
zemon,0.0,0.0,0.0
তলাতে,0.0,0.0,0.0
18650,0.0,0.0,0.0
৬৪৯,0.0,0.0,0.0
মিডল,0.0,0.0,0.0
ইস্টিকার,0.0,0.0,0.0
স্মাট,0.0,0.0,0.0
hopeful,0.0,0.0,0.0
pichoner,0.0,0.0,0.0
chador,0.0,0.0,0.0
সিগারেট,0.0,0.0,0.0
nit,0.0,0.0,0.0
সংমিশ্রণে,-0.03831848652446449,0.0,0.0
বাজেভাবে,0.0,0.0,0.0
রুমাল,0.0,0.0,0.0
পিজাবার্গ,0.0,0.0,0.0
dropping,0.0,0.0,0.0
kire,0.0,0.0,0.0
purata,0.0,0.0,0.0
bhlo,0.0,0.0,0.0
গুলু,0.0,0.0,0.0
৮৩,0.0,0.0,0.0
teared,0.0,0.0,0.0
একদোম,0.0,0.0,0.0
বয়াম,0.0,0.0,0.0
চলতি,0.0,0.0,0.0
kortasi,0.0,0.0,0.0
বোধগম্য,0.0,0.0,0.0
nasi,0.0,0.0,0.0
রাজভোগ,0.0,0.0,0.0
সেহরি,0.0,0.0,0.0
sustain,0.0,0.0,0.0
exellent,0.0,0.0,0.0
থাকছেঃ,0.0,0.0,0.0
superior,0.0,0.0,0.0
পাট,0.0,0.0,0.0
জাচ্ছে,0.0,0.0,0.0
ভাজি৩২,0.0,0.0,0.0
প্রাইসও,0.0,0.0,0.0
নাস্তা১৭,0.0,0.0,0.0
কাঁচামরিচ,0.0,0.0,0.0
বোগো,0.0,0.0,0.0
sweets,0.0,0.0,0.0
ডেলিভারড,0.0,0.0,0.0
কোলস্লো,0.0,0.0,0.0
swiss,0.0,0.0,0.0
দোতলা,0.0,0.0,0.0
কাবাব১৫,0.0,0.0,0.0
134,0.0,0.0,0.0
ময়দার,0.0,0.0,0.0
কিসি,0.0,0.0,0.0
dimu,0.0,0.0,0.0
প্যাকটা,0.0,0.0,0.0
han,0.0,0.0,0.0
veey,0.0,0.0,0.0
hariyali,0.0,0.0,0.0
ফেসে,0.0,0.0,0.0
dinning,0.0,0.0,0.0
nese,0.0,0.0,0.0
মুস,0.0,0.0,0.0
বিরিয়ানী১৪,0.0,0.0,0.0
virus,0.0,0.0,0.0
breakfast,0.0,0.0,0.0
ভ্যাটবাই,0.0,0.0,0.0
নারিন্দা,0.0,0.0,0.0
waw,0.0,0.0,0.0
brick,0.0,0.0,0.0
স্কায়ার,0.0,0.0,0.0
শর্মা১০,0.0,0.0,0.0
সমস্যাই,0.0,0.0,0.0
primium,0.0,0.0,0.0
ট্রিমারটা,0.0,0.0,0.0
newsprint,0.0,0.0,0.0
ছাড়িয়ে,0.0,0.0,0.0
সহো,0.0,0.0,0.0
amber,0.0,0.0,0.0
শিখে,0.0,0.0,0.0
কাকড়ার,0.0,0.0,0.0
প্রোড়াক্ট,0.0,0.0,0.0
উদ্যোগ,0.0,0.0,0.0
উভয়ের,0.0,0.0,0.0
মিলল,0.0,0.0,0.0
পাঠা,0.0,0.0,0.0
বাঁকানো,0.0,0.0,0.0
মিললো,0.0,0.0,0.0
১০বিফ,0.0,0.0,0.0
স্বপ্নে,0.0,0.0,0.0
eventually,0.0,0.0,0.0
ইন্ডোর,0.0,0.0,0.0
এগারো,0.0,0.0,0.0
shish,0.0,0.0,0.0
গ্লাসি৬,0.0,0.0,0.0
দুর্ভাগ্যবশত,0.0,0.0,0.0
াক্ট,0.0,0.0,0.0
অরিজিনালই,0.0,0.0,0.0
জাতির,0.0,0.0,0.0
আলুবোখারা,0.0,0.0,0.0
freely,0.0,0.0,0.0
অদের,0.0,0.0,0.0
ইটিং,0.0,0.0,0.0
এক্সেপশনাল,0.0,0.0,0.0
অভিযান,0.0,0.0,0.0
প্যাকেজ৩৫,0.0,0.0,0.0
efficiency,0.0,0.0,0.0
chin,0.0,0.0,0.0
পল্টনের,0.0,0.0,0.0
washroom,0.0,0.0,0.0
দুরত্ব,0.0,0.0,0.0
দেখাচ্ছিল,0.0,0.0,0.0
lives,0.0,0.0,0.0
রুচির,0.0,0.0,0.0
shohoz,0.0,0.0,0.0
noted,0.0,0.0,0.0
nun,0.0,0.0,0.0
খুধা,0.0,0.0,0.0
jabbar,0.0,0.0,0.0
risky,0.0,0.0,0.0
শুকাতে,0.0,0.0,0.0
পেলাম৷,0.0,0.0,0.0
hoyase,0.0,0.0,0.0
gimbal,0.0,0.0,0.0
পবলেম,0.0,0.0,0.0
apex,0.0,0.0,0.0
চৈ,0.0,0.0,0.0
abs,0.0,0.0,0.0
ডিসকাউন্টও,0.0,0.0,0.0
করানোর,0.0,0.0,0.0
eyeshadow,0.0,0.0,0.0
কস্তুরির,0.0,0.0,0.0
mondo,0.0,0.0,0.0
ঠকবে,0.0,0.0,0.0
jaoar,0.0,0.0,0.0
aseni,0.0,0.0,0.0
saisi,0.0,0.0,0.0
ম্যেনু,0.0,0.0,0.0
chessy,0.0,0.0,0.0
কাদের,0.0,0.0,0.0
ভবন,0.0,0.0,0.0
নাগালেই,0.0,0.0,0.0
প্রতিটার,0.0,0.0,0.0
৫জন,0.0,0.0,0.0
১০ব্যাবহার,0.0,0.0,0.0
নিঃসন্দেহ,0.0,0.0,0.0
রাজ্যের,0.0,0.0,0.0
ভূমিকা,0.0,0.0,0.0
oxygen,0.0,0.0,0.0
কদবেলের,0.0,0.0,0.0
অন্তর্ভুক্ত,0.0,0.0,0.0
ফেঞ্চ,0.0,0.0,0.0
stripes,0.0,0.0,0.0
ইম্প্রেশন,0.0,0.0,0.0
সার্বিক,0.0,0.0,0.0
আয়েশ,-0.03762998673045277,0.0,0.0
একজায়গায়,0.0,0.0,0.0
বোর্ডে,0.0,0.0,0.0
নামই,0.0,0.0,0.0
robot,0.0,0.0,0.0
মিশ্র,0.0,0.0,0.0
sauces,0.0,0.0,0.0
ভার্জিন,0.0,0.0,0.0
বুঝছি,0.0,0.0,0.0
পশম,0.0,0.0,0.0
tomahawk,0.0,0.0,0.0
থেতলে,0.0,0.0,0.0
ভ্যালি,0.0,0.0,0.0
cherger,0.0,0.0,0.0
নোয়াখালী,0.0,0.0,0.0
সেলারক,0.0,0.0,0.0
fooding,0.0,0.0,0.0
tiktok,0.0,0.0,0.0
পদ,0.0,0.0,0.0
fragrant,0.0,0.0,0.0
মাউথ,0.0,0.0,0.0
locked,0.0,0.0,0.0
স্বার্থক,0.0,0.0,0.0
ক্যুজিন,0.00971640896174279,0.0,0.0
বিরিয়ানী২৪,0.0,0.0,0.0
কতৃপক্ষকে,0.0,0.0,0.0
nien,0.0,0.0,0.0
এনার,0.0,0.0,0.0
raat,0.0,0.0,0.0
russia,0.0,0.0,0.0
গ্লাম,0.0,0.0,0.0
প্রাপ্তিস্থান,0.0,0.0,0.0
temni,0.0,0.0,0.0
আপনে,0.0,0.0,0.0
আমলকি,0.0,0.0,0.0
শাখাতে,0.0,0.0,0.0
oneker,0.0,0.0,0.0
মেতে,0.0,0.0,0.0
aha,0.0,0.0,0.0
raita,0.0,0.0,0.0
১১নং,0.0,0.0,0.0
unboxed,0.0,0.0,0.0
cheak,0.0,0.0,0.0
কন্ডম,0.0,0.0,0.0
টাকাপরিবেশ,0.0,0.0,0.0
অভিজ্ঞ,0.0,0.0,0.0
dease,0.0,0.0,0.0
ভীড়ের,0.0,0.0,0.0
shomoyer,0.0,0.0,0.0
stapler,0.0,0.0,0.0
zay,0.0,0.0,0.0
porota,0.0,0.0,0.0
diploma,0.0,0.0,0.0
kinai,0.0,0.0,0.0
upside,0.0,0.0,0.0
ঘামে,0.0,0.0,0.0
তামা,0.0,0.0,0.0
dot,0.0,0.0,0.0
গুরদার৩৩,0.0,0.0,0.0
memories,0.0,0.0,0.0
blow,0.0,0.0,0.0
পোডাক্টি,0.0,0.0,0.0
112,0.0,0.0,0.0
চাপ১২,0.0,0.0,0.0
kuboi,0.0,0.0,0.0
nostalgic,0.0,0.0,0.0
shune,0.0,0.0,0.0
ফেলছিলাম,0.0,0.0,0.0
হাসবেন্ড,0.0,0.0,0.0
rangpur,0.0,0.0,0.0
বেসিক্যালি,0.0,0.0,0.0
তুলবে,0.0,0.0,0.0
আহহহহ,0.0,0.0,0.0
আলাপ,0.0,0.0,0.0
রাব্বুল,0.0,0.0,0.0
fest,0.0,0.0,0.0
প্রান্ত,0.0,0.0,0.0
রিচার্জ,0.0,0.0,0.0
স্তরে,0.0,0.0,0.0
dos,0.0,0.0,0.0
thanking,0.0,0.0,0.0
সচারাচর,0.0,0.0,0.0
ঝড়,0.0,0.0,0.0
sick,0.0,0.0,0.0
সাইন্ড,0.0,0.0,0.0
pest,0.0,0.0,0.0
প্যাকেটও,0.0,0.0,0.0
attentive,0.0,0.0,0.0
কোয়লিটি,0.0,0.0,0.0
১২৯,0.0,0.0,0.0
bou,0.0,0.0,0.0
rakhce,0.0,0.0,0.0
died,0.0,0.0,0.0
তিনজনে,0.0,0.0,0.0
simultaneously,0.0,0.0,0.0
দিয়েচে,0.0,0.0,0.0
cikon,0.0,0.0,0.0
বসেও,0.0,0.0,0.0
germ,0.0,0.0,0.0
kinlei,0.0,0.0,0.0
youtu,0.0,0.0,0.0
korcelam,0.0,0.0,0.0
pera,0.0,0.0,0.0
temonti,0.0,0.0,0.0
teler,0.0,0.0,0.0
জনগণ,0.0,0.0,0.0
সন্তোষ্ট,0.0,0.0,0.0
launcher,0.0,0.0,0.0
চিরকুট,0.0,0.0,0.0
tke,0.0,0.0,0.0
বিরিয়ানী১৬,0.0,0.0,0.0
pathor,0.0,0.0,0.0
olives,0.0,0.0,0.0
দিকেও,0.0,0.0,0.0
মাল্টা,0.0,0.0,0.0
কারির,0.0,0.0,0.0
ইস্টার্ন,0.0,0.0,0.0
বেসিল,0.0,0.0,0.0
পাবেনই,0.0,0.0,0.0
grind,0.0,0.0,0.0
hesabe,0.0,0.0,0.0
বলছিনা,0.0,0.0,0.0
ডাকা,0.0,0.0,0.0
ছাতু,0.0,0.0,0.0
thkle,0.0,0.0,0.0
mounting,0.0,0.0,0.0
ডাভ,0.0,0.0,0.0
বইসা,0.0,0.0,0.0
প্লেটটা,0.0,0.0,0.0
shimanto,0.0,0.0,0.0
বদমাইশ,0.0,0.0,0.0
চিকেন৩৮,0.0,0.0,0.0
একটূ,0.0,0.0,0.0
shining,0.0,0.0,0.0
মানুষই,0.0,0.0,0.0
ফাটার,0.0,0.0,0.0
চইলা,0.0,0.0,0.0
সেটিই,0.0,0.0,0.0
দেখিছি,0.0,0.0,0.0
num,0.0,0.0,0.0
হোইছে,0.0,0.0,0.0
sunday,0.0,0.0,0.0
নিশ্চয়,0.0,0.0,0.0
problm,0.0,0.0,0.0
আইডিয়ালের,0.0,0.0,0.0
breaks,0.0,0.0,0.0
photocards,0.0,0.0,0.0
উঠানোর,0.0,0.0,0.0
আন্দাজ,0.0,0.0,0.0
barti,0.0,0.0,0.0
polishing,0.0,0.0,0.0
অবকাশ,0.0,0.0,0.0
খিলগাঁ,0.0,0.0,0.0
puma,0.0,0.0,0.0
kichur,0.0,0.0,0.0
চললেও,0.0,0.0,0.0
মার্কস,0.0,0.0,0.0
obosshoi,0.0,0.0,0.0
ponnota,0.0,0.0,0.0
ঝুকি,0.0,0.0,0.0
vaalo,0.0,0.0,0.0
ভাত৩০,0.0,0.0,0.0
grease,0.0,0.0,0.0
হয়েচে,0.0,0.0,0.0
যান্ত্রিক,0.0,0.0,0.0
dmall,0.0,0.0,0.0
রসের,0.0,0.0,0.0
ডিসাইড,0.0,0.0,0.0
রুট,0.0,0.0,0.0
nsto,0.0,0.0,0.0
৩৩৩,0.0,0.0,0.0
recorder,0.0,0.0,0.0
chute,0.0,0.0,0.0
জরদা,0.0,0.0,0.0
ঢালে,0.0,0.0,0.0
সিরিজ,0.0,0.0,0.0
পানিপুরি,0.0,0.0,0.0
বেঞ্চ,0.0,0.0,0.0
denim,0.0,0.0,0.0
টুগেদার,0.0,0.0,0.0
পিয়াজু,0.0,0.0,0.0
২৮০টাকা,0.0,0.0,0.0
দেখেনি,0.0,0.0,0.0
540,0.0,0.0,0.0
মুরগ,0.0,0.0,0.0
pumper,0.0,0.0,0.0
খেলনাটা,0.0,0.0,0.0
খাপে,0.0,0.0,0.0
কার্ডটি,0.0,0.0,0.0
১৩৯,0.0,0.0,0.0
যেমনটাই,0.0,0.0,0.0
সাপোর্টেড,0.0,0.0,0.0
sokol,0.0,0.0,0.0
forest,0.0,0.0,0.0
লেগছে,0.0,0.0,0.0
রেইলগেট,0.0,0.0,0.0
পিজ্জাঃ,0.0,0.0,0.0
sat,0.0,0.0,0.0
পরিবর্তনের,0.0,0.0,0.0
multiplug,0.0,0.0,0.0
থাকছেঃ৩,0.0,0.0,0.0
1800,0.0,0.0,0.0
cp,0.0,0.0,0.0
বো,0.0,0.0,0.0
pathaben,0.0,0.0,0.0
করলা,0.0,0.0,0.0
kothin,0.0,0.0,0.0
৫৪০,0.0,0.0,0.0
শাম্পু,0.0,0.0,0.0
তাড়াহুড়ো,0.0,0.0,0.0
ব্যায়াম,0.0,0.0,0.0
কানেট,0.0,0.0,0.0
keyring,0.0,0.0,0.0
গার্লফ্রেন্ডের,0.0,0.0,0.0
oraimo,0.0,0.0,0.0
library,0.0,0.0,0.0
sunte,0.0,0.0,0.0
পল্লীতে,0.0,0.0,0.0
hoyaca,0.0,0.0,0.0
মালা,0.0,0.0,0.0
ভিতরটা,0.0,0.0,0.0
তাতেও,0.0,0.0,0.0
sanitary,0.0,0.0,0.0
reader,0.0,0.0,0.0
কলেজে,0.0,0.0,0.0
দারূন,0.0,0.0,0.0
innovative,0.0,0.0,0.0
cricket,0.0,0.0,0.0
pond,0.0,0.0,0.0
অক্ষর,0.0,0.0,0.0
পেচ,0.0,0.0,0.0
journaling,0.0,0.0,0.0
ডিটার্জেন্ট,0.0,0.0,0.0
512,0.0,0.0,0.0
সিস্টেমে,0.0,0.0,0.0
stress,0.0,0.0,0.0
asto,0.0,0.0,0.0
দুয়া,0.0,0.0,0.0
mnth,0.0,0.0,0.0
পিপল,0.0,0.0,0.0
corners,0.0,0.0,0.0
তরমুজ,0.0,0.0,0.0
মোটমুটি,0.0,0.0,0.0
জুড়েই,0.0,0.0,0.0
বয়স্ক,0.0,0.0,0.0
vocoal,0.0,0.0,0.0
mishti,0.0,0.0,0.0
apatoto,0.0,0.0,0.0
gala,0.0,0.0,0.0
খুলি,0.0,0.0,0.0
মাংসঃ,0.0,0.0,0.0
খিলগাঁওয়ের,0.0,0.0,0.0
khoub,0.0,0.0,0.0
electrical,0.0,0.0,0.0
উধাও,0.0,0.0,0.0
bashmoti,0.0,0.0,0.0
টেবিলটি,0.0,0.0,0.0
রেস্টুরেন্টগুলো,0.0,0.0,0.0
তালতলায়,0.0,0.0,0.0
থাকতেই,0.0,0.0,0.0
চত্বর,0.0,0.0,0.0
sc,0.0,0.0,0.0
khop,0.0,0.0,0.0
পাঠালাম,0.0,0.0,0.0
ছাড়েন,0.0,0.0,0.0
সরষে,0.0,0.0,0.0
খুঁজেছি,0.0,0.0,0.0
jagai,0.0,0.0,0.0
অ্যাম্পিয়ার,0.0,0.0,0.0
২মিনিট,0.0,0.0,0.0
পরেরদিন,0.0,0.0,0.0
thsnks,0.0,0.0,0.0
যদিওবা,0.0,0.0,0.0
dhonnobadh,0.0,0.0,0.0
১০৭,0.0,0.0,0.0
rack,0.0,0.0,0.0
bichar,0.0,0.0,0.0
মিনা,0.0,0.0,0.0
ger,0.0,0.0,0.0
বক্সিং,0.0,0.0,0.0
চেইন্জ,0.0,0.0,0.0
১৮০টাকা,0.0,0.0,0.0
কেটেছে,0.0,0.0,0.0
কমপ্লিন,0.0,0.0,0.0
muchre,0.0,0.0,0.0
চাইল,0.0,0.0,0.0
গেসিল,0.0,0.0,0.0
আশি,0.0,0.0,0.0
মটেও,0.0,0.0,0.0
117,0.0,0.0,0.0
সতর্কতা,0.0,0.0,0.0
tisu,0.0,0.0,0.0
নবাবি,0.0,0.0,0.0
শাসলিক,0.0,0.0,0.0
ক্ষুদ্র,0.0,0.0,0.0
raised,0.0,0.0,0.0
এরেঞ্জমেন্ট,0.0,0.0,0.0
ইন্টিরিওর,0.0,0.0,0.0
posted,0.0,0.0,0.0
স্মেলের,0.0,0.0,0.0
ভ্যাসলিন,0.0,0.0,0.0
matroi,0.0,0.0,0.0
রূপে,0.0,0.0,0.0
আফতাবনগর,0.0,0.0,0.0
relaxing,0.0,0.0,0.0
আলী,0.0,0.0,0.0
trial,0.0,0.0,0.0
relative,0.0,0.0,0.0
combs,0.0,0.0,0.0
কটা,0.0,0.0,0.0
pri,0.0,0.0,0.0
পাশা,0.0,0.0,0.0
আঠার,0.0,0.0,0.0
মাইক্রো,0.0,0.0,0.0
কালারে,0.0,0.0,0.0
জড়িয়ে,0.0,0.0,0.0
পিঠে,0.0,0.0,0.0
কাপিয়ে,0.0,0.0,0.0
imperial,0.0,0.0,0.0
জগন্নাথপুর,0.0,0.0,0.0
shiddeswari,0.0,0.0,0.0
ধরবে,0.0,0.0,0.0
desen,0.0,0.0,0.0
happyshopping,0.0,0.0,0.0
significant,0.0,0.0,0.0
পিটার,0.0,0.0,0.0
মোতাবেক,0.0,0.0,0.0
parlamna,0.0,0.0,0.0
মাঝারী,0.0,0.0,0.0
ভরসার,0.0,0.0,0.0
nojor,0.0,0.0,0.0
রাখল,0.0,0.0,0.0
কেয়ারিং,0.0,0.0,0.0
দোকা,0.0,0.0,0.0
গুগলে,0.0,0.0,0.0
২০১৭,0.0,0.0,0.0
আকৃতি,0.0,0.0,0.0
sobite,0.0,0.0,0.0
sathay,0.0,0.0,0.0
lassi,0.0,0.0,0.0
যেমনঃ,0.0,0.0,0.0
তুলবো,0.0,0.0,0.0
বলবনা,0.0,0.0,0.0
মাঝেসাজেই,0.0,0.0,0.0
দেয়াটা,0.0,0.0,0.0
briyani,0.0,0.0,0.0
coca,0.0,0.0,0.0
কান্না,0.0,0.0,0.0
খাজানার,0.0,0.0,0.0
ছাই,0.0,0.0,0.0
আহারে,0.0,0.0,0.0
পড়েছিলাম,0.0,0.0,0.0
household,0.0,0.0,0.0
মন্দের,0.0,0.0,0.0
klk,0.0,0.0,0.0
আসেনাই,0.0,0.0,0.0
গোড়ান,0.0,0.0,0.0
আলা,0.0,0.0,0.0
কমেন্টস,0.0,0.0,0.0
হারপিকের,0.0,0.0,0.0
ক্রেতাকে,0.0,0.0,0.0
kortay,0.0,0.0,0.0
বাটনগুলো,0.0,0.0,0.0
paan,0.0,0.0,0.0
লেন্থ,0.0,0.0,0.0
requires,0.0,0.0,0.0
খুললে,0.0,0.0,0.0
ribbon,0.0,0.0,0.0
aspects,0.0,0.0,0.0
vejal,0.0,0.0,0.0
প্রডাক্ত,0.0,0.0,0.0
কেবিন,0.0,0.0,0.0
আহবান,0.0,0.0,0.0
এক্সেপ্ট,0.0,0.0,0.0
ye,0.0,0.0,0.0
আমারটায়,0.0,0.0,0.0
dip,0.0,0.0,0.0
বিরাট,0.0,0.0,0.0
প্রতিষ্ঠিত,0.0,0.0,0.0
রম,0.0,0.0,0.0
ভেদে,0.0,0.0,0.0
komer,0.0,0.0,0.0
cleared,0.0,0.0,0.0
mar,0.0,0.0,0.0
গেছে৷,0.0,0.0,0.0
dropper,0.0,0.0,0.0
bajy,0.0,0.0,0.0
temp,0.0,0.0,0.0
crooked,0.0,0.0,0.0
bahirer,0.0,0.0,0.0
understood,0.0,0.0,0.0
henna,0.0,0.0,0.0
৯৪,0.0,0.0,0.0
shortest,0.0,0.0,0.0
কাইন্ডলি,0.0,0.0,0.0
বোলের,0.0,0.0,0.0
রেপ,0.0,0.0,0.0
সন্তান,0.0,0.0,0.0
১০০গ্রাম,0.0,0.0,0.0
কবুতর৪,0.0,0.0,0.0
dekhasse,0.0,0.0,0.0
songs,0.0,0.0,0.0
বিল্ডিংয়ের,0.0,0.0,0.0
সেইফ,0.0,0.0,0.0
রকমে,0.0,0.0,0.0
orjinal,0.0,0.0,0.0
ফেল,0.0,0.0,0.0
শরবতের,0.0,0.0,0.0
বিজি,0.0,0.0,0.0
soya,0.0,0.0,0.0
asey,0.0,0.0,0.0
jaye,0.0,0.0,0.0
ব্যাবসার,0.0,0.0,0.0
motamote,0.0,0.0,0.0
batton,0.0,0.0,0.0
felche,0.0,0.0,0.0
raidar,0.0,0.0,0.0
দুইমাস,0.0,0.0,0.0
নদীতে,0.0,0.0,0.0
দেইনাই,0.0,0.0,0.0
সাবধানতা,0.0,0.0,0.0
বোলে,0.0,0.0,0.0
task,0.0,0.0,0.0
kachchi,0.0,0.0,0.0
colur,0.0,0.0,0.0
প্রিয়জনের,0.0,0.0,0.0
কেনাকাটায়,0.0,0.0,0.0
tkr,0.0,0.0,0.0
oneeek,0.0,0.0,0.0
করছিলেন,0.0,0.0,0.0
strings,0.0,0.0,0.0
koek,0.0,0.0,0.0
occasions,0.0,0.0,0.0
হ্যাংআউট,0.0,0.0,0.0
gr,0.0,0.0,0.0
vitora,0.0,0.0,0.0
jaan,0.0,0.0,0.0
paua,0.0,0.0,0.0
৬০ফিট,0.0,0.0,0.0
peyaj,0.0,0.0,0.0
gesa,0.0,0.0,0.0
আউটের,0.0,0.0,0.0
বিরয়ানি,0.0,0.0,0.0
shomossha,0.0,0.0,0.0
রাজলক্ষ্মী,0.0,0.0,0.0
ফরমাল,0.0,0.0,0.0
prjnto,0.008490990047447362,0.0,0.0
abit,0.0,0.0,0.0
dichhi,0.0,0.0,0.0
ব্লাড,0.0,0.0,0.0
পরিধান,0.0,0.0,0.0
shut,0.0,0.0,0.0
আসাই,0.0,0.0,0.0
ফুডিস,0.0,0.0,0.0
অবহেলা,0.0,0.0,0.0
cellphone,0.0,0.0,0.0
রাইফেলস,0.0,0.0,0.0
ফেইসবুকে,0.0,0.0,0.0
২রকমের,0.0,0.0,0.0
ঝাড়ু,0.0,0.0,0.0
mountain,0.0,0.0,0.0
intech,0.0,0.0,0.0
ঠীক,0.0,0.0,0.0
talaga,0.0,0.0,0.0
পুড়িয়ে,0.0,0.0,0.0
ফার্মগেট,0.0,0.0,0.0
attaching,0.0,0.0,0.0
জিনিসগুলা,0.0,0.0,0.0
অভিযোগের,0.0,0.0,0.0
dekle,0.0,0.0,0.0
shbai,0.0,0.0,0.0
মরিয়ম,0.0,0.0,0.0
কাউকেই,0.0,0.0,0.0
kula,0.0,0.0,0.0
balloons,0.0,0.0,0.0
gaan,0.0,0.0,0.0
ধান্দাবাজ,0.0,0.0,0.0
growing,0.0,0.0,0.0
রাখলেই,0.0,0.0,0.0
পছন্দে,0.0,0.0,0.0
deuyar,0.0,0.0,0.0
মারি,0.0,0.0,0.0
কাস্টম,0.0,0.0,0.0
বাদামগুলো,0.0,0.0,0.0
পাবনা,0.0,0.0,0.0
তোয়ালে,0.0,0.0,0.0
damei,0.0,0.0,0.0
ক্লোন,0.0,0.0,0.0
podakt,0.0,0.0,0.0
promo,0.0,0.0,0.0
trip,0.0,0.0,0.0
প্রতিনিধি,0.0,0.0,0.0
boraborer,0.0,0.0,0.0
calar,0.0,0.0,0.0
insects,0.0,0.0,0.0
নতুনভাবে,0.0,0.0,0.0
জম্পেশ,0.0,0.0,0.0
অনান্য,0.0,0.0,0.0
sotty,0.0,0.0,0.0
হোসেন,0.0,0.0,0.0
চার্ট,0.0,0.0,0.0
তুলতেই,0.0,0.0,0.0
daksi,0.0,0.0,0.0
khaas,0.0,0.0,0.0
হতবাক,0.0,0.0,0.0
painted,0.0,0.0,0.0
বেট,0.0,0.0,0.0
apnare,-0.006109819984866731,0.0,0.0
challenge,0.0,0.0,0.0
গুলোকে,0.0,0.0,0.0
ভান্ডারের,0.0,0.0,0.0
ভালোমতোই,0.0,0.0,0.0
সেইলারকে,0.0,0.0,0.0
responding,0.0,0.0,0.0
কমলে,0.0,0.0,0.0
খরচের,0.0,0.0,0.0
caff,0.0,0.0,0.0
hopeless,0.0,0.0,0.0
আঙ্গুল,0.0,0.0,0.0
indulge,0.0,0.0,0.0
হি,0.0,0.0,0.0
মার্টে,0.0,0.0,0.0
logic,0.0,0.0,0.0
modhhe,0.0,0.0,0.0
চাপেই,0.0,0.0,0.0
ত্বকে,0.0,0.0,0.0
যাবতীয়,0.0,0.0,0.0
distributor,0.0,0.0,0.0
পারন,0.0,0.0,0.0
churi,0.0,0.0,0.0
ageu,0.0,0.0,0.0
পুশ,0.0,0.0,0.0
jenis,0.0,0.0,0.0
itching,0.0,0.0,0.0
অর্ড়ার,0.0,0.0,0.0
এত্তগুলা,0.0,0.0,0.0
করচি,0.0,0.0,0.0
জওয়াব,0.0,0.0,0.0
পইরা,0.0,0.0,0.0
reccomended,0.0,0.0,0.0
মাছটা,0.0,0.0,0.0
তিক্ত,0.0,0.0,0.0
চাকরি,0.0,0.0,0.0
chaiselam,0.0,0.0,0.0
field,0.0,0.0,0.0
shocks,0.0,0.0,0.0
নিচ্ছিলাম,0.0,0.0,0.0
কব্জি,0.0,0.0,0.0
buji,0.0,0.0,0.0
jenes,0.0,0.0,0.0
ফাইনাল,0.0,0.0,0.0
টেস্টলেস,0.0,0.0,0.0
bacchar,0.0,0.0,0.0
প্রোডাকটা,0.0,0.0,0.0
reviewer,0.0,0.0,0.0
ছিপি,0.0,0.0,0.0
পোস্টের,0.0,0.0,0.0
বিপরিতে,0.0,0.0,0.0
ঝুড়ি,0.0,0.0,0.0
রুপ,0.0,0.0,0.0
greatly,0.0,0.0,0.0
মিস্টেক,0.0,0.0,0.0
ekebarei,0.0,0.0,0.0
ব্যাকআপও,0.0,0.0,0.0
nek,0.0,0.0,0.0
achey,0.0,0.0,0.0
ave,0.0,0.0,0.0
জাফরানের,0.0,0.0,0.0
মিলাইয়া,0.0,0.0,0.0
549,0.0,0.0,0.0
ঝালঝাল,0.0,0.0,0.0
রেস্টুরেন্টই,0.0,0.0,0.0
ফ্রীতে,0.0,0.0,0.0
hoiyeche,0.0,0.0,0.0
ছলে,0.0,0.0,0.0
তাল,0.0,0.0,0.0
তাকালেই,0.0,0.0,0.0
sticking,0.0,0.0,0.0
আশ,0.0,0.0,0.0
মুভ,0.0,0.0,0.0
coated,0.0,0.0,0.0
উপভোগ্য,0.0,0.0,0.0
scared,0.0,0.0,0.0
নিঃসন্দে,0.0,0.0,0.0
বিবেক,0.0,0.0,0.0
টাকা৪,0.0,0.0,0.0
বাড়তে,0.0,0.0,0.0
চুলাটা,0.0,0.0,0.0
রক,0.0,0.0,0.0
chalano,0.0,0.0,0.0
fourth,0.0,0.0,0.0
looot,0.0,0.0,0.0
এইভাবেই,0.0,0.0,0.0
দুর্ভাগ্য,0.0,0.0,0.0
১৪৯৯,0.0,0.0,0.0
শাওমির,0.0,0.0,0.0
অাশা,0.0,0.0,0.0
মাফিন,0.0,0.0,0.0
disturbing,0.0,0.0,0.0
আনারস,0.0,0.0,0.0
lady,0.0,0.0,0.0
tks,0.0,0.0,0.0
ghola,0.0,0.0,0.0
ঠকাবে,0.0,0.0,0.0
public,0.0,0.0,0.0
asian,0.0,0.0,0.0
ফ্লো,0.0,0.0,0.0
খাবারগুলা,0.0,0.0,0.0
gooood,0.0,0.0,0.0
ladhidh,0.0,0.0,0.0
এক্সেসরিজ,0.0,0.0,0.0
নির্বাচন,0.0,0.0,0.0
saturday,0.0,0.0,0.0
কুমিল্লা,0.0,0.0,0.0
ভাইটার,0.0,0.0,0.0
সবটাই,0.0,0.0,0.0
ইলেভেন,0.0,0.0,0.0
hobar,0.0,0.0,0.0
এয়ারপোর্ট,0.0,0.0,0.0
সেক্টরের,0.0,0.0,0.0
ঘুরা,0.0,0.0,0.0
tanduri,0.0,0.0,0.0
drinking,0.0,0.0,0.0
পদ্ধতি,0.0,0.0,0.0
নেওয়াতে,0.0,0.0,0.0
wraps,0.0,0.0,0.0
chosen,0.0,0.0,0.0
mute,0.0,0.0,0.0
gher,0.0,0.0,0.0
নীতি,0.0,0.0,0.0
unbeatable,0.0,0.0,0.0
খু,0.0,0.0,0.0
complains,0.0,0.0,0.0
𝟐,0.0,0.0,0.0
দোলনাটি,0.0,0.0,0.0
সালাদে,0.0,0.0,0.0
diten,0.0,0.0,0.0
boxers,0.0,0.0,0.0
sizer,0.0,0.0,0.0
colbe,0.0,0.0,0.0
বেঙ্গল,0.0,0.0,0.0
পাটা,0.0,0.0,0.0
গ্রেভির,0.0,0.0,0.0
astha,0.0,0.0,0.0
অনেকটুকু,0.0,0.0,0.0
রাজশাহীর,0.0,0.0,0.0
links,0.0,0.0,0.0
আসবেনা,0.0,0.0,0.0
পাম,0.0,0.0,0.0
onyk,0.0,0.0,0.0
changer,0.0,0.0,0.0
onnoder,0.0,0.0,0.0
bengali,0.0,0.0,0.0
lika,0.0,0.0,0.0
পূন্য,0.0,0.0,0.0
edited,0.0,0.0,0.0
বাইকার,0.0,0.0,0.0
প্রবল,0.0,0.0,0.0
wil,0.0,0.0,0.0
পেযেছি,0.0,0.0,0.0
পোলাও২,0.0,0.0,0.0
চুমুকেই,0.0,0.0,0.0
atho,0.0,0.0,0.0
thish,0.0,0.0,0.0
roti,0.0,0.0,0.0
wast,0.0,0.0,0.0
৮২,0.0,0.0,0.0
মাষ্ট,0.0,0.0,0.0
ওয়াইফ,0.0,0.0,0.0
ভেনিলা,0.0,0.0,0.0
মিউজিকের,0.0,0.0,0.0
269,0.0,0.0,0.0
অঙ্গন,0.0,0.0,0.0
barbecue,0.0,0.0,0.0
কাটবে,0.0,0.0,0.0
খায়রান,0.0,0.0,0.0
bshi,0.0,0.0,0.0
বেইলিরোড,0.0,0.0,0.0
daiper,0.0,0.0,0.0
counting,0.0,0.0,0.0
kag,0.0,0.0,0.0
দলে,0.0,0.0,0.0
ব্রিয়শ,0.0,0.0,0.0
jototuku,0.0,0.0,0.0
প্রান্তে,0.0,0.0,0.0
stamp,0.0,0.0,0.0
gse,0.0,0.0,0.0
প্লীজ,0.0,0.0,0.0
koita,0.0,0.0,0.0
7000,0.0,0.0,0.0
mouthwatering,0.0,0.0,0.0
authorized,0.0,0.0,0.0
bajay,0.0,0.0,0.0
উপহারও,0.0,0.0,0.0
দুলতে,0.0,0.0,0.0
আরামের,0.0,0.0,0.0
খিচুড়ী২৭,0.0,0.0,0.0
সার্জ,0.0,0.0,0.0
গিয়েছেন,0.0,0.0,0.0
lagar,0.0,0.0,0.0
উফ,0.0,0.0,0.0
ঘিঞ্জি,0.0,0.0,0.0
এরাই,0.0,0.0,0.0
৭২০,0.0,0.0,0.0
shift,0.0,0.0,0.0
আরএফএল,0.0,0.0,0.0
productivity,0.0,0.0,0.0
wonderfull,0.0,0.0,0.0
baton,0.0,0.0,0.0
crescent,0.0,0.0,0.0
পসিটিভ,0.0,0.0,0.0
শুন্দর,0.0,0.0,0.0
potarona,0.0,0.0,0.0
ফ্রিজের,0.0,0.0,0.0
বয়সী,0.0,0.0,0.0
feeding,0.0,0.0,0.0
thoke,0.0,0.0,0.0
knorr,0.0,0.0,0.0
ended,0.0,0.0,0.0
যেটায়,0.0,0.0,0.0
গিলে,0.0,0.0,0.0
shampoor,0.0,0.0,0.0
kacci,0.0,0.0,0.0
mutamoti,0.0,0.0,0.0
নিকেতন,0.0,0.0,0.0
ময়েশ্চারাইজার,0.0,0.0,0.0
মসৃণ,0.0,0.0,0.0
জায়গায়ই,0.0,0.0,0.0
গ্রীলড,0.0,0.0,0.0
dicchen,0.0,0.0,0.0
কুসুম,0.0,0.0,0.0
গোস,0.0,0.0,0.0
বড়লোক,0.0,0.0,0.0
জিতবেন,0.0,0.0,0.0
sobie,0.0,0.0,0.0
khadok,0.0,0.0,0.0
প্রসেসর,0.0,0.0,0.0
stripe,0.0,0.0,0.0
রাফি,0.0,0.0,0.0
bebsa,0.0,0.0,0.0
ডেলিভারিটাও,0.0,0.0,0.0
umm,0.0,0.0,0.0
বার্গারটাও,0.0,0.0,0.0
mog,0.0,0.0,0.0
agy,0.0,0.0,0.0
paratha,0.0,0.0,0.0
nanu,0.0,0.0,0.0
incorrect,0.0,0.0,0.0
ঢাকনার,0.0,0.0,0.0
কাটায়,0.0,0.0,0.0
টিমকেও,0.0,0.0,0.0
১ঘন্টা,0.0,0.0,0.0
সময়সীমা,0.0,0.0,0.0
ceiling,0.0,0.0,0.0
fole,0.0,0.0,0.0
দোয়ার,0.0,0.0,0.0
সমূহ,0.0,0.0,0.0
hangout,0.0,0.0,0.0
orijinal,0.0,0.0,0.0
পলেস্টার,0.0,0.0,0.0
চেনের,0.0,0.0,0.0
জনাব,0.0,0.0,0.0
৩৫০টাকা,0.0,0.0,0.0
বাথরুমে,0.0,0.0,0.0
ক্যাসব্যাক,0.0,0.0,0.0
হাতলটা,0.0,0.0,0.0
বেটারী,0.0,0.0,0.0
দোকানদারের,0.0,0.0,0.0
ছোটটা,0.0,0.0,0.0
মোটামু,0.0,0.0,0.0
tensed,0.0,0.0,0.0
ফ্রাই২২,0.0,0.0,0.0
মিসটেক,0.0,0.0,0.0
শের,0.0,0.0,0.0
ক্ষয়,0.0,0.0,0.0
tor,0.0,0.0,0.0
হাক্কা,0.0,0.0,0.0
কার্যক্রম,0.0,0.0,0.0
bebsha,0.0,0.0,0.0
komai,0.0,0.0,0.0
efficiently,0.0,0.0,0.0
প্লেয়ার,0.0,0.0,0.0
490,0.0,0.0,0.0
naile,0.0,0.0,0.0
কবুতর,0.0,0.0,0.0
সাবের,0.0,0.0,0.0
chula,0.0,0.0,0.0
louder,0.0,0.0,0.0
dibar,0.0,0.0,0.0
direction,0.0,0.0,0.0
উঠলে,0.0,0.0,0.0
সবসময়েই,0.0,0.0,0.0
তেহারী২৮,0.0,0.0,0.0
sos,0.0,0.0,0.0
nha,0.0,0.0,0.0
শেখার,0.0,0.0,0.0
sight,0.0,0.0,0.0
একসেপ্ট,0.0,0.0,0.0
কালোর,0.0,0.0,0.0
ঘোষণা,0.0,0.0,0.0
চিলক্সের,0.0,0.0,0.0
পিঁয়াজ,0.0,0.0,0.0
containing,0.0,0.0,0.0
dense,0.0,0.0,0.0
সোফাটা,0.0,0.0,0.0
নিচ্ছিলো,0.0,0.0,0.0
khubie,0.0,0.0,0.0
wasting,0.0,0.0,0.0
jamun,0.0,0.0,0.0
garo,0.0,0.0,0.0
alhamdullillah,0.0,0.0,0.0
tep,0.0,0.0,0.0
laundry,0.0,0.0,0.0
sobe,0.0,0.0,0.0
retro,0.0,0.0,0.0
এক্সাইটেড,0.0,0.0,0.0
history,0.0,0.0,0.0
icecream,0.0,0.0,0.0
চাটনির,0.0,0.0,0.0
বিজয়ের,0.0,0.0,0.0
gft,0.0,0.0,0.0
whats,0.0,0.0,0.0
lacks,0.0,0.0,0.0
কাটলে,0.0,0.0,0.0
liquids,0.0,0.0,0.0
অচল,0.0,0.0,0.0
cok,0.0,0.0,0.0
মিষ্টিটা,0.0,0.0,0.0
সেক্টরে,0.0,0.0,0.0
অনুরোধে,0.0,0.0,0.0
হলোঃ,0.0,0.0,0.0
onekkhon,0.0,0.0,0.0
hairs,0.0,0.0,0.0
গাড়ো,0.0,0.0,0.0
এইটাকে,0.0,0.0,0.0
বগুড়ার,0.0,0.0,0.0
elasticity,0.0,0.0,0.0
কমদাম,0.0,0.0,0.0
মেরিনেশন,0.0,0.0,0.0
ওজনেও,0.0,0.0,0.0
arafat,0.0,0.0,0.0
ittt,0.0,0.0,0.0
বরাবরি,0.0,0.0,0.0
লাগ,0.0,0.0,0.0
legal,0.0,0.0,0.0
dressing,0.0,0.0,0.0
platters,0.0,0.0,0.0
রিবস,0.0,0.0,0.0
sokole,0.0,0.0,0.0
thefoodeinberg,0.0,0.0,0.0
মিটিং,0.0,0.0,0.0
চেকিং,0.0,0.0,0.0
qualitative,0.0,0.0,0.0
gadgets,0.0,0.0,0.0
cholena,0.0,0.0,0.0
ঘোলাটে,0.0,0.0,0.0
আনবো,0.0,0.0,0.0
ফোকাস,0.0,0.0,0.0
আসসালামুআলাইকুম,0.0,0.0,0.0
কাবাব৩৯,0.0,0.0,0.0
সপ্তা,0.0,0.0,0.0
ঘ্রানটাও,0.0,0.0,0.0
ensured,0.0,0.0,0.0
brighter,0.0,0.0,0.0
bdn,0.0,0.0,0.0
বক্সগুলো,0.0,0.0,0.0
259,0.0,0.0,0.0
সমুদ্র,0.0,0.0,0.0
গুরো,0.0,0.0,0.0
pechi,0.0,0.0,0.0
বর্তমানের,0.0,0.0,0.0
খাননি,0.0,0.0,0.0
lagsilo,0.0,0.0,0.0
scissors,0.0,0.0,0.0
ca,0.0,0.0,0.0
নজেল,0.0,0.0,0.0
জন্মদিনে,0.0,0.0,0.0
পারলেন,0.0,0.0,0.0
শোষন,0.0,0.0,0.0
কোনমতে,0.0,0.0,0.0
fragrances,0.0,0.0,0.0
instrument,0.0,0.0,0.0
খাবারগুলোর,0.0,0.0,0.0
ease,0.0,0.0,0.0
hotei,0.0,0.0,0.0
tempered,0.0,0.0,0.0
oikhane,0.0,0.0,0.0
পাপড়ি,0.0,0.0,0.0
আমারো,0.0,0.0,0.0
এক্তু,0.0,0.0,0.0
শুনছিলাম,0.0,0.0,0.0
veri,0.0,0.0,0.0
মেনকে,0.0,0.0,0.0
cancelling,0.0,0.0,0.0
ইন্চি,0.0,0.0,0.0
লিখিত,0.0,0.0,0.0
একটিও,0.0,0.0,0.0
kajei,0.0,0.0,0.0
customized,0.0,0.0,0.0
বার্ডস,0.0,0.0,0.0
জানেনা,0.0,0.0,0.0
সংস্করণ,0.0,0.0,0.0
knowing,0.0,0.0,0.0
bolognese,0.0,0.0,0.0
উপলক্ষ্যে,0.0,0.0,0.0
নগর,0.0,0.0,0.0
dart,0.0,0.0,0.0
clan,0.0,0.0,0.0
টাউনহল,0.0,0.0,0.0
পড়ছিল,-0.0045886360283593705,0.0,0.0
osonkho,0.0,0.0,0.0
পারতেছিনা,0.0,0.0,0.0
khomota,0.0,0.0,0.0
outfits,0.0,0.0,0.0
atota,0.0,0.0,0.0
kashmiri,0.0,0.0,0.0
ব্যাটার,0.0,0.0,0.0
৮৪,0.0,0.0,0.0
আমন্ত্রণ,0.0,0.0,0.0
উত্তির্ন,0.0,0.0,0.0
specs,0.0,0.0,0.0
activated,0.0,0.0,0.0
ekrokom,0.0,0.0,0.0
একইসাথে,0.0,0.0,0.0
vest,0.0,0.0,0.0
লেকের,0.0,0.0,0.0
baper,0.0,0.0,0.0
স্তর,0.0,0.0,0.0
puratai,0.0,0.0,0.0
একচুয়ালি,0.021242969458474606,0.0,0.0
কিমার,0.0,0.0,0.0
জিনিটা,0.0,0.0,0.0
khubii,0.0,0.0,0.0
aeta,0.0,0.0,0.0
varry,0.0,0.0,0.0
ঝালেই,0.0,0.0,0.0
frozen,0.0,0.0,0.0
angel,0.0,0.0,0.0
explanation,0.0,0.0,0.0
ডোসা,0.0,0.0,0.0
shey,0.0,0.0,0.0
1300,0.0,0.0,0.0
নাচতে,0.0,0.0,0.0
brb,0.0,0.0,0.0
akdon,0.0,0.0,0.0
গুড়ি,0.0,0.0,0.0
boiled,0.0,0.0,0.0
ফোনকে,0.0,0.0,0.0
শিশু,0.0,0.0,0.0
চেম্বার,0.0,0.0,0.0
metarial,0.0,0.0,0.0
কিনেও,0.0,0.0,0.0
caps,0.0,0.0,0.0
সম্বন্ধে,0.0,0.0,0.0
ক্লে,0.0,0.0,0.0
oy,0.0,0.0,0.0
screenshot,0.0,0.0,0.0
১০প্লেসঃ,0.0,0.0,0.0
খাইছো,0.0,0.0,0.0
bacca,0.0,0.0,0.0
pigmentation,0.0,0.0,0.0
dhali,0.0,0.0,0.0
বার্গারটার,0.0,0.0,0.0
সুমি,0.0,0.0,0.0
promises,0.0,0.0,0.0
kinse,0.0,0.0,0.0
জন্ন,0.0,0.0,0.0
পরিমাণটাও,0.0,0.0,0.0
আপনারে,0.0,0.0,0.0
জুতাটি,0.0,0.0,0.0
৪৩০,0.0,0.0,0.0
কোলস্ল,0.0,0.0,0.0
ওল,0.0,0.0,0.0
walker,0.0,0.0,0.0
prime,0.0,0.0,0.0
dbo,0.0,0.0,0.0
ধিরে,0.0,0.0,0.0
nak,0.0,0.0,0.0
লাকী,0.0,0.0,0.0
খাওয়াবে,0.0,0.0,0.0
গুলে,0.0,0.0,0.0
flour,0.0,0.0,0.0
গালাগালি,0.0,0.0,0.0
arong,0.0,0.0,0.0
otar,0.0,0.0,0.0
সিরিজের,0.0,0.0,0.0
টকে,0.0,0.0,0.0
কোম্পানীর,0.0,0.0,0.0
haty,0.0,0.0,0.0
বইয়ে,0.0,0.0,0.0
ক্যামন,0.0,0.0,0.0
মিশ্রনে,0.0,0.0,0.0
saita,0.0,0.0,0.0
kopal,0.0,0.0,0.0
দিল্লী,0.0,0.0,0.0
ওগুলা,0.0,0.0,0.0
স্বাগতম,0.0,0.0,0.0
flaws,0.0,0.0,0.0
cools,0.0,0.0,0.0
nirdidhay,0.0,0.0,0.0
grams,0.0,0.0,0.0
ওইটাও,0.0,0.0,0.0
লাভা,0.0,0.0,0.0
ashce,0.0,0.0,0.0
চক্ষু,0.0,0.0,0.0
thokai,0.0,0.0,0.0
গুনতে,0.0,0.0,0.0
বাটপারদের,0.0,0.0,0.0
afternoon,0.0,0.0,0.0
ছোটখাট,0.0,0.0,0.0
৩৯৫,0.0,0.0,0.0
essence,0.0,0.0,0.0
ভাঙ্গার,0.0,0.0,0.0
সবান,0.0,0.0,0.0
ফ্লেমিং,0.0,0.0,0.0
neban,0.0,0.0,0.0
homemade,0.0,0.0,0.0
দুর্নাম,0.0,0.0,0.0
evaly,0.0,0.0,0.0
ছাইজ,0.0,0.0,0.0
রিও,0.0,0.0,0.0
বিরিয়ানী২৩,0.0,0.0,0.0
towels,0.0,0.0,0.0
৫৩০,0.0,0.0,0.0
thakns,0.0,0.0,0.0
lagaisi,0.0,0.0,0.0
disappoints,0.0,0.0,0.0
jamn,0.0,0.0,0.0
স্যাপার,0.0,0.0,0.0
দ্রব্যমূল্যের,0.0,0.0,0.0
lagaile,0.0,0.0,0.0
পড়সে,0.0,0.0,0.0
আশাও,0.0,0.0,0.0
rakhlam,0.0,0.0,0.0
উত্তরোত্তর,0.0,0.0,0.0
allhamdulliah,0.0,0.0,0.0
ছিলও,0.0,0.0,0.0
পাঠাইসে,0.0,0.0,0.0
৭০টি,0.0,0.0,0.0
এন্টি,0.0,0.0,0.0
dhowar,0.0,0.0,0.0
প্রডাকটা,0.0,0.0,0.0
মেয়োনেজ,0.0,0.0,0.0
জুরে,0.0,0.0,0.0
ribs,0.0,0.0,0.0
emnitei,0.0,0.0,0.0
নারাজ,0.0,0.0,0.0
ইনগ্রিডিয়েন্টস,0.0,0.0,0.0
supermom,0.0,0.0,0.0
dakhte,0.0,0.0,0.0
israel,0.0,0.0,0.0
আজিমপুর,0.0,0.0,0.0
stream,0.0,0.0,0.0
তামান্না,0.0,0.0,0.0
observed,0.0,0.0,0.0
টাফ,0.0,0.0,0.0
টায়ার্ড,0.0,0.0,0.0
bended,0.0,0.0,0.0
agee,0.0,0.0,0.0
সেইলরকে,0.0,0.0,0.0
করানো,0.0,0.0,0.0
dukkho,0.0,0.0,0.0
সমারোহ,0.0,0.0,0.0
আইফোনের,0.0,0.0,0.0
fota,0.0,0.0,0.0
পূর্ণিমা,0.0,0.0,0.0
ব্যাখ্যা,0.0,0.0,0.0
করবেননা,0.0,0.0,0.0
রাজ,0.0,0.0,0.0
পূরন,0.0,0.0,0.0
liver,0.0,0.0,0.0
বাবদ,0.0,0.0,0.0
পরেরটা,0.0,0.0,0.0
বারগারের,0.0,0.0,0.0
তারমধ্যে,0.0,0.0,0.0
প্লাষ্টিক,0.0,0.0,0.0
baza,0.0,0.0,0.0
খিরি,0.0,0.0,0.0
ita,0.0,0.0,0.0
decide,0.0,0.0,0.0
ওয়ালার,0.0,0.0,0.0
104,0.0,0.0,0.0
৫৫০টাকা,0.0,0.0,0.0
pere,0.0,0.0,0.0
ভ্যারিয়েশন,0.0,0.0,0.0
বাদেও,0.0,0.0,0.0
rastay,0.0,0.0,0.0
মেজাজটা,0.0,0.0,0.0
রেন্জ,0.0,0.0,0.0
estimate,0.0,0.0,0.0
শার্টে,0.0,0.0,0.0
bujhi,0.0,0.0,0.0
shawarma,0.0,0.0,0.0
microfiber,0.0,0.0,0.0
দ্বিগুন,0.0,0.0,0.0
fight,0.0,0.0,0.0
darazke,0.0,0.0,0.0
করনীয়,0.0,0.0,0.0
ভবনের,0.0,0.0,0.0
আগোরার,0.0,0.0,0.0
saute,0.0,0.0,0.0
ক্রয়ের,0.0,0.0,0.0
হাতলের,0.0,0.0,0.0
বিদ্র,0.0,0.0,0.0
tummy,0.0,0.0,0.0
এখনে,0.0,0.0,0.0
mathai,0.0,0.0,0.0
অবদি,0.0,0.0,0.0
স্বাস্থ্যকর,0.0,0.0,0.0
fails,0.0,0.0,0.0
হারাবে,0.0,0.0,0.0
rotates,0.0,0.0,0.0
লটো,0.0,0.0,0.0
mosa,0.0,0.0,0.0
boner,0.0,0.0,0.0
কমিশন,0.0,0.0,0.0
monitoring,0.0,0.0,0.0
nod,0.0,0.0,0.0
janale,0.0,0.0,0.0
ফটোকপি,0.0,0.0,0.0
backward,0.0,0.0,0.0
ড্রিংকস্,0.0,0.0,0.0
যেইভাবে,0.0,0.0,0.0
নর্দান,0.0,0.0,0.0
তাহলেতো,0.0,0.0,0.0
organization,0.0,0.0,0.0
soldering,0.0,0.0,0.0
gajor,0.0,0.0,0.0
রয়েছেই,0.03630694174232285,0.0,0.0
সারকিট,0.0,0.0,0.0
sex,0.0,0.0,0.0
গোপনীয়তার,0.0,0.0,0.0
hoyache,0.0,0.0,0.0
janano,0.0,0.0,0.0
শুনেনি,0.0,0.0,0.0
সিলেকশন,0.0,0.0,0.0
lining,0.0,0.0,0.0
দিজ,0.0,0.0,0.0
horizontally,0.0,0.0,0.0
বাইটের,0.0,0.0,0.0
পাঠাচ্ছে,0.0,0.0,0.0
দরের,0.0,0.0,0.0
ekdome,0.0,0.0,0.0
চলেগেলাম,0.0,0.0,0.0
চামুচ,0.0,0.0,0.0
prodduct,0.0,0.0,0.0
ট্রাওজার,0.0,0.0,0.0
khate,0.0,0.0,0.0
chances,0.0,0.0,0.0
আপডেটঃ,0.0,0.0,0.0
আইটেমগুলোই,0.0,0.0,0.0
cobite,0.0,0.0,0.0
সিংগাপুর,0.0,0.0,0.0
পাওয়াযায়,0.0,0.0,0.0
এখ,0.0,0.0,0.0
বাক্সটা,0.0,0.0,0.0
আস্বাদন,0.0,0.0,0.0
বাত্তি,0.0,0.0,0.0
২৫৪,0.0,0.0,0.0
৬৫টাকা,0.0,0.0,0.0
bolesilo,0.0,0.0,0.0
darraz,0.0,0.0,0.0
babsilam,0.0,0.0,0.0
প্রথমতো,0.0,0.0,0.0
compromising,0.0,0.0,0.0
বাজছে,0.0,0.0,0.0
বাড়িয়া,0.0,0.0,0.0
ট্রেড,0.0,0.0,0.0
ঘুড়তে,0.0,0.0,0.0
বাড়লো,0.0,0.0,0.0
ব্যাপারগুলো,0.0,0.0,0.0
অসধারণ,0.0,0.0,0.0
duruto,0.0,0.0,0.0
aselo,0.0,0.0,0.0
ফিলটার,0.0,0.0,0.0
কীবোর্ডটা,0.0,0.0,0.0
আতাতুর্ক,0.0,0.0,0.0
notify,0.0,0.0,0.0
অর্থেই,0.0,0.0,0.0
কন্যা,0.0,0.0,0.0
১টায়,0.0,0.0,0.0
জন্ন্য,0.0,0.0,0.0
প্রোগ্রামে,0.0,0.0,0.0
parsel,0.0,0.0,0.0
ঘটল,0.0,0.0,0.0
হস্তান্তর,0.0,0.0,0.0
forsha,0.0,0.0,0.0
apnrao,0.0,0.0,0.0
ডেসার্টে,0.0,0.0,0.0
ঝামেলাই,0.0,0.0,0.0
গরমকালে,0.0,0.0,0.0
deai,0.0,0.0,0.0
multimedia,0.0,0.0,0.0
ধুয়ার,0.0,0.0,0.0
ছবিটার,0.0,0.0,0.0
উন্নয়ন,0.0,0.0,0.0
payeche,0.0,0.0,0.0
হেন্ডেল,0.0,0.0,0.0
মুভির,0.0,0.0,0.0
sugondhi,0.0,0.0,0.0
disappear,0.0,0.0,0.0
nikab,0.0,0.0,0.0
ভাব্বেন,0.0,0.0,0.0
zoom,0.0,0.0,0.0
ব্রুক,0.0,0.0,0.0
cuality,0.0,0.0,0.0
vanish,0.0,0.0,0.0
jolche,0.0,0.0,0.0
soyabin,0.0,0.0,0.0
পো,0.0,0.0,0.0
কেচিং,0.0,0.0,0.0
ফোড,0.0,0.0,0.0
পূর্ন,0.0,0.0,0.0
walls,0.0,0.0,0.0
কাপাকাপি,0.0,0.0,0.0
legacy,0.0,0.0,0.0
kader,0.0,0.0,0.0
জিঞ্জিরা,0.0,0.0,0.0
সুইচে,0.0,0.0,0.0
ঠকা,0.0,0.0,0.0
tiredness,0.0,0.0,0.0
ডিসচার্জ,0.0,0.0,0.0
ব্রীজ,0.0,0.0,0.0
তক,0.0,0.0,0.0
অফারও,0.0,0.0,0.0
shipper,0.0,0.0,0.0
cider,0.0,0.0,0.0
arranging,0.0,0.0,0.0
লাগতেছিলো,0.0,0.0,0.0
এখুনি,0.0,0.0,0.0
আয়োজনে,0.0,0.0,0.0
সূর্যের,0.0,0.0,0.0
boleo,0.0,0.0,0.0
thia,0.0,0.0,0.0
pictur,0.0,0.0,0.0
চেয়ছি,0.0,0.0,0.0
সাক্ষাত,0.0,0.0,0.0
clearing,0.0,0.0,0.0
লেন্সের,0.0,0.0,0.0
গ্রাহকরা,0.0,0.0,0.0
মোটাও,0.0,0.0,0.0
jeyta,0.0,0.0,0.0
নিপল,0.0,0.0,0.0
houay,0.0,0.0,0.0
chickenfried,0.0,0.0,0.0
poraton,0.0,0.0,0.0
দিলাম৷,0.0,0.0,0.0
চিকেনই,0.0,0.0,0.0
কিশোরগঞ্জ,0.0,0.0,0.0
salman,0.0,0.0,0.0
carging,0.0,0.0,0.0
মতবাদ,0.0,0.0,0.0
onorod,0.0,0.0,0.0
লিখলেও,0.0,0.0,0.0
এক্সাক্টলি,0.0,0.0,0.0
taar,0.0,0.0,0.0
জনপ্রতিতে,0.0,0.0,0.0
dought,0.0,0.0,0.0
compete,0.0,0.0,0.0
soapy,0.0,0.0,0.0
kthay,0.0,0.0,0.0
বটিঃ,0.0,0.0,0.0
শব্দটি,0.0,0.0,0.0
বান্ধুবী,0.0,0.0,0.0
niea,0.0,0.0,0.0
bojte,0.0,0.0,0.0
rayta,0.0,0.0,0.0
italy,0.0,0.0,0.0
কতা,0.0,0.0,0.0
ডেটে,0.0,0.0,0.0
peas,0.0,0.0,0.0
ventilation,0.0,0.0,0.0
কইয়া,0.0,0.0,0.0
khujchilam,0.0,0.0,0.0
অনুকূল,0.0,0.0,0.0
hubohu,0.0,0.0,0.0
ভোক্তাদের,0.0,0.0,0.0
bisesh,0.0,0.0,0.0
উদাস,0.0,0.0,0.0
সেরকমি,0.0,0.0,0.0
প্রথমের,0.0,0.0,0.0
ফিরলাম,0.0,0.0,0.0
পাতলাও,0.0,0.0,0.0
জানলেও,0.0,0.0,0.0
নুরানী,0.0,0.0,0.0
chollei,0.0,0.0,0.0
ইদুরের,0.0,0.0,0.0
costing,0.0,0.0,0.0
ওয়ানপ্লাস,0.0,0.0,0.0
লাভার্স,0.0,0.0,0.0
টিউবে,0.0,0.0,0.0
clicked,0.0,0.0,0.0
এনি,0.0,0.0,0.0
needful,0.0,0.0,0.0
apologized,0.0,0.0,0.0
টেবিলেই,0.0,0.0,0.0
dekta,0.0,0.0,0.0
আত্মবিশ্বাস,0.0,0.0,0.0
অরিজিনিয়াল,0.0,0.0,0.0
নিকটে,0.0,0.0,0.0
কদর,0.0,0.0,0.0
রাস্তাঘাটে,0.0,0.0,0.0
এক্সেলেন্ট,0.0,0.0,0.0
session,0.0,0.0,0.0
fc,0.0,0.0,0.0
falover,0.0,0.0,0.0
ছোটা,0.0,0.0,0.0
নাফির,0.0,0.0,0.0
হয়েন,0.0,0.0,0.0
বেল্টগুলো,0.0,0.0,0.0
crossed,0.0,0.0,0.0
পিজাটা,0.0,0.0,0.0
splash,0.0,0.0,0.0
গুঞ্জন,0.0,0.0,0.0
bristy,0.0,0.0,0.0
প্রাইজেই,0.0,0.0,0.0
বিটকয়েন,0.0,0.0,0.0
ঘরিটির,0.0,0.0,0.0
ফোয়ারা,0.0,0.0,0.0
gv,0.0,0.0,0.0
রাক্ষস,0.0,0.0,0.0
armor,0.0,0.0,0.0
সাজনা,0.0,0.0,0.0
চাওমিনে,0.0,0.0,0.0
অবহেলায়,0.0,0.0,0.0
hve,0.0,0.0,0.0
ভূনার,0.0,0.0,0.0
giod,0.0,0.0,0.0
ফেলেভার,0.0,0.0,0.0
পাসেল,0.0,0.0,0.0
suzuki,0.0,0.0,0.0
এনায়েত,0.0,0.0,0.0
আত,0.0,0.0,0.0
সহজভাবে,0.0,0.0,0.0
মাসুদ,0.0,0.0,0.0
rakhbe,0.0,0.0,0.0
chobita,0.0,0.0,0.0
বাস্তবতার,0.0,0.0,0.0
গালের,0.0,0.0,0.0
ম্যানুয়ালি,0.0,0.0,0.0
২৮৬,0.0,0.0,0.0
silen,0.0,0.0,0.0
শোপ,0.0,0.0,0.0
চাবানোর,0.0,0.0,0.0
পারবেননা,0.0,0.0,0.0
konay,0.0,0.0,0.0
এইগুলি,0.0,0.0,0.0
খিচুড়ী৫৬,0.0,0.0,0.0
টীমকে,0.0,0.0,0.0
উঠেছিলো,0.0,0.0,0.0
turf,0.0,0.0,0.0
crafting,0.0,0.0,0.0
এমনেও,0.0,0.0,0.0
চাবিয়ে,0.0,0.0,0.0
chyle,0.0,0.0,0.0
fascinated,0.0,0.0,0.0
আঙুলের,0.0,0.0,0.0
kaze,0.0,0.0,0.0
পরিমানমত,0.0,0.0,0.0
একরাশ,0.0,0.0,0.0
মিনিস্টারের,0.0,0.0,0.0
masalabeef,0.0,0.0,0.0
রয়েই,0.0,0.0,0.0
চমৎকারভাবে,0.0,0.0,0.0
এগুলোই,0.0,0.0,0.0
বিরিয়ানিই,0.0,0.0,0.0
হোল্ডারটা,0.0,0.0,0.0
স্টিকারটি,0.0,0.0,0.0
whitening,0.0,0.0,0.0
molfix,0.0,0.0,0.0
rocking,0.0,0.0,0.0
customised,0.0,0.0,0.0
470,-0.010160000219408315,0.0,0.0
valow,0.0,0.0,0.0
ভিডিওর,0.0,0.0,0.0
pakiging,0.0,0.0,0.0
headband,0.0,0.0,0.0
হয়ছিলো,0.0,0.0,0.0
biroktikor,0.0,0.0,0.0
pagol,0.0,0.0,0.0
বেকুব,0.0,0.0,0.0
্যাম্পু,0.0,0.0,0.0
মিক্সচার,0.0,0.0,0.0
পরিচিতি,0.0,0.0,0.0
camerar,0.0,0.0,0.0
আইলো,0.0,0.0,0.0
avr,0.0,0.0,0.0
স্কিনকে,0.0,0.0,0.0
হইবো,0.0,0.0,0.0
oval,0.0,0.0,0.0
ভঙ্গুর,0.0,0.0,0.0
passing,0.0,0.0,0.0
ক্যাসুনাট,0.0,0.0,0.0
অনুপাত,0.0,0.0,0.0
হছে,0.0,0.0,0.0
tarupor,0.0,0.0,0.0
এডে,0.0,0.0,0.0
vebechi,0.0,0.0,0.0
৪৫০টাকা,0.0,0.0,0.0
strict,0.0,0.0,0.0
ইয়ের,0.0,0.0,0.0
accidental,0.0,0.0,0.0
jkn,0.0,0.0,0.0
বিশ্বাসটা,0.0,0.0,0.0
লাগছেনা,0.0,0.0,0.0
bortoman,0.0,0.0,0.0
spaces,0.0,0.0,0.0
মাসুম,0.0,0.0,0.0
এম্নেই,0.0,0.0,0.0
পরিবাগ,0.0,0.0,0.0
এরাবিক,0.0,0.0,0.0
বুদ্ধিমান,0.0,0.0,0.0
walet,0.0,0.0,0.0
ডেলিভারিমেন,0.0,0.0,0.0
অঙ্গনে,0.0,0.0,0.0
ডালটা,0.0,0.0,0.0
চাটবেন,0.0,0.0,0.0
চলত,0.0,0.0,0.0
chiter,0.0,0.0,0.0
necessities,0.0,0.0,0.0
ঐটাও,0.0,0.0,0.0
জীনিস,0.0,0.0,0.0
debit,0.0,0.0,0.0
sundore,0.0,0.0,0.0
আপ্লুত,0.0,0.0,0.0
বিছাটা,0.0,0.0,0.0
tane,0.0,0.0,0.0
popcorn,0.0,0.0,0.0
lee,0.0,0.0,0.0
মাস্টাড,0.0,0.0,0.0
কাবাবগুলো,-0.05659161148705777,0.0,0.0
গ্রামীন,0.0,0.0,0.0
কুমারিকা,0.0,0.0,0.0
diswash,0.0,0.0,0.0
মেইন্টেইন,0.0,0.0,0.0
chakma,0.0,0.0,0.0
নিডেল,0.0,0.0,0.0
jamuna,0.0,0.0,0.0
shoto,0.0,0.0,0.0
delvery,0.0,0.0,0.0
টাওয়াল,0.0,0.0,0.0
companion,0.0,0.0,0.0
rosemary,0.0,0.0,0.0
superbly,0.0,0.0,0.0
পঞ্চম,0.0,0.0,0.0
pkg,0.0,0.0,0.0
দুশ্চিন্তায়,0.0,0.0,0.0
অয়ান,0.0,0.0,0.0
রকেট,0.0,0.0,0.0
প্রোডাট,0.0,0.0,0.0
পেতো,0.0,0.0,0.0
সিল্কের,0.0,0.0,0.0
আলুরাইসের,0.0,0.0,0.0
khoros,0.0,0.0,0.0
saad,0.0,0.0,0.0
truti,0.0,0.0,0.0
heater,0.0,0.0,0.0
solving,0.0,0.0,0.0
২০টাকার,0.0,0.0,0.0
ক্ল্যাসিক,0.0,0.0,0.0
haram,-0.010016592347447032,0.0,0.0
aqua,0.0,0.0,0.0
রেকসিন,0.0,0.0,0.0
damaging,0.0,0.0,0.0
homel,0.0,0.0,0.0
২০২৩ইং,0.0,0.0,0.0
কার্বন,0.0,0.0,0.0
ক্লেম,0.0,0.0,0.0
dhule,0.0,0.0,0.0
লোফাটা,0.0,0.0,0.0
তাড়াতারি,0.0,0.0,0.0
মেয়াদি,0.0,0.0,0.0
জেনারেল,0.0,0.0,0.0
kai,0.0,0.0,0.0
indonesian,0.0,0.0,0.0
অভেন,0.0,0.0,0.0
ঢালী,0.0,0.0,0.0
যেভাবেই,0.0,0.0,0.0
বানাইতে,0.0,0.0,0.0
একইভাবে,0.0,0.0,0.0
foodlover,0.0,0.0,0.0
mh,0.0,0.0,0.0
nive,0.0,0.0,0.0
মসলাগুলো,0.0,0.0,0.0
ভালাে,0.0,0.0,0.0
মিস্টার,0.0,0.0,0.0
jee,0.0,0.0,0.0
জমতো,0.0,0.0,0.0
ignored,0.0,0.0,0.0
vertically,0.0,0.0,0.0
বুঝিয়া,0.0,0.0,0.0
moddho,0.0,0.0,0.0
আটকা,0.0,0.0,0.0
কালারেরটা,0.0,0.0,0.0
বিক্রতাকে,0.0,0.0,0.0
hs,0.0,0.0,0.0
লালে,0.0,0.0,0.0
deklm,0.0,0.0,0.0
জঘণ্য,0.0,0.0,0.0
niyan,0.0,0.0,0.0
অক্সিজেন,0.0,0.0,0.0
আনাই,0.0,0.0,0.0
২৮৯,0.0,0.0,0.0
muskil,0.0,0.0,0.0
প্রাপ্তির,0.0,0.0,0.0
blte,0.0,0.0,0.0
৮দিন,0.0,0.0,0.0
vnc,0.0,0.0,0.0
dance,0.0,0.0,0.0
যেইসব,0.0,0.0,0.0
rubbery,0.0,0.0,0.0
il,0.0,0.0,0.0
১টু,0.0,0.0,0.0
ছাত্রদের,0.0,0.0,0.0
nichen,0.0,0.0,0.0
বাদামে,0.0,0.0,0.0
certification,0.0,0.0,0.0
baker,0.0,0.0,0.0
শোচনীয়,0.0,0.0,0.0
poray,0.0,0.0,0.0
পরিবারে,0.0,0.0,0.0
দেয়ই,0.0,0.0,0.0
takae,0.0,0.0,0.0
damar,0.0,0.0,0.0
ওপোসিটে,0.0,0.0,0.0
সিস্টেমটাও,0.0,0.0,0.0
venga,0.0,0.0,0.0
329,0.0,0.0,0.0
বিক্রী,0.0,0.0,0.0
মিলিমিটার,0.0,0.0,0.0
নগদকে,0.0,0.0,0.0
গোশ,0.0,0.0,0.0
paesi,0.0,0.0,0.0
হেফাজত,0.0,0.0,0.0
inconvenience,0.0,0.0,0.0
ডেলিশিয়াস,0.0,0.0,0.0
দ্বিতীয়তঃ,0.0,0.0,0.0
ব্রনের,0.0,0.0,0.0
একসপ্তাহ,0.0,0.0,0.0
১৬২,0.0,0.0,0.0
পেস্টি,0.0,0.0,0.0
arises,0.0,0.0,0.0
জেমস,0.0,0.0,0.0
স্কচ,0.0,0.0,0.0
aaro,0.0,0.0,0.0
কোম্পানিতে,0.0,0.0,0.0
মপের,0.0,0.0,0.0
সুলতানি,0.0,0.0,0.0
কালিও,0.0,0.0,0.0
parbona,0.0,0.0,0.0
ঢুকায়,0.0,0.0,0.0
prized,0.0,0.0,0.0
পাতের,0.0,0.0,0.0
purae,0.0,0.0,0.0
khoboi,0.0,0.0,0.0
anci,0.0,0.0,0.0
boosted,0.0,0.0,0.0
খোজার,0.0,0.0,0.0
বাধে,0.0,0.0,0.0
২কেজির,0.0,0.0,0.0
pizzar,0.0,0.0,0.0
wight,0.0,0.0,0.0
keeper,0.0,0.0,0.0
hadn,0.0,0.0,0.0
চেয়েছিলো,0.0,0.0,0.0
বাধাকপি,0.0,0.0,0.0
স্টাইলিস্ট,0.0,0.0,0.0
ব্যাটারীগুলো,0.0,0.0,0.0
teen,0.0,0.0,0.0
boma,0.0,0.0,0.0
উদ্ভট,0.0,0.0,0.0
photote,0.0,0.0,0.0
সর্গ,0.0,0.0,0.0
আনাচে,0.0,0.0,0.0
বুঝিনাই,0.0,0.0,0.0
ফাউন্ডেশন,0.0,0.0,0.0
thaklei,0.0,0.0,0.0
dekhajak,0.0,0.0,0.0
স্বাদঃ৮,0.0,0.0,0.0
স্বাদঃ৯,0.0,0.0,0.0
১২০৯,0.0,0.0,0.0
ফুললি,0.0,0.0,0.0
labeled,0.0,0.0,0.0
৫মাস,0.0,0.0,0.0
স্কোয়ারের,0.0,0.0,0.0
distortion,0.0,0.0,0.0
কেবেলটা,0.0,0.0,0.0
৭৮০,0.0,0.0,0.0
ক্রমে,0.0,0.0,0.0
১০এক,0.0,0.0,0.0
পাত্রের,0.0,0.0,0.0
awaited,0.0,0.0,0.0
নিরসন্দেহে,0.0,0.0,0.0
আলহামদুল্লিহা,0.0,0.0,0.0
মাথাগুলো,0.0,0.0,0.0
অর্ধ,0.0,0.0,0.0
deway,0.0,0.0,0.0
ফী,0.0,0.0,0.0
ডিপডিশপিজ্জা,0.0,0.0,0.0
invisible,0.0,0.0,0.0
cacci,0.0,0.0,0.0
গোলো,0.0,0.0,0.0
novel,0.0,0.0,0.0
লেখাটি,0.0,0.0,0.0
চাবাতে,0.0,0.0,0.0
bagti,0.0,0.0,0.0
fulfil,0.0,0.0,0.0
লাগান,0.0,0.0,0.0
likhar,0.0,0.0,0.0
knitted,0.0,0.0,0.0
স্ট্রাইপ,0.0,0.0,0.0
tokano,0.0,0.0,0.0
সাপের,0.0,0.0,0.0
ডিসক্রিপশনে,0.0,0.0,0.0
স্ট্যান্ডে,0.0,0.0,0.0
deck,0.0,0.0,0.0
সহযোগে,0.0,0.0,0.0
cun,0.0,0.0,0.0
eventhough,0.0,0.0,0.0
chatbox,0.0,0.0,0.0
ইনগ্রেডিয়েন্ট,0.0,0.0,0.0
555,0.0,0.0,0.0
পেনটা,0.0,0.0,0.0
minimise,0.0,0.0,0.0
ট্রুলি,0.0,0.0,0.0
বটির,0.0,0.0,0.0
palette,0.0,0.0,0.0
দো,0.0,0.0,0.0
inconvenient,0.0,0.0,0.0
employees,0.0,0.0,0.0
gopalganj,0.0,0.0,0.0
wiped,0.0,0.0,0.0
আত্মতৃপ্তি,0.0,0.0,0.0
টেম্পার,0.0,0.0,0.0
sheirokom,0.0,0.0,0.0
allahu,0.0,0.0,0.0
সিপির,0.0,0.0,0.0
stopwatch,0.0,0.0,0.0
তানা,0.0,0.0,0.0
ওমন,0.0,0.0,0.0
শ্রেণীর,0.0,0.0,0.0
অনেন,0.0,0.0,0.0
reflect,0.0,0.0,0.0
ওয়াইড,0.0,0.0,0.0
দুলনা,0.0,0.0,0.0
গ্রীপ,0.0,0.0,0.0
মানুষও,0.0,0.0,0.0
আওয়ারে,0.0,0.0,0.0
বাজবে,0.0,0.0,0.0
৩০টা,0.0,0.0,0.0
শপিংয়ের,0.0,0.0,0.0
chea,0.0,0.0,0.0
জুটি,0.0,0.0,0.0
icce,0.0,0.0,0.0
সিরাজগঞ্জ,0.0,0.0,0.0
রাজু,0.0,0.0,0.0
বেজাল,0.0,0.0,0.0
toooo,0.0,0.0,0.0
কিনায়,0.0,0.0,0.0
ঘন্টাখানেক,0.0,0.0,0.0
ফার্স্টে,0.0,0.0,0.0
মগ্ন,0.0,0.0,0.0
purely,0.0,0.0,0.0
কাহিল,0.0,0.0,0.0
৪জনপ্যাকেজে,0.0,0.0,0.0
মূহুর্তে,0.0,0.0,0.0
মেকানিকের,0.0,0.0,0.0
gasay,0.0,0.0,0.0
ksu,0.0,0.0,0.0
এম্নে,0.0,0.0,0.0
abashik,0.0,0.0,0.0
প্রেজেন্ট,0.0,0.0,0.0
জীবাণু,0.0,0.0,0.0
santi,0.0,0.0,0.0
ব্যাফেট,0.0,0.0,0.0
gooooood,0.0,0.0,0.0
twister,0.0,0.0,0.0
ইম্পোর্টেড,0.0,0.0,0.0
পণ্যগুলা,0.0,0.0,0.0
lagaca,0.0,0.0,0.0
conveniently,0.0,0.0,0.0
হিজাবের,0.0,0.0,0.0
dutai,0.0,0.0,0.0
লাগিয়েও,0.0,0.0,0.0
আরেটা,0.0,0.0,0.0
নানারকম,0.0,0.0,0.0
neyai,0.0,0.0,0.0
পরিবেশনায়,0.0,0.0,0.0
স্মুথনেস,0.0,0.0,0.0
basketball,0.0,0.0,0.0
সাদাটার,0.0,0.0,0.0
সংখ্যায়,0.0,0.0,0.0
বহনের,0.0,0.0,0.0
moddo,0.0,0.0,0.0
তেলটাও,0.0,0.0,0.0
yup,0.0,0.0,0.0
nitei,0.0,0.0,0.0
deyna,0.0,0.0,0.0
আপনের,0.0,0.0,0.0
oti,0.0,0.0,0.0
corolla,0.0,0.0,0.0
গ্রহনযোগ্য,0.0,0.0,0.0
modhdhe,0.0,0.0,0.0
ধরেনা,0.0,0.0,0.0
ভাগিনার,0.0,0.0,0.0
proyojonio,0.0,0.0,0.0
ullek,0.0,0.0,0.0
hare,0.0,0.0,0.0
219,0.0,0.0,0.0
সুবিধাই,0.0,0.0,0.0
উন্নতির,0.24796801619391576,0.0,0.0
করিনী,0.0,0.0,0.0
লোকেশ,0.0,0.0,0.0
handwashes,0.0,0.0,0.0
pailamna,0.0,0.0,0.0
১০মগজ,0.0,0.0,0.0
ট্রায়াল,0.0,0.0,0.0
genjita,0.0,0.0,0.0
ক্যাপটি,0.0,0.0,0.0
সাধুবাদ,0.0,0.0,0.0
vebecilm,0.0,0.0,0.0
এড়িয়া,0.0,0.0,0.0
afterwards,0.0,0.0,0.0
পেটচুক্তি,0.0,0.0,0.0
occasional,0.0,0.0,0.0
hella,0.0,0.0,0.0
৩ফ্রাইড,0.0,0.0,0.0
ডাকেন,0.0,0.0,0.0
burgerplace,0.0,0.0,0.0
educational,0.0,0.0,0.0
itttt,0.0,0.0,0.0
মেলার,0.0,0.0,0.0
সর্তকতার,0.0,0.0,0.0
produces,0.0,0.0,0.0
শৈশবের,0.0,0.0,0.0
বক্সই,0.0,0.0,0.0
concerning,0.0,0.0,0.0
xoos,0.0,0.0,0.0
komay,0.0,0.0,0.0
লিথিয়াম,0.0,0.0,0.0
thingy,0.0,0.0,0.0
jenish,0.0,0.0,0.0
jenuin,0.0,0.0,0.0
ঠিকনা,0.0,0.0,0.0
patanor,0.0,0.0,0.0
প্রহর,0.0,0.0,0.0
ভাবখানা,0.0,0.0,0.0
নেসক্যাফের,0.0,0.0,0.0
ওয়ালেটটা,0.0,0.0,0.0
issu,0.0,0.0,0.0
৯৫০টাকা,0.0,0.0,0.0
পিঠাই,0.0,0.0,0.0
ঠোটে,0.0,0.0,0.0
1250,0.0,0.0,0.0
ভয়টা,0.0,0.0,0.0
conduct,0.0,0.0,0.0
হুকটা,0.0,0.0,0.0
rauter,0.0,0.0,0.0
শিতের,0.0,0.0,0.0
টেকনিক,0.0,0.0,0.0
স্টকের,0.0,0.0,0.0
ম্যারিনেট,0.0,0.0,0.0
ক্যারিং,0.0,0.0,0.0
hya,0.0,0.0,0.0
bojhar,0.0,0.0,0.0
টাকা৫,0.0,0.0,0.0
packejing,0.0,0.0,0.0
পারাটা,0.0,0.0,0.0
eakta,0.0,0.0,0.0
পেয়াজও,0.0,0.0,0.0
ফারাক,0.0,0.0,0.0
প্যানেলের,0.0,0.0,0.0
penguin,0.0,0.0,0.0
vaier,0.0,0.0,0.0
স্টুডেন্টসদের,0.0,0.0,0.0
লাগাতেই,0.0,0.0,0.0
sewed,0.0,0.0,0.0
insa,0.0,0.0,0.0
smal,0.0,0.0,0.0
আঙ্গুর,0.0,0.0,0.0
seo,0.0,0.0,0.0
প্রত্যন্ত,0.0,0.0,0.0
touches,0.0,0.0,0.0
attu,0.0,0.0,0.0
cholto,0.0,0.0,0.0
flag,0.0,0.0,0.0
dekhiyeche,0.0,0.0,0.0
বোরহানি৬পিস,0.0,0.0,0.0
ঝুনুর,0.0,0.0,0.0
১০কেজি,0.0,0.0,0.0
বয়স্কদের,0.0,0.0,0.0
ডানের,0.0,0.0,0.0
brake,0.0,0.0,0.0
নিয়,0.0,0.0,0.0
এতেও,0.0,0.0,0.0
paniclocation,0.0,0.0,0.0
বিক্রয়ের,0.0,0.0,0.0
agolo,0.0,0.0,0.0
blog,0.0,0.0,0.0
আলহামদুল্লিলা,0.0,0.0,0.0
cargo,0.0,0.0,0.0
৯৯৯টাকালোকেশন,0.0,0.0,0.0
হালাপিনো,0.0,0.0,0.0
ডিলেট,0.0,0.0,0.0
রক্তে,0.0,0.0,0.0
সুবহানাল্লাহ,0.0,0.0,0.0
soptah,0.0,0.0,0.0
সুইটেবল,0.0,0.0,0.0
rubles,0.0,0.0,0.0
লাগি,0.0,0.0,0.0
translucent,0.0,0.0,0.0
tem,0.0,0.0,0.0
khaiche,0.0,0.0,0.0
commode,0.0,0.0,0.0
আপেক্ষিক,0.0,0.0,0.0
জুতোটা,0.0,0.0,0.0
৪৮৫,0.0,0.0,0.0
jode,0.0,0.0,0.0
ক্যালসিয়াম,0.0,0.0,0.0
tablets,0.0,0.0,0.0
jame,0.0,0.0,0.0
pach,0.0,0.0,0.0
thakun,0.0,0.0,0.0
neuyar,0.0,0.0,0.0
dayni,0.0,0.0,0.0
achee,0.0,0.0,0.0
দারাছ,0.0,0.0,0.0
mazar,0.0,0.0,0.0
siddique,0.0,0.0,0.0
নবোদয়,0.0,0.0,0.0
pricer,0.0,0.0,0.0
চিপ্সটা,0.0,0.0,0.0
জার্নি,0.0,0.0,0.0
cacchi,0.0,0.0,0.0
bakishob,0.0,0.0,0.0
eituku,0.0,0.0,0.0
gurutto,0.0,0.0,0.0
toxic,0.0,0.0,0.0
পর্যায়ের,0.0,0.0,0.0
দুইপিস,0.0,0.0,0.0
তোলনায়,0.0,0.0,0.0
couldnt,0.0,0.0,0.0
bece,0.0,0.0,0.0
ভাবমূর্তি,0.0,0.0,0.0
ভুনায়,0.0,0.0,0.0
scamming,0.0,0.0,0.0
sommoto,0.0,0.0,0.0
পডাকটা,0.0,0.0,0.0
beje,0.0,0.0,0.0
হিল,0.0,0.0,0.0
নুডুলসটা,0.0,0.0,0.0
গ্রামই,0.0,0.0,0.0
iphones,0.0,0.0,0.0
মেয়াদহীন,0.0,0.0,0.0
onojaiye,0.0,0.0,0.0
সারতে,0.0,0.0,0.0
wel,0.0,0.0,0.0
সপ্তাহেই,0.0,0.0,0.0
ছাদ,0.0,0.0,0.0
clutch,0.0,0.0,0.0
মহল্লার,0.0,0.0,0.0
prepaid,0.0,0.0,0.0
বানালেও,0.0,0.0,0.0
প্রডআক্ট,0.0,0.0,0.0
মেহফিল,0.0,0.0,0.0
২লিটার,0.0,0.0,0.0
sabbir,0.0,0.0,0.0
ব্যবসায়ীক,0.0,0.0,0.0
mgi,0.0,0.0,0.0
ns,0.0,0.0,0.0
onkkkkkk,0.0,0.0,0.0
jiniser,0.0,0.0,0.0
গেটটুগেদার,0.0,0.0,0.0
bunny,0.0,0.0,0.0
পডাকটি,0.0,0.0,0.0
মালিকদের,0.0,0.0,0.0
cheep,0.0,0.0,0.0
unnoti,0.0,0.0,0.0
কাবাব৪১,0.0,0.0,0.0
reconnect,0.0,0.0,0.0
মিছিং,0.0,0.0,0.0
rekhechi,0.0,0.0,0.0
ভ্যারিফাই,0.0,0.0,0.0
মাইন্ডব্লোয়িং,0.0,0.0,0.0
nisilo,0.0,0.0,0.0
আপডেটেড,0.0,0.0,0.0
ঘ্রানও,0.0,0.0,0.0
duta,0.0,0.0,0.0
মেয়াদটা,0.0,0.0,0.0
হারবালকে,0.0,0.0,0.0
ব্যাপী,0.0,0.0,0.0
coloring,0.0,0.0,0.0
ইয়েরা,0.0,0.0,0.0
chawmin,0.0,0.0,0.0
নড়েআমার,0.0,0.0,0.0
champ,0.0,0.0,0.0
obsta,0.0,0.0,0.0
দামঃ১৩০,0.0,0.0,0.0
উৎকৃষ্ট,0.0,0.0,0.0
নেহারীতে,0.0,0.0,0.0
poriborton,0.0,0.0,0.0
একাটা,0.0,0.0,0.0
ইউটিউবার,0.0,0.0,0.0
qualiti,0.0,0.0,0.0
সর্বচ্চো,0.0,0.0,0.0
রুচিসম্মত,0.0,0.0,0.0
সুবহানবাগের,0.0,0.0,0.0
চুখ,0.0,0.0,0.0
ছাড়ও,0.0,0.0,0.0
confortable,0.0,0.0,0.0
pacchilam,0.0,0.0,0.0
thekhe,0.0,0.0,0.0
পাটের,0.0,0.0,0.0
uthlei,0.0,0.0,0.0
পূর্ণটি,0.0,0.0,0.0
kiccu,0.0,0.0,0.0
নেটে,0.0,0.0,0.0
disturbed,0.0,0.0,0.0
kicoi,0.0,0.0,0.0
কনফিগার,0.0,0.0,0.0
মেকারের,0.0,0.0,0.0
dic,0.0,0.0,0.0
photocopy,0.0,0.0,0.0
বিবর্তনে,0.0,0.0,0.0
টাকাএইটা,0.0,0.0,0.0
কয়দিনের,0.0,0.0,0.0
টাইমলাইনের,0.0,0.0,0.0
সুন্ধর,0.0,0.0,0.0
ফ্রেগরেন্স,0.0,0.0,0.0
desy,0.0,0.0,0.0
কমেও,0.0,0.0,0.0
gentleman,0.0,0.0,0.0
বৈকি,0.0,0.0,0.0
tumra,0.0,0.0,0.0
ক্ষতির,0.0,0.0,0.0
trustful,0.0,0.0,0.0
কথাতেই,0.0,0.0,0.0
২৪০টাকা,0.0,0.0,0.0
অসাবধানতার,0.0,0.0,0.0
চা৪৫,0.0,0.0,0.0
রাসেলের,0.0,0.0,0.0
222,0.0,0.0,0.0
বিলটা,0.0,0.0,0.0
dialer,0.0,0.0,0.0
allhamdulliha,0.0,0.0,0.0
বর্ণমালা,0.0,0.0,0.0
manspe,0.0,0.0,0.0
বছরখানেক,0.0,0.0,0.0
ফকরুদ্দিনের,0.0,0.0,0.0
invited,0.0,0.0,0.0
mops,0.0,0.0,0.0
সভাই,0.0,0.0,0.0
skt,0.0,0.0,0.0
পার্টনারকে,0.0,0.0,0.0
ক্যাশমেমো,0.0,0.0,0.0
পাইনায়,0.0,0.0,0.0
শুনিনি,0.0,0.0,0.0
allergies,0.0,0.0,0.0
sunglasse,0.0,0.0,0.0
soak,0.0,0.0,0.0
পিজ্জাতেই,0.0,0.0,0.0
কিনসি,0.0,0.0,0.0
hlw,0.0,0.0,0.0
সেনসেটিভ,0.0,0.0,0.0
নেশায়,0.0,0.0,0.0
এসছে,0.0,0.0,0.0
bachelor,0.0,0.0,0.0
মানাইছে,0.0,0.0,0.0
beep,0.0,0.0,0.0
marinated,0.0,0.0,0.0
reviewers,0.0,0.0,0.0
hariye,0.0,0.0,0.0
khuila,0.0,0.0,0.0
গেলাম৷,0.0,0.0,0.0
ঝাঁপিয়ে,0.0,0.0,0.0
reddish,0.0,0.0,0.0
shinning,0.0,0.0,0.0
সমাজের,0.0,0.0,0.0
initiating,0.0,0.0,0.0
গেজ,0.0,0.0,0.0
সুস্বাদ,0.0,0.0,0.0
চোখবুজে,0.0,0.0,0.0
distract,0.0,0.0,0.0
delever,0.0,0.0,0.0
অংশই,0.0,0.0,0.0
অলিতে,0.0,0.0,0.0
বান্ধুবিকে,0.0,0.0,0.0
লঞ্জের,0.0,0.0,0.0
া,0.0,0.0,0.0
ইনে,0.0,0.0,0.0
শাইনি,0.0,0.0,0.0
পথের,0.0,0.0,0.0
অবশ্যয়,0.0,0.0,0.0
দ্রষ্টব্যঃ,0.0,0.0,0.0
পিজ্জাগুলা,0.0,0.0,0.0
সংকটে,0.0,0.0,0.0
ব্যাটরি,0.0,0.0,0.0
shubdor,0.0,0.0,0.0
visibly,0.0,0.0,0.0
বিজনেজ,0.0,0.0,0.0
উল্টাদিকে,0.0,0.0,0.0
বিবরণের,0.0,0.0,0.0
drinksprice,0.0,0.0,0.0
প্রাথমিকভাবে,0.0,0.0,0.0
expiray,0.0,0.0,0.0
altogether,0.0,0.0,0.0
মার্চের,0.0,0.0,0.0
অনেককেই,0.0,0.0,0.0
mouthwash,0.0,0.0,0.0
purchage,0.0,0.0,0.0
রিস্কে,0.0,0.0,0.0
ব্রাঞ্চটা,0.0,0.0,0.0
overheating,0.0,0.0,0.0
সক,0.0,0.0,0.0
koik,0.0,0.0,0.0
darza,0.0,0.0,0.0
বন্ধুদেরকে,0.0,0.0,0.0
স্লাইসে,0.0,0.0,0.0
যাহারা,0.0,0.0,0.0
বিজে,0.0,0.0,0.0
farms,0.0,0.0,0.0
personality,0.0,0.0,0.0
মাস্কগুলো,0.0,0.0,0.0
noch,0.0,0.0,0.0
চলবেন,0.0,0.0,0.0
decline,0.0,0.0,0.0
alluring,0.0,0.0,0.0
পরশুদিন,0.0,0.0,0.0
mashei,0.0,0.0,0.0
খুইজা,0.0,0.0,0.0
কৃত্রিম,0.0,0.0,0.0
rohmote,0.0,0.0,0.0
standby,0.0,0.0,0.0
আলমাসের,0.0,0.0,0.0
reconsider,0.0,0.0,0.0
ফিলিপাইন,0.0,0.0,0.0
কিনতেছি,0.0,0.0,0.0
ইতিহাসে,0.0,0.0,0.0
lott,0.0,0.0,0.0
খিলগাওতে,0.0,0.0,0.0
traders,0.0,0.0,0.0
ডিজাইনে,0.0,0.0,0.0
noor,0.0,0.0,0.0
minimize,0.0,0.0,0.0
chaliye,0.0,0.0,0.0
pease,0.0,0.0,0.0
সাপোর্টিভ,0.0,0.0,0.0
grinding,0.0,0.0,0.0
অসাধান,0.0,0.0,0.0
পোর্টের,0.0,0.0,0.0
marvel,0.0,0.0,0.0
ew,0.0,0.0,0.0
oroduct,0.0,0.0,0.0
dity,0.0,0.0,0.0
সালামতে,0.0,0.0,0.0
দুঃখীত,0.0,0.0,0.0
ইম্পরট্যান্ট,0.0,0.0,0.0
sangat,0.0,0.0,0.0
আতরটার,0.0,0.0,0.0
গাফিলতি,0.0,0.0,0.0
apo,0.0,0.0,0.0
সাম্প্রতিক,0.0,0.0,0.0
সামাজিক,0.0,0.0,0.0
আধিপত্য,0.0,0.0,0.0
ভিক্ষা,0.0,0.0,0.0
পিটারপ্যান,0.0,0.0,0.0
বন্ধুসুলভ,0.0,0.0,0.0
yc,0.0,0.0,0.0
pisoner,0.0,0.0,0.0
nija,0.0,0.0,0.0
experiencing,0.0,0.0,0.0
সুতাটা,0.0,0.0,0.0
কেনই,0.0,0.0,0.0
loking,0.0,0.0,0.0
writings,0.0,0.0,0.0
জন্মে,0.0,0.0,0.0
কারখানা,0.0,0.0,0.0
ছাল,0.0,0.0,0.0
নম্বরি,0.0,0.0,0.0
rly,0.0,0.0,0.0
মিশুক,0.0,0.0,0.0
accommodate,0.0,0.0,0.0
fider,0.0,0.0,0.0
প্রণের,0.0,0.0,0.0
কাপুরের,0.0,0.0,0.0
preety,0.0,0.0,0.0
সিঁড়ি,0.0,0.0,0.0
প্রদর্শন,0.0,0.0,0.0
mddhe,0.008002805491067858,0.0,0.0
rogan,0.0,0.0,0.0
goodies,0.0,0.0,0.0
রাইডারও,0.0,0.0,0.0
অড়ার,0.0,0.0,0.0
duka,0.0,0.0,0.0
টিশার্টটি,0.0,0.0,0.0
nicest,0.0,0.0,0.0
ভদ্রতার,0.0,0.0,0.0
পন্য৷,0.0,0.0,0.0
এন্টেনা,0.0,0.0,0.0
লেগেছি,0.0,0.0,0.0
পয়সায়,0.0,0.0,0.0
বোঝেন,0.0,0.0,0.0
দেখাইছি,0.0,0.0,0.0
fajlami,0.0,0.0,0.0
ম্যানুফ্যাকচার,0.0,0.0,0.0
marriage,0.0,0.0,0.0
বাড়া,0.0,0.0,0.0
jbl,0.0,0.0,0.0
শুনলেও,0.0,0.0,0.0
রোস্টঃ,0.0,0.0,0.0
পটি,0.0,0.0,0.0
mojadar,0.0,0.0,0.0
দেউরি,0.0,0.0,0.0
satisfide,0.0,0.0,0.0
bangga,0.0,0.0,0.0
modest,0.0,0.0,0.0
etw,0.0,0.0,0.0
halo,0.0,0.0,0.0
atm,0.0,0.0,0.0
unojai,0.0,0.0,0.0
dinar,0.0,0.0,0.0
gigabyte,0.0,0.0,0.0
ডাকার,0.0,0.0,0.0
আরিজিনাল,0.0,0.0,0.0
hoyesa,0.0,0.0,0.0
shi,0.0,0.0,0.0
powders,0.0,0.0,0.0
thnak,0.0,0.0,0.0
koob,0.0,0.0,0.0
বিলো,0.0,0.0,0.0
আস্তো,0.0,0.0,0.0
tresemme,0.0,0.0,0.0
নাস্তাও,0.0,0.0,0.0
রেকমেন্ডেশন,0.0,0.0,0.0
গার্নিয়ার,0.0,0.0,0.0
convenience,0.0,0.0,0.0
ইন্টারফেস,0.0,0.0,0.0
পিট,0.0,0.0,0.0
অর্ডারেই,0.0,0.0,0.0
ফ্রাই৩,0.0,0.0,0.0
৩৯৭,0.0,0.0,0.0
হোয়াতে,0.0,0.0,0.0
xoxo,0.0,0.0,0.0
investigation,0.0,0.0,0.0
teka,0.0,0.0,0.0
কাপলের,0.0,0.0,0.0
discoloured,0.0,0.0,0.0
delm,0.0,0.0,0.0
পছন্দই,0.0,0.0,0.0
তেলগুলো,0.0,0.0,0.0
কর্মকর্তা,0.0,0.0,0.0
papa,0.0,0.0,0.0
ঝড়ঝড়ে,0.0,0.0,0.0
দাঁড়াজ,0.0,0.0,0.0
চাপতে,0.0,0.0,0.0
বোকামী,0.0,0.0,0.0
বিতর,0.0,0.0,0.0
মোটরসাইকেলে,0.0,0.0,0.0
জিনিস্টা,0.0,0.0,0.0
resolve,0.0,0.0,0.0
ড্রিংক্সও,0.0,0.0,0.0
পার্সলে,0.0,0.0,0.0
তেজপাতা,0.0,0.0,0.0
খালা,0.0,0.0,0.0
আড়ালে,0.0,0.0,0.0
কেইবা,0.0,0.0,0.0
মূল্যর,0.0,0.0,0.0
দারাজকে৷,0.0,0.0,0.0
রেস্টুরেন্টটায়,0.0,0.0,0.0
niqab,0.0,0.0,0.0
bedhe,0.0,0.0,0.0
diagnostic,0.0,0.0,0.0
অভদ্র,0.0,0.0,0.0
139,0.0,0.0,0.0
গবেষণা,0.0,0.0,0.0
প্রেফারেন্স,0.0,0.0,0.0
মালিবাগের,0.0,0.0,0.0
punjabi,0.0,0.0,0.0
sather,0.0,0.0,0.0
উঠছিল,0.0,0.0,0.0
মোচড়ানো,0.0,0.0,0.0
wazih,0.0,0.0,0.0
কালকেও,0.0,0.0,0.0
rubbing,0.0,0.0,0.0
stale,0.0,0.0,0.0
বেবসা,0.0,0.0,0.0
চালাইতেছি,0.0,0.0,0.0
007,0.0,0.0,0.0
ব্যাতিত,0.0,0.0,0.0
beverage,0.0,0.0,0.0
nirvoye,0.0,0.0,0.0
regal,0.0,0.0,0.0
hoine,0.0,0.0,0.0
দুশ্চিন্তা,0.0,0.0,0.0
enabled,0.0,0.0,0.0
প্যাকেজি,0.0,0.0,0.0
youuuu,0.0,0.0,0.0
মিটারে,0.0,0.0,0.0
পড়ছি,0.0,0.0,0.0
প্রোডাক্টটিতে,0.0,0.0,0.0
kolija,0.0,0.0,0.0
মজাটা,0.0,0.0,0.0
চো,0.0,0.0,0.0
pekejing,0.0,0.0,0.0
অবস্থাও,0.0,0.0,0.0
bolbona,0.0,0.0,0.0
nproduct,0.0,0.0,0.0
faults,0.0,0.0,0.0
wo,0.0,0.0,0.0
technicians,0.0,0.0,0.0
পাঠক,0.0,0.0,0.0
sugondho,0.0,0.0,0.0
দাগটা,0.0,0.0,0.0
ekmatro,0.0,0.0,0.0
আকাশচুম্বী,0.0,0.0,0.0
কালী,0.0,0.0,0.0
coolest,0.0,0.0,0.0
রাখতেছে,0.0,0.0,0.0
এড্রেসে,0.0,0.0,0.0
shamanno,0.0,0.0,0.0
tasteful,0.0,0.0,0.0
ভাঙে,0.0,0.0,0.0
অসামান্য,0.0,0.0,0.0
ওনুজাই,0.0,0.0,0.0
নেম,0.0,0.0,0.0
্যাভি,0.0,0.0,0.0
ভাইয়ারা,0.0,0.0,0.0
১০এই,0.0,0.0,0.0
রিতিমত,0.0,0.0,0.0
amre,0.0,0.0,0.0
২য়বার,0.0,0.0,0.0
আলিবাবা,0.0,0.0,0.0
বোখারি,0.0,0.0,0.0
hoay,0.0,0.0,0.0
satisfies,0.0,0.0,0.0
বইছে,0.0,0.0,0.0
mani,0.0,0.0,0.0
baloy,0.0,0.0,0.0
rise,0.0,0.0,0.0
স্যালারি,0.0,0.0,0.0
নামবার,0.0,0.0,0.0
bot,0.0,0.0,0.0
butpari,0.0,0.0,0.0
gradually,0.0,0.0,0.0
ছাড়ার,0.0,0.0,0.0
1099,0.0,0.0,0.0
কোণা,0.0,0.0,0.0
১০ইন্টেরিয়র,0.0,0.0,0.0
paicy,0.0,0.0,0.0
সরবরাহকৃত,0.0,0.0,0.0
৪৫টাকা,0.0,0.0,0.0
ঠেকার,0.0,0.0,0.0
দুইটাতে,0.0,0.0,0.0
ls,0.0,0.0,0.0
মেনটেন,0.0,0.0,0.0
অভিজ্ঞতাটা,0.0,0.0,0.0
কম্পোর্টেবল,0.0,0.0,0.0
শ্যাম্পুও,0.0,0.0,0.0
korachi,0.0,0.0,0.0
dekhlm,0.0,0.0,0.0
পরতেই,0.0,0.0,0.0
ডিমটা,0.0,0.0,0.0
পেটও,0.0,0.0,0.0
সল্পতার,0.0,0.0,0.0
দুপাশে,0.0,0.0,0.0
সংখ্যক,0.0,0.0,0.0
foster,0.0,0.0,0.0
পরিবতন,0.0,0.0,0.0
৬৬০,0.0,0.0,0.0
হতো৷,0.0,0.0,0.0
আগ্রহীরা,0.0,0.0,0.0
ডিসিশন,0.0,0.0,0.0
jemom,0.0,0.0,0.0
ডিসেম্বরে,0.0,0.0,0.0
চাইব,0.0,0.0,0.0
গেঞ্জিটার,0.0,0.0,0.0
টিকবেনা,0.0,0.0,0.0
ইঞ্জিনিয়ার,0.0,0.0,0.0
এটু,0.0,0.0,0.0
alws,0.0,0.0,0.0
crossbody,0.0,0.0,0.0
somai,0.0,0.0,0.0
ফ্যাব্রিক,0.0,0.0,0.0
ghondo,0.0,0.0,0.0
lagcy,0.0,0.0,0.0
anujaye,0.0,0.0,0.0
উঠায়,0.0,0.0,0.0
বেহুদা,0.0,0.0,0.0
pouche,0.0,0.0,0.0
কষ্টটা,0.0,0.0,0.0
motamuty,0.0,0.0,0.0
mnt,0.0,0.0,0.0
lipgloss,0.0,0.0,0.0
জনি,0.0,0.0,0.0
potter,0.0,0.0,0.0
গিছে,0.0,0.0,0.0
শেলাই,0.0,0.0,0.0
palem,0.0,0.0,0.0
ক্রাচ,0.0,0.0,0.0
সহকর্মী,0.0,0.0,0.0
পরিছন্ন,0.0,0.0,0.0
উচ্চমানের,0.0,0.0,0.0
moisturizes,0.0,0.0,0.0
সাজেস্টেড,0.0,0.0,0.0
checilam,0.0,0.0,0.0
আতোর,0.0,0.0,0.0
মাখা২৬,0.0,0.0,0.0
পারুন,0.0,0.0,0.0
toddler,0.0,0.0,0.0
kung,0.0,0.0,0.0
কমার,0.0,0.0,0.0
onekbar,0.0,0.0,0.0
প্রিন্টও,0.0,0.0,0.0
৪০০০,0.0,0.0,0.0
bull,0.0,0.0,0.0
organised,0.0,0.0,0.0
useing,0.0,0.0,0.0
baro,0.0,0.0,0.0
membrane,0.0,0.0,0.0
বাংলাবাজারে,0.0,0.0,0.0
অপরূপ,0.0,0.0,0.0
ঠেইলা,0.0,0.0,0.0
বদলায়,0.0,0.0,0.0
বোলটা,0.0,0.0,0.0
টেন্ডারনেস,0.0,0.0,0.0
oli,0.0,0.0,0.0
paisii,0.0,0.0,0.0
স্টেন,0.0,0.0,0.0
অন্যদেরকে,0.0,0.0,0.0
merico,0.0,0.0,0.0
গুনমান,0.0,0.0,0.0
ojoggo,0.0,0.0,0.0
হিন্দি,0.0,0.0,0.0
মাখলে,0.0,0.0,0.0
মাম্মা,0.0,0.0,0.0
nutshell,0.0,0.0,0.0
বিবাহ,0.0,0.0,0.0
onlytaste,0.0,0.0,0.0
কনফিউজ,0.0,0.0,0.0
ইউসড,0.0,0.0,0.0
yhe,0.0,0.0,0.0
obosthai,0.0,0.0,0.0
ধইরা,0.0,0.0,0.0
oise,0.0,0.0,0.0
ঢাল,0.0,0.0,0.0
sheitai,0.0,0.0,0.0
বুজতেছি,0.0,0.0,0.0
sanitizers,0.0,0.0,0.0
bound,0.0,0.0,0.0
tighter,0.0,0.0,0.0
প্রয়জন,0.0,0.0,0.0
shah,0.0,0.0,0.0
এতোটাও,0.0,0.0,0.0
তুলনাহীন,0.0,0.0,0.0
দারাযে,0.0,0.0,0.0
দিচ্চি,0.0,0.0,0.0
iub,0.0,0.0,0.0
worthwhile,0.0,0.0,0.0
দুরান্ত,0.0,0.0,0.0
গন্ধই,0.0,0.0,0.0
packating,0.0,0.0,0.0
distributed,0.0,0.0,0.0
arektar,0.0,0.0,0.0
pale,0.0,0.0,0.0
differences,0.0,0.0,0.0
ভরেই,0.0,0.0,0.0
আতরটির,0.0,0.0,0.0
দৃষ্টিনন্দন,0.0,0.0,0.0
উৎপাত,0.0,0.0,0.0
মোক্ষম,0.0,0.0,0.0
চিৎকার,0.0,0.0,0.0
মালাটা,0.0,0.0,0.0
৯৬৫,0.0,0.0,0.0
aschi,0.0,0.0,0.0
স্বার্থে,0.0,0.0,0.0
hoyegese,0.0,0.0,0.0
হাতটা,0.0,0.0,0.0
sipping,0.0,0.0,0.0
এওয়ে,0.0,0.0,0.0
det,0.0,0.0,0.0
alhamdulilha,0.0,0.0,0.0
কাচ্চিই,0.0,0.0,0.0
জানবেন,0.0,0.0,0.0
bst,0.0,0.0,0.0
তারিখও,0.0,0.0,0.0
beverages,0.0,0.0,0.0
ster,0.0,0.0,0.0
client,0.0,0.0,0.0
kamne,0.0,0.0,0.0
বতল,0.0,0.0,0.0
golapi,0.0,0.0,0.0
organize,0.0,0.0,0.0
atmos,0.0,0.0,0.0
straws,0.0,0.0,0.0
আনাগোনা,0.0,0.0,0.0
83,0.0,0.0,0.0
লোকেশানঃ,0.0,0.0,0.0
eggs,0.0,0.0,0.0
customise,0.0,0.0,0.0
গড়া,0.0,0.0,0.0
sundo,0.0,0.0,0.0
puron,0.0,0.0,0.0
favourites,0.0,0.0,0.0
ক্যাপসিকামের,0.0,0.0,0.0
ইটালিয়ানো,0.0,0.0,0.0
ওয়াসার,0.0,0.0,0.0
কালশি,0.0,0.0,0.0
বলতাছে,0.0,0.0,0.0
পরিমানেই,0.0,0.0,0.0
জামেউল,0.0,0.0,0.0
রান্নাঘরের,0.0,0.0,0.0
bhabei,0.0,0.0,0.0
স্বুস্বাদু,0.0,0.0,0.0
করলামঃ,0.0,0.0,0.0
nostalgia,0.0,0.0,0.0
lied,0.0,0.0,0.0
পড়তেই,0.0,0.0,0.0
কার্ল,0.0,0.0,0.0
ঘুড়িটা,0.0,0.0,0.0
বিশ্বরোড,0.0,0.0,0.0
আমির,0.0,0.0,0.0
প্রসিদ্ধ,0.0,0.0,0.0
whiteheads,0.0,0.0,0.0
amari,0.0,0.0,0.0
বসালে,0.0,0.0,0.0
হিটিং,0.0,0.0,0.0
delightprice,0.0,0.0,0.0
পাঠিয়েছিলাম,0.0,0.0,0.0
বাসনা,0.0,0.0,0.0
চাইবো,0.0,0.0,0.0
প্যাকেজিংসহ,0.0,0.0,0.0
পারেব,0.0,0.0,0.0
onner,0.0,0.0,0.0
ক্লাম,0.0,0.0,0.0
mansommoto,0.0,0.0,0.0
crash,0.0,0.0,0.0
আলহামদলিল্লাহ,0.0,0.0,0.0
rakom,0.0,0.0,0.0
ধুম,0.0,0.0,0.0
kc,0.0,0.0,0.0
bujta,0.0,0.0,0.0
dekay,0.0,0.0,0.0
বেগুনের,0.0,0.0,0.0
maange,0.0,0.0,0.0
chowrasta,0.0,0.0,0.0
আরেকটাতে,0.0,0.0,0.0
লকের,0.0,0.0,0.0
thanksss,0.0,0.0,0.0
laganur,0.0,0.0,0.0
quest,0.0,0.0,0.0
প্রাপ্তি,0.0,0.0,0.0
শপটি,0.0,0.0,0.0
wiring,0.0,0.0,0.0
goodness,0.0,0.0,0.0
আত্মীয়,0.0,0.0,0.0
producy,0.0,0.0,0.0
kolahol,0.0,0.0,0.0
ওয়ালপেপার,0.0,0.0,0.0
সেকেন্ডারি,0.0,0.0,0.0
akhoni,0.0,0.0,0.0
demra,0.0,0.0,0.0
খিলগাওয়ে,0.0,0.0,0.0
নোটিশ,0.0,0.0,0.0
eishob,0.0,0.0,0.0
844391,0.0,0.0,0.0
steady,0.0,0.0,0.0
meterial,0.0,0.0,0.0
alhamdhulillah,0.0,0.0,0.0
felci,0.0,0.0,0.0
cheshta,0.0,0.0,0.0
ঘুরেও,0.0,0.0,0.0
শুনুন,0.0,0.0,0.0
নিয়েছিলা,0.0,0.0,0.0
basbousa,0.0,0.0,0.0
jukto,0.0,0.0,0.0
সাধারণভাবে,0.0,0.0,0.0
বনে,0.0,0.0,0.0
crucial,0.0,0.0,0.0
প্রতারকদের,0.0,0.0,0.0
fist,0.0,0.0,0.0
trancend,0.0,0.0,0.0
তেতো,0.0,0.0,0.0
bujhina,0.0,0.0,0.0
চিজও,0.0,0.0,0.0
tears,0.0,0.0,0.0
agao,0.0,0.0,0.0
অনুপযুক্ত,0.0,0.0,0.0
এলুমিনিয়ামের,0.0,0.0,0.0
খস,0.0,0.0,0.0
vabinai,0.0,0.0,0.0
আচরনও,0.0,0.0,0.0
nao,0.0,0.0,0.0
janate,0.0,0.0,0.0
prior,0.0,0.0,0.0
aktha,0.0,0.0,0.0
appeared,0.0,0.0,0.0
আনাদের,0.0,0.0,0.0
attars,0.0,0.0,0.0
rigs,0.0,0.0,0.0
কাজিনদের,0.0,0.0,0.0
চির,0.0,0.0,0.0
এ্যাভিলেবল,0.0,0.0,0.0
properties,0.0,0.0,0.0
shobcheye,0.0,0.0,0.0
বেশীর,0.0,0.0,0.0
সেকশনটা,0.0,0.0,0.0
koikdin,0.0,0.0,0.0
ছুয়ে,0.0,0.0,0.0
ditei,0.0,0.0,0.0
পাইতেছি,0.0,0.0,0.0
reorder,0.0,0.0,0.0
2028,0.0,0.0,0.0
প্রতিপিস,0.0,0.0,0.0
কতে,0.0,0.0,0.0
matcha,0.0,0.0,0.0
ওনারে,0.0,0.0,0.0
gopro,0.0,0.0,0.0
স্টেশনে,0.0,0.0,0.0
বুঝছেন,0.0,0.0,0.0
যতদুর,0.0,0.0,0.0
দ্বিতীয়টা,0.0,0.0,0.0
এটাকি,0.0,0.0,0.0
ডুব,0.0,0.0,0.0
kisher,0.0,0.0,0.0
খাইছেন,0.0,0.0,0.0
kacher,0.0,0.0,0.0
জোস্,0.0,0.0,0.0
neasi,0.0,0.0,0.0
cupsicum,0.0,0.0,0.0
exposed,0.0,0.0,0.0
রাং,0.0,0.0,0.0
khaini,0.0,0.0,0.0
৬৮৯,0.0,0.0,0.0
সাজা,0.0,0.0,0.0
sellerk,0.0,0.0,0.0
স্তুপ,0.0,0.0,0.0
ম্যানুতে,0.0,0.0,0.0
তুফান,0.0,0.0,0.0
গ্রাম্য,0.0,0.0,0.0
সুফল,0.0,0.0,0.0
jokon,0.0,0.0,0.0
হুমম,0.0,0.0,0.0
বুলু,0.0,0.0,0.0
miniso,0.0,0.0,0.0
রানা,0.0,0.0,0.0
পুর্ব,0.0,0.0,0.0
handbags,0.0,0.0,0.0
চুলও,0.0,0.0,0.0
overally,0.0,0.0,0.0
california,0.0,0.0,0.0
nilkhet,0.0,0.0,0.0
hoop,0.0,0.0,0.0
element,0.0,0.0,0.0
মাশরুমে,0.0,0.0,0.0
pichi,0.0,0.0,0.0
bair,0.0,0.0,0.0
এক্স্যাক্ট,0.0,0.0,0.0
চৌরাস্তায়,0.0,0.0,0.0
kokhn,0.0,0.0,0.0
raikhen,0.0,0.0,0.0
attto,0.0,0.0,0.0
math,0.0,0.0,0.0
ফাকিবাজি,0.0,0.0,0.0
সার্টিফাইড,0.0,0.0,0.0
শাখাতেই,0.0,0.0,0.0
অনেক্ক্ষণ,0.0,0.0,0.0
২২৭,0.0,0.0,0.0
airflow,0.0,0.0,0.0
কানাচে,0.0,0.0,0.0
গর্ত,0.0,0.0,0.0
prince,0.0,0.0,0.0
ধরানো,0.0,0.0,0.0
ওভারব্রিজ,0.0,0.0,0.0
ভর্তা৬,0.0,0.0,0.0
হারবালস,0.0,0.0,0.0
বাকীগুলো,0.0,0.0,0.0
কুচকে,0.0,0.0,0.0
খাটে,0.0,0.0,0.0
jothestho,0.0,0.0,0.0
দাগের,0.0,0.0,0.0
ব্যেবহার,0.0,0.0,0.0
বিলে,0.0,0.0,0.0
একলাই,0.0,0.0,0.0
onupate,0.0,0.0,0.0
ডিশওয়াশ,0.0,0.0,0.0
bummer,0.0,0.0,0.0
কইল,0.0,0.0,0.0
দেখাচ্ছেন,0.0,0.0,0.0
এডাপ্টর,0.0,0.0,0.0
চটকদার,0.0,0.0,0.0
bhari,0.0,0.0,0.0
খুজতেছেন,0.0,0.0,0.0
গেস,0.0,0.0,0.0
বোরহানিতে,0.0,0.0,0.0
pepparoni,0.0,0.0,0.0
পাগলামি,0.0,0.0,0.0
১০দই,0.0,0.0,0.0
305,0.0,0.0,0.0
আগামাসিহ,0.0,0.0,0.0
সেটমেন্যু,0.0,0.0,0.0
কস্টিপ,0.0,0.0,0.0
থার্মাল,0.0,0.0,0.0
community,0.0,0.0,0.0
বিক্রমপুর,0.0,0.0,0.0
একিরকম,0.0,0.0,0.0
region,0.0,0.0,0.0
পৃষ্ঠাগুলো,0.0,0.0,0.0
unbelievably,0.0,0.0,0.0
dilivery,0.0,0.0,0.0
ভাউচারসহ,0.0,0.0,0.0
lowered,0.0,0.0,0.0
জলদিই,0.0,0.0,0.0
পিসনাগা,0.0,0.0,0.0
অরগানিক,0.0,0.0,0.0
ইসলামপুর,0.0,0.0,0.0
angles,0.0,0.0,0.0
যাবি,0.0,0.0,0.0
koken,0.0,0.0,0.0
decci,0.0,0.0,0.0
externally,0.0,0.0,0.0
gol,0.0,0.0,0.0
kapore,0.0,0.0,0.0
parteci,0.0,0.0,0.0
স্বত্বেও,0.0,0.0,0.0
পারমেসান,0.0,0.0,0.0
ue,0.0,0.0,0.0
tolerable,0.0,0.0,0.0
chashi,0.0,0.0,0.0
komeche,0.0,0.0,0.0
পট্টির,0.0,0.0,0.0
havit,0.0,0.0,0.0
অর্ধেকই,0.0,0.0,0.0
তেম,0.0,0.0,0.0
shy,0.0,0.0,0.0
দেম,0.0,0.0,0.0
দুইটির,0.0,0.0,0.0
energypac,0.0,0.0,0.0
পণ্যটিই,0.0,0.0,0.0
টকায়,0.0,0.0,0.0
chironi,0.0,0.0,0.0
র্ভিস,0.0,0.0,0.0
বিসমিল্লাহর,0.0,0.0,0.0
avarege,0.0,0.0,0.0
introducing,0.0,0.0,0.0
হাবের,0.0,0.0,0.0
জেনেছিলাম,0.0,0.0,0.0
টোকিও,0.0,0.0,0.0
তিব্বত,0.0,0.0,0.0
lies,0.0,0.0,0.0
bootleg,0.0,0.0,0.0
নাচানাচি,0.0,0.0,0.0
ফোটো,0.0,0.0,0.0
টেম্পারেচার,0.0,0.0,0.0
প্যকেটিং,0.0,0.0,0.0
রকমেরই,0.0,0.0,0.0
হিউমিডিফায়ার,0.0,0.0,0.0
porzonto,0.0,0.0,0.0
পোর্টেবল,0.0,0.0,0.0
producing,0.0,0.0,0.0
ero,0.0,0.0,0.0
graded,0.0,0.0,0.0
promt,0.0,0.0,0.0
ashena,0.0,0.0,0.0
okh,0.0,0.0,0.0
capor,0.0,0.0,0.0
hulk,0.0,0.0,0.0
লাগতেই,0.0,0.0,0.0
ঝাজালো,0.0,0.0,0.0
৭৯৯টাকা,0.0,0.0,0.0
cchilo,0.0,0.0,0.0
পর্জন্ত,0.0,0.0,0.0
অারও,0.0,0.0,0.0
দাঁড়ানো,0.0,0.0,0.0
বাইকারদের,0.0,0.0,0.0
হয়লে,0.0,0.0,0.0
কয়বার,0.0,0.0,0.0
upsetting,0.0,0.0,0.0
ভিক্টোরিয়া,0.0,0.0,0.0
পানিপুরিঃ,0.0,0.0,0.0
মারাত্নক,0.0,0.0,0.0
টিপটপ,0.0,0.0,0.0
আবহাওয়াতে,0.0,0.0,0.0
ছিলি,0.0,0.0,0.0
cashless,0.0,0.0,0.0
সদরে,0.0,0.0,0.0
wk,0.0,0.0,0.0
kraken,0.0,0.0,0.0
ফেবুতে,0.0,0.0,0.0
karp,0.0,0.0,0.0
বলদ,0.0,0.0,0.0
মুদি,0.0,0.0,0.0
withstand,0.0,0.0,0.0
tawo,0.0,0.0,0.0
টকা,0.0,0.0,0.0
১০ফুড,0.0,0.0,0.0
operated,0.0,0.0,0.0
idiot,0.0,0.0,0.0
সুষ্ঠু,0.0,0.0,0.0
গুড্ডি,0.0,0.0,0.0
426,0.0,0.0,0.0
নিজাম,0.0,0.0,0.0
গুড়াটা,0.0,0.0,0.0
সারাদিনের,0.0,0.0,0.0
mounted,0.0,0.0,0.0
pbt,0.0,0.0,0.0
asca,0.0,0.0,0.0
gayeb,0.0,0.0,0.0
pleasent,0.0,0.0,0.0
multipurpose,0.0,0.0,0.0
স্কীন,0.0,0.0,0.0
আন্তরিকতায়,0.0,0.0,0.0
voltmeter,0.0,0.0,0.0
স্ট্রবেরির,0.0,0.0,0.0
সমপরিমাণ,0.0,0.0,0.0
sport,0.0,0.0,0.0
পানিঃ,0.0,0.0,0.0
enjoyable,0.0,0.0,0.0
hubby,0.0,0.0,0.0
মেনুটি,0.0,0.0,0.0
geca,0.0,0.0,0.0
নরমও,0.0,0.0,0.0
রেডেক্সের,0.0,0.0,0.0
স্বত্তেও,0.0,0.0,0.0
পল্লীমা,0.0,0.0,0.0
res,0.0,0.0,0.0
নস্টালজিক,0.0,0.0,0.0
dhorar,0.0,0.0,0.0
beshikhon,0.0,0.0,0.0
costume,0.0,0.0,0.0
singapore,0.0,0.0,0.0
অন্ততপক্ষে,0.0,0.0,0.0
চেয়,0.0,0.0,0.0
regulation,0.0,0.0,0.0
ভারো,0.0,0.0,0.0
রাম,0.0,0.0,0.0
নরমালই,0.0,0.0,0.0
hazy,0.0,0.0,0.0
hotinga,0.0,0.0,0.0
495,0.0,0.0,0.0
অমানুষ,0.0,0.0,0.0
দেখিনা,0.0,0.0,0.0
বোরিং,0.0,0.0,0.0
আগষ্ট,0.0,0.0,0.0
অরজিনালটা,0.0,0.0,0.0
আইফোনে,0.0,0.0,0.0
vale,0.0,0.0,0.0
pacakaging,0.0,0.0,0.0
লেমনের,0.0,0.0,0.0
sultani,0.0,0.0,0.0
দুয়েক,0.0,0.0,0.0
মেকাপ,0.0,0.0,0.0
বড্ড,0.0,0.0,0.0
foams,0.0,0.0,0.0
ের,0.0,0.0,0.0
সাকুরা,0.0,0.0,0.0
টুকুই,0.0,0.0,0.0
hisave,0.0,0.0,0.0
কয়ালেটি,0.0,0.0,0.0
বিদ্যুত,0.0,0.0,0.0
textured,0.0,0.0,0.0
এক্সক্লুসিভ,0.0,0.0,0.0
রাউডার,0.0,0.0,0.0
শোনেন,0.0,0.0,0.0
নিখুঁতভাবে,0.0,0.0,0.0
কাজগুলো,0.0,0.0,0.0
coper,0.0,0.0,0.0
nung,0.0,0.0,0.0
safron,0.0,0.0,0.0
neon,0.0,0.0,0.0
লেগপিস,0.0,0.0,0.0
জাম্বো,0.0,0.0,0.0
dispointed,0.0,0.0,0.0
স্যাম্পুর,0.0,0.0,0.0
স্বাধের,0.0,0.0,0.0
গুনগুন,0.0,0.0,0.0
দ্যাট,0.0,0.0,0.0
ফেভ,0.0,0.0,0.0
gpod,0.0,0.0,0.0
bhojon,-0.051376352333993465,0.0,0.0
vattaste,0.0,0.0,0.0
niceeee,0.0,0.0,0.0
সম্যসা,0.0,0.0,0.0
ধরায়া,0.0,0.0,0.0
pordin,0.0,0.0,0.0
ইংরেজিতে,0.0,0.0,0.0
যেগুলোতে,0.0,0.0,0.0
pono,0.0,0.0,0.0
ভেতরেই,0.0,0.0,0.0
কমমূল্যে,0.0,0.0,0.0
নগণ্য,0.0,0.0,0.0
beneficial,0.0,0.0,0.0
shatmasjid,0.0,0.0,0.0
বক্সটাও,0.0,0.0,0.0
pizzaclub,0.0,0.0,0.0
owners,0.0,0.0,0.0
435,0.0,0.0,0.0
কলামগুলো,0.0,0.0,0.0
এরকমটাই,0.0,0.0,0.0
দরদাম,0.0,0.0,0.0
প্রোপার,0.0,0.0,0.0
ধোয়াতে,0.0,0.0,0.0
লাগাইলাম,0.0,0.0,0.0
dakhsi,0.0,0.0,0.0
138,0.0,0.0,0.0
shifting,0.0,0.0,0.0
wetness,0.0,0.0,0.0
ডাবর,0.0,0.0,0.0
tnqu,0.0,0.0,0.0
পর্যালোচনা,0.0,0.0,0.0
tikmoto,0.0,0.0,0.0
আস্তরন,0.0,0.0,0.0
তরমুজের,0.0,0.0,0.0
গেমে,0.0,0.0,0.0
আশ্রয়,0.0,0.0,0.0
newaz,0.0,0.0,0.0
অর্পা,0.0,0.0,0.0
হাণি,0.0,0.0,0.0
saladprice,0.0,0.0,0.0
kinun,0.0,0.0,0.0
কিটের,0.0,0.0,0.0
obek,0.0,0.0,0.0
oyster,0.0,0.0,0.0
প্লাগের,0.0,0.0,0.0
gosa,0.0,0.0,0.0
সোশ্যাল,0.0,0.0,0.0
গোপীবাগের,0.0,0.0,0.0
স্পার্ক,0.0,0.0,0.0
তুলছে,0.0,0.0,0.0
neme,0.0,0.0,0.0
174,0.0,0.0,0.0
gumagana,0.0,0.0,0.0
ইন্টেরিওরের,0.0,0.0,0.0
ভোলো,0.0,0.0,0.0
hatol,0.0,0.0,0.0
snack,0.0,0.0,0.0
আবিস্কার,0.0,0.0,0.0
মানুষটা,0.0,0.0,0.0
mok,0.0,0.0,0.0
ট্র্যাডিশনাল,0.0,0.0,0.0
boila,0.0,0.0,0.0
kolponar,0.0,0.0,0.0
omni,0.0,0.0,0.0
acara,0.0,0.0,0.0
মাপটা,0.0,0.0,0.0
ethics,0.0,0.0,0.0
samneo,0.0,0.0,0.0
thoksi,0.0,0.0,0.0
এনেই,0.0,0.0,0.0
এখনতো,0.0,0.0,0.0
sanai,0.0,0.0,0.0
thecreamer,0.0,0.0,0.0
ক্ষোভ,0.0,0.0,0.0
ডেলিভারিসহ,0.0,0.0,0.0
niyo,0.0,0.0,0.0
টেস্টেও,0.0,0.0,0.0
কীনা,0.0,0.0,0.0
probe,0.0,0.0,0.0
একসাথেই,0.0,0.0,0.0
conform,0.0,0.0,0.0
কিসে,0.0,0.0,0.0
abul,0.0,0.0,0.0
jut,0.0,0.0,0.0
vhabi,0.0,0.0,0.0
redvelvet,0.0,0.0,0.0
৩০০গ্রাম,0.0,0.0,0.0
ফার্ম,0.0,0.0,0.0
ক্যাশে,0.0,0.0,0.0
jump,0.0,0.0,0.0
মিশেল,0.0,0.0,0.0
খুজি,0.0,0.0,0.0
taaa,0.0,0.0,0.0
chaic,0.0,0.0,0.0
কাঠে,0.0,0.0,0.0
খোলাই,0.0,0.0,0.0
স্মেল্টা,0.0,0.0,0.0
স্বাভাবিকভাবে,0.0,0.0,0.0
hugely,0.0,0.0,0.0
আগ্রহের,0.0,0.0,0.0
লক্ষ্যে,0.0,0.0,0.0
অকারণে,0.0,0.0,0.0
পারবন,0.0,0.0,0.0
pec,0.0,0.0,0.0
ভার্সিটিতে,0.0,0.0,0.0
tamn,0.0,0.0,0.0
meetings,0.0,0.0,0.0
রেকিট,0.0,0.0,0.0
লেবেলের,0.0,0.0,0.0
ক্লিপের,0.0,0.0,0.0
khulei,0.0,0.0,0.0
itches,0.0,0.0,0.0
paa,0.0,0.0,0.0
etho,0.0,0.0,0.0
কচুক্ষেত,0.0,0.0,0.0
wherever,0.0,0.0,0.0
diesen,0.0,0.0,0.0
আলিফ,0.0,0.0,0.0
receives,0.0,0.0,0.0
নিডল,0.0,0.0,0.0
alhamdulillh,0.0,0.0,0.0
পৌছানো,0.0,0.0,0.0
sharak,0.0,0.0,0.0
হোলাম,0.0,0.0,0.0
মুখোমুখি,0.0,0.0,0.0
mosque,0.0,0.0,0.0
ব্যগটা,0.0,0.0,0.0
camo,0.0,0.0,0.0
ঢুকেছিলাম,0.0,0.0,0.0
attending,0.0,0.0,0.0
খোঁচা,0.0,0.0,0.0
পন্যটাই,0.0,0.0,0.0
gulaw,0.0,0.0,0.0
চামরার,0.0,0.0,0.0
guest,0.0,0.0,0.0
দিগুণ,0.0,0.0,0.0
লিকুইডটা,0.0,0.0,0.0
রামপুরাতে,0.0,0.0,0.0
মহিলার,0.0,0.0,0.0
হতাশজনক,0.0,0.0,0.0
899,0.0,0.0,0.0
nanjeera,0.0,0.0,0.0
warning,0.0,0.0,0.0
ঐতিহাসিক,0.0,0.0,0.0
tokai,0.0,0.0,0.0
ক্ষতিকারক,0.0,0.0,0.0
sto,0.0,0.0,0.0
bolecilam,0.0,0.0,0.0
tew,0.0,0.0,0.0
সরোবরের,0.0,0.0,0.0
সর্দি,0.0,0.0,0.0
মটামুটি,0.0,0.0,0.0
যানে,0.0,0.0,0.0
ফ্রোজেন,0.0,0.0,0.0
db,0.0,0.0,0.0
খু্বই,0.0,0.0,0.0
dicilo,0.0,0.0,0.0
গাই,0.0,0.0,0.0
থেইকা,0.0,0.0,0.0
poisa,0.0,0.0,0.0
motors,0.0,0.0,0.0
gosol,0.0,0.0,0.0
opokar,0.0,0.0,0.0
jachai,0.0,0.0,0.0
cesta,0.0,0.0,0.0
পরছিল,0.0,0.0,0.0
বেরিয়েছিলাম,0.0,0.0,0.0
সেটিস্ফাই,0.0,0.0,0.0
intel,0.0,0.0,0.0
ডিজার্ভ,0.0,0.0,0.0
১৪৫০,0.0,0.0,0.0
দানের,0.0,0.0,0.0
সেলারঃ,0.0,0.0,0.0
ততক্ষনে,0.0,0.0,0.0
dilevery,0.0,0.0,0.0
gulay,0.0,0.0,0.0
naice,0.0,0.0,0.0
dissen,0.0,0.0,0.0
war,0.0,0.0,0.0
pencils,0.0,0.0,0.0
পাড়ের,0.0,0.0,0.0
আউটার,0.0,0.0,0.0
ওয়েজেসঃ,0.0,0.0,0.0
কনভার্ট,0.0,0.0,0.0
১৬৫০,0.0,0.0,0.0
ফর্ম,0.0,0.0,0.0
performed,0.0,0.0,0.0
পিপড়া,0.0,0.0,0.0
camra,0.0,0.0,0.0
গরমও,0.0,0.0,0.0
চারদিনের,0.0,0.0,0.0
availed,0.0,0.0,0.0
চিপেস্ট,0.0,0.0,0.0
friesprice,0.0,0.0,0.0
সেটটি,0.0,0.0,0.0
watched,0.0,0.0,0.0
bujhtesi,0.0,0.0,0.0
untill,0.0,0.0,0.0
স্পে,0.0,0.0,0.0
দেখালে,0.0,0.0,0.0
সাগরে,0.0,0.0,0.0
বিচারে,0.0,0.0,0.0
ধারাজের,0.0,0.0,0.0
besii,0.0,0.0,0.0
সাইজই,0.0,0.0,0.0
emails,0.0,0.0,0.0
ভেতরই,0.0,0.0,0.0
টাকাযা,0.0,0.0,0.0
kaporar,0.0,0.0,0.0
274,0.0,0.0,0.0
এগোতেই,0.0,0.0,0.0
করনিয়,0.0,0.0,0.0
timeframe,0.0,0.0,0.0
অফের,0.0,0.0,0.0
মোহনীয়,0.0,0.0,0.0
রাপিং,0.0,0.0,0.0
draze,0.0,0.0,0.0
কিভা,0.0,0.0,0.0
bs,0.0,0.0,0.0
invalid,0.0,0.0,0.0
cheeper,0.0,0.0,0.0
কুচির,0.0,0.0,0.0
প্রোমোশনাল,0.0,0.0,0.0
searched,0.0,0.0,0.0
bhuja,0.0,0.0,0.0
দরাজে,0.0,0.0,0.0
ব্যপক,0.0,0.0,0.0
পোরা,0.0,0.0,0.0
ভেজটেবল,0.0,0.0,0.0
circulation,0.0,0.0,0.0
ভর্তা৭,0.0,0.0,0.0
আলোচনার,0.0,0.0,0.0
দেওযার,0.0,0.0,0.0
মেনেই,0.0,0.0,0.0
mutamute,0.0,0.0,0.0
proves,0.0,0.0,0.0
ব্যভার,0.0,0.0,0.0
অবশ,0.0,0.0,0.0
কবারটা,0.0,0.0,0.0
দিতাছে,0.0,0.0,0.0
instructed,0.0,0.0,0.0
সিরামিক,0.0,0.0,0.0
hoax,0.0,0.0,0.0
agami,0.0,0.0,0.0
cillo,0.0,0.0,0.0
৩২৮,0.0,0.0,0.0
এড়ানো,0.0,0.0,0.0
হোল্ডারের,0.0,0.0,0.0
ডেলিভ্যারি,0.0,0.0,0.0
হাটলে,0.0,0.0,0.0
motamoty,0.0,0.0,0.0
৬২৫,0.0,0.0,0.0
kana,0.0,0.0,0.0
inquiry,0.0,0.0,0.0
কস্টিং,0.0,0.0,0.0
জাগার,0.0,0.0,0.0
nitya,0.0,0.0,0.0
বসবে,0.0,0.0,0.0
শরিফ,0.0,0.0,0.0
bathing,0.0,0.0,0.0
dekhailo,0.0,0.0,0.0
১২টার,0.0,0.0,0.0
দুজনকে,0.0,0.0,0.0
vako,0.0,0.0,0.0
vorti,0.0,0.0,0.0
exceeds,0.0,0.0,0.0
চাবেন,0.0,0.0,0.0
bihari,0.0,0.0,0.0
কাটল,0.0,0.0,0.0
ভরছে,0.0,0.0,0.0
৩৬৪,0.0,0.0,0.0
নিয়েছিলামচিকেন,0.0,0.0,0.0
নন্দন,0.0,0.0,0.0
wraped,0.0,0.0,0.0
পস্তাইবেন,0.0,0.0,0.0
mixing,0.0,0.0,0.0
খির,0.0,0.0,0.0
জানতামই,0.0,0.0,0.0
কালোটার,0.0,0.0,0.0
শিশির,0.0,0.0,0.0
আধাঘন্টা,0.0,0.0,0.0
scrap,0.0,0.0,0.0
miscommunication,0.0,0.0,0.0
pole,0.0,0.0,0.0
dekbo,0.0,0.0,0.0
korasi,0.0,0.0,0.0
tighten,0.0,0.0,0.0
লাইটার,0.0,0.0,0.0
ফাপা,0.0,0.0,0.0
জণ্য,0.0,0.0,0.0
প্লেসটি,0.0,0.0,0.0
oirokomi,0.0,0.0,0.0
ইম্পর্টেন্ট,0.0,0.0,0.0
jabey,0.0,0.0,0.0
সারাক্ষন,0.0,0.0,0.0
নোটঃ,0.0,0.0,0.0
peyesilam,0.0,0.0,0.0
marle,0.0,0.0,0.0
সেতো,0.0,0.0,0.0
preparation,0.0,0.0,0.0
হয়নায়,0.0,0.0,0.0
ইলাস্টিসিটি,0.0,0.0,0.0
chehara,0.0,0.0,0.0
শ্রদ্ধা,0.0,0.0,0.0
205,0.0,0.0,0.0
dhokabazi,0.0,0.0,0.0
খিচুরী৪২,0.0,0.0,0.0
ওগুলার,0.0,0.0,0.0
valomaner,0.0,0.0,0.0
কোয়ালিটি৷,0.0,0.0,0.0
attracted,0.0,0.0,0.0
nami,0.0,0.0,0.0
ashamed,0.0,0.0,0.0
রাবারি,0.0,0.0,0.0
মামারা,0.0,0.0,0.0
screech,0.0,0.0,0.0
১৬৮,0.0,0.0,0.0
এপেলের,0.0,0.0,0.0
ইজ্জত,0.0,0.0,0.0
স্বাস্থ,0.0,0.0,0.0
কলমই,0.0,0.0,0.0
এক্সল,0.0,0.0,0.0
এলসিডি,0.0,0.0,0.0
pathabo,0.0,0.0,0.0
নিমতলির,0.0,0.0,0.0
porichito,0.0,0.0,0.0
আকর্ষিত,0.0,0.0,0.0
hoisee,0.0,0.0,0.0
laccha,0.0,0.0,0.0
vasha,0.0,0.0,0.0
boxta,0.0,0.0,0.0
sandwiches,0.0,0.0,0.0
উপার্জন,0.0,0.0,0.0
milaya,0.0,0.0,0.0
hated,0.0,0.0,0.0
পাবলিকের,0.0,0.0,0.0
বাচ্ছারা,0.0,0.0,0.0
pyaterochka,0.0,0.0,0.0
বর্ষার,0.0,0.0,0.0
মাখি,0.0,0.0,0.0
কাচ্চিদামঃ,0.0,0.0,0.0
আলোতেও,0.0,0.0,0.0
brinjal,0.0,0.0,0.0
infrared,0.0,0.0,0.0
biskut,0.0,0.0,0.0
বালাই,0.0,0.0,0.0
ruin,0.0,0.0,0.0
flies,0.0,0.0,0.0
jetai,0.0,0.0,0.0
জসিমের,0.0,0.0,0.0
dewai,0.0,0.0,0.0
pocture,0.0,0.0,0.0
মেলামাইন,0.0,0.0,0.0
cayeci,0.0,0.0,0.0
rx,0.0,0.0,0.0
peach,0.0,0.0,0.0
একদাম,0.0,0.0,0.0
bhablam,0.0,0.0,0.0
সোহরয়ার্দী,0.0,0.0,0.0
ব্লেট,0.0,0.0,0.0
মন্দিরের,0.0,0.0,0.0
porjapto,0.0,0.0,0.0
rakhlen,0.0,0.0,0.0
পাস্তাটাও,0.0,0.0,0.0
কফিটার,0.0,0.0,0.0
kothi,0.0,0.0,0.0
উত্তীর্নের,0.0,0.0,0.0
americana,0.0,0.0,0.0
coco,0.0,0.0,0.0
atka,0.0,0.0,0.0
ইম্প্রুভমেন্ট,0.0,0.0,0.0
somadan,0.0,0.0,0.0
হঠাৎই,0.0,0.0,0.0
২৩৪,0.0,0.0,0.0
bikas,0.0,0.0,0.0
cepat,0.0,0.0,0.0
aligned,0.0,0.0,0.0
sandwichprice,0.0,0.0,0.0
bird,0.0,0.0,0.0
রিক,0.0,0.0,0.0
কেরে,0.0,0.0,0.0
ট্রিমারে,0.0,0.0,0.0
কুকুরের,0.0,0.0,0.0
টোল,0.0,0.0,0.0
পতারিত,0.0,0.0,0.0
মেঘের,0.0,0.0,0.0
separated,0.0,0.0,0.0
uptan,0.0,0.0,0.0
ফালুদাঃ,0.0,0.0,0.0
সেলাও,0.0,0.0,0.0
niyaci,0.0,0.0,0.0
চালালেও,0.0,0.0,0.0
ভর্তা৪,0.0,0.0,0.0
guyz,0.0,0.0,0.0
ছোটর,0.0,0.0,0.0
এশ,0.0,0.0,0.0
য়েল,0.0,0.0,0.0
অবহেলার,0.0,0.0,0.0
কপড়ের,0.0,0.0,0.0
তান্দুরির,0.0,0.0,0.0
raja,0.0,0.0,0.0
হাজিপাড়া,0.0,0.0,0.0
foodtourbangladesh,0.0,0.0,0.0
trimer,0.0,0.0,0.0
পরিপূর্ণভাবে,0.0,0.0,0.0
বানাবো,0.0,0.0,0.0
paradise,0.0,0.0,0.0
ডুয়াল,0.0,0.0,0.0
gta,0.0,0.0,0.0
travels,0.0,0.0,0.0
নিতেছে,0.0,0.0,0.0
নস্টো,0.0,0.0,0.0
দেউরী,0.0,0.0,0.0
trading,0.0,0.0,0.0
mindblowing,0.0,0.0,0.0
মেয়াদে,0.0,0.0,0.0
রগের,0.0,0.0,0.0
সম্পূর্ণটাই,0.0,0.0,0.0
এক্সারসাইজ,0.0,0.0,0.0
shoby,0.0,0.0,0.0
setaw,0.0,0.0,0.0
ফুডঃ,0.0,0.0,0.0
সেলাইয়ে,0.0,0.0,0.0
ব্রার,0.0,0.0,0.0
aim,0.0,0.0,0.0
mathar,0.0,0.0,0.0
স্পিডটা,0.0,0.0,0.0
সৈয়দ,0.0,0.0,0.0
আলোই,0.0,0.0,0.0
chiloh,0.0,0.0,0.0
কার্পন্য,0.0,0.0,0.0
চা৬৩,0.0,0.0,0.0
alice,0.0,0.0,0.0
koral,0.0,0.0,0.0
টোনারটি,0.0,0.0,0.0
৩৬৬,0.0,0.0,0.0
বাঁধাই,0.0,0.0,0.0
কাতারে,0.0,0.0,0.0
nica,0.0,0.0,0.0
মিঃ,0.0,0.0,0.0
oreder,0.0,0.0,0.0
জাযাকুমুল্লাহ,0.0,0.0,0.0
নিম্ম,0.0,0.0,0.0
paicilam,0.0,0.0,0.0
উড়িয়ে,0.0,0.0,0.0
লুমিনাস,0.0,0.0,0.0
আল্প,0.0,0.0,0.0
ওয়েলটা,0.0,0.0,0.0
বনানির,0.0,0.0,0.0
তৃণমূল,0.0,0.0,0.0
ভাবেও,0.0,0.0,0.0
মনেহয়েছে,0.0,0.0,0.0
grift,0.0,0.0,0.0
sotorko,0.0,0.0,0.0
komor,0.0,0.0,0.0
refreshed,0.0,0.0,0.0
uthiye,0.0,0.0,0.0
তিনটায়,0.0,0.0,0.0
রেও,0.0,0.0,0.0
insole,0.0,0.0,0.0
jinisher,0.0,0.0,0.0
অলয়েজ,0.0,0.0,0.0
gripping,0.0,0.0,0.0
শীতাতপ,0.0,0.0,0.0
মার্জনীয়,0.0,0.0,0.0
german,0.0,0.0,0.0
শুনছেন,0.0,0.0,0.0
dots,0.0,0.0,0.0
কার্টটা,0.0,0.0,0.0
peyesii,0.0,0.0,0.0
janapath,0.0,0.0,0.0
pela,0.0,0.0,0.0
sukria,0.0,0.0,0.0
ভেপার,0.0,0.0,0.0
ফেললো,0.0,0.0,0.0
শুটকির,0.0,0.0,0.0
twisted,0.0,0.0,0.0
records,0.0,0.0,0.0
hiseb,0.0,0.0,0.0
peeking,0.0,0.0,0.0
etodin,0.0,0.0,0.0
speech,0.0,0.0,0.0
১৬৬,0.0,0.0,0.0
onto,0.0,0.0,0.0
teenage,0.0,0.0,0.0
arabia,0.0,0.0,0.0
থকথকে,0.0,0.0,0.0
kotak,0.0,0.0,0.0
চেষ্ঠা,0.0,0.0,0.0
দেননাই,0.0,0.0,0.0
পুরটাই,0.0,0.0,0.0
সেলারই,0.0,0.0,0.0
মতান্তরে,0.0,0.0,0.0
terpor,0.0,0.0,0.0
ইন্টরিয়রঃ,0.0,0.0,0.0
বুজিয়ে,0.0,0.0,0.0
margarita,0.0,0.0,0.0
করিয়েন্ডার,0.0,0.0,0.0
gk,0.0,0.0,0.0
ফ্রাইসের,0.0,0.0,0.0
রেস্টুরেন্টটার,0.0,0.0,0.0
dil,0.0,0.0,0.0
ময়লাও,0.0,0.0,0.0
যাহ,0.0,0.0,0.0
idle,0.0,0.0,0.0
মনও,0.0,0.0,0.0
shotik,0.0,0.0,0.0
নৌকায়,0.0,0.0,0.0
বালিকা,0.0,0.0,0.0
loudly,0.0,0.0,0.0
countries,0.0,0.0,0.0
তসবিহ,0.0,0.0,0.0
নমনম,0.0,0.0,0.0
prettyyy,0.0,0.0,0.0
দুঃক্ষিত,0.0,0.0,0.0
rakhci,0.0,0.0,0.0
হাটছিলাম,0.0,0.0,0.0
সবানের,0.0,0.0,0.0
টুইষ্ট,0.0,0.0,0.0
736,0.0,0.0,0.0
ভেজিটেবলে,0.0,0.0,0.0
কোলকাতার,0.0,0.0,0.0
অবস্থাটা,0.0,0.0,0.0
খুদে,0.0,0.0,0.0
oneeeek,0.0,0.0,0.0
সালাদ৮,0.0,0.0,0.0
topics,0.0,0.0,0.0
sing,0.0,0.0,0.0
রাস্তাটা,0.0,0.0,0.0
peyci,0.0,0.0,0.0
অতীতের,0.0,0.0,0.0
chapta,0.0,0.0,0.0
naturale,0.0,0.0,0.0
chintai,0.0,0.0,0.0
বাসিন্দারা,0.0,0.0,0.0
celer,0.0,0.0,0.0
alhamdollilla,0.0,0.0,0.0
সম্পৃক্ত,0.0,0.0,0.0
hotho,0.0,0.0,0.0
bolteci,0.0,0.0,0.0
হয়রান,0.0,0.0,0.0
pillows,0.0,0.0,0.0
নয়নে,0.0,0.0,0.0
barate,0.0,0.0,0.0
river,0.0,0.0,0.0
দায়িত্বের,0.0,0.0,0.0
স্ট্যান্ডার,0.0,0.0,0.0
কোরেছি,0.0,0.0,0.0
অনি,0.0,0.0,0.0
মাতা,0.0,0.0,0.0
বার্গারদাম,0.0,0.0,0.0
কাপরটি,0.0,0.0,0.0
lom,0.0,0.0,0.0
bloosom,0.0,0.0,0.0
প্যেকেজিং,0.0,0.0,0.0
কাচ্চি৫২,0.0,0.0,0.0
দেখচি,0.0,0.0,0.0
polishes,0.0,0.0,0.0
মানান,0.0,0.0,0.0
হাইপের,0.0,0.0,0.0
আশাতীত,0.0,0.0,0.0
cuter,0.0,0.0,0.0
thokaise,0.0,0.0,0.0
পেটিতে,0.0,0.0,0.0
অডা,0.0,0.0,0.0
স্বাদটি,0.0,0.0,0.0
ইন্টেরিয়ার,0.0,0.0,0.0
সীড,0.0,0.0,0.0
oxynote,0.0,0.0,0.0
অধিদপ্তরে,0.0,0.0,0.0
কাঁচামরিচের,0.0,0.0,0.0
পারল,0.0,0.0,0.0
neowa,0.0,0.0,0.0
স্টার্টারে,0.0,0.0,0.0
dakhay,0.0,0.0,0.0
জুইসি,0.0,0.0,0.0
সংবাদ,0.0,0.0,0.0
অপরজন,0.0,0.0,0.0
করচিলাম,0.0,0.0,0.0
ইত্যাদির,0.0,0.0,0.0
রিটেইল,0.0,0.0,0.0
habib,0.0,0.0,0.0
ইমারজেন্সি,0.0,0.0,0.0
regard,0.0,0.0,0.0
বসেনা,0.0,0.0,0.0
shredded,0.0,0.0,0.0
ফুলকপি,0.0,0.0,0.0
প্রসংশা,0.0,0.0,0.0
goodbye,0.0,0.0,0.0
ochit,0.0,0.0,0.0
সামন্য,0.0,0.0,0.0
flamingo,0.0,0.0,0.0
giyechilam,0.0,0.0,0.0
dhur,0.0,0.0,0.0
dental,0.0,0.0,0.0
সঠিকটাই,0.0,0.0,0.0
তেহারিতে,0.0,0.0,0.0
ইচ্চা,0.0,0.0,0.0
rugged,0.0,0.0,0.0
সমানই,0.0,0.0,0.0
তলানিতে,0.0,0.0,0.0
mtoi,0.0,0.0,0.0
arab,0.0,0.0,0.0
নেটটা,0.0,0.0,0.0
burgertaste,0.0,0.0,0.0
হোলসাম,0.0,0.0,0.0
মেরিনেড,0.0,0.0,0.0
ফালুদায়,0.0,0.0,0.0
অযত্নে,0.0,0.0,0.0
চপের,0.0,0.0,0.0
এক্সপেরিয়ান্স,0.0,0.0,0.0
রেফারেন্স,0.0,0.0,0.0
afnara,0.0,0.0,0.0
এস্টিমেট,0.0,0.0,0.0
wave,0.0,0.0,0.0
ঠোঁটের,0.0,0.0,0.0
সরোবর,0.0,0.0,0.0
আসেই,0.0,0.0,0.0
অনেকই,0.0,0.0,0.0
pekeging,0.0,0.0,0.0
plays,0.0,0.0,0.0
ফূড,0.0,0.0,0.0
পাল্টাতে,0.0,0.0,0.0
আপাত,0.0,0.0,0.0
ইন্টেরিওরটা,0.0,0.0,0.0
gului,0.0,0.0,0.0
কমোডে,0.0,0.0,0.0
টাকানান,0.0,0.0,0.0
fifth,0.0,0.0,0.0
secs,0.0,0.0,0.0
পিছ১,0.0,0.0,0.0
পেলুম,0.0,0.0,0.0
burnish,0.0,0.0,0.0
অন্যদিন,0.0,0.0,0.0
শনিবারে,0.0,0.0,0.0
640,0.0,0.0,0.0
dekhaisilo,0.0,0.0,0.0
gachi,0.0,0.0,0.0
টাকাঝাল,0.0,0.0,0.0
১৯৯টাকা,0.0,0.0,0.0
শহিদ,0.0,0.0,0.0
টপিক,0.0,0.0,0.0
নেহারী৬৪,0.0,0.0,0.0
flavorful,0.0,0.0,0.0
sincerely,0.0,0.0,0.0
korlay,0.0,0.0,0.0
khoiron,0.0,0.0,0.0
rekhece,0.0,0.0,0.0
chiting,0.0,0.0,0.0
difficulties,0.0,0.0,0.0
রয়েছেন,0.0,0.0,0.0
ডেইটের,0.0,0.0,0.0
foodiestry,0.0,0.0,0.0
concealer,0.0,0.0,0.0
replying,0.0,0.0,0.0
moddy,0.0,0.0,0.0
zips,0.0,0.0,0.0
রক্ষার,0.0,0.0,0.0
uddin,0.0,0.0,0.0
এম্নিতেই,0.0,0.0,0.0
fluid,0.0,0.0,0.0
নামবিহীন,0.0,0.0,0.0
চেলে,0.0,0.0,0.0
ভর্তা৫,0.0,0.0,0.0
produxt,0.0,0.0,0.0
ব্যাঙ্ক,0.0,0.0,0.0
পেছনেই,0.0,0.0,0.0
bajea,0.0,0.0,0.0
breathing,0.0,0.0,0.0
throttle,0.0,0.0,0.0
thanq,0.0,0.0,0.0
খয়েরী,0.0,0.0,0.0
পরটা৪৭,0.0,0.0,0.0
ইস্পাহানী,0.0,0.0,0.0
সন্তুষ্ট৷,0.0,0.0,0.0
তিব্র,0.0,0.0,0.0
figured,0.0,0.0,0.0
অনুতে,0.0,0.0,0.0
chaye,0.0,0.0,0.0
ক্ষণ,0.0,0.0,0.0
টোমাটো,0.0,0.0,0.0
আদলে,0.0,0.0,0.0
অথেনটিসিটি,0.0,0.0,0.0
ইস্কাটন,0.0,0.0,0.0
আনইজি,0.0,0.0,0.0
miracast,0.0,0.0,0.0
লিখেছিলাম,0.0,0.0,0.0
হাতায়,0.0,0.0,0.0
১২০৭,0.0,0.0,0.0
niceeeee,0.0,0.0,0.0
compatibility,0.0,0.0,0.0
ফিরনীর,0.0,0.0,0.0
বসালাম,0.0,0.0,0.0
মদ্ধ্যে,0.0,0.0,0.0
tham,0.0,0.0,0.0
kreci,0.0,0.0,0.0
খাবারকে,0.0,0.0,0.0
akabara,0.0,0.0,0.0
চৌধুরিপাড়া,0.0,0.0,0.0
toddlers,0.0,0.0,0.0
আধুনিকতার,0.0,0.0,0.0
কার্যকারীতা,0.0,0.0,0.0
আস্হা,0.0,0.0,0.0
তুঙ্গে,0.0,0.0,0.0
চ্যালেন্জ,0.0,0.0,0.0
lebu,0.0,0.0,0.0
kivaba,0.0,0.0,0.0
ভালোলাগা,0.0,0.0,0.0
২সেট,0.0,0.0,0.0
উইদাউট,0.0,0.0,0.0
airports,0.0,0.0,0.0
তেলটার,0.0,0.0,0.0
চিকেন৫,0.0,0.0,0.0
nean,0.0,0.0,0.0
সালাদটাও,0.0,0.0,0.0
দর্শন,0.0,0.0,0.0
উপরই,0.0,0.0,0.0
২টায়,0.0,0.0,0.0
মাটের,0.0,0.0,0.0
মর্ম,0.0,0.0,0.0
ditaci,0.0,0.0,0.0
নয়টার,0.0,0.0,0.0
precisely,0.0,0.0,0.0
crease,0.0,0.0,0.0
jars,0.0,0.0,0.0
synchronized,0.0,0.0,0.0
ভোজলোকেশনঃ,0.0,0.0,0.0
bodo,0.0,0.0,0.0
atkanor,0.0,0.0,0.0
তেহারীও,0.0,0.0,0.0
107,0.0,0.0,0.0
ফলোআপ,0.0,0.0,0.0
দশটি,0.0,0.0,0.0
ভর্তা১১,0.0,0.0,0.0
kenakata,0.0,0.0,0.0
cayla,0.0,0.0,0.0
২টাকার,0.0,0.0,0.0
মুখ্য,0.0,0.0,0.0
দেখেনা,0.0,0.0,0.0
যুক্তিতে,0.0,0.0,0.0
cushioned,0.0,0.0,0.0
hiking,0.0,0.0,0.0
abut,0.0,0.0,0.0
প্লেনেট,0.0,0.0,0.0
প্রফেশনালি,0.0,0.0,0.0
কম্বিনেশান,0.0,0.0,0.0
fram,0.0,0.0,0.0
ইয়োলো,0.0,0.0,0.0
terra,0.0,0.0,0.0
pae,0.0,0.0,0.0
বসছে,0.0,0.0,0.0
dkha,0.0,0.0,0.0
bestie,0.0,0.0,0.0
ট্যাঙ্কের,0.0,0.0,0.0
143,0.0,0.0,0.0
করাইছে,0.0,0.0,0.0
pric,0.0,0.0,0.0
ফরম্যাট,0.0,0.0,0.0
yap,0.0,0.0,0.0
akbr,0.0,0.0,0.0
সাতরং,0.0,0.0,0.0
শরীরকে,0.0,0.0,0.0
nis,0.0,0.0,0.0
fastening,0.0,0.0,0.0
ডেটটা,0.0,0.0,0.0
ultapalta,0.0,0.0,0.0
অন্যটিতে,0.0,0.0,0.0
উৎপত্তি,0.0,0.0,0.0
198,0.0,0.0,0.0
sab,0.0,0.0,0.0
ঝোলটাও,0.0,0.0,0.0
nascafe,0.0,0.0,0.0
lithium,0.0,0.0,0.0
variable,0.0,0.0,0.0
tnz,0.0,0.0,0.0
geshe,0.0,0.0,0.0
এণ্ড,0.0,0.0,0.0
paishi,0.0,0.0,0.0
ancient,0.0,0.0,0.0
একটারও,0.0,0.0,0.0
ল্যাবএইডের,0.0,0.0,0.0
লুইস,0.0,0.0,0.0
যেটির,0.0,0.0,0.0
ফয়সাল,0.0,0.0,0.0
alla,0.0,0.0,0.0
collecting,0.0,0.0,0.0
has_price,0.0,0.0,0.0
has_url,0.0,0.0,0.0
near_duplicate_cluster_size,0.0,0.0,0.0
near_duplicate_similarity,0.0,0.0,0.0
near_duplicate_degree,0.0,0.0,0.0
is_exact_duplicate,0.0,0.0,0.0
exact_dup_cluster_size,0.0,0.0,0.0
other_chars,0.0,0.0,0.0
bengali_chars,0.2262747768993514,0.0,0.0
exclamation_count,0.0,0.0,0.0
mention_count,0.0,0.0,0.0
hashtag_count,0.0,0.0,0.0
price_count,0.0,0.0,0.0
executive,0.0,0.0,0.0
url_count,0.0,0.0,0.0
নিতে,0.0,0.0,0.0
codemix_ratio,0.12561540479631336,0.0,0.0
beke,0.0,0.0,0.0
চারটে,0.0,0.0,0.0
তাদেরই,0.0,0.0,0.0
bout,0.0,0.0,0.0
মালই,0.0,0.0,0.0
সংকট,0.0,0.0,0.0
ise,0.0,0.0,0.0
খাওয়াদাওয়ার,0.0,0.0,0.0
ফাকি,0.0,0.0,0.0
ইমেজ,0.0,0.0,0.0
প্রডাক্ট৷,0.0,0.0,0.0
phone_count,-0.027187400186809214,0.0,0.0
আলহামদুলিল্লাহ,0.0,0.0,0.0
na,-0.054487856739333915,0.0,0.0
অর্ডার,0.0,0.0,0.0
thank,0.0,0.0,0.0
ঠিক,0.0,0.0,0.0
ডেলিভারি,0.0,0.0,0.0
টাকা,0.0,0.0,0.0
so,0.0,0.0,0.0
খুবই,0.0,0.0,0.0
s,0.0,0.0,0.0
দারাজ,0.0,0.0,0.0
nice,0.0,0.0,0.0
ছিলো,0.0,0.0,0.0
product,0.0,0.0,0.0
দাম,0.0,0.0,0.0
সুন্দর,0.0,0.0,0.0
not,0.0,0.0,0.0
delivery,0.0,0.0,0.0
price,0.0,0.0,0.0
আমার,0.0,0.0,0.0
টা,0.0011028613643434763,0.0,0.0
ta,0.0,0.0,0.0
পারেন,0.0,0.0,0.0
প্রোডাক্ট,0.0,0.0,0.0
করে,0.0,0.0,0.0
খুব,0.0,0.0,0.0
পেয়েছি,0.0,0.0,0.0
daraz,0.0,0.0,0.0
সেলার,0.0,0.0,0.0
expirey,0.0,0.0,0.0
khaya,0.0,0.0,0.0
বাঙ্গালিয়ানা,0.0,0.0,0.0
keypad,0.0,0.0,0.0
টানেই,0.0,0.0,0.0
ব্যাবসাকে,0.0,0.0,0.0
hocha,0.0,0.0,0.0
podack,0.0,0.0,0.0
আপগ্রেড,0.0,0.0,0.0
মেন্টেন,0.0,0.0,0.0
মাখানোও,0.0,0.0,0.0
lokera,0.0,0.0,0.0
মসালা,0.0,0.0,0.0
নামেও,0.0,0.0,0.0
বেচেন,0.0,0.0,0.0
পৌছিয়ে,0.0,0.0,0.0
সুনে,0.0,0.0,0.0
তারাহুরো,0.0,0.0,0.0
ballo,0.0,0.0,0.0
আটবে,0.0,0.0,0.0
ভাবায়,0.0,0.0,0.0
mai,0.0,0.0,0.0
cherge,0.0,0.0,0.0
পপুলারের,0.0,0.0,0.0
mojai,0.0,0.0,0.0
জোনও,0.0,0.0,0.0
নিশ্চিনতে,0.0,0.0,0.0
চুকনগরের,0.0,0.0,0.0
হম,0.0,0.0,0.0
01619,0.0,0.0,0.0
নিয়েছিলেন,0.0,0.0,0.0
আধ,0.0,0.0,0.0
নড়বড়,0.0,0.0,0.0
৩টায়,0.0,0.0,0.0
operations,0.0,0.0,0.0
চারা,0.0,0.0,0.0
pey,0.0,0.0,0.0
সসসালাদটেস্টঃ,0.0,0.0,0.0
৩পিচ,0.0,0.0,0.0
egiye,0.0,0.0,0.0
চাষের,0.0,0.0,0.0
ceo,0.0,0.0,0.0
এফেক্ট,0.0,0.0,0.0
eksthe,0.0,0.0,0.0
জানাতেই,0.0,0.0,0.0
oster,0.0,0.0,0.0
dumbells,0.0,0.0,0.0
dakna,0.0,0.0,0.0
অ্যাপের,0.0,0.0,0.0
shuti,0.0,0.0,0.0
বোঝলাম,0.0,0.0,0.0
dichchi,0.0,0.0,0.0
মুনাফা,0.0,0.0,0.0
বুদ্ধিমানের,0.0,0.0,0.0
অর্ডারগুলো,0.0,0.0,0.0
sliver,0.0,0.0,0.0
চিনিগুরা,0.0,0.0,0.0
ঠকায়নি,0.0,0.0,0.0
লেদারটা,0.0,0.0,0.0
ব্রান্ডিং,0.0,0.0,0.0
stan,0.0,0.0,0.0
dresses,0.0,0.0,0.0
fraudulence,0.0,0.0,0.0
অটোমেটিক্যালি,0.0,0.0,0.0
uu,0.0,0.0,0.0
rocks,0.0,0.0,0.0
earthing,0.0,0.0,0.0
hoache,0.0,0.0,0.0
বসর,0.0,0.0,0.0
প্রজাতির,0.0,0.0,0.0
ঋণ,0.0,0.0,0.0
feleci,0.0,0.0,0.0
excitement,0.0,0.0,0.0
পড়াই,0.0,0.0,0.0
ইউসার,0.0,0.0,0.0
আহহ,0.0,0.0,0.0
চ্যানেলটি,0.0,0.0,0.0
souch,0.0,0.0,0.0
আছেনা,0.0,0.0,0.0
behaviours,0.0,0.0,0.0
১৯৯৯,0.0,0.0,0.0
সেলেরকে,0.0,0.0,0.0
আকাশি,0.0,0.0,0.0
khib,0.0,0.0,0.0
ভর্তা২,0.0,0.0,0.0
evrything,0.0,0.0,0.0
topper,0.0,0.0,0.0
ওইভাবে,0.0,0.0,0.0
dyar,0.0,0.0,0.0
পাইছ,0.0,0.0,0.0
থুইয়া,0.0,0.0,0.0
soptaho,0.0,0.0,0.0
৮টি,0.0,0.0,0.0
bibs,0.0,0.0,0.0
জালা,0.0,0.0,0.0
বুজতেছিনা,0.0,0.0,0.0
ethical,0.0,0.0,0.0
pechano,0.0,0.0,0.0
আরামছে,0.0,0.0,0.0
bhule,0.0,0.0,0.0
peparoni,0.0,0.0,0.0
discs,0.0,0.0,0.0
জানালেও,0.0,0.0,0.0
osom,0.0,0.0,0.0
checkout,0.0,0.0,0.0
নেহাত,0.0,0.0,0.0
য়ায়,0.0,0.0,0.0
পাগলের,0.0,0.0,0.0
biral,0.0,0.0,0.0
তেঃ,0.0,0.0,0.0
কালারটার,0.0,0.0,0.0
ডেমেজড,0.0,0.0,0.0
ছাউন্ড,0.0,0.0,0.0
ভুনাঃচিংড়ি,0.0,0.0,0.0
elsewhere,0.0,0.0,0.0
nata,0.0,0.0,0.0
kisutei,0.0,0.0,0.0
এনসি,0.0,0.0,0.0
ciloo,0.0,0.0,0.0
সদা,0.0,0.0,0.0
আলোচনায়,0.0,0.0,0.0
korata,0.0,0.0,0.0
১০ঠিকানাঃ,0.0,0.0,0.0
আশাকরা,0.0,0.0,0.0
কেয়ারি,0.0,0.0,0.0
cement,0.0,0.0,0.0
possitive,0.0,0.0,0.0
voganti,0.0,0.0,0.0
sparkle,0.0,0.0,0.0
peto,0.0,0.0,0.0
sailer,0.0,0.0,0.0
lifan,0.0,0.0,0.0
গ্যালারি,0.0,0.0,0.0
ঝলমলে,0.0,0.0,0.0
consumed,0.0,0.0,0.0
businesses,0.0,0.0,0.0
গ্রীল্ড,0.0,0.0,0.0
তারটি,0.0,0.0,0.0
deken,0.0,0.0,0.0
হোটলের,0.0,0.0,0.0
deoyer,0.0,0.0,0.0
নেহায়েত,0.0,0.0,0.0
chalai,0.0,0.0,0.0
teenagers,0.0,0.0,0.0
ফ্লেভারটাই,0.0,0.0,0.0
পেপারফ্লাইকে,0.0,0.0,0.0
এরাউন্ড,0.0,0.0,0.0
niechilam,0.0,0.0,0.0
chelam,0.0,0.0,0.0
hammer,0.0,0.0,0.0
২৭০০,0.0,0.0,0.0
মানুষটি,0.0,0.0,0.0
milaiya,0.0,0.0,0.0
khaile,0.0,0.0,0.0
সাইডেই,0.0,0.0,0.0
caption,0.0,0.0,0.0
গোলাপজল,0.0,0.0,0.0
jhuri,0.0,0.0,0.0
কাচাঁ,0.0,0.0,0.0
sobcheye,0.0,0.0,0.0
শারিটা,0.0,0.0,0.0
111777,0.0,0.0,0.0
৫৮৫,0.0,0.0,0.0
টিপিক্যাল,-0.010260797745506018,0.0,0.0
ovijog,0.0,0.0,0.0
oshongkho,0.0,0.0,0.0
utmost,0.0,0.0,0.0
ক্যাপাসিটির,0.0,0.0,0.0
deyai,0.0,0.0,0.0
vally,0.0,0.0,0.0
tracker,0.0,0.0,0.0
পেইছি,0.0,0.0,0.0
কামনায়,0.0,0.0,0.0
profitable,0.0,0.0,0.0
আইসোলেশনের,0.0,0.0,0.0
vidi,0.0,0.0,0.0
সিমের,0.0,0.0,0.0
তরতাজা,0.0,0.0,0.0
geleo,0.0,0.0,0.0
discretion,0.0,0.0,0.0
বয়েল্ড,0.0,0.0,0.0
demands,0.0,0.0,0.0
হয়ছিল,0.0,0.0,0.0
lah,0.0,0.0,0.0
mdde,0.0,0.0,0.0
মটরে,0.0,0.0,0.0
৭৫০টাকার,0.0,0.0,0.0
khose,0.0,0.0,0.0
tui,0.0,0.0,0.0
তদন্ত,0.0,0.0,0.0
মোকাররম,0.0,0.0,0.0
ফ্লাইওভার,0.0,0.0,0.0
উল্টাপাশের,0.0,0.0,0.0
নিয়েচি,0.0,0.0,0.0
shikar,0.0,0.0,0.0
nag,0.0,0.0,0.0
daor,0.0,0.0,0.0
describes,0.0,0.0,0.0
মুক্তিযোদ্ধা,0.0,0.0,0.0
senora,0.0,0.0,0.0
tryrating,0.0,0.0,0.0
চাইছিলো,0.0,0.0,0.0
expiery,0.0,0.0,0.0
moshla,0.0,0.0,0.0
laglona,0.0,0.0,0.0
পঁচে,0.0,0.0,0.0
চাইলেন,0.0,0.0,0.0
মাখার,0.0,0.0,0.0
lined,0.0,0.0,0.0
শুকানোর,0.0,0.0,0.0
ব্যবহারবিধি,0.0,0.0,0.0
অদূরে,0.0,0.0,0.0
বিআরবি,0.0,0.0,0.0
দামঃ১০,0.0,0.0,0.0
কার্টনের,0.0,0.0,0.0
expense,0.0,0.0,0.0
লিখতেছি,0.0,0.0,0.0
emami,0.0,0.0,0.0
unresponsive,0.0,0.0,0.0
samnasamni,0.0,0.0,0.0
mont,0.0,0.0,0.0
সমৃদ্ধি,0.0,0.0,0.0
threw,0.0,0.0,0.0
challenging,0.0,0.0,0.0
সচ্ছ,0.0,0.0,0.0
goodly,0.0,0.0,0.0
niyomito,0.0,0.0,0.0
ঢালা,0.0,0.0,0.0
অপশনে,0.0,0.0,0.0
মুই,0.0,0.0,0.0
bhoy,0.0,0.0,0.0
ফ্রেন্ডও,0.0,0.0,0.0
substance,0.0,0.0,0.0
করুম,0.0,0.0,0.0
প্রচারিত,0.0,0.0,0.0
স্মাইল,0.0,0.0,0.0
anu,0.0,0.0,0.0
বরবাদ,0.0,0.0,0.0
১০০মিলি,0.0,0.0,0.0
হেলাল,0.0,0.0,0.0
ব্যার্থ,0.0,0.0,0.0
rectify,0.0,0.0,0.0
desse,0.0,0.0,0.0
৬পিসের,0.0,0.0,0.0
amusing,0.0,0.0,0.0
বৈচিত্র্য,0.0,0.0,0.0
phillips,0.0,0.0,0.0
smale,0.0,0.0,0.0
hazi,0.0,0.0,0.0
masking,0.0,0.0,0.0
সাইনি,0.0,0.0,0.0
স্যারকে,0.0,0.0,0.0
ইলেক্ট্রনিক,0.0,0.0,0.0
dcoins,0.0,0.0,0.0
vabta,0.0,0.0,0.0
mughol,0.0,0.0,0.0
obosese,0.0,0.0,0.0
পেকেজের,0.0,0.0,0.0
sujog,0.0,0.0,0.0
প্লেবার,0.0,0.0,0.0
ছিলদাম,0.0,0.0,0.0
ক্রিস্প,0.0,0.0,0.0
ou,0.0,0.0,0.0
thakn,0.0,0.0,0.0
pine,0.0,0.0,0.0
রিভাইস্ড,0.0,0.0,0.0
1229,0.0,0.0,0.0
ঘোলে,0.0,0.0,0.0
swivel,0.0,0.0,0.0
সন্দেহের,0.0,0.0,0.0
খাসী,0.0,0.0,0.0
কমফর্ট,0.0,0.0,0.0
paechi,0.0,0.0,0.0
temper,0.0,0.0,0.0
kajeri,0.0,0.0,0.0
sirt,0.0,0.0,0.0
montai,0.0,0.0,0.0
বায়ে,0.0,0.0,0.0
কাউ,0.0,0.0,0.0
ঝালমুড়ির,0.0,0.0,0.0
niesi,0.0,0.0,0.0
দ্রব্য,0.0,0.0,0.0
ঘোরতে,0.0,0.0,0.0
বাডের,0.0,0.0,0.0
ফেব্রিকটা,0.0,0.0,0.0
janan,0.0,0.0,0.0
detol,0.0,0.0,0.0
নিয়ত,0.0,0.0,0.0
৮নং,0.0,0.0,0.0
হর্ন,0.0,0.0,0.0
টিটির,0.0,0.0,0.0
আলুভাজা,0.0,0.0,0.0
পস্তাতে,0.0,0.0,0.0
গফের,0.0,0.0,0.0
ব্যানার,0.0,0.0,0.0
121,0.0,0.0,0.0
পটে,0.0,0.0,0.0
tnanks,0.0,0.0,0.0
fhd,0.0,0.0,0.0
shines,0.0,0.0,0.0
কাচ্চিখোর,0.0,0.0,0.0
loha,0.0,0.0,0.0
মনটাও,0.0,0.0,0.0
টাচস্ক্রীন,0.0,0.0,0.0
acay,0.0,0.0,0.0
katar,0.0,0.0,0.0
ketchup,0.0,0.0,0.0
রাখতেও,0.0,0.0,0.0
যাবই,0.0,0.0,0.0
comparative,0.0,0.0,0.0
jaoyar,0.0,0.0,0.0
bestttt,0.0,0.0,0.0
ডিজার্ট,0.0,0.0,0.0
সম্বব,0.0,0.0,0.0
খন,0.0,0.0,0.0
bolsilen,0.0,0.0,0.0
sakin,0.0,0.0,0.0
এক্টিভেট,0.0,0.0,0.0
outputs,0.0,0.0,0.0
koko,0.0,0.0,0.0
যেমন্টা,0.0,0.0,0.0
সেইল,0.0,0.0,0.0
incident,0.0,0.0,0.0
ছারপোকা,0.0,0.0,0.0
লক্ষনীয়,0.0,0.0,0.0
2596,0.0,0.0,0.0
detached,0.0,0.0,0.0
শরির,0.0,0.0,0.0
জ্বলবে,0.0,0.0,0.0
caic,0.0,0.0,0.0
স্বরুপ,0.0,0.0,0.0
gifto,0.0,0.0,0.0
স্পাইছি,0.0,0.0,0.0
আইনি,0.0,0.0,0.0
কয়েলে,0.0,0.0,0.0
velo,0.0,0.0,0.0
dissapointment,0.0,0.0,0.0
names,0.0,0.0,0.0
আকুপাকু,0.0,0.0,0.0
কেপে,0.0,0.0,0.0
ভোর,0.0,0.0,0.0
telta,0.0,0.0,0.0
খালিই,0.0,0.0,0.0
lagea,0.0,0.0,0.0
পেলামই,0.0,0.0,0.0
diacha,0.0,0.0,0.0
রাজী,0.0,0.0,0.0
mrt,0.0,0.0,0.0
aijonno,0.0,0.0,0.0
মালয়েশিয়া,0.0,0.0,0.0
ফ্রাইটাও,0.0,0.0,0.0
chayasi,0.0,0.0,0.0
বেলুনের,0.0,0.0,0.0
intime,0.0,0.0,0.0
তোলায়,0.0,0.0,0.0
biy,0.0,0.0,0.0
ব্লগিং,0.0,0.0,0.0
adopter,0.0,0.0,0.0
ট্রাক,0.0,0.0,0.0
সুরক্ষার,0.0,0.0,0.0
পাতাগুলো,0.0,0.0,0.0
motao,0.0,0.0,0.0
begta,0.0,0.0,0.0
ছিলো১,0.0,0.0,0.0
ওভারপ্রাইজড,0.0,0.0,0.0
সূপ৪৩,0.0,0.0,0.0
hoyesi,0.0,0.0,0.0
avabei,0.0,0.0,0.0
খাসসির,0.0,0.0,0.0
২৪৪,0.0,0.0,0.0
perchase,0.0,0.0,0.0
নিলটা,0.0,0.0,0.0
পড়িনি,0.0,0.0,0.0
froud,0.0,0.0,0.0
registration,0.0,0.0,0.0
hoitoo,0.0,0.0,0.0
পোন্য,0.0,0.0,0.0
সেইইই,0.0,0.0,0.0
1211,0.0,0.0,0.0
কিটকাট,0.0,0.0,0.0
boucher,0.0,0.0,0.0
san,0.0,0.0,0.0
sundoor,0.0,0.0,0.0
লেখছে,0.0,0.0,0.0
ার,0.0,0.0,0.0
আইস্ক্রীম,0.0,0.0,0.0
টেক্সাস,0.0,0.0,0.0
তালুর,0.0,0.0,0.0
প্রাইসটাও,0.0,0.0,0.0
সুন্দব়,0.0,0.0,0.0
lagaichi,0.0,0.0,0.0
masallha,0.0,0.0,0.0
যামু,0.0,0.0,0.0
মার্কেটপ্লেস,0.0,0.0,0.0
হালি,0.0,0.0,0.0
মুহাম্মদ,0.0,0.0,0.0
khotai,0.0,0.0,0.0
চাইসিলাম,0.0,0.0,0.0
dekhache,0.0,0.0,0.0
pile,0.0,0.0,0.0
snickers,0.0,0.0,0.0
grabacuppa,0.0,0.0,0.0
বিশ্বস্ততা,0.0,0.0,0.0
ভূলে,0.0,0.0,0.0
সাজেষ্ট,0.0,0.0,0.0
বিশুদ্ধ,0.0,0.0,0.0
মিরপুরেও,0.0,0.0,0.0
প্রটেক্ট,0.0,0.0,0.0
ব্রাজিল,0.0,0.0,0.0
ছবিগুলি,0.0,0.0,0.0
শঙ্কিত,0.0,0.0,0.0
consumes,0.0,0.0,0.0
পাঠিয়েছিলেন,0.0,0.0,0.0
বেজায়,0.0,0.0,0.0
hinges,0.0,0.0,0.0
৮৭০,0.0,0.0,0.0
thrown,0.0,0.0,0.0
released,0.0,0.0,0.0
ট্যাংক,0.0,0.0,0.0
আদেশ,0.0,0.0,0.0
গেন্জির,0.0,0.0,0.0
ভ্রমণের,0.0,0.0,0.0
কোনোটার,0.0,0.0,0.0
pelem,0.0,0.0,0.0
পোচড,0.0,0.0,0.0
ekdon,0.0,0.0,0.0
আপ্নাদের,0.0,0.0,0.0
tobay,0.0,0.0,0.0
dokandar,0.0,0.0,0.0
অতীত,0.0,0.0,0.0
বাঁধ,0.0,0.0,0.0
মেরেই,0.0,0.0,0.0
এইযে,0.0,0.0,0.0
১১পদের,0.0,0.0,0.0
wristwatch,0.0,0.0,0.0
স্ব,0.0,0.0,0.0
poysa,0.0,0.0,0.0
খাচ্চি,0.0,0.0,0.0
ভরেছে,0.0,0.0,0.0
shamni,0.0,0.0,0.0
brushing,0.0,0.0,0.0
lat,0.0,0.0,0.0
0190,0.0,0.0,0.0
ensures,0.0,0.0,0.0
খেয়েদেয়ে,0.0,0.0,0.0
bild,0.0,0.0,0.0
সংখ্যার,0.0,0.0,0.0
ভ্যারিয়েন্ট,0.0,0.0,0.0
প্যাডের,0.0,0.0,0.0
সোশাল,0.0,0.0,0.0
ফেল্ভার,0.0,0.0,0.0
বুজি,0.0,0.0,0.0
মহাদেব,0.0,0.0,0.0
lays,0.0,0.0,0.0
yah,0.0,0.0,0.0
বটতলার,0.0,0.0,0.0
kilometer,0.0,0.0,0.0
ভর্তাও,0.0,0.0,0.0
greate,0.0,0.0,0.0
লাচ্ছি৪৬,0.0,0.0,0.0
pouse,0.0,0.0,0.0
prbo,0.0,0.0,0.0
খানেই,0.0,0.0,0.0
টানলে,0.0,0.0,0.0
melody,0.0,0.0,0.0
টাকা১,0.0,0.0,0.0
আদ্রতা,0.0,0.0,0.0
motamute,0.0,0.0,0.0
decently,0.0,0.0,0.0
vicks,0.0,0.0,0.0
টিস্যুটি,0.0,0.0,0.0
superglue,0.0,0.0,0.0
দেশেই,0.0,0.0,0.0
sarani,0.0,0.0,0.0
এরমত,0.0,0.0,0.0
কণা,0.0,0.0,0.0
payese,0.0,0.0,0.0
চারদিকেই,0.0,0.0,0.0
glaze,0.0,0.0,0.0
prio,0.0,0.0,0.0
nowhere,0.0,0.0,0.0
numberi,0.0,0.0,0.0
chalo,0.0,0.0,0.0
ধুলার,0.0,0.0,0.0
চক্লেট,-0.09585658087696536,0.0,0.0
machin,0.0,0.0,0.0
গ্রহনের,0.0,0.0,0.0
similarly,0.0,0.0,0.0
খু্ব,0.0,0.0,0.0
নাম্বারী,0.0,0.0,0.0
diesilam,0.0,0.0,0.0
tasteless,0.0,0.0,0.0
খানিকক্ষণ,0.0,0.0,0.0
avoiding,0.0,0.0,0.0
আমেজে,0.0,0.0,0.0
গিয়াছিলাম,0.0,0.0,0.0
ধানমণ্ডিতে,0.0,0.0,0.0
লুচিতে,0.0,0.0,0.0
জন্নে,0.0,0.0,0.0
গর্বিত,0.0,0.0,0.0
pathailo,0.0,0.0,0.0
পৃথিবী,0.0,0.0,0.0
গেঞ্জিগুলা,0.0,0.0,0.0
কিবোর্ডে,0.0,0.0,0.0
বাড়েনা,0.0,0.0,0.0
খুঁজেন,0.0,0.0,0.0
প্রতিটাই,0.0,0.0,0.0
আচাড়,0.0,0.0,0.0
২৭৭,0.0,0.0,0.0
vallagche,0.0,0.0,0.0
অইটার,0.0,0.0,0.0
nota,0.0,0.0,0.0
নেয়ামত,0.0,0.0,0.0
থকে,0.0,0.0,0.0
মেরুল,0.0,0.0,0.0
sweeter,0.0,0.0,0.0
excepted,0.0,0.0,0.0
detergents,0.0,0.0,0.0
officially,0.0,0.0,0.0
royese,0.0,0.0,0.0
টাকাডিম,0.0,0.0,0.0
৬০টাকায়,0.0,0.0,0.0
সদুত্তর,0.0,0.0,0.0
kortesen,0.0,0.0,0.0
বেজড,0.0,0.0,0.0
৩বছর,0.0,0.0,0.0
impeccable,0.0,0.0,0.0
আসসে,0.0,0.0,0.0
prodcut,0.0,0.0,0.0
onkgula,0.0,0.0,0.0
ইউজারদের,0.0,0.0,0.0
metayoyo,0.0,0.0,0.0
gea,0.0,0.0,0.0
flashing,0.0,0.0,0.0
হচ্ছেঃ,0.0,0.0,0.0
teast,0.0,0.0,0.0
brighten,0.0,0.0,0.0
gloria,0.0,0.0,0.0
guessing,0.0,0.0,0.0
বাসাবোতে,0.0,0.0,0.0
হাতঘড়ি,0.0,0.0,0.0
pvp,0.0,0.0,0.0
jotobar,0.0,0.0,0.0
deay,0.0,0.0,0.0
এম্পিয়ারের,0.0,0.0,0.0
তালাটি,0.0,0.0,0.0
সততায়,0.0,0.0,0.0
ছেড়াফাটা,0.0,0.0,0.0
দেখাদেখি,0.0,0.0,0.0
৪স্টার,0.0,0.0,0.0
লেমোনেডঃ,0.0,0.0,0.0
bragg,0.0,0.0,0.0
bluish,0.0,0.0,0.0
রেজালাতে,0.0,0.0,0.0
aai,0.0,0.0,0.0
ফায়দা,0.0,0.0,0.0
onurod,0.0,0.0,0.0
ছিলঃ১,0.0,0.0,0.0
সকলেরই,0.0,0.0,0.0
স্মরণী,0.0,0.0,0.0
ভালোরেটিং,0.0,0.0,0.0
অলিগলি,0.0,0.0,0.0
ফুডজোনে,0.0,0.0,0.0
খুদায়,0.0,0.0,0.0
চার্যে,0.0,0.0,0.0
ক্রিয়েটিভ,0.0,0.0,0.0
মিলয়ে,0.0,0.0,0.0
হচ্ছ,0.0,0.0,0.0
visited,0.0,0.0,0.0
ist,0.0,0.0,0.0
বিদ্যুতের,0.0,0.0,0.0
পুরানঢাকা,0.0,0.0,0.0
দিয়েছো,0.0,0.0,0.0
reordered,0.0,0.0,0.0
করতাছে,0.0,0.0,0.0
অলিগলিতে,0.0,0.0,0.0
carelessness,0.0,0.0,0.0
পড়াও,0.0,0.0,0.0
ছেড়ার,0.0,0.0,0.0
panna,0.0,0.0,0.0
খাবি,0.0,0.0,0.0
ততক্ষন,0.0,0.0,0.0
dgn,0.0,0.0,0.0
জ্বলন,0.0,0.0,0.0
পেশাদার,0.0,0.0,0.0
কনটেস্টে,0.0,0.0,0.0
193,0.0,0.0,0.0
ahh,0.0,0.0,0.0
marketplace,0.0,0.0,0.0
কেশোনাট,0.0,0.0,0.0
৬১০,0.0,0.0,0.0
cini,0.0,0.0,0.0
এভরিথিং,0.0,0.0,0.0
বিষয়টির,0.0,0.0,0.0
চলতেছিল,0.0,0.0,0.0
newspaper,0.0,0.0,0.0
স্পেইস,0.0,0.0,0.0
kitty,0.0,0.0,0.0
baj,0.0,0.0,0.0
amnitei,0.0,0.0,0.0
ম্যাড,0.0,0.0,0.0
chachi,0.0,0.0,0.0
vabey,0.0,0.0,0.0
ডিলিসিয়াস,0.0,0.0,0.0
ইন্টিরিয়রঃ,0.0,0.0,0.0
ভে,0.0,0.0,0.0
ডিমও,0.0,0.0,0.0
selled,0.0,0.0,0.0
এইটুক,0.0,0.0,0.0
uchith,0.0,0.0,0.0
রিতিমতো,0.0,0.0,0.0
১০কোয়ান্টিটি,0.0,0.0,0.0
keow,0.0,0.0,0.0
আপনারদের,0.0,0.0,0.0
জামদানি,0.0,0.0,0.0
মধ্যবিত্তদের,0.0,0.0,0.0
krei,0.0,0.0,0.0
uploading,0.0,0.0,0.0
webcam,0.0,0.0,0.0
akan,0.0,0.0,0.0
অনুমতি,0.0,0.0,0.0
বুম,0.0,0.0,0.0
parina,0.0,0.0,0.0
deceiving,0.0,0.0,0.0
কনজিউম,0.0,0.0,0.0
ব্যাকলাইট,0.0,0.0,0.0
পড়েছে৷,0.0,0.0,0.0
ক্যামিকেল,0.0,0.0,0.0
৮টার,0.0,0.0,0.0
মতনও,0.0,0.0,0.0
pathaici,0.0,0.0,0.0
৪টাকা,0.0,0.0,0.0
জালায়,0.0,0.0,0.0
sause,0.0,0.0,0.0
ছিনিমিনি,0.0,0.0,0.0
ফেসের,0.0,0.0,0.0
sutar,0.0,0.0,0.0
সেমন,0.0,0.0,0.0
মানুষদেরকে,0.0,0.0,0.0
packege,0.0,0.0,0.0
প্রোপারলি,0.0,0.0,0.0
fulfills,0.0,0.0,0.0
tratri,0.0,0.0,0.0
nusrat,0.0,0.0,0.0
git,0.0,0.0,0.0
eyebrow,0.0,0.0,0.0
ফাঁক,0.0,0.0,0.0
গন্তব্যে,0.0,0.0,0.0
ইনভায়রনমেন্ট,0.0,0.0,0.0
গুরুত্বের,0.0,0.0,0.0
chuck,0.0,0.0,0.0
depressed,0.0,0.0,0.0
ফিরনিটা,0.0,0.0,0.0
তারথেকেও,0.0,0.0,0.0
snug,0.0,0.0,0.0
boltam,0.0,0.0,0.0
বারান্দায়,0.0,0.0,0.0
scooter,0.0,0.0,0.0
১৭৮,0.0,0.0,0.0
১১৩,0.0,0.0,0.0
এক্সপ্রেসে,0.0,0.0,0.0
প্রকৃতপক্ষে,0.0,0.0,0.0
nobabi,0.0,0.0,0.0
স্ক্রুগুলো,0.0,0.0,0.0
krbe,0.0,0.0,0.0
কনসিডার,0.0,0.0,0.0
এক্ষুনি,0.0,0.0,0.0
স্মুতলি,0.0,0.0,0.0
layout,0.0,0.0,0.0
নেভিব্লু,0.0,0.0,0.0
সেদিনের,0.0,0.0,0.0
শরবতঃ,0.0,0.0,0.0
গোরেং,0.0,0.0,0.0
চাটনিও,0.0,0.0,0.0
sobche,0.0,0.0,0.0
rasta,0.0,0.0,0.0
উড়াল,0.0,0.0,0.0
ভরবেই,0.0,0.0,0.0
scars,0.0,0.0,0.0
bhalona,0.0,0.0,0.0
decreases,0.0,0.0,0.0
স্পেসে,0.0,0.0,0.0
এরিয়াটা,0.0,0.0,0.0
একপ্লেট,0.0,0.0,0.0
১২০০টাকা,0.0,0.0,0.0
প্যাাকেজিং,0.0,0.0,0.0
wanting,0.0,0.0,0.0
বাচাতে,0.0,0.0,0.0
আমারটার,0.0,0.0,0.0
এগ্লা,0.0,0.0,0.0
intack,0.0,0.0,0.0
কাবসা,0.0,0.0,0.0
প্রমানিত,0.0,0.0,0.0
চ্যালেঞ্জে,0.0,0.0,0.0
চুলটা,0.0,0.0,0.0
মেচ,0.0,0.0,0.0
keso,0.0,0.0,0.0
ভেলু,0.0,0.0,0.0
দিবেননা,0.0,0.0,0.0
tabe,0.0,0.0,0.0
কাড়াকাড়ি,0.0,0.0,0.0
deaca,0.0,0.0,0.0
বেনিফিট,0.0,0.0,0.0
বেঁচা,0.0,0.0,0.0
bongo,0.0,0.0,0.0
পাল্লায়,0.0,0.0,0.0
bachchader,0.0,0.0,0.0
চলিয়া,0.0,0.0,0.0
পাঠাচ্ছি,0.0,0.0,0.0
চাদরের,0.0,0.0,0.0
রিলেটিভ,0.0,0.0,0.0
ঝালও,0.0,0.0,0.0
ভাইতে,0.0,0.0,0.0
মনটাকে,0.0,0.0,0.0
somadhan,0.0,0.0,0.0
পলকে,0.0,0.0,0.0
তেমনভাবে,0.0,0.0,0.0
packeter,0.0,0.0,0.0
কুয়ালিটিও,0.0,0.0,0.0
পার্থক্যটা,0.0,0.0,0.0
catches,0.0,0.0,0.0
jursey,0.0,0.0,0.0
shield,0.0,0.0,0.0
rakci,0.0,0.0,0.0
গোলে,0.0,0.0,0.0
খুপ,0.0,0.0,0.0
৪৫০০,0.0,0.0,0.0
জিপারের,0.0,0.0,0.0
pumpkin,0.0,0.0,0.0
হয়ই,0.0,0.0,0.0
prodackt,0.0,0.0,0.0
ভাগ্যক্রমে,0.0,0.0,0.0
বোতলগুলো,0.0,0.0,0.0
পায়লাম,0.0,0.0,0.0
pringles,0.0,0.0,0.0
ইভেন্ট,0.0,0.0,0.0
ইসরায়েল,0.0,0.0,0.0
ভাটুরা,0.0,0.0,0.0
thakey,0.0,0.0,0.0
সন্নিকটে,0.0,0.0,0.0
বাটপারে,0.0,0.0,0.0
প্রচ্চুর,0.0,0.0,0.0
bodi,0.0,0.0,0.0
বলিঃ,0.0,0.0,0.0
বশে,0.0,0.0,0.0
হতনা,0.0,0.0,0.0
chisi,0.0,0.0,0.0
nasa,0.0,0.0,0.0
করছে৷,0.0,0.0,0.0
সমারহ,0.0,0.0,0.0
ছবিতেও,0.0,0.0,0.0
midium,0.0,0.0,0.0
peyace,0.0,0.0,0.0
pakege,0.0,0.0,0.0
এপেটাইজার,0.0,0.0,0.0
neoar,0.0,0.0,0.0
ডিসাপয়েন্টেড,0.0,0.0,0.0
rinse,0.0,0.0,0.0
markete,0.0,0.0,0.0
সেইভাবেই,0.0,0.0,0.0
প্রশস্ত,0.0,0.0,0.0
soaking,0.0,0.0,0.0
পরব,0.0,0.0,0.0
অনেকভালো,0.0,0.0,0.0
mike,0.0,0.0,0.0
cubing,0.0,0.0,0.0
leo,0.0,0.0,0.0
fragrence,0.0,0.0,0.0
ইউনিলভার,0.0,0.0,0.0
ভাড়ী,0.0,0.0,0.0
লাগতেসিলো,0.0,0.0,0.0
বিস্মিত,0.0,0.0,0.0
কোয়ান্টাটি,0.0,0.0,0.0
উম্ম,0.0,0.0,0.0
মাল্টার,0.0,0.0,0.0
বিনয়ের,0.0,0.0,0.0
রেস্পন্সও,0.0,0.0,0.0
ভুনা৫৭,0.0,0.0,0.0
ছিদ্রের,0.0,0.0,0.0
৬দিন,0.0,0.0,0.0
sumi,0.0,0.0,0.0
পৃথিবীতে,0.0,0.0,0.0
doa,0.0,0.0,0.0
ইমরান,0.0,0.0,0.0
exterior,0.0,0.0,0.0
numbari,0.0,0.0,0.0
্যান্ট,0.0,0.0,0.0
eccha,0.0,0.0,0.0
কেনাতে,0.0,0.0,0.0
পড়াশোনা,0.0,0.0,0.0
টিকটক,0.0,0.0,0.0
শেপের,0.0,0.0,0.0
৩৬০০,0.0,0.0,0.0
eastern,0.0,0.0,0.0
ভাবেনি,0.0,0.0,0.0
ankle,0.0,0.0,0.0
oitha,0.0,0.0,0.0
bujlamna,0.0,0.0,0.0
bibechona,0.0,0.0,0.0
বহুগুন,0.0,0.0,0.0
আকমল,0.0,0.0,0.0
anle,0.0,0.0,0.0
আহামরী,0.0,0.0,0.0
রাই,0.0,0.0,0.0
প্রোফাইলে,0.0,0.0,0.0
exceed,0.0,0.0,0.0
নিঃশ্বাস,0.0,0.0,0.0
jaiya,0.0,0.0,0.0
নামা,0.0,0.0,0.0
গেরান্টি,0.0,0.0,0.0
দেখলেন,0.0,0.0,0.0
সেইটায়,0.0,0.0,0.0
ahon,0.0,0.0,0.0
activate,0.0,0.0,0.0
চেও,0.0,0.0,0.0
ওভাবে,0.0,0.0,0.0
frem,0.0,0.0,0.0
আশ্চর্যজনক,0.0,0.0,0.0
alhamduliah,0.0,0.0,0.0
বিশ্বাসই,0.0,0.0,0.0
besikkhon,0.0,0.0,0.0
ভাবলেই,0.0,0.0,0.0
dakai,0.0,0.0,0.0
সার্ভিসটি,0.0,0.0,0.0
hegrus,0.0,0.0,0.0
চালাইলে,0.0,0.0,0.0
রেফার,0.0,0.0,0.0
কাটাগুলো,0.0,0.0,0.0
gangi,0.0,0.0,0.0
drawers,0.0,0.0,0.0
কোনটাতেই,0.0,0.0,0.0
পার্শ্বে,0.0,0.0,0.0
২০৬,0.01807528374929081,0.0,0.0
chulay,0.0,0.0,0.0
মাশরুমটা,0.0,0.0,0.0
গ্লসি,0.0,0.0,0.0
trader,0.0,0.0,0.0
ওয়ানটাইম,0.0,0.0,0.0
কিউসি,0.0,0.0,0.0
জোড়াতালি,0.0,0.0,0.0
সৌল,0.0,0.0,0.0
caz,0.0,0.0,0.0
sajeeb,0.0,0.0,0.0
ছত্রাক,0.0,0.0,0.0
জনপ্রাইস,0.0,0.0,0.0
becuase,0.0,0.0,0.0
vola,0.0,0.0,0.0
chilw,0.0,0.0,0.0
jira,0.0,0.0,0.0
packgeing,0.0,0.0,0.0
lean,0.0,0.0,0.0
darax,0.0,0.0,0.0
tofat,0.0,0.0,0.0
রিভউ,0.0,0.0,0.0
stti,0.0,0.0,0.0
চালাইতে,0.0,0.0,0.0
ranking,0.0,0.0,0.0
ঠিলা,0.0,0.0,0.0
chotpoti,0.0,0.0,0.0
্যাকেটে,0.0,0.0,0.0
packer,0.0,0.0,0.0
আহহহ,0.0,0.0,0.0
খাদ্যরসিক,0.0,0.0,0.0
ফ্রাই৬৮,0.0,0.0,0.0
সম্ভাব্য,0.0,0.0,0.0
kindness,0.0,0.0,0.0
farhan,0.0,0.0,0.0
কাছা,0.0,0.0,0.0
bubblewrap,0.0,0.0,0.0
পুষ্টির,0.0,0.0,0.0
ashai,0.0,0.0,0.0
মানচিত্র,0.0,0.0,0.0
ওয়াইট,0.0,0.0,0.0
maddome,0.0,0.0,0.0
মিলেনা,0.0,0.0,0.0
ঝাজ,0.0,0.0,0.0
apren,0.0,0.0,0.0
মিনিসো,0.0,0.0,0.0
বর্ননায়,0.0,0.0,0.0
tika,0.0,0.0,0.0
ভুন,0.0,0.0,0.0
সোফায়,0.0,0.0,0.0
লংলাস্টিং,0.0,0.0,0.0
alhamdulillaha,0.0,0.0,0.0
consume,0.0,0.0,0.0
origial,0.0,0.0,0.0
একন,0.0,0.0,0.0
akib,0.0,0.0,0.0
প্রডোক্ট,0.0,0.0,0.0
loosely,0.0,0.0,0.0
খাস্তা,0.0,0.0,0.0
অফারঃ,0.0,0.0,0.0
করেছিলা,0.0,0.0,0.0
শাঁখারীবাজার,0.0,0.0,0.0
গাহ,0.0,0.0,0.0
কাচ্চিতেই,0.0,0.0,0.0
মোবারক,0.0,0.0,0.0
৩স্টার,0.0,0.0,0.0
৬জন,0.0,0.0,0.0
বাটনটি,0.0,0.0,0.0
knw,0.0,0.0,0.0
যায়ে,0.0,0.0,0.0
সকেটে,0.0,0.0,0.0
টাচে,0.0,0.0,0.0
amnita,0.0,0.0,0.0
চলি,0.0,0.0,0.0
আংকেল,0.0,0.0,0.0
chayla,0.0,0.0,0.0
avoided,0.0,0.0,0.0
ফ্রান্সিস,0.0,0.0,0.0
লোকেশনটা,0.0,0.0,0.0
রেইল,0.0,0.0,0.0
competitor,0.0,0.0,0.0
recommends,0.0,0.0,0.0
১৭৪,0.0,0.0,0.0
১৭২,0.0,0.0,0.0
সিলি,0.0,0.0,0.0
ঘড়িও,0.0,0.0,0.0
উপাদানে,0.0,0.0,0.0
respective,0.0,0.0,0.0
soundbar,0.0,0.0,0.0
আঘাতে,0.0,0.0,0.0
টুথব্রাশ,0.0,0.0,0.0
কর্নারকে,0.0,0.0,0.0
আড্ডাও,0.0,0.0,0.0
nee,0.0,0.0,0.0
hyna,0.0,0.0,0.0
muchh,0.0,0.0,0.0
babhinai,0.0,0.0,0.0
টোই,0.0,0.0,0.0
bpr,0.0,0.0,0.0
কেএফসির,0.0,0.0,0.0
hijabs,0.0,0.0,0.0
প্রইজ,0.0,0.0,0.0
prodyct,0.0,0.0,0.0
ব্যাপারটাই,0.0,0.0,0.0
horlicks,0.0,0.0,0.0
দেখেচি,0.0,0.0,0.0
নাইবা,0.0,0.0,0.0
boleci,0.0,0.0,0.0
রানের,0.0,0.0,0.0
হলদেটে,0.0,0.0,0.0
reflective,0.0,0.0,0.0
lagoon,0.0,0.0,0.0
dechi,0.0,0.0,0.0
gono,0.0,0.0,0.0
acar,0.0,0.0,0.0
mirrors,0.0,0.0,0.0
welly,0.0,0.0,0.0
mohammed,0.0,0.0,0.0
নোটবুকটা,0.0,0.0,0.0
অজিনাল,0.0,0.0,0.0
bendable,0.0,0.0,0.0
আরেক্টু,0.0,0.0,0.0
পাঁচটির,0.0,0.0,0.0
বুঝাইতে,0.0,0.0,0.0
বদলিয়ে,0.0,0.0,0.0
khayran,0.0,0.0,0.0
টেপের,0.0,0.0,0.0
মধুবন,0.0,0.0,0.0
bha,0.0,0.0,0.0
লাঠি,0.0,0.0,0.0
১৩৮,0.0,0.0,0.0
ভর্তা৯,0.0,0.0,0.0
lagaya,0.0,0.0,0.0
ছিলচিকেন,0.0,0.0,0.0
agrohi,0.0,0.0,0.0
এহেন,0.0,0.0,0.0
reel,0.0,0.0,0.0
বাজাচ্ছি,0.0,0.0,0.0
পুলের,0.0,0.0,0.0
তুলতেও,0.0,0.0,0.0
বারাকা,0.0,0.0,0.0
১১০টাকায়,0.0,0.0,0.0
aggressive,0.0,0.0,0.0
prodark,0.0,0.0,0.0
ডারমা,0.0,0.0,0.0
shahed,0.0,0.0,0.0
সেইসব,0.0,0.0,0.0
controlling,0.0,0.0,0.0
ট্রাভেলিং,0.0,0.0,0.0
টাল,0.0,0.0,0.0
lagaice,0.0,0.0,0.0
পেইন্টিং,0.0,0.0,0.0
taller,0.0,0.0,0.0
sohojei,0.0,0.0,0.0
সিমিলার,0.0,0.0,0.0
diker,0.0,0.0,0.0
প্রজাপতি,0.0,0.0,0.0
uchu,0.0,0.0,0.0
occur,0.0,0.0,0.0
rai,0.0,0.0,0.0
কুক্ড,0.0,0.0,0.0
ধিক্কার,0.0,0.0,0.0
pawai,0.0,0.0,0.0
ধাম,0.0,0.0,0.0
chelar,0.0,0.0,0.0
বসুন্ধারা,0.0,0.0,0.0
বাবারে,0.0,0.0,0.0
maid,0.0,0.0,0.0
chaler,0.0,0.0,0.0
টয়লেটের,0.0,0.0,0.0
৪মাস,0.0,0.0,0.0
xossss,0.0,0.0,0.0
সার্থকতা,0.0,0.0,0.0
বার্গারেই,0.0,0.0,0.0
আসতেসে,0.0,0.0,0.0
৩০৬,0.0,0.0,0.0
সম্ভাবনাই,0.0,0.0,0.0
খিচুড়িও,0.0,0.0,0.0
gameplay,0.0,0.0,0.0
ফুরফুরে,0.0,0.0,0.0
অমুক,0.0,0.0,0.0
কাস্টোমারের,0.0,0.0,0.0
moved,0.0,0.0,0.0
functioned,0.0,0.0,0.0
poreni,0.0,0.0,0.0
ধুয়া,0.0,0.0,0.0
পলিটা,0.0,0.0,0.0
kaaz,0.0,0.0,0.0
সুগন্ধও,0.0,0.0,0.0
টাকাতো,0.0,0.0,0.0
নোটের,0.0,0.0,0.0
katte,0.0,0.0,0.0
৩০টাকার,0.0,0.0,0.0
কাটাই,0.0,0.0,0.0
দেইঃ,0.0,0.0,0.0
অত্যাচার,0.0,0.0,0.0
singel,0.0,0.0,0.0
পুর্বে,0.0,0.0,0.0
khuli,0.0,0.0,0.0
ঢুকেনা,0.0,0.0,0.0
হাতলে,0.0,0.0,0.0
ফুলগুলো,0.0,0.0,0.0
flying,0.0,0.0,0.0
executed,0.0,0.0,0.0
ক্যাশব্যক,0.0,0.0,0.0
bolai,0.0,0.0,0.0
করছিনা,0.0,0.0,0.0
শিখার,0.0,0.0,0.0
অসাদারন,0.0,0.0,0.0
hip,0.0,0.0,0.0
ডেস্কটপ,0.0,0.0,0.0
ফকিরাপুলে,0.0,0.0,0.0
tajmohol,0.0,0.0,0.0
রহমত,0.0,0.0,0.0
nasty,0.0,0.0,0.0
এটে,0.0,0.0,0.0
সংক্ষেপে,0.0,0.0,0.0
উড়ানো,0.0,0.0,0.0
খেয়ালই,0.0,0.0,0.0
pon,0.0,0.0,0.0
বালির,0.0,0.0,0.0
মোকাররমে,0.0,0.0,0.0
raka,0.0,0.0,0.0
majher,0.0,0.0,0.0
scratching,0.0,0.0,0.0
sorasori,0.0,0.0,0.0
bakery,0.0,0.0,0.0
জুসিও,0.0,0.0,0.0
takatwins,0.0,0.0,0.0
jetei,0.0,0.0,0.0
নির্মল,0.0,0.0,0.0
vent,0.0,0.0,0.0
1210,0.0,0.0,0.0
নজরকারা,0.0,0.0,0.0
১নাম্বর,0.0,0.0,0.0
laghe,0.0,0.0,0.0
insulation,0.0,0.0,0.0
মহামারীর,0.0,0.0,0.0
aonara,0.0,0.0,0.0
ছাপা,0.0,0.0,0.0
feleche,0.0,0.0,0.0
মুহাম্মাদুর,0.0,0.0,0.0
bolchilo,0.0,0.0,0.0
rastai,0.0,0.0,0.0
পরিনত,0.0,0.0,0.0
রাজিয়া,0.0,0.0,0.0
visiting,0.0,0.0,0.0
স্পীডের,0.0,0.0,0.0
বিস্কুটটা,0.0,0.0,0.0
pmdinner,0.0,0.0,0.0
দক্ষতার,0.0,0.0,0.0
যায়ঃ,0.0,0.0,0.0
kajj,0.0,0.0,0.0
dichhe,0.0,0.0,0.0
tonic,0.0,0.0,0.0
shabdhan,0.0,0.0,0.0
আউটডোরের,0.0,0.0,0.0
গিট,0.0,0.0,0.0
jercy,0.0,0.0,0.0
এরর,0.0,0.0,0.0
patients,0.0,0.0,0.0
diln,0.0,0.0,0.0
দিইনি,0.0,0.0,0.0
godbless,0.0,0.0,0.0
টেকওয়ে,0.0,0.0,0.0
১গ্লাস,0.0,0.0,0.0
লাক্সের,0.0,0.0,0.0
কিড,0.0,0.0,0.0
পটের,0.0,0.0,0.0
koracilam,0.0,0.0,0.0
hoieche,0.0,0.0,0.0
indicated,0.0,0.0,0.0
kitchenitem,0.0,0.0,0.0
tnsn,0.0,0.0,0.0
প্রসংগে,0.0,0.0,0.0
উইজ,0.0,0.0,0.0
দাওয়াতের,0.0,0.0,0.0
ম্যাডাম,0.0,0.0,0.0
জেতা,0.0,0.0,0.0
ag,0.0,0.0,0.0
প্যাকেটর,0.0,0.0,0.0
shrink,0.0,0.0,0.0
mrs,0.0,0.0,0.0
assurance,0.0,0.0,0.0
pastar,0.0,0.0,0.0
component,0.0,0.0,0.0
ত্রুটির,0.0,0.0,0.0
148,0.0,0.0,0.0
blown,0.0,0.0,0.0
bevanda,0.0,0.0,0.0
কালারিং,0.0,0.0,0.0
নামবেন,0.0,0.0,0.0
dhukte,0.0,0.0,0.0
অতপর,0.0,0.0,0.0
১০সার্ভিসঃ১০,0.0,0.0,0.0
বক্সটার,0.0,0.0,0.0
আছেঃআস্ত,0.0,0.0,0.0
আগেরদিন,0.0,0.0,0.0
আলামিনের,0.0,0.0,0.0
বালতির,-0.045037208957752824,0.0,0.0
গার্মেন্টস,0.0,0.0,0.0
গ্রুপকে,0.0,0.0,0.0
প্যকেটে,0.0,0.0,0.0
আতরে,0.0,0.0,0.0
খাওয়াইতে,0.0,0.0,0.0
দিবোনা,0.0,0.0,0.0
eitao,0.0,0.0,0.0
উপড়ে,0.0,0.0,0.0
dellivery,0.0,0.0,0.0
কাপরও,0.0,0.0,0.0
rectangular,0.0,0.0,0.0
enable,0.0,0.0,0.0
প্যকেজ,0.0,0.0,0.0
hoibo,0.0,0.0,0.0
motei,0.0,0.0,0.0
melon,0.0,0.0,0.0
কাবু,0.0,0.0,0.0
rete,0.0,0.0,0.0
hejab,0.0,0.0,0.0
শ্যাম্পুটার,0.0,0.0,0.0
ভাবী,0.0,0.0,0.0
বাড়াই,0.0,0.0,0.0
familiar,0.0,0.0,0.0
কাথা,0.0,0.0,0.0
gaps,0.0,0.0,0.0
ফ্রেভার,0.0,0.0,0.0
domex,0.0,0.0,0.0
টেলিফোন,0.0,0.0,0.0
ভালোলাগেনি,0.0,0.0,0.0
beter,0.0,0.0,0.0
সল্টের,0.0,0.0,0.0
কম্পলিট,0.0,0.0,0.0
২০টা,0.0,0.0,0.0
স্বস্তা,0.0,0.0,0.0
কন্ডিশনের,0.0,0.0,0.0
অতিক্রম,0.0,0.0,0.0
কুনু,0.0,0.0,0.0
হয়না৷,0.0,0.0,0.0
owned,0.0,0.0,0.0
correction,0.0,0.0,0.0
khelle,0.0,0.0,0.0
dhoriye,0.0,0.0,0.0
দিধায়,0.0,0.0,0.0
brunch,0.0,0.0,0.0
teach,0.0,0.0,0.0
ব্যবহা,0.0,0.0,0.0
নিবারণের,0.0,0.0,0.0
শুইয়ে,0.0,0.0,0.0
নিয়মে,0.0,0.0,0.0
sarvis,0.0,0.0,0.0
ঠ্যালায়,0.0,0.0,0.0
গরুরচাপ,0.0,0.0,0.0
ভিশনের,0.0,0.0,0.0
cow,0.0,0.0,0.0
vaik,0.0,0.0,0.0
duniyar,0.0,0.0,0.0
kachei,0.0,0.0,0.0
আপের,0.0,0.0,0.0
সাওন্ড,0.0,0.0,0.0
bravo,0.0,0.0,0.0
hint,0.0,0.0,0.0
dhonnonad,0.0,0.0,0.0
রেসপনসিভ,0.0,0.0,0.0
bhabsi,0.0,0.0,0.0
fay,0.0,0.0,0.0
আধটু,0.0,0.0,0.0
obstha,0.0,0.0,0.0
tanvir,0.0,0.0,0.0
টিশার্টে,0.0,0.0,0.0
আরএকটা,0.0,0.0,0.0
একেবার,0.0,0.0,0.0
necklaces,0.0,0.0,0.0
velcro,0.0,0.0,0.0
tikase,0.0,0.0,0.0
বেচতেছে,0.0,0.0,0.0
সাজানোর,0.0,0.0,0.0
takao,0.0,0.0,0.0
lord,0.0,0.0,0.0
কনফেকশনারি,0.0,0.0,0.0
কোরে,0.0,0.0,0.0
বিশ্ববিদ্যালয়ে,0.0,0.0,0.0
natok,0.0,0.0,0.0
sy,0.0,0.0,0.0
sabi,0.0,0.0,0.0
শাথে,0.0,0.0,0.0
ঢোলা,0.0,0.0,0.0
মেশায়,0.0,0.0,0.0
পাশি,0.0,0.0,0.0
৬৯০টাকা,0.0,0.0,0.0
চিত্রে,0.0,0.0,0.0
georgette,0.0,0.0,0.0
chore,0.0,0.0,0.0
কোরান,0.0,0.0,0.0
কেপসিকাম,0.0,0.0,0.0
2100,0.0,0.0,0.0
korbenna,0.0,0.0,0.0
করমু,0.0,0.0,0.0
অনায়েশে,0.0,0.0,0.0
আবেগের,0.0,0.0,0.0
newai,0.0,0.0,0.0
relaxation,0.0,0.0,0.0
মিলেমিশে,0.0,0.0,0.0
চারপাশের,0.0,0.0,0.0
discovered,0.0,0.0,0.0
উন্মুক্ত,0.0,0.0,0.0
সুইমিংপুল,0.0,0.0,0.0
1275,0.0,0.0,0.0
বোনদের,0.0,0.0,0.0
viewing,0.0,0.0,0.0
কোনোমতে,0.0,0.0,0.0
চাঙ্গা,0.0,0.0,0.0
্যবসা,0.0,0.0,0.0
বোউন,0.0,0.0,0.0
noting,0.0,0.0,0.0
চামরা,0.0,0.0,0.0
aseche,0.0,0.0,0.0
aaj,0.0,0.0,0.0
selfie,0.0,0.0,0.0
visibility,0.0,0.0,0.0
রোডসাইডের,0.0,0.0,0.0
uta,0.0,0.0,0.0
loosen,0.0,0.0,0.0
সাগু,0.0,0.0,0.0
সম্পূর্ণই,0.0,0.0,0.0
theky,0.0,0.0,0.0
অতোটাও,0.0,0.0,0.0
lagcey,0.0,0.0,0.0
মাউসে,0.0,0.0,0.0
nte,0.0,0.0,0.0
chit,0.0,0.0,0.0
জোড়াই,0.0,0.0,0.0
চলে৷,0.0,0.0,0.0
বোম,0.0,0.0,0.0
ফকিরাপুল,0.0,0.0,0.0
বার্গারোলোজি,0.0,0.0,0.0
রিমট,0.0,0.0,0.0
ফুডিজ,0.0,0.0,0.0
rao,0.0,0.0,0.0
employee,0.0,0.0,0.0
athentic,0.0,0.0,0.0
oll,0.0,0.0,0.0
nga,0.0,0.0,0.0
খুদার,0.0,0.0,0.0
chamra,0.0,0.0,0.0
লুকের,0.0,0.0,0.0
cafeitem,0.0,0.0,0.0
boste,0.0,0.0,0.0
91,0.0,0.0,0.0
মুলা,0.0,0.0,0.0
উড,0.0,0.0,0.0
korsay,0.0,0.0,0.0
ঐদিন,0.0,0.0,0.0
লাভারসদের,0.0,0.0,0.0
ডেভেলপ,0.0,0.0,0.0
স্লট,0.0,0.0,0.0
বাদি,0.0,0.0,0.0
hoichi,0.0,0.0,0.0
browser,0.0,0.0,0.0
এজন্যে,0.0,0.0,0.0
passes,0.0,0.0,0.0
নাজুক,0.0,0.0,0.0
কুকুর,0.0,0.0,0.0
কাজিনরা,0.0,0.0,0.0
নিশ্চিতভাবে,0.0,0.0,0.0
ডিজাইনও,0.0,0.0,0.0
extent,0.0,0.0,0.0
takachicken,0.0,0.0,0.0
কবুতরের,0.0,0.0,0.0
1245,0.0,0.0,0.0
মটরের,0.0,0.0,0.0
ভেলভেটচকলেট,0.0,0.0,0.0
টাকালোকেশনঃ,0.0,0.0,0.0
গলাটা,0.0,0.0,0.0
ইন্টিরিয়র,0.0,0.0,0.0
বেরি,0.0,0.0,0.0
সাশ্রয়ি,0.0,0.0,0.0
মহাখাদক,0.0,0.0,0.0
এরপরই,0.0,0.0,0.0
৮৪০,0.0,0.0,0.0
wander,0.0,0.0,0.0
rupnagar,0.0,0.0,0.0
ani,0.0,0.0,0.0
শুধুমাএ,0.0,0.0,0.0
মীনা,0.0,0.0,0.0
olta,0.0,0.0,0.0
ajker,0.0,0.0,0.0
হয়নি৷,0.0,0.0,0.0
পোয়া,0.0,0.0,0.0
বিয়েতে,0.0,0.0,0.0
kinesilam,0.0,0.0,0.0
৩০০ফিট,0.0,0.0,0.0
mna,0.0,0.0,0.0
ওরাও,0.0,0.0,0.0
purota,0.0,0.0,0.0
জিলেট,0.0,0.0,0.0
sharita,0.0,0.0,0.0
national,0.0,0.0,0.0
সার্কেলের,0.0,0.0,0.0
কমাই,0.0,0.0,0.0
sesame,0.0,0.0,0.0
জেন্টেল,0.0,0.0,0.0
সিদ্ধেশ্বরী,0.0,0.0,0.0
ইতালির,0.0,0.0,0.0
মনকাড়া,0.0,0.0,0.0
sayed,0.0,0.0,0.0
guri,0.0,0.0,0.0
concentrate,0.0,0.0,0.0
স্টেকহাউজ,0.0,0.0,0.0
খাওয়ান,0.0,0.0,0.0
টিং,0.0,0.0,0.0
khotha,0.0,0.0,0.0
proudct,0.0,0.0,0.0
refil,0.0,0.0,0.0
রেখেছিলো,0.0,0.0,0.0
vehicle,0.0,0.0,0.0
পাচটা,0.0,0.0,0.0
ভিকারুন্নেসা,0.0,0.0,0.0
প্যাকেটিংও,0.0,0.0,0.0
পরিবর্তনে,0.0,0.0,0.0
৫০টাকার,0.0,0.0,0.0
fultu,0.0,0.0,0.0
এনার্জি,0.0,0.0,0.0
চিত্র,0.0,0.0,0.0
rok,0.0,0.0,0.0
ভাইচার,0.0,0.0,0.0
sits,0.0,0.0,0.0
yeap,0.0,0.0,0.0
garments,0.0,0.0,0.0
গিজার,0.0,0.0,0.0
যাত্রাবাড়ী,0.0,0.0,0.0
shaymoli,0.0,0.0,0.0
বামের,0.0,0.0,0.0
লাচ্ছিতে,0.0,0.0,0.0
lacking,0.0,0.0,0.0
গেটআপ,0.0,0.0,0.0
আবাসিকের,0.0,0.0,0.0
আজিবন,0.0,0.0,0.0
বুস্টার,0.0,0.0,0.0
upnara,0.0,0.0,0.0
compressor,0.0,0.0,0.0
ঘনত্বের,0.0,0.0,0.0
স্বভাবের,0.0,0.0,0.0
কামের,0.0,0.0,0.0
blocking,0.0,0.0,0.0
সেগুলার,0.0,0.0,0.0
caver,0.0,0.0,0.0
রেক,0.0,0.0,0.0
বলপেন,0.0,0.0,0.0
rexin,0.0,0.0,0.0
ক্রীমটা,0.0,0.0,0.0
প্যানেলে,0.0,0.0,0.0
damm,0.0,0.0,0.0
kara,0.0,0.0,0.0
monar,0.0,0.0,0.0
krechi,0.0,0.0,0.0
lagacha,0.0,0.0,0.0
dalivari,0.0,0.0,0.0
naker,0.0,0.0,0.0
paryn,0.0,0.0,0.0
od,0.0,0.0,0.0
akshate,0.0,0.0,0.0
ম্যাপের,0.0,0.0,0.0
রেস্টুরেন্টঃ,0.0,0.0,0.0
চেয়েছিলা,0.0,0.0,0.0
smallest,0.0,0.0,0.0
সয়,0.0,0.0,0.0
buddy,0.0,0.0,0.0
বসানোর,0.0,0.0,0.0
নাদুস,0.0,0.0,0.0
680,0.0,0.0,0.0
পারচেস,0.0,0.0,0.0
appreciating,0.0,0.0,0.0
ফার্মেসীর,0.0,0.0,0.0
প্রডাক্টট,0.0,0.0,0.0
স্পেসটা,0.0,0.0,0.0
fascinating,0.0,0.0,0.0
bezel,0.0,0.0,0.0
সামনি,0.0,0.0,0.0
bolsa,0.0,0.0,0.0
রেইট,0.0,0.0,0.0
গতকালই,0.0,0.0,0.0
bichitra,0.0,0.0,0.0
consumers,0.0,0.0,0.0
alhamdulla,0.0,0.0,0.0
chng,0.0,0.0,0.0
arkta,0.0,0.0,0.0
শার্প,0.0,0.0,0.0
এইখানকার,0.0,0.0,0.0
সেন্টি,0.0,0.0,0.0
ফ্লেবারের,0.0,0.0,0.0
rokm,0.0,0.0,0.0
এনজয়,0.0,0.0,0.0
bivinno,0.0,0.0,0.0
tinzzi,0.0,0.0,0.0
lekhar,0.0,0.0,0.0
blended,0.0,0.0,0.0
ekno,0.0,0.0,0.0
টাকারটা,0.0,0.0,0.0
মটা,0.0,0.0,0.0
যেনে,0.0,0.0,0.0
দেরকে,0.0,0.0,0.0
ক্ষমতার,0.0,0.0,0.0
ছিদ্রযুক্ত,0.0,0.0,0.0
পন্যটিই,0.0,0.0,0.0
aponader,0.0,0.0,0.0
টুনটুনি,0.0,0.0,0.0
ফেলায়,0.0,0.0,0.0
পাবেননা,0.0,0.0,0.0
লাগ্লো,0.0,0.0,0.0
দারি,0.0,0.0,0.0
boring,0.0,0.0,0.0
আমলকী,0.0,0.0,0.0
veryyy,0.0,0.0,0.0
বয়রা,0.0,0.0,0.0
শান্তনা,0.0,0.0,0.0
সৌন্দর্য্য,0.0,0.0,0.0
অবস্যই,0.0,0.0,0.0
আসাতে,0.0,0.0,0.0
চিন্তামুক্ত,0.0,0.0,0.0
কখনোও,0.0,0.0,0.0
অরিজিনালের,0.0,0.0,0.0
কেচি,0.0,0.0,0.0
পটাটো,0.0,0.0,0.0
সেদিনই,0.0,0.0,0.0
সড়,0.0,0.0,0.0
ত্রুটিহীন,0.0,0.0,0.0
celler,0.0,0.0,0.0
issued,0.0,0.0,0.0
টাকাআর,0.0,0.0,0.0
ইম্পোর্ট,0.0,0.0,0.0
proving,0.0,0.0,0.0
হিজাবটা,0.0,0.0,0.0
chacchen,0.0,0.0,0.0
ইকুয়ালিটি,0.0,0.0,0.0
সাতদিন,0.0,0.0,0.0
buget,0.0,0.0,0.0
কোণে,0.0,0.0,0.0
huh,0.0,0.0,0.0
চায়নার,0.0,0.0,0.0
bishoyta,0.0,0.0,0.0
প্রিন্টেড,0.0,0.0,0.0
reflection,0.0,0.0,0.0
simplicity,0.0,0.0,0.0
১৪৮,0.0,0.0,0.0
ইনাদের,0.0,0.0,0.0
তিনমাস,0.0,0.0,0.0
ব্যাকপার্ট,0.0,0.0,0.0
khaici,0.0,0.0,0.0
nthanks,0.0,0.0,0.0
ফুডস্ন্যাপগুলির,0.0,0.0,0.0
দফা,0.0,0.0,0.0
soul,0.0,0.0,0.0
কাচ্চিও,0.0,0.0,0.0
শিলার,0.0,0.0,0.0
ইন্টরিয়র,0.0,0.0,0.0
দিনশেষে,0.0,0.0,0.0
চেইনে,0.0,0.0,0.0
আর্টিফিসিয়াল,0.0,0.0,0.0
communicated,0.0,0.0,0.0
চলল,0.0,0.0,0.0
onijayi,0.0,0.0,0.0
australia,0.0,0.0,0.0
chey,0.0,0.0,0.0
কম্পিউটারের,0.0,0.0,0.0
980,0.0,0.0,0.0
smae,0.0,0.0,0.0
খইরন,0.0,0.0,0.0
swear,0.0,0.0,0.0
স্ফট,0.0,0.0,0.0
loudness,0.0,0.0,0.0
suck,0.0,0.0,0.0
নেয়ে,0.0,0.0,0.0
রিকোমান্ডেড,0.0,0.0,0.0
319,0.0,0.0,0.0
ভারা,0.0,0.0,0.0
akmatro,0.0,0.0,0.0
৩৫০টাকায়,0.0,0.0,0.0
সুলতানস,0.0,0.0,0.0
noton,0.0,0.0,0.0
পসন্দ,0.0,0.0,0.0
duroto,0.0,0.0,0.0
sondar,0.0,0.0,0.0
রেপ্লিকা,0.0,0.0,0.0
ড্যাম,0.0,0.0,0.0
আকাশে,0.0,0.0,0.0
chaiche,0.0,0.0,0.0
daye,0.0,0.0,0.0
অলিম্পিয়া,0.0,0.0,0.0
আমেজিং,0.0,0.0,0.0
্যাগ,0.04982849268792045,0.0,0.0
শামিল,0.0,0.0,0.0
ট্যাবলেট,0.0,0.0,0.0
peanuts,0.0,0.0,0.0
reducing,0.0,0.0,0.0
ফার্মেসী,0.0,0.0,0.0
রওজার,0.0,0.0,0.0
রবির,0.0,0.0,0.0
প্যাকেজঃ,0.0,0.0,0.0
সপ্তার,0.0,0.0,0.0
tatei,0.0,0.0,0.0
kincilam,0.0,0.0,0.0
availability,0.0,0.0,0.0
pathalen,0.0,0.0,0.0
রংগন,0.0,0.0,0.0
unwanted,0.0,0.0,0.0
bojlam,0.0,0.0,0.0
১০মিরপুর,0.0,0.0,0.0
ব্যতিত,0.0,0.0,0.0
gq,0.0,0.0,0.0
development,0.0,0.0,0.0
কছে,0.0,0.0,0.0
lov,0.0,0.0,0.0
গড়মিল,0.0,0.0,0.0
mora,0.0,0.0,0.0
বিলাসিতা,0.0,0.0,0.0
খেতা,0.0,0.0,0.0
অনুচিত,0.0,0.0,0.0
shobgula,0.0,0.0,0.0
প্রত্যেকটার,0.0,0.0,0.0
২১৪,0.0,0.0,0.0
অা,0.0,0.0,0.0
লাগাইনি,0.0,0.0,0.0
দুরবল,0.0,0.0,0.0
konu,0.0,0.0,0.0
gp,0.0,0.0,0.0
pace,0.0,0.0,0.0
২৭৯,0.0,0.0,0.0
অনেকবারই,0.0,0.0,0.0
৩টাকা,0.0,0.0,0.0
makhani,0.0,0.0,0.0
ক্যাট,0.0,0.0,0.0
হালিমটা,0.0,0.0,0.0
ব্যাস্ততা,0.0,0.0,0.0
গার্নিশ,0.0,0.0,0.0
chococold,0.0,0.0,0.0
vaya,0.0,0.0,0.0
২০৯,0.0,0.0,0.0
knocked,0.0,0.0,0.0
মনিটরের,0.0,0.0,0.0
transit,0.0,0.0,0.0
হাড়ের,0.0,0.0,0.0
সমেত,0.0,0.0,0.0
chotu,0.0,0.0,0.0
মিলাই,0.0,0.0,0.0
শনি,0.0,0.0,0.0
ব্যালান্সড,0.0,0.0,0.0
lagsy,0.0,0.0,0.0
অতিথি,0.0,0.0,0.0
লাফালাফি,0.0,0.0,0.0
শক্তভাবে,0.0,0.0,0.0
জিবনের,0.0,0.0,0.0
jini,0.0,0.0,0.0
এক্সান,0.0,0.0,0.0
সহায়,0.0,0.0,0.0
হোয়ে,0.0,0.0,0.0
ফুটের,0.0,0.0,0.0
রিস্টক,0.0,0.0,0.0
ঠকালো,0.0,0.0,0.0
সুইটনেস,0.0,0.0,0.0
এইডের,0.0,0.0,0.0
জাতে,0.0,0.0,0.0
অনিহা,0.0,0.0,0.0
deraz,0.0,0.0,0.0
তাঁকে,0.0,0.0,0.0
পপ,0.0,0.0,0.0
পোচ,0.0,0.0,0.0
kubb,0.0,0.0,0.0
হৃদয়,0.0,0.0,0.0
ডেসার্টের,0.0,0.0,0.0
বিলাস,0.0,0.0,0.0
kahini,0.0,0.0,0.0
hocchena,0.0,0.0,0.0
৭৫০টাকা,0.0,0.0,0.0
exotic,0.0,0.0,0.0
joruri,0.0,0.0,0.0
গুজব,0.0,0.0,0.0
ঘড়িটাও,0.0,0.0,0.0
কুড়িয়ে,0.0,0.0,0.0
lether,0.0,0.0,0.0
dekhae,0.0,0.0,0.0
অস্হির,0.0,0.0,0.0
launched,0.0,0.0,0.0
topping,0.0,0.0,0.0
সাধের,0.0,0.0,0.0
arduino,0.0,0.0,0.0
1900,0.0,0.0,0.0
nintendo,0.0,0.0,0.0
সাজগোজ,0.0,0.0,0.0
গোছালো,0.0,0.0,0.0
cholay,0.0,0.0,0.0
ওয়্যারলেস,0.0,0.0,0.0
confirming,0.0,0.0,0.0
ব্রাঞ্চেও,0.0,0.0,0.0
comparable,0.0,0.0,0.0
ক্রাউড,0.0,0.0,0.0
terrace,0.0,0.0,0.0
মিলানো,0.0,0.0,0.0
rifat,0.0,0.0,0.0
মের,0.0,0.0,0.0
rupayan,0.0,0.0,0.0
ভেতরেও,0.0,0.0,0.0
ইচ্ছায়,0.0,0.0,0.0
ঘামের,0.0,0.0,0.0
ঢালার,0.0,0.0,0.0
cushion,0.0,0.0,0.0
puti,0.0,0.0,0.0
ojotha,0.0,0.0,0.0
পুরোপুরিভাবে,0.0,0.0,0.0
মারকা,0.0,0.0,0.0
বিসয়,0.0,0.0,0.0
পেছিয়ে,0.0,0.0,0.0
প্লাই,0.0,0.0,0.0
catalog,0.0,0.0,0.0
প্রেমীরা,0.0,0.0,0.0
odered,0.0,0.0,0.0
রুমালী,0.0,0.0,0.0
ওত,0.0,0.0,0.0
backpart,0.0,0.0,0.0
ইম্প্রেসড,0.0,0.0,0.0
ব্রয়লার,0.0,0.0,0.0
scar,0.0,0.0,0.0
পেয়েছিও,0.0,0.0,0.0
কম্বিনেশনের,0.0,0.0,0.0
পার্টটা,0.0,0.0,0.0
eco,0.0,0.0,0.0
ফ্রেন্ডসদের,0.0,0.0,0.0
নাইটি,0.0,0.0,0.0
গ্রুপঃ,0.0,0.0,0.0
লঞ্চ,0.0,0.0,0.0
dayer,0.0,0.0,0.0
১০টেস্টঃ,0.0,0.0,0.0
forced,0.0,0.0,0.0
ফাক,0.0,0.0,0.0
পরিয়ে,0.0,0.0,0.0
হৃদয়ে,0.0,0.0,0.0
স্বাদকে,0.0,0.0,0.0
ইনের,0.0,0.0,0.0
খি,0.0,0.0,0.0
editing,0.0,0.0,0.0
নয়অষ্ট,0.0,0.0,0.0
seme,0.0,0.0,0.0
প্রস্তুতকৃত,0.0,0.0,0.0
টাপোলাও,0.0,0.0,0.0
পরজন্ত,0.0,0.0,0.0
দিনকে,0.0,0.0,0.0
ফালুদাটা,0.0,0.0,0.0
রিয়াল,0.0,0.0,0.0
kool,0.0,0.0,0.0
2400,0.0,0.0,0.0
৭৪০,0.0,0.0,0.0
শিহরিত,0.0,0.0,0.0
jaak,0.0,0.0,0.0
তাজ,0.0,0.0,0.0
oaren,0.0,0.0,0.0
bki,0.0,0.0,0.0
holey,0.0,0.0,0.0
হেরফের,0.0,0.0,0.0
replacing,0.0,0.0,0.0
গোসলের,0.0,0.0,0.0
vara,0.0,0.0,0.0
ফেরা,0.0,0.0,0.0
browsing,0.0,0.0,0.0
ওয়ার্ক,0.0,0.0,0.0
আমদানিকারকের,0.0,0.0,0.0
ইডিট,0.0,0.0,0.0
গোলাকার,0.0,0.0,0.0
sadharon,0.0,0.0,0.0
ইনোভেটিভ,0.0,0.0,0.0
অনুমান,0.0,0.0,0.0
সেলাইগুলো,0.0,0.0,0.0
গোনা,0.0,0.0,0.0
অটুট,0.0,0.0,0.0
অলি,0.0,0.0,0.0
korcen,0.0,0.0,0.0
মিছ,0.0,0.0,0.0
facilities,0.0,0.0,0.0
diasa,0.0,0.0,0.0
ক্ষেত্র,0.0,0.0,0.0
ফ্রাইগুলো,0.0,0.0,0.0
irritated,0.0,0.0,0.0
খেলায়,0.0,0.0,0.0
khuve,0.0,0.0,0.0
shedding,0.0,0.0,0.0
টুকরোগুলো,0.0,0.0,0.0
shopper,0.0,0.0,0.0
kih,0.0,0.0,0.0
porbo,0.0,0.0,0.0
বাঙ্গালি,0.0,0.0,0.0
hyche,0.0,0.0,0.0
আাবার,0.0,0.0,0.0
shapes,0.0,0.0,0.0
পিতা,0.0,0.0,0.0
করিয়েছি,0.0,0.0,0.0
শিপ,0.0,0.0,0.0
kototuku,0.0,0.0,0.0
warking,0.0,0.0,0.0
জালিকাবাব,0.0,0.0,0.0
valve,0.0,0.0,0.0
chicago,0.0,0.0,0.0
apollo,0.0,0.0,0.0
বাটনটা,0.0,0.0,0.0
জোড়ায়,0.0,0.0,0.0
roasters,0.0,0.0,0.0
ভায়ের,0.0,0.0,0.0
কফিও,0.0,0.0,0.0
বাঁচাতে,0.0,0.0,0.0
মোড়কে,0.0,0.0,0.0
670,0.0,0.0,0.0
আলহামদুল্লাহ,0.0,0.0,0.0
সিচুয়েশনে,0.0,0.0,0.0
chasi,0.0,0.0,0.0
টোনারের,0.0,0.0,0.0
সেন্টটা,0.0,0.0,0.0
হাপ,0.0,0.0,0.0
পড়ন্ত,0.0,0.0,0.0
ত্রিফলা,0.0,0.0,0.0
hiseve,0.0,0.0,0.0
shobaike,0.0,0.0,0.0
রোধ,0.0,0.0,0.0
ageh,0.0,0.0,0.0
shed,0.0,0.0,0.0
প্যকেটের,0.0,0.0,0.0
অতিব,0.0,0.0,0.0
korsilo,0.0,0.0,0.0
crowded,0.0,0.0,0.0
বিরিয়ানী৩,0.0,0.0,0.0
স্থাপন,0.0,0.0,0.0
ছিপ,0.0,0.0,0.0
mishe,0.0,0.0,0.0
businessman,0.0,0.0,0.0
ওয়্যার,0.0,0.0,0.0
headache,0.0,0.0,0.0
thankss,0.0,0.0,0.0
থামাতে,0.0,0.0,0.0
stem,0.0,0.0,0.0
ডেন্ট,0.0,0.0,0.0
খাওয়াটাই,0.0,0.0,0.0
goooooood,0.0,0.0,0.0
bajey,0.0,0.0,0.0
নুদুস,0.0,0.0,0.0
অরধেক,0.0,0.0,0.0
শেকস,0.0,0.0,0.0
kasi,0.0,0.0,0.0
jotner,0.0,0.0,0.0
pizzatown,0.0,0.0,0.0
tenderloin,0.0,0.0,0.0
tex,0.0,0.0,0.0
darazei,0.0,0.0,0.0
smoth,0.0,0.0,0.0
nicce,0.0,0.0,0.0
106,0.0,0.0,0.0
্যাকিং,0.0,0.0,0.0
তথাকথিত,0.0,0.0,0.0
thikvabe,0.0,0.0,0.0
abro,0.0,0.0,0.0
একমত,0.0,0.0,0.0
ঢাকাজুড়ে,0.0,0.0,0.0
ejector,0.0,0.0,0.0
amps,0.0,0.0,0.0
jn,0.0,0.0,0.0
sah,0.0,0.0,0.0
khultei,0.0,0.0,0.0
skill,0.0,0.0,0.0
কষা,0.0,0.0,0.0
অনুভূতির,0.0,0.0,0.0
milie,0.0,0.0,0.0
মাট,0.0,0.0,0.0
আটো,0.0,0.0,0.0
জাকির,0.0,0.0,0.0
castle,0.0,0.0,0.0
evil,0.0,0.0,0.0
characters,0.0,0.0,0.0
korate,0.0,0.0,0.0
এসডি,0.0,0.0,0.0
ঝাপিয়ে,0.0,0.0,0.0
carried,0.0,0.0,0.0
rakhbo,0.0,0.0,0.0
desan,0.0,0.0,0.0
mazaa,0.0,0.0,0.0
ud,0.0,0.0,0.0
monehoy,0.0,0.0,0.0
cilm,0.0,0.0,0.0
kibabe,0.0,0.0,0.0
373,0.0,0.0,0.0
বেড়িবাঁধ,0.0,0.0,0.0
samia,0.0,0.0,0.0
সেলারসহ,0.0,0.0,0.0
সোয়াবিন,0.0,0.0,0.0
চাঁদ,0.0,0.0,0.0
dekhaiche,0.0,0.0,0.0
thans,0.0,0.0,0.0
এম্বিপিএস,0.0,0.0,0.0
নিয়েছিলামখিচুড়ি,0.0,0.0,0.0
korchilm,0.0,0.0,0.0
অংগন,0.0,0.0,0.0
ভিকারুননিসার,0.0,0.0,0.0
তেরা,0.0,0.0,0.0
akter,0.0,0.0,0.0
হার্ডি,0.0,0.0,0.0
লাগালেই,0.0,0.0,0.0
আশ্বাস,0.0,0.0,0.0
চিকেনটাই,0.0,0.0,0.0
locations,0.0,0.0,0.0
efforts,0.0,0.0,0.0
লুচিও,0.0,0.0,0.0
earned,0.0,0.0,0.0
ajj,0.0,0.0,0.0
jaibo,0.0,0.0,0.0
শব্দে,0.0,0.0,0.0
blackhead,0.0,0.0,0.0
দারূণ,0.0,0.0,0.0
extender,0.0,0.0,0.0
মানের৷,0.0,0.0,0.0
deceived,0.0,0.0,0.0
aluminium,0.0,0.0,0.0
মামাতো,0.0,0.0,0.0
dispute,0.0,0.0,0.0
porey,0.0,0.0,0.0
আসলটা,0.0,0.0,0.0
মিটের,0.0,0.0,0.0
thikana,0.0,0.0,0.0
আলফা,0.0,0.0,0.0
খিলগাওয়ের,0.0,0.0,0.0
bujai,0.0,0.0,0.0
চাকরির,0.0,0.0,0.0
tekhe,0.0,0.0,0.0
grt,0.0,0.0,0.0
কমান্ড,0.0,0.0,0.0
চেড়া,0.0,0.0,0.0
পড,0.0,0.0,0.0
niyece,0.0,0.0,0.0
শেভিং,0.0,0.0,0.0
sot,0.0,0.0,0.0
কথাগুলো,0.0,0.0,0.0
কার্টের,0.0,0.0,0.0
মোগলাই,0.0,0.0,0.0
চাজার,0.0,0.0,0.0
toko,0.0,0.0,0.0
jota,0.0,0.0,0.0
ড্রেসিং,0.0,0.0,0.0
বসবাস,0.0,0.0,0.0
এ্যাভারেজ,0.0,0.0,0.0
dian,0.0,0.0,0.0
এভেলেবেল,0.0,0.0,0.0
mocktail,0.0,0.0,0.0
shifter,0.0,0.0,0.0
kuya,0.0,0.0,0.0
কুমড়া,0.0,0.0,0.0
cares,0.0,0.0,0.0
স্ট্রিমিং,0.0,0.0,0.0
ফুচকায়,0.0,0.0,0.0
৫২০টাকা,0.0,0.0,0.0
overload,0.0,0.0,0.0
বিচিত্র,0.0,0.0,0.0
tajmahal,0.0,0.0,0.0
প্ল্যটার,0.0,0.0,0.0
lvl,0.0,0.0,0.0
assure,0.0,0.0,0.0
দুরদান্ত,-0.04294657567888125,0.0,0.0
জায়গাটিতে,0.0,0.0,0.0
cushions,0.0,0.0,0.0
ডিনারঃ,0.0,0.0,0.0
krtesi,0.0,0.0,0.0
gem,0.0,0.0,0.0
deksilam,0.0,0.0,0.0
জলের,0.0,0.0,0.0
বাজানোর,0.0,0.0,0.0
bristi,0.0,0.0,0.0
fatty,0.0,0.0,0.0
বুঝেছিলাম,0.0,0.0,0.0
আচারে,0.0,0.0,0.0
competition,0.0,0.0,0.0
রিফিলের,0.0,0.0,0.0
et,0.0,0.0,0.0
vgtec,0.0,0.0,0.0
bacchara,0.0,0.0,0.0
৮০০টাকা,0.0,0.0,0.0
স্যটেড,0.0,0.0,0.0
পাইসে,0.0,0.0,0.0
আপুদের,0.0,0.0,0.0
পেয়াঁজ,0.0,0.0,0.0
স্বল্পতা,0.0,0.0,0.0
৪বার,0.0,0.0,0.0
asheni,0.0,0.0,0.0
ভেজালের,0.0,0.0,0.0
thes,0.0,0.0,0.0
দুক্ষিত,0.0,0.0,0.0
aise,0.0,0.0,0.0
wooow,0.0,0.0,0.0
paowar,0.0,0.0,0.0
ফেরদৌস,0.0,0.0,0.0
aktay,0.0,0.0,0.0
thru,0.0,0.0,0.0
লেগেছ,0.0,0.0,0.0
onekh,0.0,0.0,0.0
hati,0.0,0.0,0.0
হইনা,0.0,0.0,0.0
claiming,0.0,0.0,0.0
monja,0.0,0.0,0.0
selam,0.0,0.0,0.0
জোনের,0.0,0.0,0.0
বার্গারটির,0.0,0.0,0.0
সৌখিন,0.0,0.0,0.0
প্রণালী,0.0,0.0,0.0
হেহে,0.0,0.0,0.0
মচমচা,0.0,0.0,0.0
native,0.0,0.0,0.0
কাপোর,0.0,0.0,0.0
involved,0.0,0.0,0.0
একদিক,0.0,0.0,0.0
যতগুলা,0.0,0.0,0.0
গোরান,0.0,0.0,0.0
rak,0.0,0.0,0.0
ছাগল,0.0,0.0,0.0
চাষ,0.0,0.0,0.0
সাতটি,0.0,0.0,0.0
intense,0.0,0.0,0.0
বাকানো,0.0,0.0,0.0
নগন্য,0.0,0.0,0.0
watche,0.0,0.0,0.0
পারফিউমটা,0.0,0.0,0.0
লোকেসন,0.0,0.0,0.0
eagle,0.0,0.0,0.0
বিস্কুটগুলো,0.0,0.0,0.0
tailor,0.0,0.0,0.0
বছরই,0.0,0.0,0.0
ভর্তা৮,0.0,0.0,0.0
ইন্ডাকশন,0.0,0.0,0.0
একমাসের,0.0,0.0,0.0
প্রতিষ্ঠানকে,0.0,0.0,0.0
৪পিছ,0.0,0.0,0.0
ছিটানো,0.0,0.0,0.0
shakeprice,0.0,0.0,0.0
স্ক্যাচ,0.0,0.0,0.0
truck,0.0,0.0,0.0
jade,0.0,0.0,0.0
পাল্লা,0.0,0.0,0.0
কের,0.0,0.0,0.0
279,0.0,0.0,0.0
attempts,0.0,0.0,0.0
upai,0.0,0.0,0.0
বিসকুট,0.0,0.0,0.0
bleed,0.0,0.0,0.0
সামনা,0.0,0.0,0.0
যন্ত্র,0.0,0.0,0.0
achilo,0.0,0.0,0.0
producter,0.0,0.0,0.0
১৪৩,0.0,0.0,0.0
korchii,0.0,0.0,0.0
configure,0.0,0.0,0.0
রাইখেন,0.0,0.0,0.0
টাকাটায়,0.0,0.0,0.0
পাইনি৷,0.0,0.0,0.0
bujtesi,0.0,0.0,0.0
গাউছিয়া,0.0,0.0,0.0
closing,0.0,0.0,0.0
roomy,0.0,0.0,0.0
সুন্দরবনের,0.0,0.0,0.0
blends,0.0,0.0,0.0
পরিবহনে,0.0,0.0,0.0
ইনি,0.0,0.0,0.0
১৪২,0.0,0.0,0.0
russian,0.0,0.0,0.0
ডাকাডাকি,0.0,0.0,0.0
তাদেরও,0.0,0.0,0.0
spider,0.0,0.0,0.0
ডেলীভারি,0.0,0.0,0.0
লটপটি,0.0,0.0,0.0
regrets,0.0,0.0,0.0
ফেলবো,0.0,0.0,0.0
nfc,0.0,0.0,0.0
dakhaci,0.0,0.0,0.0
aye,0.0,0.0,0.0
allhamdullilah,0.0,0.0,0.0
বোধয়,0.0,0.0,0.0
allhamdulila,0.0,0.0,0.0
দেখাছে,0.0,0.0,0.0
froude,0.0,0.0,0.0
যাবে৷,0.0,0.0,0.0
মনিটরটি,0.0,0.0,0.0
shondhor,0.0,0.0,0.0
hardy,0.0,0.0,0.0
অসন্তোষজনক,0.0,0.0,0.0
আগামি,0.0,0.0,0.0
excellently,0.0,0.0,0.0
সুভাস,0.0,0.0,0.0
লিখবেন,0.0,0.0,0.0
পণ্যটার,0.0,0.0,0.0
বাড়াইয়া,0.0,0.0,0.0
চুলগুলো,0.0,0.0,0.0
লন্ড্রি,0.0,0.0,0.0
কিস,0.0,0.0,0.0
bu,0.0,0.0,0.0
central,0.0,0.0,0.0
বেলিফুল,0.0,0.0,0.0
কাবারের,0.0,0.0,0.0
ios,0.0,0.0,0.0
minimalistic,0.0,0.0,0.0
প্যাটিতে,0.0,0.0,0.0
unused,0.0,0.0,0.0
সাতটা,0.0,0.0,0.0
saiz,0.0,0.0,0.0
অনার,0.0,0.0,0.0
পড়ায়,0.0,0.0,0.0
pearls,0.0,0.0,0.0
osaka,0.0,0.0,0.0
্যন্ত,0.0,0.0,0.0
প্রাণী,0.0,0.0,0.0
residence,0.0,0.0,0.0
bow,0.0,0.0,0.0
অনন্ত,0.0,0.0,0.0
প্রতরনা,0.0,0.0,0.0
মুড়িতে,0.0,0.0,0.0
squeeze,0.0,0.0,0.0
muito,0.0,0.0,0.0
বাহার,0.0,0.0,0.0
তুলসি,0.0,0.0,0.0
khotay,0.0,0.0,0.0
কিউবটা,0.0,0.0,0.0
সমালোচনা,0.0,0.0,0.0
siz,0.0,0.0,0.0
মুঘলদের,0.0,0.0,0.0
পিনা,0.0,0.0,0.0
hygienic,0.0,0.0,0.0
mission,0.0,0.0,0.0
primary,0.0,0.0,0.0
flaw,0.0,0.0,0.0
felce,0.0,0.0,0.0
ব্রাউজার,0.0,0.0,0.0
ভ্রমন,0.0,0.0,0.0
খোরদের,0.0,0.0,0.0
605,0.0,0.0,0.0
এইটুকুই,0.0,0.0,0.0
খুললাম,0.0,0.0,0.0
ভাঙতে,0.0,0.0,0.0
কামে,0.0,0.0,0.0
সাম্রাজ্য,0.0,0.0,0.0
ওজনও,0.0,0.0,0.0
নাজেহাল,0.0,0.0,0.0
আসবেই,0.0,0.0,0.0
ui,0.0,0.0,0.0
har,0.0,0.0,0.0
বঙ্গবন্ধু,0.0,0.0,0.0
তুমুল,0.0,0.0,0.0
upcoming,0.0,0.0,0.0
ট্যাংকি,0.0,0.0,0.0
থ্যাংকিউ,0.0,0.0,0.0
নেতে,0.0,0.0,0.0
নিহারীর,0.0,0.0,0.0
খন্ড,0.0,0.0,0.0
প্যানিক,0.0,0.0,0.0
হুবুহ,0.0,0.0,0.0
নাচস,0.0,0.0,0.0
muri,0.0,0.0,0.0
লাইটওয়েট,0.0,0.0,0.0
ভ্যারাইটি,0.0,0.0,0.0
মুহূর্তের,0.0,0.0,0.0
ফ্লেভারড,0.0,0.0,0.0
ক্যাপে,0.0,0.0,0.0
২বছরের,0.0,0.0,0.0
পড়তেছে,0.0,0.0,0.0
রংপুর,0.0,0.0,0.0
অনেকসময়,0.0,0.0,0.0
colore,0.0,0.0,0.0
glorious,0.0,0.0,0.0
wrinkled,0.0,0.0,0.0
emnei,0.0,0.0,0.0
এপিটাইজারের,0.0,0.0,0.0
pam,0.0,0.0,0.0
আলু৩টা,0.0,0.0,0.0
নামমাত্র,0.0,0.0,0.0
পুশআপ,0.0,0.0,0.0
dater,0.0,0.0,0.0
কেমনটা,0.0,0.0,0.0
krechilam,0.0,0.0,0.0
হুজুর,0.0,0.0,0.0
conventional,0.0,0.0,0.0
ataa,0.0,0.0,0.0
ফেশওয়াশ,0.0,0.0,0.0
শুঁটকি,0.0,0.0,0.0
thay,0.0,0.0,0.0
পেটিস,0.0,0.0,0.0
এক্সের,0.0,0.0,0.0
স্লাইসের,0.0,0.0,0.0
hosche,0.0,0.0,0.0
ফোনও,0.0,0.0,0.0
tit,0.0,0.0,0.0
জিএসএম,0.0,0.0,0.0
dukkher,0.0,0.0,0.0
সাইজেরই,0.0,0.0,0.0
লেখায়,0.0,0.0,0.0
ইয়ারফোনের,0.0,0.0,0.0
যাহার,0.0,0.0,0.0
বাচিয়ে,0.0,0.0,0.0
বেবোহার,0.0,0.0,0.0
কুমিল্লার,0.0,0.0,0.0
কষ্টই,0.0,0.0,0.0
বুতাম,0.0,0.0,0.0
ক্রাস্টটা,0.0,0.0,0.0
নামটাও,0.0,0.0,0.0
taki,0.0,0.0,0.0
parameters,0.0,0.0,0.0
ইমার্জেন্সি,0.0,0.0,0.0
হিডেন,0.0,0.0,0.0
অভাবনীয়,0.0,0.0,0.0
জানেনই,0.0,0.0,0.0
জানাবে,0.0,0.0,0.0
ব্রীজের,0.0,0.0,0.0
কাড়ি,0.0,0.0,0.0
তকের,0.0,0.0,0.0
গিটারের,0.0,0.0,0.0
এতোগুলা,0.0,0.0,0.0
eka,0.0,0.0,0.0
captains,0.0,0.0,0.0
ঝুট,0.0,0.0,0.0
পারে৷,0.0,0.0,0.0
saty,0.0,0.0,0.0
অরিজিনালি,0.0,0.0,0.0
৬৬৫,0.0,0.0,0.0
flavourful,0.0,0.0,0.0
অঞ্চলে,0.0,0.0,0.0
rightly,0.0,0.0,0.0
alhamdulilallah,0.0,0.0,0.0
কোম্বো,0.0,0.0,0.0
triggers,0.0,0.0,0.0
ishq,0.0,0.0,0.0
lagaise,0.0,0.0,0.0
aso,0.0,0.0,0.0
চূড়ান্ত,0.0,0.0,0.0
থিয়েটার,0.0,0.0,0.0
আলোয়,0.0,0.0,0.0
৮৯০,0.0,0.0,0.0
kecu,0.0,0.0,0.0
dekhtei,0.0,0.0,0.0
পেয়েসি,0.0,0.0,0.0
পরতো,0.0,0.0,0.0
মাছে,0.0,0.0,0.0
যাবনা,0.0,0.0,0.0
isse,0.0,0.0,0.0
গুলিয়ে,0.0,0.0,0.0
besttt,0.0,0.0,0.0
tells,0.0,0.0,0.0
pauya,0.0,0.0,0.0
দাওন,0.0,0.0,0.0
অসুল,0.0,0.0,0.0
চাক,0.0,0.0,0.0
সেলারটা,0.0,0.0,0.0
measures,0.0,0.0,0.0
xd,0.0,0.0,0.0
photocard,0.0,0.0,0.0
charms,0.0,0.0,0.0
পরিস্থিতির,0.0,0.0,0.0
lenses,0.0,0.0,0.0
shaking,0.0,0.0,0.0
resin,0.0,0.0,0.0
টাসালাদ,0.0,0.0,0.0
ডেলিভারিটি,0.0,0.0,0.0
ফোমটা,0.0,0.0,0.0
গতদিন,0.0,0.0,0.0
produts,0.0,0.0,0.0
মিটিয়ে,0.0,0.0,0.0
atodin,0.0,0.0,0.0
বুদ্ধুর,0.0,0.0,0.0
porono,0.0,0.0,0.0
ইন্টেরিয়রও,0.0,0.0,0.0
শ্রম,0.0,0.0,0.0
কাবাওওয়ালা,0.0,0.0,0.0
sis,0.0,0.0,0.0
saline,0.0,0.0,0.0
ফ্রাইয়ের,0.0,0.0,0.0
ঢোকা,0.0,0.0,0.0
খসে,0.0,0.0,0.0
modhur,0.0,0.0,0.0
কলকাতায়,0.0,0.0,0.0
dek,0.0,0.0,0.0
পরিজন,0.0,0.0,0.0
রিটেন,0.0,0.0,0.0
appear,0.0,0.0,0.0
খসখসা,0.0,0.0,0.0
হেসে,0.0,0.0,0.0
whichever,0.0,0.0,0.0
গতকালের,0.0,0.0,0.0
respons,0.0,0.0,0.0
রিক্স,0.0,0.0,0.0
ময়লায়,0.0,0.0,0.0
পিজ্জাও,0.0,0.0,0.0
উইঠা,0.0,0.0,0.0
এতসুন্দর,0.0,0.0,0.0
মাঝেমাঝে,0.0,0.0,0.0
করচে,0.0,0.0,0.0
costumer,0.0,0.0,0.0
মানিব্যাগটি,0.0,0.0,0.0
thoughtful,0.0,0.0,0.0
রাধুনীর,0.0,0.0,0.0
ঢোকানো,0.0,0.0,0.0
taratai,0.0,0.0,0.0
motew,0.0,0.0,0.0
waight,0.0,0.0,0.0
পরিষ্কারের,0.0,0.0,0.0
মিটারটি,0.0,0.0,0.0
জেনেশুনে,0.0,0.0,0.0
ভর্তা৪০,0.0,0.0,0.0
ব্যাগটাও,0.0,0.0,0.0
টিকতে,0.0,0.0,0.0
aux,0.0,0.0,0.0
onijai,0.0,0.0,0.0
পেন্ড্রাইভ,0.0,0.0,0.0
colche,0.0,0.0,0.0
au,0.0,0.0,0.0
nsu,0.0,0.0,0.0
paikari,0.0,0.0,0.0
ঘোড়ার,0.0,0.0,0.0
৫জনের,0.0,0.0,0.0
horse,0.0,0.0,0.0
dkhe,0.0,0.0,0.0
বর্ণ,0.0,0.0,0.0
মন্দির,0.0,0.0,0.0
দরবারের,0.0,0.0,0.0
ধারণার,0.0,0.0,0.0
অন্যজন,0.0,0.0,0.0
পেস্তার,0.0,0.0,0.0
উইংসের,0.0,0.0,0.0
সিপি,0.0,0.0,0.0
বশত,0.0,0.0,0.0
expairy,0.0,0.0,0.0
জাতি,0.0,0.0,0.0
jonn,0.0,0.0,0.0
হাঁটা,0.0,0.0,0.0
থাকে৷,0.0,0.0,0.0
gune,0.0,0.0,0.0
এরোসল,0.0,0.0,0.0
ofcourse,0.0,0.0,0.0
fig,0.0,0.0,0.0
২৫০টাকার,0.0,0.0,0.0
treble,0.0,0.0,0.0
নমুনা,0.0,0.0,0.0
জোছ,0.0,0.0,0.0
মাংশের,0.0,0.0,0.0
জ্বালায়,0.0,0.0,0.0
দাঁড়া,0.0,0.0,0.0
হাংরি,0.0,0.0,0.0
ঢোক,0.0,0.0,0.0
বৈশাখ,0.0,0.0,0.0
inverter,0.0,0.0,0.0
toby,0.0,0.0,0.0
resort,0.0,0.0,0.0
অতিষ্ঠ,0.0,0.0,0.0
alignment,0.0,0.0,0.0
ভুনাখিচুড়ি,0.0,0.0,0.0
ফ্যাকাসে,0.0,0.0,0.0
১৬ই,0.0,0.0,0.0
mabilis,0.0,0.0,0.0
আগামিতে,0.0,0.0,0.0
snap,0.0,0.0,0.0
খেত,0.0,0.0,0.0
asakori,0.0,0.0,0.0
জব্বার,0.0,0.0,0.0
ginish,0.0,0.0,0.0
soja,0.0,0.0,0.0
মরিচে,0.0,0.0,0.0
প্রত্যেকটির,0.0,0.0,0.0
rateing,0.0,0.0,0.0
brooches,0.0,0.0,0.0
পোডাক্স,0.0,0.0,0.0
oats,0.0,0.0,0.0
ভিত্রে,0.0,0.0,0.0
পাইলেও,0.0,0.0,0.0
thali,0.0,0.0,0.0
alhamdullih,0.0,0.0,0.0
দিলামঃ,0.0,0.0,0.0
ওগুলোর,0.0,0.0,0.0
অনায়েসেই,0.0,0.0,0.0
রিজোনেবল,0.0,0.0,0.0
chitar,0.0,0.0,0.0
জ্বালাপোড়া,0.0,0.0,0.0
hotplate,0.0,0.0,0.0
কারেন্টের,0.0,0.0,0.0
মশল্লার,0.0,0.0,0.0
খুশ,0.0,0.0,0.0
oke,0.0,0.0,0.0
বিব্রতকর,0.0,0.0,0.0
লিকুইট,0.0,0.0,0.0
craftsmanship,0.0,0.0,0.0
কাঁচাবাজারের,0.0,0.0,0.0
diea,0.0,0.0,0.0
দেইখাই,0.0,0.0,0.0
thrill,0.0,0.0,0.0
bel,0.0,0.0,0.0
কয়েকপিস,0.0,0.0,0.0
মল্লিকার,0.0,0.0,0.0
প্লাটারের,0.0,0.0,0.0
hangs,0.0,0.0,0.0
spelling,0.0,0.0,0.0
দেয়ালের,0.0,0.0,0.0
জেসমিন,0.0,0.0,0.0
kiva,0.0,0.0,0.0
চারজার,0.0,0.0,0.0
nasto,0.0,0.0,0.0
tenda,0.0,0.0,0.0
কাচার,0.0,0.0,0.0
kajar,0.0,0.0,0.0
রামেনের,0.0,0.0,0.0
বাজারমূল্যের,0.0,0.0,0.0
সুযোগটা,0.0,0.0,0.0
nawaz,0.0,0.0,0.0
krtese,0.0,0.0,0.0
উপস্থাপন,0.0,0.0,0.0
aghe,0.0,0.0,0.0
ঊর্ধ্বগতির,0.0,0.0,0.0
parcels,0.0,0.0,0.0
স্পিকারটি,0.0,0.0,0.0
ব্রেকআপ,0.0,0.0,0.0
সঠিকটা,0.0,0.0,0.0
জাপানের,0.0,0.0,0.0
অপমান,0.0,0.0,0.0
thrice,0.0,0.0,0.0
সাদার,0.0,0.0,0.0
ullekh,0.0,0.0,0.0
এইজন্যই,0.0,0.0,0.0
kong,0.0,0.0,0.0
tipe,0.0,0.0,0.0
বহুগুণ,0.0,0.0,0.0
smelt,0.0,0.0,0.0
প্যাকেজঃ২০০টাকা,0.0,0.0,0.0
কক্সবাজারের,0.0,0.0,0.0
্যই,0.0,0.0,0.0
fiting,0.0,0.0,0.0
sweaty,0.0,0.0,0.0
শ্রদ্ধেয়,0.0,0.0,0.0
মাংসাশী,0.0,0.0,0.0
প্রত্যেকটাই,0.0,0.0,0.0
যথাযথভাবে,0.0,0.0,0.0
ধান্মন্ডির,0.0,0.0,0.0
ফুলকো,0.0,0.0,0.0
করেচি,0.0,0.0,0.0
tinted,0.0,0.0,0.0
onojaie,0.0,0.0,0.0
লেই,0.0,0.0,0.0
sobdo,0.0,0.0,0.0
ঝুম,0.0,0.0,0.0
হেয়,0.0,0.0,0.0
elder,0.0,0.0,0.0
অভিমান,0.0,0.0,0.0
kamona,0.0,0.0,0.0
dials,0.0,0.0,0.0
তুললে,0.0,0.0,0.0
bje,0.0,0.0,0.0
পারপেল,0.0,0.0,0.0
দরি,0.0,0.0,0.0
টাকাস্থান,0.0,0.0,0.0
গুলিস্তানে,0.0,0.0,0.0
খুভি,0.0,0.0,0.0
himalaya,0.0,0.0,0.0
চালো,0.0,0.0,0.0
চৌরাস্তার,0.0,0.0,0.0
কোয়ানটিটি,0.0,0.0,0.0
hoycha,0.0,0.0,0.0
marble,0.0,0.0,0.0
প্রস্তত,0.0,0.0,0.0
১২দিন,0.0,0.0,0.0
বেলের,0.0,0.0,0.0
district,0.0,0.0,0.0
নিয়োগ,0.0,0.0,0.0
dad,0.0,0.0,0.0
stickiness,0.0,0.0,0.0
cursor,0.0,0.0,0.0
amara,0.0,0.0,0.0
লোকশন,0.0,0.0,0.0
আদর,0.0,0.0,0.0
একচুয়াল,0.0,0.0,0.0
প্রমোশনাল,0.0,0.0,0.0
খুঁত,0.0,0.0,0.0
সুস্বাদুই,0.0,0.0,0.0
সুবিশাল,0.0,0.0,0.0
pasher,0.0,0.0,0.0
রেজালাঃ,0.0,0.0,0.0
কোল্সলো,0.0,0.0,0.0
মূল্যছাড়,0.0,0.0,0.0
burg,0.0,0.0,0.0
টিকলো,0.0,0.0,0.0
লচ,0.0,0.0,0.0
দামটি,0.0,0.0,0.0
কুকিং,0.0,0.0,0.0
লিফ,0.0,0.0,0.0
ট্রাউজারটা,0.0,0.0,0.0
themselves,0.0,0.0,0.0
onekgula,0.0,0.0,0.0
dakhci,0.0,0.0,0.0
বেসলাইট,0.0,0.0,0.0
midnight,0.0,0.0,0.0
খাচ্ছিলো,0.0,0.0,0.0
custard,0.0,0.0,0.0
লিকুইডের,0.0,0.0,0.0
কাঁধে,0.0,0.0,0.0
onktai,0.0,0.0,0.0
batil,0.0,0.0,0.0
ট্রেডিশন,0.0,0.0,0.0
ট্রান্সপারেন্ট,0.0,0.0,0.0
lebel,0.0,0.0,0.0
brocken,0.0,0.0,0.0
ব্রেন্ড,0.0,0.0,0.0
nesi,0.0,0.0,0.0
বাগানে,0.0,0.0,0.0
বরিশালের,0.0,0.0,0.0
সমস,0.0,0.0,0.0
ফাল্টু,0.0,0.0,0.0
সাইকেলের,0.0,0.0,0.0
কিনাকাটা,0.0,0.0,0.0
রাখতেই,0.0,0.0,0.0
jemonti,0.0,0.0,0.0
aishob,0.0,0.0,0.0
loyalty,0.0,0.0,0.0
sller,0.0,0.0,0.0
satay,0.0,0.0,0.0
মারাত্বক,0.0,0.0,0.0
দশেক,0.0,0.0,0.0
খুইলা,0.0,0.0,0.0
irritate,0.0,0.0,0.0
উইদ,0.0,0.0,0.0
০০০,0.0,0.0,0.0
মোছা,0.0,0.0,0.0
সময়মতই,0.0,0.0,0.0
chale,0.0,0.0,0.0
চিজটা,0.0,0.0,0.0
everythings,0.0,0.0,0.0
vabohar,0.0,0.0,0.0
neel,0.0,0.0,0.0
rc,0.0,0.0,0.0
cumin,0.0,0.0,0.0
productive,0.0,0.0,0.0
vegitables,0.0,0.0,0.0
বসবেন,0.0,0.0,0.0
germnil,0.0,0.0,0.0
amla,0.0,0.0,0.0
tarike,0.0,0.0,0.0
গরমেও,0.0,0.0,0.0
পড়ানো,0.0,0.0,0.0
405,0.0,0.0,0.0
dolnar,0.0,0.0,0.0
anytime,0.0,0.0,0.0
discription,0.0,0.0,0.0
positivereview,0.0,0.0,0.0
৭০টাকায়,0.0,0.0,0.0
tm,0.0,0.0,0.0
খোজে,0.0,0.0,0.0
resulation,0.0,0.0,0.0
আনসার,0.0,0.0,0.0
oneck,0.0,0.0,0.0
স্নিগ্ধ,0.0,0.0,0.0
কনফিডেন্স,0.0,0.0,0.0
cashewnut,0.0,0.0,0.0
ঘ্রানের,0.0,0.0,0.0
soundless,0.0,0.0,0.0
aisa,0.0,0.0,0.0
alkaderia,0.0,0.0,0.0
machan,0.0,0.0,0.0
posh,0.0,0.0,0.0
কোটি,0.0,0.0,0.0
prpduct,0.0,0.0,0.0
কিটকেট,0.0,0.0,0.0
ওনথন,0.0,0.0,0.0
warenty,0.0,0.0,0.0
সকালবেলা,0.0,0.0,0.0
উৎসবে,0.0,0.0,0.0
জায়গাটায়,0.0,0.0,0.0
আসুক,0.0,0.0,0.0
আজম,0.0,0.0,0.0
শেওড়াপাড়া,0.0,0.0,0.0
স্যাভলনের,0.0,0.0,0.0
saves,0.0,0.0,0.0
গানটা,0.0,0.0,0.0
qualitifull,0.0,0.0,0.0
তারচেয়েও,0.05038660964295654,0.0,0.0
লোই,0.0,0.0,0.0
কলের,0.0,0.0,0.0
পাম্পের,0.0,0.0,0.0
যশোর,0.0,0.0,0.0
truffle,0.0,0.0,0.0
দেকি,0.0,0.0,0.0
ডায়মন্ড,0.0,0.0,0.0
kw,0.0,0.0,0.0
winger,0.0,0.0,0.0
যেমুন,0.0,0.0,0.0
wowwww,0.0,0.0,0.0
কেয়ালিটি,0.0,0.0,0.0
বারাকাহ,0.0,0.0,0.0
গুনোগত,0.0,0.0,0.0
মৃত্যুর,0.0,0.0,0.0
kortesilo,0.0,0.0,0.0
সারাক্ষণ,0.0,0.0,0.0
কর্মচারী,0.0,0.0,0.0
poca,0.0,0.0,0.0
সুজুকি,0.0,0.0,0.0
panasonic,0.0,0.0,0.0
magsafe,0.0,0.0,0.0
riview,0.0,0.0,0.0
caily,0.0,0.0,0.0
জিপি,0.0,0.0,0.0
শাস্তির,0.0,0.0,0.0
ভাল্লাগেনাই,0.0,0.0,0.0
dkhi,0.0,0.0,0.0
shat,0.0,0.0,0.0
টাইমার,0.0,0.0,0.0
মাসাল্লাহ,0.0,0.0,0.0
হলোগ্রাম,0.0,0.0,0.0
khole,0.0,0.0,0.0
খুবইভালো,0.0,0.0,0.0
ফোলা,0.0,0.0,0.0
orgenal,0.0,0.0,0.0
cordon,0.0,0.0,0.0
justify,0.0,0.0,0.0
arriving,0.0,0.0,0.0
রাব্বানি,0.0,0.0,0.0
dameo,0.0,0.0,0.0
খূব,0.0,0.0,0.0
সজ,0.0,0.0,0.0
approach,0.0,0.0,0.0
আইটেমেই,0.0,0.0,0.0
পরকালে,0.0,0.0,0.0
sin,0.0,0.0,0.0
dol,0.0,0.0,0.0
নি৷,0.0,0.0,0.0
korbena,0.0,0.0,0.0
পড়েনা,0.0,0.0,0.0
কালিটা,0.0,0.0,0.0
দায়িত্বহীন,0.0,0.0,0.0
pye,0.0,0.0,0.0
বন্যা,0.0,0.0,0.0
বকলেস,0.0,0.0,0.0
বদল,0.0,0.0,0.0
shondeho,0.0,0.0,0.0
স্পেসিফিক,0.0,0.0,0.0
প্রগতি,0.0,0.0,0.0
দেখাতো,0.0,0.0,0.0
ইরানি,0.0,0.0,0.0
ছেলেটার,0.0,0.0,0.0
relationship,0.0,0.0,0.0
টাকাগরুর,0.0,0.0,0.0
ইরানী,0.0,0.0,0.0
এলাকাতেই,0.0,0.0,0.0
থাঙ্কস,0.0,0.0,0.0
nicche,0.0,0.0,0.0
প্রদানের,0.0,0.0,0.0
awsm,0.0,0.0,0.0
prottekta,0.0,0.0,0.0
ovar,0.0,0.0,0.0
বালোই,0.0,0.0,0.0
গলিতেই,0.0,0.0,0.0
অপজিটের,0.0,0.0,0.0
লাগছে৷,0.0,0.0,0.0
৬৫৫,0.0,0.0,0.0
টাকাপ্লেস,0.0,0.0,0.0
১০০টাকাটেস্টঃ,0.0,0.0,0.0
niyeo,0.0,0.0,0.0
ক্যাম্পেইনের,0.0,0.0,0.0
দাদার,0.0,0.0,0.0
awhile,0.0,0.0,0.0
এসএসডি,0.0,0.0,0.0
খুই,0.0,0.0,0.0
রিসার্চ,0.0,0.0,0.0
কোয়ালি,0.0,0.0,0.0
ভাইটির,0.0,0.0,0.0
অসহ্য,0.0,0.0,0.0
১৫৬,0.0,0.0,0.0
ck,0.0,0.0,0.0
ply,0.0,0.0,0.0
মিলানিজ,0.0,0.0,0.0
ডিউরেবল,0.0,0.0,0.0
besidin,0.0,0.0,0.0
একটুতেই,0.0,0.0,0.0
allhamdulilla,0.0,0.0,0.0
১৯০০,0.0,0.0,0.0
মূল্যেই,0.0,0.0,0.0
dnt,0.0,0.0,0.0
বাটারি,0.0,0.0,0.0
আল্লহ,0.0,0.0,0.0
ভারে,0.0,0.0,0.0
parties,0.0,0.0,0.0
সময়ঃ,-0.006263048947223122,0.0,0.0
ঘুমিয়ে,0.0,0.0,0.0
pinkish,0.0,0.0,0.0
thokan,0.0,0.0,0.0
চায়নি,0.0,0.0,0.0
হইয়েছে,0.0,0.0,0.0
বরবটি,0.0,0.0,0.0
ভাইয়াদের,0.0,0.0,0.0
maymuna,0.0,0.0,0.0
সলিমোল্লাহ,0.0,0.0,0.0
ডেলিভার্ড,0.0,0.0,0.0
সবটা,0.0,0.0,0.0
ইন্দোনেশিয়ান,0.0,0.0,0.0
হসপিটালে,0.0,0.0,0.0
ভালোবেসে,0.0,0.0,0.0
কথিত,0.0,0.0,0.0
ovab,0.0,0.0,0.0
ক্রাউন,0.0,0.0,0.0
কোকো,0.0,0.0,0.0
kpr,0.0,0.0,0.0
tottaly,0.0,0.0,0.0
ভরতে,0.0,0.0,0.0
কভারগুলো,0.0,0.0,0.0
ব্যাটারিটি,0.0,0.0,0.0
১১টায়,-0.00490619541388189,0.0,0.0
hydration,0.0,0.0,0.0
sellarke,0.0,0.0,0.0
মাউজ,0.0,0.0,0.0
সাক্ষাৎ,0.0,0.0,0.0
jacket,0.0,0.0,0.0
desirable,0.0,0.0,0.0
proudact,0.0,0.0,0.0
komiye,0.0,0.0,0.0
ইনক্লুসিভ,0.0,0.0,0.0
ফিমেল,0.0,0.0,0.0
apon,0.0,0.0,0.0
ভয়ের,0.0,0.0,0.0
কাইন্ড,0.0,0.0,0.0
বাঙ্গা,0.0,0.0,0.0
afghani,0.0,0.0,0.0
tired,0.0,0.0,0.0
codes,0.0,0.0,0.0
asei,0.0,0.0,0.0
ফিশিং,0.0,0.0,0.0
boblin,0.0,0.0,0.0
১২ভোল্ট,0.0,0.0,0.0
দিয়েছিস,0.0,0.0,0.0
soaked,0.0,0.0,0.0
পিচ্ছি,0.0,0.0,0.0
aseh,0.0,0.0,0.0
nongra,0.0,0.0,0.0
muchhh,0.0,0.0,0.0
ক্লিনারটা,0.0,0.0,0.0
ঢুকানোর,0.0,0.0,0.0
dah,0.0,0.0,0.0
kote,0.0,0.0,0.0
বিএসটিআই,0.0,0.0,0.0
স্যারের,0.0,0.0,0.0
আপনরা,0.0,0.0,0.0
moddeh,0.0,0.0,0.0
স্বাস্থ্যের,0.0,0.0,0.0
আবির্ভাব,0.0,0.0,0.0
sipper,0.0,0.0,0.0
দাঁড়াতে,0.0,0.0,0.0
ঘুমাতে,0.0,0.0,0.0
জয়েন্টের,0.0,0.0,0.0
refreshment,0.0,0.0,0.0
নবাবে,0.0,0.0,0.0
jubayer,0.0,0.0,0.0
dutoi,0.0,0.0,0.0
পরিমাণমতো,0.0,0.0,0.0
প্রাইচ,0.0,0.0,0.0
repaired,0.0,0.0,0.0
হওয়াটা,0.0,0.0,0.0
সিরা,0.0,0.0,0.0
মধ্যবিত্তের,0.0,0.0,0.0
roshi,0.0,0.0,0.0
এমএম,0.0,0.0,0.0
ejonno,0.0,0.0,0.0
faces,0.0,0.0,0.0
ito,0.0,0.0,0.0
বালা,0.0,0.0,0.0
economic,0.0,0.0,0.0
mongolian,0.0,0.0,0.0
পিছলে,0.0,0.0,0.0
১০সালাদ,0.0,0.0,0.0
rolling,0.0,0.0,0.0
biplob,0.0,0.0,0.0
vibrates,0.0,0.0,0.0
বাঁচতে,0.0,0.0,0.0
beribadh,0.0,0.0,0.0
ডানদিকে,0.0,0.0,0.0
আপনারই,0.0,0.0,0.0
underneath,0.0,0.0,0.0
ইভ্যালির,0.0,0.0,0.0
ভ্যারি,0.0,0.0,0.0
metropolitan,0.0,0.0,0.0
dhanda,0.0,0.0,0.0
দূরান্ত,0.0,0.0,0.0
niachi,0.0,0.0,0.0
790,0.0,0.0,0.0
hala,0.0,0.0,0.0
ডালডা,0.0,0.0,0.0
বাসীর,0.0,0.0,0.0
kills,0.0,0.0,0.0
laganu,0.0,0.0,0.0
রিমোটে,0.0,0.0,0.0
কলাবাগান,0.0,0.0,0.0
বজ্জাত,0.0,0.0,0.0
জেনেছি,0.0,0.0,0.0
bruh,0.0,0.0,0.0
bump,0.0,0.0,0.0
এগুলোতে,0.0,0.0,0.0
বৃষ্টিময়,0.0,0.0,0.0
ফু,0.0,0.0,0.0
সন্দেহজনক,0.0,0.0,0.0
occurred,0.0,0.0,0.0
dealing,0.0,0.0,0.0
cabin,0.0,0.0,0.0
লজ্জিত,0.0,0.0,0.0
কিপ্টামি,0.0,0.0,0.0
একঘন্টা,0.0,0.0,0.0
esb,0.0,0.0,0.0
moshjid,0.0,0.0,0.0
shemai,0.0,0.0,0.0
inteck,0.0,0.0,0.0
ঝুলানো,0.0,0.0,0.0
rats,0.0,0.0,0.0
shiter,0.0,0.0,0.0
মাসআল্লাহ,0.0,0.0,0.0
দূর্বলতা,0.0,0.0,0.0
okhane,0.0,0.0,0.0
দুধটা,0.0,0.0,0.0
jnnoi,0.0,0.0,0.0
হাহা,0.0,0.0,0.0
junno,0.0,0.0,0.0
coltese,0.0,0.0,0.0
observation,0.0,0.0,0.0
boltei,0.0,0.0,0.0
চরমভাবে,0.0,0.0,0.0
জাদুর,0.0,0.0,0.0
নেওয়াটা,0.0,0.0,0.0
dekano,0.0,0.0,0.0
gosh,0.0,0.0,0.0
প্রবলেমের,0.0,0.0,0.0
৬৯৯টাকা,0.0,0.0,0.0
ভোল্টে,0.0,0.0,0.0
disci,0.0,0.0,0.0
দেওয়াল,0.0,0.0,0.0
nela,0.0,0.0,0.0
কেন্দ্র,0.0,0.0,0.0
niteh,0.0,0.0,0.0
খানাসের,0.0,0.0,0.0
টংগী,0.0,0.0,0.0
বিহেভিয়ারও,0.0,0.0,0.0
patar,0.0,0.0,0.0
designer,0.0,0.0,0.0
প্যাকিংয়ের,0.0,0.0,0.0
rule,0.0,0.0,0.0
ফানবক্স,0.0,0.0,0.0
চেইক,0.0,0.0,0.0
খোঁজখবর,0.0,0.0,0.0
বাদামি,0.0,0.0,0.0
despacito,0.0,0.0,0.0
equally,0.0,0.0,0.0
চেনেন,0.0,0.0,0.0
cele,0.0,0.0,0.0
পারফিউমড,0.0,0.0,0.0
পিঠাঃ,0.0,0.0,0.0
currier,0.0,0.0,0.0
ম্যানেজারকে,0.0,0.0,0.0
kivhabe,0.0,0.0,0.0
দনিয়া,0.0,0.0,0.0
মিলতে,0.0,0.0,0.0
বলতেছেন,0.0,0.0,0.0
orpa,0.0,0.0,0.0
মেকানিক্যাল,0.0,0.0,0.0
professionals,0.0,0.0,0.0
bujate,0.0,0.0,0.0
akebarei,0.0,0.0,0.0
ছারপোকার,0.0,0.0,0.0
gesilam,0.0,0.0,0.0
ভেজেটেবল,0.0,0.0,0.0
khanas,0.0,0.0,0.0
ব্যাবহৃত,0.0,0.0,0.0
chaya,0.0,0.0,0.0
টেষ্টার,0.0,0.0,0.0
লেটেন্সি,0.0,0.0,0.0
rounded,0.0,0.0,0.0
cycling,0.0,0.0,0.0
wao,0.0,0.0,0.0
নিস্বন্দেহে,0.0,0.0,0.0
এরথেকে,0.0,0.0,0.0
ডিভাইসের,0.0,0.0,0.0
স্বাগত,0.0,0.0,0.0
দোকানগুলো,0.0,0.0,0.0
খাতে,0.0,0.0,0.0
একনি,0.0,0.0,0.0
ফেসওয়াশটি,0.0,0.0,0.0
sobtheke,0.0,0.0,0.0
ম্যানেজিং,0.0,0.0,0.0
unplug,0.0,0.0,0.0
356,0.0,0.0,0.0
mezban,0.0,0.0,0.0
alexa,0.0,0.0,0.0
বড,0.0,0.0,0.0
orizinal,0.0,0.0,0.0
স্টাফরা,0.0,0.0,0.0
মোহাম্মদ,0.0,0.0,0.0
এলার্জির,0.0,0.0,0.0
laksa,0.0,0.0,0.0
সমেস্যা,0.0,0.0,0.0
ধানমণ্ডির,0.0,0.0,0.0
কৌতুহল,0.0,0.0,0.0
kothae,0.0,0.0,0.0
shuta,0.0,0.0,0.0
rahmatullah,0.0,0.0,0.0
naw,0.0,0.0,0.0
চেহারায়,0.0,0.0,0.0
kiner,0.0,0.0,0.0
jug,0.0,0.0,0.0
মুন্সিগঞ্জ,0.0,0.0,0.0
spotted,0.0,0.0,0.0
উবার,0.0,0.0,0.0
fate,0.0,0.0,0.0
একধম,0.0,0.0,0.0
বাক,0.0,0.0,0.0
hossilo,0.0,0.0,0.0
joy,0.0,0.0,0.0
ওয়াজটা,0.0,0.0,0.0
রুচিবোধ,0.0,0.0,0.0
রয়্যালের,0.0,0.0,0.0
পাচঁ,0.0,0.0,0.0
rhs,0.0,0.0,0.0
প্লেস্টা,0.0,0.0,0.0
সাস্লিক,0.0,0.0,0.0
ড,0.0,0.0,0.0
আভিজাত্যের,0.0,0.0,0.0
নিবেননা,0.0,0.0,0.0
giant,0.0,0.0,0.0
মেয়েকে,0.0,0.0,0.0
ট্রিপ,0.0,0.0,0.0
largest,0.0,0.0,0.0
বিদেশে,0.0,0.0,0.0
যেতেও,0.0,0.0,0.0
সমস্যাগুলো,0.0,0.0,0.0
আরকিহ,0.0,0.0,0.0
frauds,0.0,0.0,0.0
গ্যাস্ট্রিক,0.0,0.0,0.0
মেকিং,0.0,0.0,0.0
নিবেন্না,0.0,0.0,0.0
lex,0.0,0.0,0.0
zara,0.0,0.0,0.0
ভয়েজ,0.0,0.0,0.0
একশত,0.0,0.0,0.0
লেজ,0.0,0.0,0.0
পাঠায়নি,0.0,0.0,0.0
mosari,0.0,0.0,0.0
kaportao,0.0,0.0,0.0
duster,0.0,0.0,0.0
আকবর,0.0,0.0,0.0
গার্লফ্রেন্ডকে,0.0,0.0,0.0
returns,0.0,0.0,0.0
leads,0.0,0.0,0.0
ceramic,0.0,0.0,0.0
cutouts,0.0,0.0,0.0
heck,0.0,0.0,0.0
১২৭৫,0.0,0.0,0.0
১৫৪,0.0,0.0,0.0
পেতেই,0.0,0.0,0.0
ভাইরা,0.0,0.0,0.0
লাফ,0.0,0.0,0.0
পান্যটি,0.0,0.0,0.0
elements,0.0,0.0,0.0
জোড়ে,0.0,0.0,0.0
nito,0.0,0.0,0.0
আসিল,0.0,0.0,0.0
noyon,0.0,0.0,0.0
এটাতেই,0.0,0.0,0.0
genius,0.0,0.0,0.0
bf,0.0,0.0,0.0
চিহ্ন,0.0,0.0,0.0
shiping,0.0,0.0,0.0
এলমনিয়াম,0.0,0.0,0.0
অপারেটিভ,0.0,0.0,0.0
গজব,0.0,0.0,0.0
দশকের,0.0,0.0,0.0
ধারন,0.0,0.0,0.0
vaider,0.0,0.0,0.0
itchy,0.0,0.0,0.0
vabcilm,0.0,0.0,0.0
গঠন,0.0,0.0,0.0
dristi,0.0,0.0,0.0
chare,0.0,0.0,0.0
ডাকাত,0.0,0.0,0.0
ekshate,0.0,0.0,0.0
asf,0.0,0.0,0.0
execellent,0.0,0.0,0.0
frequent,0.0,0.0,0.0
ভেংে,0.0,0.0,0.0
eagerly,0.0,0.0,0.0
aesthetics,0.0,0.0,0.0
ষ্টোর,0.0,0.0,0.0
console,0.0,0.0,0.0
মোটরের,0.0,0.0,0.0
kawke,0.0,0.0,0.0
sharpness,0.0,0.0,0.0
খিচুড়ী৩১,0.0,0.0,0.0
sponges,0.0,0.0,0.0
আনবেন,0.0,0.0,0.0
yammi,0.0,0.0,0.0
ডিসক্রিপশন,0.0,0.0,0.0
মাসালাটা,0.0,0.0,0.0
chek,0.0,0.0,0.0
গাইড,0.0,0.0,0.0
স্পাইসের,0.0,0.0,0.0
একট,0.0,0.0,0.0
থাকেধানমন্ডি,0.0,0.0,0.0
কসটেপ,0.0,0.0,0.0
মিটবক্সের,0.0,0.0,0.0
windshield,0.0,0.0,0.0
অমাইক,0.0,0.0,0.0
একাধিকবার,0.0,0.0,0.0
নামগুলো,0.0,0.0,0.0
bhaloo,0.0,0.0,0.0
ছেরে,0.0,0.0,0.0
কিডস,0.0,0.0,0.0
শয়তান,0.0,0.0,0.0
mocktails,0.0,0.0,0.0
হিংসে,0.0,0.0,0.0
আজি,0.0,0.0,0.0
ঘরঃ,0.0,0.0,0.0
বানালো,0.0,0.0,0.0
বেত,0.0,0.0,0.0
flashlight,0.0,0.0,0.0
levels,0.0,0.0,0.0
পঞ্চাশ,0.0,0.0,0.0
somay,0.0,0.0,0.0
jah,0.0,0.0,0.0
shameful,0.0,0.0,0.0
quietly,0.0,0.0,0.0
প্রথমদিকে,0.0,0.0,0.0
স্বরূপ,0.0,0.0,0.0
guaranty,0.0,0.0,0.0
এসেছিলেন,0.0,0.0,0.0
১দিনের,0.0,0.0,0.0
coller,0.0,0.0,0.0
বিঃদ্র,0.0,0.0,0.0
boiti,0.0,0.0,0.0
kothy,0.0,0.0,0.0
অগ্রীম,0.0,0.0,0.0
bekar,0.0,0.0,0.0
মকটেল,0.0,0.0,0.0
pulse,0.0,0.0,0.0
ইলিশের,0.0,0.0,0.0
তাহাকে,0.0,0.0,0.0
স্লিভ,0.0,0.0,0.0
বাড়লেও,0.0,0.0,0.0
goob,0.0,0.0,0.0
এমব্রয়ডারি,0.0,0.0,0.0
সন্তস্ট,0.0,0.0,0.0
পল্লবী,0.0,0.0,0.0
এয়ারপডস,0.0,0.0,0.0
প্যাকেটা,0.0,0.0,0.0
থানা,0.0,0.0,0.0
khilgaw,0.0,0.0,0.0
উদ্দিন,0.0,0.0,0.0
chice,0.0,0.0,0.0
জামেলা,0.0,0.0,0.0
contained,0.0,0.0,0.0
tent,0.0,0.0,0.0
triple,0.0,0.0,0.0
ফিঙ্গারপ্রিন্ট,0.0,0.0,0.0
savan,0.0,0.0,0.0
ভিজানো,0.0,0.0,0.0
আলুবোখারার,0.0,0.0,0.0
bol,0.0,0.0,0.0
kella,0.0,0.0,0.0
অনায়সে,0.0,0.0,0.0
একাধারে,0.0,0.0,0.0
প্লেটারটির,0.0,0.0,0.0
improving,0.0,0.0,0.0
whipped,0.0,0.0,0.0
জানুয়ারী,0.0,0.0,0.0
chailay,0.0,0.0,0.0
মিক্সট,0.0,0.0,0.0
প্রডাক্টির,0.0,0.0,0.0
নূরানি,0.0,0.0,0.0
প্রাইজও,0.0,0.0,0.0
সু্যোগ,0.0,0.0,0.0
কক্সবাজারে,0.0,0.0,0.0
সেইই,0.0,0.0,0.0
valor,0.0,0.0,0.0
একাউন্টে,0.0,0.0,0.0
ডেলিভেরী,0.0,0.0,0.0
দেখতেছিলাম,0.0,0.0,0.0
কর্ম,0.0,0.0,0.0
pati,0.0,0.0,0.0
gladly,0.0,0.0,0.0
মাল্টিপ্লাগের,0.0,0.0,0.0
সৌন্দর্যে,0.0,0.0,0.0
দাজার,0.0,0.0,0.0
ফেসওয়াসটা,0.0,0.0,0.0
রিসিব,0.0,0.0,0.0
bolty,0.0,0.0,0.0
pity,0.0,0.0,0.0
বোম্ব,0.0,0.0,0.0
অপশনটা,0.0,0.0,0.0
tarao,0.0,0.0,0.0
thigh,0.0,0.0,0.0
মাখায়,0.0,0.0,0.0
মনেও,0.0,0.0,0.0
lure,0.0,0.0,0.0
হারাতে,0.0,0.0,0.0
absorbing,0.0,0.0,0.0
মাইরি,0.0,0.0,0.0
ইউনিমার্ট,0.0,0.0,0.0
galam,0.0,0.0,0.0
টাইমটা,0.0,0.0,0.0
trips,0.0,0.0,0.0
তুলোনা,0.0,0.0,0.0
কোপাকোপি,0.0,0.0,0.0
ক্যা,0.0,0.0,0.0
আনুযায়ি,0.0,0.0,0.0
postage,0.0,0.0,0.0
calanor,0.0,0.0,0.0
এড়াতে,0.0,0.0,0.0
ফ্যান্সি,0.0,0.0,0.0
গুণমান,0.0,0.0,0.0
krap,0.0,0.0,0.0
oank,0.0,0.0,0.0
আলতো,0.0,0.0,0.0
শ্যামপু,0.0,0.0,0.0
সোফাটি,0.0,0.0,0.0
1217,0.0,0.0,0.0
ফুচকাটা,0.0,0.0,0.0
giveaway,0.0,0.0,0.0
নিক,0.0,0.0,0.0
সাশ্রয়ে,0.0,0.0,0.0
পাস্তাই,0.0,0.0,0.0
নানু,0.0,0.0,0.0
bakano,0.0,0.0,0.0
১২২,0.0,0.0,0.0
fri,0.0,0.0,0.0
বত্ব,0.0,0.0,0.0
মানেটা,0.0,0.0,0.0
তাউ,0.0,0.0,0.0
পঁচিশ,0.0,0.0,0.0
burgwich,0.0,0.0,0.0
ফুডব্লগে,0.0,0.0,0.0
ক্যাজুয়াল,0.0,0.0,0.0
intentional,0.0,0.0,0.0
plzzz,0.0,0.0,0.0
diyachi,0.0,0.0,0.0
ওয়েস্টার,0.0,0.0,0.0
owsam,0.0,0.0,0.0
houya,0.0,0.0,0.0
দারাজক,0.0,0.0,0.0
স্লাইড,0.0,0.0,0.0
konotai,0.0,0.0,0.0
দুইয়ে,0.0,0.0,0.0
চু,0.0,0.0,0.0
বহুগুনে,0.0,0.0,0.0
নামাজের,0.0,0.0,0.0
কিনেই,0.0,0.0,0.0
এগুলাও,0.0,0.0,0.0
withing,0.0,0.0,0.0
pathabe,0.0,0.0,0.0
ডিভিডি,0.0,0.0,0.0
koekta,0.0,0.0,0.0
ভোলানো,0.0,0.0,0.0
আফার,0.0,0.0,0.0
herbs,0.0,0.0,0.0
উইন্ডোজ,0.0,0.0,0.0
bc,0.0,0.0,0.0
এদেরটা,0.0,0.0,0.0
barrel,0.0,0.0,0.0
labels,0.0,0.0,0.0
দোকানটিতে,0.0,0.0,0.0
বাহিরটা,0.0,0.0,0.0
goodwill,0.0,0.0,0.0
bogura,0.0,0.0,0.0
prevents,0.0,0.0,0.0
shapla,0.0,0.0,0.0
পারফমেন্স,0.0,0.0,0.0
কাঠির,0.0,0.0,0.0
পর্যায়,0.0,0.0,0.0
ashchilo,0.0,0.0,0.0
dome,0.0,0.0,0.0
dichilo,0.0,0.0,0.0
বেগে,0.0,0.0,0.0
ভেরিয়েন্ট,0.0,0.0,0.0
dhorei,0.0,0.0,0.0
একবারো,0.0,0.0,0.0
জোয়ার,0.0,0.0,0.0
নিভে,0.0,0.0,0.0
এলেই,0.0,0.0,0.0
হোত,0.0,0.0,0.0
ন্যাচোসে,0.0,0.0,0.0
etr,0.0,0.0,0.0
খাদকঃ,0.0,0.0,0.0
ইন্সট্যান্ট,0.0,0.0,0.0
poren,0.0,0.0,0.0
collage,0.0,0.0,0.0
আনন্দময়,0.0,0.0,0.0
varies,0.0,0.0,0.0
purifier,0.0,0.0,0.0
কৌটায়,0.0,0.0,0.0
ste,0.0,0.0,0.0
রয়্যাল,0.0,0.0,0.0
সার্ভের,0.0,0.0,0.0
বফের,0.0,0.0,0.0
দেখাইছিলো,0.0,0.0,0.0
মাংসই,0.0,0.0,0.0
gulur,0.0,0.0,0.0
gps,0.0,0.0,0.0
stood,0.0,0.0,0.0
এটিতেও,0.0,0.0,0.0
dican,0.0,0.0,0.0
proman,0.0,0.0,0.0
শান্তিনাগার,0.0,0.0,0.0
উমম,0.0,0.0,0.0
peeled,0.0,0.0,0.0
টাকাসার্ভিস,0.0,0.0,0.0
oversea,0.0,0.0,0.0
হেভী,0.0,0.0,0.0
sme,0.0,0.0,0.0
টাকাএই,0.0,0.0,0.0
kaoke,0.0,0.0,0.0
বোরখা,0.0,0.0,0.0
unhelpful,0.0,0.0,0.0
আত্মহারা,0.0,0.0,0.0
নিয়েননা,0.0,0.0,0.0
tekshoi,0.0,0.0,0.0
বান্ধবি,0.0,0.0,0.0
diyacha,0.0,0.0,0.0
প্যাঁচ,0.0,0.0,0.0
cuisin,0.0,0.0,0.0
শুধুশুধু,0.0,0.0,0.0
কোলাহলের,0.0,0.0,0.0
কফিটি,0.0,0.0,0.0
বাজারেই,0.0,0.0,0.0
উনিও,0.0,0.0,0.0
consideration,0.0,0.0,0.0
unknown,0.0,0.0,0.0
spill,0.0,0.0,0.0
ঘিয়ে,0.0,0.0,0.0
feli,0.0,0.0,0.0
ছবিই,0.0,0.0,0.0
কাটাতেই,0.0,0.0,0.0
chipped,0.0,0.0,0.0
১০ডেকোরেশন,0.0,0.0,0.0
discover,0.0,0.0,0.0
hoace,0.0,0.0,0.0
কুরবানির,0.0,0.0,0.0
স্টূডেন্ট,0.0,0.0,0.0
সাকশন,0.0,0.0,0.0
মজ্জারেলা,0.0,0.0,0.0
অফারটিতে,0.0,0.0,0.0
আনাদার,0.0,0.0,0.0
রিছিভ,0.0,0.0,0.0
বাটপাড়,0.0,0.0,0.0
কিবোর্ডটি,0.0,0.0,0.0
kresi,0.0,0.0,0.0
magenta,0.0,0.0,0.0
macro,0.0,0.0,0.0
tasbih,0.0,0.0,0.0
ভারত,0.0,0.0,0.0
সাম্নে,0.0,0.0,0.0
deyechen,0.0,0.0,0.0
হারাই,0.0,0.0,0.0
1050,0.0,0.0,0.0
feeting,0.0,0.0,0.0
delevry,0.0,0.0,0.0
রাখুক,0.0,0.0,0.0
detailing,0.0,0.0,0.0
authorised,0.0,0.0,0.0
৪৪৫,0.0,0.0,0.0
radium,0.0,0.0,0.0
জমাতে,0.0,0.0,0.0
অতিমাত্রায়,0.0,0.0,0.0
চুলাটি,0.0,0.0,0.0
সেনিটাইজার,0.0,0.0,0.0
marchidal,0.0,0.0,0.0
হাসে,0.0,0.0,0.0
protocols,0.0,0.0,0.0
jorjet,0.0,0.0,0.0
পিনক,0.0,0.0,0.0
cidro,0.0,0.0,0.0
আমারটাতে,0.0,0.0,0.0
এইজন্যে,0.0,0.0,0.0
স্টীল,0.0,0.0,0.0
cheyecilm,0.0,0.0,0.0
qualty,0.0,0.0,0.0
koste,0.0,0.0,0.0
হুইলের,0.0,0.0,0.0
ভরশা,0.0,0.0,0.0
hoyeca,0.0,0.0,0.0
তুলবেন,0.0,0.0,0.0
dhonnobat,0.0,0.0,0.0
colse,0.0,0.0,0.0
অস্বাস্থ্যকর,0.0,0.0,0.0
্,0.0,0.0,0.0
জেনারেটর,0.0,0.0,0.0
deliveries,0.0,0.0,0.0
আসো,0.0,0.0,0.0
dina,0.0,0.0,0.0
skipping,0.0,0.0,0.0
projects,0.0,0.0,0.0
ট্যাংকির,0.0,0.0,0.0
ম্যাক্সফিট,0.0,0.0,0.0
peyecilam,0.0,0.0,0.0
অাগেও,0.0,0.0,0.0
partial,0.0,0.0,0.0
পারপাস,0.0,0.0,0.0
৩৯৯টাকা,0.0,0.0,0.0
impressions,0.0,0.0,0.0
tahola,0.0,0.0,0.0
সাপ্তাহিক,0.0,0.0,0.0
aksate,0.0,0.0,0.0
স্টিট,0.0,0.0,0.0
কেপ্সিকাম,0.0,0.0,0.0
বড়ি,0.0,0.0,0.0
illiterate,0.0,0.0,0.0
অন্যত্র,0.0,0.0,0.0
লোকালে,0.0,0.0,0.0
ona,0.0,0.0,0.0
bazer,0.0,0.0,0.0
২০০গ্রাম,0.0,0.0,0.0
shinny,0.0,0.0,0.0
ডিসেম্বরের,0.0,0.0,0.0
মিথ্যুক,0.0,0.0,0.0
floss,0.0,0.0,0.0
goriber,0.0,0.0,0.0
mape,0.0,0.0,0.0
players,0.0,0.0,0.0
ক্ষিদে,0.0,0.0,0.0
বাইকটা,0.0,0.0,0.0
লুব্রিকেন্ট,0.0,0.0,0.0
waiter,0.0,0.0,0.0
haray,0.0,0.0,0.0
কদু,0.0,0.0,0.0
becareful,0.0,0.0,0.0
dekhey,0.0,0.0,0.0
aww,0.0,0.0,0.0
ওয়ালটনের,0.0,0.0,0.0
khoroche,0.0,0.0,0.0
kisur,0.0,0.0,0.0
প্যাকেটটাও,0.0,0.0,0.0
যাঁরা,0.0,0.0,0.0
বেতের,0.0,0.0,0.0
therapy,0.0,0.0,0.0
ঠাটারীবাজার,0.0,0.0,0.0
জাজিম,0.0,0.0,0.0
পেঁয়াজু,0.0,0.0,0.0
chatted,0.0,0.0,0.0
কর্নফুলি,0.0,0.0,0.0
খারাপই,0.0,0.0,0.0
diasi,0.0,0.0,0.0
compliant,0.0,0.0,0.0
নির্ভরশীল,0.0,0.0,0.0
kow,0.0,0.0,0.0
beutiful,0.0,0.0,0.0
diley,0.0,0.0,0.0
নেইলপলিশ,0.0,0.0,0.0
সেপ,0.0,0.0,0.0
squishy,0.0,0.0,0.0
deyor,0.0,0.0,0.0
ডেবে,0.0,0.0,0.0
আর্থিক,0.0,0.0,0.0
ফ্ল্যাট,0.0,0.0,0.0
iss,0.0,0.0,0.0
ববলিন,0.0,0.0,0.0
সাহেবকে,0.0,0.0,0.0
নামও,0.0,0.0,0.0
spain,0.0,0.0,0.0
খুশকির,0.0,0.0,0.0
নিখাদ,0.0,0.0,0.0
casting,0.0,0.0,0.0
kulchanchicken,0.0,0.0,0.0
আআলহামদুলিল্লাহ,0.0,0.0,0.0
darez,0.0,0.0,0.0
পুরুত্ব,0.0,0.0,0.0
ক্লথ,0.0,0.0,0.0
চিকেনর,0.0,0.0,0.0
সুপারস্টার,0.0,0.0,0.0
এরোমা,0.0,0.0,0.0
jet,0.0,0.0,0.0
মধুটি,0.0,0.0,0.0
ভূলেও,0.0,0.0,0.0
পর্নো,0.0,0.0,0.0
সততাই,0.0,0.0,0.0
ফুডস,0.0,0.0,0.0
আবাসিকে,-0.022073405445589035,0.0,0.0
ক্রাশার,0.0,0.0,0.0
ছিট,0.0,0.0,0.0
আলহামদুলিলা,0.0,0.0,0.0
টিকেনা,0.0,0.0,0.0
crumbled,0.0,0.0,0.0
১০এখানের,0.0,0.0,0.0
ব্যকআপ,0.0,0.0,0.0
ক্যাপশনে,0.0,0.0,0.0
ছেয়েচি,0.0,0.0,0.0
পর্নটি,0.0,0.0,0.0
রিজন,0.0,0.0,0.0
syrup,0.0,0.0,0.0
caddy,0.0,0.0,0.0
ফুডব্যাঙ্কে,0.0,0.0,0.0
likhte,0.0,0.0,0.0
oirkm,0.0,0.0,0.0
কারোরই,0.0,0.0,0.0
milaia,0.0,0.0,0.0
রিভিউগুলো,0.0,0.0,0.0
powerhouse,0.0,0.0,0.0
superv,0.0,0.0,0.0
ফেড,0.0,0.0,0.0
dupur,0.0,0.0,0.0
হয়সে,0.0,0.0,0.0
pothom,0.0,0.0,0.0
connections,0.0,0.0,0.0
এভেলেবল,0.0,0.0,0.0
হযেছে,0.0,0.0,0.0
২০২৭,0.0,0.0,0.0
shona,0.0,0.0,0.0
tonar,0.0,0.0,0.0
toke,0.0,0.0,0.0
plushie,0.0,0.0,0.0
বামেই,0.0,0.0,0.0
২০২৮,0.0,0.0,0.0
দেয়েছে,0.0,0.0,0.0
মেওনিজ,0.0,0.0,0.0
পালায়,0.0,0.0,0.0
chickenprice,0.0,0.0,0.0
bonosree,0.0,0.0,0.0
ebaro,0.0,0.0,0.0
kac,0.0,0.0,0.0
reuse,0.0,0.0,0.0
পূণ্য,0.0,0.0,0.0
ওয়াচটা,0.0,0.0,0.0
গুডনাইট,0.0,0.0,0.0
জুতায়,0.0,0.0,0.0
বেড়ায়,0.0,0.0,0.0
মেলেনি,0.0,0.0,0.0
ভাপা,0.0,0.0,0.0
পাকেট,0.0,0.0,0.0
রাখাটা,0.0,0.0,0.0
adha,0.0,0.0,0.0
aftabnagar,0.0,0.0,0.0
rides,0.0,0.0,0.0
গিগাবিট,0.0,0.0,0.0
গ্যাসের,0.0,0.0,0.0
পণ্যটাই,0.0,0.0,0.0
ব্যাসলেট,0.0,0.0,0.0
সফর,0.0,0.0,0.0
জাইগা,0.0,0.0,0.0
লাগতেসে,0.0,0.0,0.0
ওভারের,0.0,0.0,0.0
162,0.0,0.0,0.0
reserve,0.0,0.0,0.0
microwave,0.0,0.0,0.0
বার্গের,0.0,0.0,0.0
আরকটু,0.0,0.0,0.0
ক্ষেত,0.0,0.0,0.0
ফাইড,0.0,0.0,0.0
urine,0.0,0.0,0.0
চৌদ্দ,0.0,0.0,0.0
agge,0.0,0.0,0.0
jarokom,0.0,0.0,0.0
তুলেই,0.0,0.0,0.0
স্বাদটাও,0.0,0.0,0.0
প্রস্রাব,0.0,0.0,0.0
khoroj,0.0,0.0,0.0
potential,0.0,0.0,0.0
sane,0.0,0.0,0.0
উঠতেছে,0.0,0.0,0.0
vaucher,0.0,0.0,0.0
মটোর,0.0,0.0,0.0
সামলে,0.0,0.0,0.0
বয়েজ,0.0,0.0,0.0
abd,0.0,0.0,0.0
জ্বালানোর,0.0,0.0,0.0
property,0.0,0.0,0.0
বাফারিং,0.0,0.0,0.0
ঝিগাতলায়,0.0,0.0,0.0
unujay,0.0,0.0,0.0
ভুলত্রুটি,0.0,0.0,0.0
recognize,0.0,0.0,0.0
২১২,0.0,0.0,0.0
entirely,0.0,0.0,0.0
সংকর,0.0,0.0,0.0
pereci,0.0,0.0,0.0
এধরণের,0.0,0.0,0.0
বানাইসে,0.0,0.0,0.0
অগোছালো,0.0,0.0,0.0
চৌধুরীপারা,0.0,0.0,0.0
সহায়ক,0.0,0.0,0.0
সামলাইতে,0.0,0.0,0.0
গিলতে,0.0,0.0,0.0
পোকামাকড়,0.0,0.0,0.0
sop,0.0,0.0,0.0
retain,0.0,0.0,0.0
broom,0.0,0.0,0.0
osum,0.0,0.0,0.0
সুন্নাহ,0.0,0.0,0.0
dishwasher,0.0,0.0,0.0
darag,0.0,0.0,0.0
clg,0.0,0.0,0.0
licking,0.0,0.0,0.0
টার্চ,0.0,0.0,0.0
rocket,0.0,0.0,0.0
bara,0.0,0.0,0.0
crowd,0.0,0.0,0.0
কার্সর,0.0,0.0,0.0
বোঝে,0.0,0.0,0.0
থেনক্স,0.0,0.0,0.0
শুতা,0.0,0.0,0.0
একজোড়া,0.0,0.0,0.0
শেইপ,0.0,0.0,0.0
আপার,0.0,0.0,0.0
পুচকে,0.0,0.0,0.0
sondhay,0.0,0.0,0.0
1213,0.0,0.0,0.0
বকশিস,0.0,0.0,0.0
ওয়ালটন,0.0,0.0,0.0
কেয়ামতের,0.0,0.0,0.0
systems,0.0,0.0,0.0
মলকে,0.0,0.0,0.0
মিটানোর,0.0,0.0,0.0
ভাল্লাগেনা,0.0,0.0,0.0
subidhar,0.0,0.0,0.0
লিখছেন,0.0,0.0,0.0
dekse,0.0,0.0,0.0
uniqueness,0.0,0.0,0.0
dissapoint,0.0,0.0,0.0
মশারির,0.0,0.0,0.0
ডেটিং,0.0,0.0,0.0
দরাজের,0.0,0.0,0.0
havy,0.0,0.0,0.0
ডিজাইনটাও,0.0,0.0,0.0
সাইলেন্ট,0.0,0.0,0.0
93,0.0,0.0,0.0
bideshi,0.0,0.0,0.0
৫পিছ,0.0,0.0,0.0
atoh,0.0,0.0,0.0
সেমটু,0.0,0.0,0.0
ফ্লেভার্ড,0.0,0.0,0.0
করতেছিলো,0.0,0.0,0.0
শেফকে,0.0,0.0,0.0
sambal,0.0,0.0,0.0
residential,0.0,0.0,0.0
01774,0.0,0.0,0.0
কমতে,0.0,0.0,0.0
dibn,0.0,0.0,0.0
৫৪৫,0.0,0.0,0.0
1837,0.0,0.0,0.0
মাজুনি,0.0,0.0,0.0
mighty,0.0,0.0,0.0
কেশ,0.0,0.0,0.0
vlao,0.0,0.0,0.0
গোছের,0.0,0.0,0.0
আলদা,0.0,0.0,0.0
বদৌলতে,0.0,0.0,0.0
অর্থের,0.0,0.0,0.0
moslar,0.0,0.0,0.0
উদরপূর্তি,0.0,0.0,0.0
bolan,0.0,0.0,0.0
189,0.0,0.0,0.0
approximate,0.0,0.0,0.0
কাস্টমস,0.0,0.0,0.0
টুকরাগুলো,0.0,0.0,0.0
hologram,0.0,0.0,0.0
চোপড়,0.0,0.0,0.0
কর্ণারে,0.0,0.0,0.0
১০যারা,0.0,0.0,0.0
competitors,0.0,0.0,0.0
পারেননি,0.0,0.0,0.0
ফেনটা,0.0,0.0,0.0
ডিটেলস,0.0,0.0,0.0
চেপা,0.0,0.0,0.0
রেজালাচিকেন,0.0,0.0,0.0
programmable,0.0,0.0,0.0
ফোনেও,0.0,0.0,0.0
দিব্যি,0.0,0.0,0.0
balsamic,0.0,0.0,0.0
uthse,0.0,0.0,0.0
requests,0.0,0.0,0.0
ভাইরেভাই,0.0,0.0,0.0
ক্যাফেটি,0.0,0.0,0.0
bujhbe,0.0,0.0,0.0
চোখেই,0.0,0.0,0.0
জনপ্রিয়তার,0.0,0.0,0.0
veshi,0.0,0.0,0.0
পুওর,0.0,0.0,0.0
ইন্সট্রাগ্রামে,0.0,0.0,0.0
্যবহারের,0.0,0.0,0.0
সিলভারের,0.0,0.0,0.0
repurchase,0.0,0.0,0.0
ছাউনি,0.0,0.0,0.0
রেস্তোরাঁতে,0.0,0.0,0.0
produk,0.0,0.0,0.0
গুতা,0.0,0.0,0.0
valorant,0.0,0.0,0.0
poira,0.0,0.0,0.0
vlogs,0.0,0.0,0.0
relation,0.0,0.0,0.0
খিলগাঁওতে,0.0,0.0,0.0
পারসি,0.0,0.0,0.0
janani,0.0,0.0,0.0
গরমাগরম,0.0,0.0,0.0
ফিরনির,0.0,0.0,0.0
txt,0.0,0.0,0.0
rangan,0.0,0.0,0.0
বাচ্চারাও,0.0,0.0,0.0
cheachilam,0.0,0.0,0.0
typ,0.0,0.0,0.0
আতরগুলো,0.0,0.0,0.0
jossssss,0.0,0.0,0.0
ইয়েলো,0.0,0.0,0.0
কয়েকবারই,0.0,0.0,0.0
লকেটের,0.0,0.0,0.0
কুইজিনের,0.0,0.0,0.0
রঙ্গের,0.0,0.0,0.0
চেয়েচিলাম,0.0,0.0,0.0
নাঈম,0.0,0.0,0.0
ফা,0.0,0.0,0.0
এভোয়েড,0.0,0.0,0.0
খাইতেও,0.0,0.0,0.0
tamonta,0.0,0.0,0.0
প্রোডাক্টগুলি,0.0,0.0,0.0
সেম্পুটা,0.0,0.0,0.0
jorda,0.0,0.0,0.0
কাপরটাও,0.0,0.0,0.0
কালকেই,0.0,0.0,0.0
ভিজানোর,0.0,0.0,0.0
বদ্ধ,0.0,0.0,0.0
গোলাপের,0.0,0.0,0.0
দেউড়ি,0.0,0.0,0.0
গোডাউনে,0.0,0.0,0.0
li,0.0,0.0,0.0
ধরবেন,0.0,0.0,0.0
প্রতিবেশী,0.0,0.0,0.0
থেকা,0.0,0.0,0.0
কাজিনের,0.0,0.0,0.0
সাপ্লায়ার,0.0,0.0,0.0
প্রোডাক্টটার,0.0,0.0,0.0
সন্তুষ্টিজনক,0.0,0.0,0.0
সুদুর,0.0,0.0,0.0
shai,0.0,0.0,0.0
furious,0.0,0.0,0.0
একাও,0.0,0.0,0.0
sichuan,0.0,0.0,0.0
শরীফ,0.0,0.0,0.0
পাইলেই,0.0,0.0,0.0
kenona,0.0,0.0,0.0
unbearable,0.0,0.0,0.0
বানাবেন,0.0,0.0,0.0
রাবারটা,0.0,0.0,0.0
মানুষেরা,0.0,0.0,0.0
সেলরকে,0.0,0.0,0.0
ফাস্টফুডের,0.0,0.0,0.0
কেয়া,-0.03331407350680794,0.0,0.0
যাকগে,0.0,0.0,0.0
pollobi,0.0,0.0,0.0
খোঁজাখুঁজির,0.0,0.0,0.0
খরচটা,0.0,0.0,0.0
রাজকন্যা,0.0,0.0,0.0
ওইগুলো,0.0,0.0,0.0
থাইল্যান্ডের,0.0,0.0,0.0
সিঙ্গাপুর,0.0,0.0,0.0
নাহহ,0.0,0.0,0.0
object,0.0,0.0,0.0
nk,0.0,0.0,0.0
marar,0.0,0.0,0.0
combinations,0.0,0.0,0.0
ঢুকাই,0.0,0.0,0.0
pathaice,0.0,0.0,0.0
চক্র,0.0,0.0,0.0
হ্যান্ডেলের,0.0,0.0,0.0
খুজলে,0.0,0.0,0.0
সেখানেযা,0.0,0.0,0.0
স্কেল,0.0,0.0,0.0
গেঞ্জিতে,0.0,0.0,0.0
rapped,0.0,0.0,0.0
portei,0.0,0.0,0.0
scrach,0.0,0.0,0.0
পাইস,0.0,0.0,0.0
রংধনু,0.0,0.0,0.0
ব্যবসায়ীরা,0.0,0.0,0.0
বটেই,0.0,0.0,0.0
ক্যাম্পাসের,0.0,0.0,0.0
মোটাসোটা,0.0,0.0,0.0
ছোটলোক,0.0,0.0,0.0
বলতেও,0.0,0.0,0.0
ব্যানারে,0.0,0.0,0.0
seam,0.0,0.0,0.0
বিশ্ববিদ্যালয়ের,0.0,0.0,0.0
suites,0.0,0.0,0.0
tilt,0.0,0.0,0.0
হুশ,0.0,0.0,0.0
পার্টনারের,0.0,0.0,0.0
জুসে,0.0,0.0,0.0
palestine,0.0,0.0,0.0
statement,0.0,0.0,0.0
পাশেও,0.0,0.0,0.0
invest,0.0,0.0,0.0
kings,0.0,0.0,0.0
occurs,0.0,0.0,0.0
polithin,0.0,0.0,0.0
দিলামনা,0.0,0.0,0.0
জবা,0.0,0.0,0.0
সম্পন্য,0.0,0.0,0.0
বেকারির,0.0,0.0,0.0
utterly,0.0,0.0,0.0
loosing,0.0,0.0,0.0
ছোলাবাটরা,0.0,0.0,0.0
নিওকেয়ার,0.0,0.0,0.0
হেলো,0.0,0.0,0.0
scanner,0.0,0.0,0.0
parthokko,0.0,0.0,0.0
ভিট,0.0,0.0,0.0
বক্সঃ,0.0,0.0,0.0
ওঠেনি,0.0,0.0,0.0
বান্দা,0.0,0.0,0.0
apnio,0.0,0.0,0.0
valp,0.0,0.0,0.0
উৎপন্ন,0.0,0.0,0.0
প্যান্টটা,0.0,0.0,0.0
গ্রহণের,0.0,0.0,0.0
ওগো,0.0,0.0,0.0
সায়,0.0,0.0,0.0
স্বামীর,0.0,0.0,0.0
neci,0.0,0.0,0.0
mohiuddin,0.0,0.0,0.0
onkkkk,0.0,0.0,0.0
সম্মিলিত,0.0,0.0,0.0
vabtesi,0.0,0.0,0.0
লোটোকে,0.0,0.0,0.0
ly,0.0,0.0,0.0
দায়িত্ববোধ,0.0,0.0,0.0
penghantaran,0.0,0.0,0.0
সেগুন,0.0,0.0,0.0
recommeded,0.0,0.0,0.0
mybe,0.0,0.0,0.0
mealprice,0.0,0.0,0.0
cyle,0.0,0.0,0.0
jogging,0.0,0.0,0.0
ওয়ার্ডের,0.0,0.0,0.0
fir,0.0,0.0,0.0
vabselam,0.0,0.0,0.0
ছুরি,0.0,0.0,0.0
চালাচ্ছে,0.0,0.0,0.0
রোলটা,0.0,0.0,0.0
পোলাপান,0.0,0.0,0.0
মোটমাট,0.0,0.0,0.0
suggests,0.0,0.0,0.0
apanra,0.0,0.0,0.0
pilam,0.0,0.0,0.0
shodo,0.0,0.0,0.0
মালটার,0.0,0.0,0.0
ধরকার,0.0,0.0,0.0
টেক্সট,0.0,0.0,0.0
অরেজিনাল,0.0,0.0,0.0
bhebe,0.0,0.0,0.0
খাজনার,0.0,0.0,0.0
যথাসময়ের,0.0,0.0,0.0
প্রফিট,0.0,0.0,0.0
khujte,0.0,0.0,0.0
সিটে,0.0,0.0,0.0
ভাবতেছেন,0.0,0.0,0.0
মধুতে,0.0,0.0,0.0
প্রতিযোগিতা,0.0,0.0,0.0
রাইসও,0.0,0.0,0.0
showen,0.0,0.0,0.0
স্ন্যাপার,0.0,0.0,0.0
ব্যাকপাট,0.0,0.0,0.0
২০২,0.0,0.0,0.0
sporty,0.0,0.0,0.0
বিজয়নগর,0.0,0.0,0.0
rojar,0.0,0.0,0.0
দোকানকে,0.0,0.0,0.0
vebohar,0.0,0.0,0.0
lgbe,0.0,0.0,0.0
দেখেতে,0.0,0.0,0.0
রেডিমেড,0.0,0.0,0.0
jazak,0.0,0.0,0.0
পাস্তাতে,0.0,0.0,0.0
ওয়ারিং,0.0,0.0,0.0
মক্কার,0.0,0.0,0.0
হাউসের,0.0,0.0,0.0
গিটারে,0.0,0.0,0.0
পরায়,0.0,0.0,0.0
জানতেই,0.0,0.0,0.0
atay,0.0,0.0,0.0
প্রকৃতি,0.0,0.0,0.0
purana,0.0,0.0,0.0
কলো,0.0,0.0,0.0
১২০টাকার,0.0,0.0,0.0
ময়েস্ট,0.0,0.0,0.0
নিন্দা,0.0,0.0,0.0
dunno,0.0,0.0,0.0
definition,0.0,0.0,0.0
ekai,0.0,0.0,0.0
lickage,0.0,0.0,0.0
সমর্থন,0.0,0.0,0.0
vy,0.0,0.0,0.0
বিপত্তি,0.0,0.0,0.0
1203,0.0,0.0,0.0
খাবারটাও,0.0,0.0,0.0
shekhane,0.0,0.0,0.0
রাগে,0.0,0.0,0.0
bolcilo,0.0,0.0,0.0
পারিনায়,0.0,0.0,0.0
strategy,0.0,0.0,0.0
signs,0.0,0.0,0.0
ড়ি,0.0,0.0,0.0
শ্যম্পু,0.0,0.0,0.0
ধানসিঁড়ি,0.0,0.0,0.0
ডিসওয়াশ,0.0,0.0,0.0
কাশ্মীরী,0.0,0.0,0.0
সুরক্ষা,0.0,0.0,0.0
২৩৯,0.0,0.0,0.0
রাইডারদের,0.0,0.0,0.0
jeheto,0.0,0.0,0.0
teaching,0.0,0.0,0.0
kouta,0.0,0.0,0.0
টুইস্ট,0.0,0.0,0.0
অবিচার,0.0,0.0,0.0
odr,0.0,0.0,0.0
penty,0.0,0.0,0.0
hisbe,0.0,0.0,0.0
ফ্রেন্ডসরা,0.0,0.0,0.0
রায়সাহেব,0.0,0.0,0.0
tentative,0.0,0.0,0.0
অপেক্ষাকৃত,0.0,0.0,0.0
ওয়েটিং,0.0,0.0,0.0
আজো,0.0,0.0,0.0
আমাদেরই,0.0,0.0,0.0
বড়রা,0.0,0.0,0.0
sobkisui,0.0,0.0,0.0
পিটিয়ে,0.0,0.0,0.0
শারীরিক,0.0,0.0,0.0
ধরায়ে,0.0,0.0,0.0
মিষ্টিমুখ,0.0,0.0,0.0
chief,0.0,0.0,0.0
niyechilm,0.0,0.0,0.0
tuko,0.0,0.0,0.0
আনলো,0.0,0.0,0.0
ধন্নোবাদ,0.0,0.0,0.0
pepsodent,0.0,0.0,0.0
alternate,0.0,0.0,0.0
dhame,0.0,0.0,0.0
মেরেছিলাম,0.0,0.0,0.0
cats,0.0,0.0,0.0
karjokori,0.0,0.0,0.0
jaygai,0.0,0.0,0.0
১৭৬,0.0,0.0,0.0
কোলড্রিংস,0.0,0.0,0.0
স্মকি,0.0,0.0,0.0
mukhang,0.0,0.0,0.0
toder,0.0,0.0,0.0
jaigay,0.0,0.0,0.0
achara,0.0,0.0,0.0
আনবে,0.0,0.0,0.0
loob,0.0,0.0,0.0
carj,0.0,0.0,0.0
shara,0.0,0.0,0.0
ঠান্ডায়,0.0,0.0,0.0
সফটওয়ার,0.0,0.0,0.0
সেইলারের,0.0,0.0,0.0
আন্ডারওয়্যার,0.0,0.0,0.0
নিষ্ঠার,0.0,0.0,0.0
abbur,0.0,0.0,0.0
ফেলেছিল,0.0,0.0,0.0
ক্যাম্পে,0.0,0.0,0.0
nichu,0.0,0.0,0.0
সবুজটা,0.0,0.0,0.0
particles,0.0,0.0,0.0
ঢাকাবাসী,0.0,0.0,0.0
্যানের,0.0,0.0,0.0
cuber,0.0,0.0,0.0
korbn,0.0,0.0,0.0
কাওরান,0.0,0.0,0.0
ফানি,0.0,0.0,0.0
grandson,0.0,0.0,0.0
বালিতে,0.0,0.0,0.0
chickenchicken,0.0,0.0,0.0
contract,0.0,0.0,0.0
hobei,0.0,0.0,0.0
রিসিভড,0.0,0.0,0.0
grains,0.0,0.0,0.0
ক্যাশঅন,0.0,0.0,0.0
vaga,0.0,0.0,0.0
sobae,0.0,0.0,0.0
ফ্রি৷,0.0,0.0,0.0
thier,0.0,0.0,0.0
পর্যবেক্ষণ,0.0,0.0,0.0
normaly,0.0,0.0,0.0
দূরত্বে,0.0,0.0,0.0
honestime,0.0,0.0,0.0
মাজনি,0.0,0.0,0.0
স্বাধীনতা,0.0,0.0,0.0
poran,0.0,0.0,0.0
অর্ধেকটা,0.0,0.0,0.0
দেলিভারী,0.0,0.0,0.0
হুবাহু,0.0,0.0,0.0
প্লট,0.0,0.0,0.0
yard,0.0,0.0,0.0
পরবো,0.0,0.0,0.0
মোঘলাই,0.0,0.0,0.0
ditese,0.0,0.0,0.0
বসেছি,0.0,0.0,0.0
ঘুরি,0.0,0.0,0.0
স্টেককাট,0.0,0.0,0.0
tobo,0.0,0.0,0.0
শিটের,0.0,0.0,0.0
ফাজলামির,0.0,0.0,0.0
আইনের,0.0,0.0,0.0
বিএফসির,0.0,0.0,0.0
hcce,0.0,0.0,0.0
ওনলি,0.0,0.0,0.0
refrigerator,0.0,0.0,0.0
petal,0.0,0.0,0.0
মালিবাগে,0.0,0.0,0.0
ফুলফিল,0.0,0.0,0.0
গড,0.0,0.0,0.0
ডাইরেক,0.0,0.0,0.0
বহনযোগ্য,0.0,0.0,0.0
মৌসুমে,0.0,0.0,0.0
অনুরূপ,0.0,0.0,0.0
generic,0.0,0.0,0.0
কেয়ারের,0.0,0.0,0.0
dekhtew,0.0,0.0,0.0
৪দিনে,0.0,0.0,0.0
অনেকভাবে,0.0,0.0,0.0
জামাকাপড়,0.0,0.0,0.0
অনেক্ষণ,0.0,0.0,0.0
যেইটার,0.0,0.0,0.0
কিছুতো,0.0,0.0,0.0
কালকের,0.0,0.0,0.0
happyeating,0.0,0.0,0.0
dakse,0.0,0.0,0.0
disos,0.0,0.0,0.0
পাছা,0.0,0.0,0.0
solutions,0.0,0.0,0.0
এইখানেই,0.0,0.0,0.0
দীর্ঘক্ষন,0.0,0.0,0.0
ধুর,0.0,0.0,0.0
discolour,0.0,0.0,0.0
পণ্যটিও,0.0,0.0,0.0
equalizer,0.0,0.0,0.0
producd,0.0,0.0,0.0
dekai,0.0,0.0,0.0
নামী,0.0,0.0,0.0
পোলাওর,0.0,0.0,0.0
অহরহ,0.0,0.0,0.0
চাপাতা,0.0,0.0,0.0
চারকোল,0.0,0.0,0.0
পন্যসামগ্রিই,0.0,0.0,0.0
shope,0.0,0.0,0.0
সচারচর,0.0,0.0,0.0
সন,0.0,0.0,0.0
anobik,0.0,0.0,0.0
ো,0.0,0.0,0.0
শ্যামলীর,0.0,0.0,0.0
zeta,0.0,0.0,0.0
পরিহার,0.0,0.0,0.0
খাতিরে,0.0,0.0,0.0
ঘড়িটায়,0.0,0.0,0.0
মার্বেল,0.0,0.0,0.0
তৃতীয়বারের,0.0,0.0,0.0
morano,0.0,0.0,0.0
overwhelmed,0.0,0.0,0.0
মোটামুটিরকম,0.0,0.0,0.0
স্কুলে,0.0,0.0,0.0
স্ট্রেইট,0.0,0.0,0.0
বর্ষা,0.0,0.0,0.0
ইচ্ছাই,0.0,0.0,0.0
নুর,0.0,0.0,0.0
embroidery,0.0,0.0,0.0
ইগ্নোর,0.0,0.0,0.0
মুস্তাকিম,0.0,0.0,0.0
chaiclam,0.0,0.0,0.0
khubbb,0.0,0.0,0.0
stayed,0.0,0.0,0.0
প্রোটিন,0.0,0.0,0.0
বিশ্বমানের,0.0,0.0,0.0
ফোল,0.0,0.0,0.0
orignal,0.0,0.0,0.0
styles,0.0,0.0,0.0
polestar,0.0,0.0,0.0
ব্যাটারীতে,0.0,0.0,0.0
arranged,0.0,0.0,0.0
প্রযুক্তি,0.0,0.0,0.0
স্টলে,0.0,0.0,0.0
losing,0.0,0.0,0.0
tomatoes,0.0,0.0,0.0
ম্যাট্রেস,0.0,0.0,0.0
খিলগাঁওয়ে,0.0,0.0,0.0
kisoi,0.0,0.0,0.0
বিপদের,0.0,0.0,0.0
wad,0.0,0.0,0.0
সাইকেলে,0.020686415872990662,0.0,0.0
animals,0.0,0.0,0.0
ডিসওয়াস,0.0,0.0,0.0
mush,0.0,0.0,0.0
posondho,0.0,0.0,0.0
লিঙ্কঃ,0.0,0.0,0.0
vrey,0.0,0.0,0.0
সাজ,0.0,0.0,0.0
pride,0.0,0.0,0.0
580,0.0,0.0,0.0
hay,0.0,0.0,0.0
গ্রেডের,0.0,0.0,0.0
flowers,0.0,0.0,0.0
intelligent,0.0,0.0,0.0
graphic,0.0,0.0,0.0
ব্লকে,0.0,0.0,0.0
maayos,0.0,0.0,0.0
বাহ্যিক,0.0,0.0,0.0
breakage,0.0,0.0,0.0
তুখোড়,0.0,0.0,0.0
সিরামটা,0.0,0.0,0.0
পোর,0.0,0.0,0.0
কারীটা,0.0,0.0,0.0
১পিচ,0.0,0.0,0.0
রাইডারকেও,0.0,0.0,0.0
ryansgo,0.0,0.0,0.0
delievery,0.0,0.0,0.0
ক্যাশব্যাকসহ,0.0,0.0,0.0
সালেই,0.0,0.0,0.0
vuya,0.0,0.0,0.0
শিককাবাব,0.0,0.0,0.0
এসএমসি,0.0,0.0,0.0
৫৫টাকা,0.0,0.0,0.0
৭৫টাকা,0.0,0.0,0.0
যতোবার,0.0,0.0,0.0
আপনাকেও,0.0,0.0,0.0
৪৭৫,0.0,0.0,0.0
্যি,0.0,0.0,0.0
বাধ,0.0,0.0,0.0
cattle,0.0,0.0,0.0
wrappers,0.0,0.0,0.0
asper,0.0,0.0,0.0
হয়ার,0.0,0.0,0.0
oshomvob,0.0,0.0,0.0
amaging,0.0,0.0,0.0
condenser,0.0,0.0,0.0
heavenly,0.0,0.0,0.0
দীর্ঘদিনের,0.0,0.0,0.0
বিরক্তির,0.0,0.0,0.0
beboharo,0.0,0.0,0.0
জাদুতে,0.0,0.0,0.0
borkha,0.0,0.0,0.0
amie,0.0,0.0,0.0
বাড্ডায়,0.0,0.0,0.0
ভাললাগছে,0.0,0.0,0.0
cheleder,0.0,0.0,0.0
কলিজাভূনা,0.0,0.0,0.0
সিমে,0.0,0.0,0.0
মমোর,0.0,0.0,0.0
১০স্থানঃ,0.0,0.0,0.0
banai,0.0,0.0,0.0
karim,0.0,0.0,0.0
কারবার,0.0,0.0,0.0
besikkon,0.0,0.0,0.0
barite,0.0,0.0,0.0
galing,0.0,0.0,0.0
হ্যান্ডফিল,0.0,0.0,0.0
seek,0.0,0.0,0.0
প্রাইসড,0.0,0.0,0.0
terrific,0.0,0.0,0.0
লাভে,0.0,0.0,0.0
১০স্টাফ,0.0,0.0,0.0
nij,0.0,0.0,0.0
দাঁড়ায়ে,0.0,0.0,0.0
ম্যাটারিয়াল,0.0,0.0,0.0
অথাৎ,0.0,0.0,0.0
মেহেদীর,0.0,0.0,0.0
কেচ,0.0,0.0,0.0
protecting,0.0,0.0,0.0
খিল্গাও,0.0,0.0,0.0
গুলই,0.0,0.0,0.0
বুঝতেও,0.0,0.0,0.0
ফাঁকি,0.0,0.0,0.0
আয়তন,0.0,0.0,0.0
১০এ,0.0,0.0,0.0
সেন্সরের,0.0,0.0,0.0
রিসিভের,0.0,0.0,0.0
bazaar,0.0,0.0,0.0
thankz,0.0,0.0,0.0
কষ্টদায়ক,0.0,0.0,0.0
longlasting,0.0,0.0,0.0
দেস,0.0,0.0,0.0
assumed,0.0,0.0,0.0
ডাস্ট,0.0,0.0,0.0
ডাইল,0.0,0.0,0.0
ঠিকঠাকমত,0.0,0.0,0.0
falthu,0.0,0.0,0.0
hotu,0.0,0.0,0.0
prokash,0.0,0.0,0.0
কেনেন,0.0,0.0,0.0
এইচডিএমআই,0.0,0.0,0.0
taj,0.0,0.0,0.0
salers,0.0,0.0,0.0
ashle,0.0,0.0,0.0
dhorle,0.0,0.0,0.0
wing,0.0,0.0,0.0
154,0.0,0.0,0.0
কারুকার্য,0.0,0.0,0.0
পার্ফমেন্স,0.0,0.0,0.0
৩ঘন্টার,0.0,0.0,0.0
ডুকতে,0.0,0.0,0.0
gay,0.0,0.0,0.0
152,0.0,0.0,0.0
২১৯,0.0,0.0,0.0
othoba,0.0,0.0,0.0
notifications,0.0,0.0,0.0
দেক,0.0,0.0,0.0
স্পেশালী,0.0,0.0,0.0
vip,0.0,0.0,0.0
purches,0.0,0.0,0.0
সিডার,0.0,0.0,0.0
মেটার,0.0,0.0,0.0
bujhben,0.0,0.0,0.0
এইচডি,0.0,0.0,0.0
জেলায়,0.0,0.0,0.0
করিছি,0.0,0.0,0.0
পন্যা,0.0,0.0,0.0
striker,0.0,0.0,0.0
sohokare,0.0,0.0,0.0
mixture,0.0,0.0,0.0
মেন্ট,0.0,0.0,0.0
যায,0.0,0.0,0.0
motoy,0.0,0.0,0.0
ঘরটি,0.0,0.0,0.0
টেস্টারের,0.0,0.0,0.0
ভাংচুর,0.02094619004276841,0.0,0.0
dicilm,0.0,0.0,0.0
dt,0.0,0.0,0.0
indicates,0.0,0.0,0.0
পুরুষদের,0.0,0.0,0.0
চান্দুর,0.0,0.0,0.0
৯২০,0.0,0.0,0.0
ওস্তাদ,0.0,0.0,0.0
irl,0.0,0.0,0.0
দীর্ঘসময়,0.0,0.0,0.0
struggle,0.0,0.0,0.0
expression,0.0,0.0,0.0
earpiece,0.0,0.0,0.0
বিরিয়ানীতে,0.0,0.0,0.0
greatful,0.0,0.0,0.0
পেটিটা,0.0,0.0,0.0
ভিসা,0.0,0.0,0.0
astese,0.0,0.0,0.0
mozammel,0.0,0.0,0.0
scene,0.0,0.0,0.0
vlogz,0.0,0.0,0.0
কতখন,0.0,0.0,0.0
stereo,0.0,0.0,0.0
পাকিং,0.0,0.0,0.0
ইচ্ছামতো,0.0,0.0,0.0
সেহেরী,0.0,0.0,0.0
giyese,0.0,0.0,0.0
thxx,0.0,0.0,0.0
followed,0.0,0.0,0.0
নিকুঞ্জ,0.0,0.0,0.0
arakta,0.0,0.0,0.0
বেমালুম,0.0,0.0,0.0
বিলি,0.0,0.0,0.0
কর্পোরেট,0.0,0.0,0.0
mtamti,0.0,0.0,0.0
প্যাকেজিংঃ,0.0,0.0,0.0
tempura,0.0,0.0,0.0
frizzy,0.0,0.0,0.0
ওয়ন্থন,0.0,0.0,0.0
মেলানো,0.0,0.0,0.0
ধরুন,0.0,0.0,0.0
kalk,0.0,0.0,0.0
gaci,0.0,0.0,0.0
marvellous,0.0,0.0,0.0
লাচ্ছিঃ,0.0,0.0,0.0
গাছপালা,0.0,0.0,0.0
abon,0.0,0.0,0.0
ডিলারকে,0.0,0.0,0.0
দূত,0.0,0.0,0.0
পাঁচফোড়ন,0.0,0.0,0.0
মিলাতে,0.0,0.0,0.0
সন্তুষ্টির,0.0,0.0,0.0
জুয়েলারি,0.0,0.0,0.0
ফালায়,0.0,0.0,0.0
paitam,0.0,0.0,0.0
skinpro,0.0,0.0,0.0
তাপ,0.0,0.0,0.0
eigulo,0.0,0.0,0.0
khubb,0.0,0.0,0.0
hari,0.0,0.0,0.0
kheya,0.0,0.0,0.0
স্পেশিয়াল,0.0,0.0,0.0
multimeter,0.0,0.0,0.0
janno,0.0,0.0,0.0
কম্বলের,0.0,0.0,0.0
সামগ্রি,0.0,0.0,0.0
পাঠায়ে,0.0,0.0,0.0
সেহেরি,0.0,0.0,0.0
promote,0.0,0.0,0.0
রেখেও,0.0,0.0,0.0
utte,0.0,0.0,0.0
deliveri,0.0,0.0,0.0
দয়ায়,0.0,0.0,0.0
rumal,0.0,0.0,0.0
বরহানি,0.0,0.0,0.0
ধোঁয়ার,0.0,0.0,0.0
নিরাপত্তার,0.0,0.0,0.0
শিলাই,0.0,0.0,0.0
কবজি,0.0,0.0,0.0
goooood,0.0,0.0,0.0
আপাতদৃষ্টিতে,0.0,0.0,0.0
lagchilo,0.0,0.0,0.0
assistance,0.0,0.0,0.0
ডিস্কানেক্ট,0.0,0.0,0.0
সেলফ,0.0,0.0,0.0
golu,0.0,0.0,0.0
density,0.0,0.0,0.0
হামদু,0.0,0.0,0.0
আচরণে,0.0,0.0,0.0
বেয়ারিং,0.0,0.0,0.0
lifeboy,0.0,0.0,0.0
সেইভাবে,0.0,0.0,0.0
ডেলিভারিঃ,0.0,0.0,0.0
উজ্জল,0.0,0.0,0.0
যাবোনা,0.0,0.0,0.0
rastar,0.0,0.0,0.0
ongso,0.0,0.0,0.0
dulillah,0.0,0.0,0.0
সমগ্র,0.0,0.0,0.0
লুকস,0.0,0.0,0.0
প্রোডাক্টটাই,0.0,0.0,0.0
jayni,0.0,0.0,0.0
berries,0.0,0.0,0.0
pinky,0.0,0.0,0.0
টাকাটাও,-0.022252823197834268,0.0,0.0
sere,0.0,0.0,0.0
dirts,0.0,0.0,0.0
cane,0.0,0.0,0.0
অনাকাঙ্ক্ষিত,0.0,0.0,0.0
newer,0.0,0.0,0.0
বলাযায়,0.0,0.0,0.0
কয়েকগুণ,0.0,0.0,0.0
onnorokom,0.0,0.0,0.0
mejban,0.0,0.0,0.0
প্রপারলি,0.0,0.0,0.0
আসাদ,0.0,0.0,0.0
রোলঃ,0.0,0.0,0.0
রিব,0.0,0.0,0.0
প্লেটারগুলো,0.0,0.0,0.0
pk,0.0,0.0,0.0
disgusted,0.0,0.0,0.0
kits,0.0,0.0,0.0
শরমা,0.0,0.0,0.0
ভিন্নধর্মী,0.0,0.0,0.0
অপারেটিং,0.0,0.0,0.0
বার্গারই,0.0,0.0,0.0
শ্যামলীতে,0.0,0.0,0.0
দেখাযায়,0.0,0.0,0.0
ডাক্তারের,0.0,0.0,0.0
যেইগুলা,0.0,0.0,0.0
goldenchick,0.0,0.0,0.0
দলের,0.0,0.0,0.0
শতাংশ,0.0,0.0,0.0
৭৪৯,0.0,0.0,0.0
tikthak,0.0,0.0,0.0
ডিস্পেলে,0.0,0.0,0.0
বিয়ারিং,0.0,0.0,0.0
deeper,0.0,0.0,0.0
tapo,0.0,0.0,0.0
থিংক,0.0,0.0,0.0
তারগুলা,0.0,0.0,0.0
নিরুৎসাহিত,0.0,0.0,0.0
বিদঘুটে,0.0,0.0,0.0
gurar,0.0,0.0,0.0
utility,-0.006872513532018345,0.0,0.0
disy,0.0,0.0,0.0
জেট,0.0,0.0,0.0
সেগুনবাগিচা,0.0,0.0,0.0
গতবছর,0.0,0.0,0.0
ধোয়ায়,0.0,0.0,0.0
চিয়ার,0.0,0.0,0.0
সবাইরে,0.0,0.0,0.0
চালাক,0.0,0.0,0.0
diteci,0.0,0.0,0.0
baad,0.0,0.0,0.0
ওটস,0.0,0.0,0.0
dy,0.0,0.0,0.0
স্মৃতিচারণ,0.0,0.0,0.0
চামচের,0.0,0.0,0.0
রাখতাম,0.0,0.0,0.0
taow,0.0,0.0,0.0
koruk,0.0,0.0,0.0
ভেরী,0.0,0.0,0.0
পরামর্শে,0.0,0.0,0.0
coustomer,0.0,0.0,0.0
kun,0.0,0.0,0.0
মালাইকারি,0.0,0.0,0.0
ভুলবশত,0.0,0.0,0.0
thikace,0.0,0.0,0.0
সাইক্লিস্ট,0.0,0.0,0.0
চেনটা,0.0,0.0,0.0
মানুষরা,0.0,0.0,0.0
spoil,0.0,0.0,0.0
maya,0.0,0.0,0.0
বিনীত,0.0,0.0,0.0
মিলায়া,0.0,0.0,0.0
একপাশের,0.0,0.0,0.0
উপদেশ,0.0,0.0,0.0
chalate,0.0,0.0,0.0
আবস্থা,0.0,0.0,0.0
টিকসই,0.0,0.0,0.0
নষ্ঠ,0.0,0.0,0.0
জোড়ার,0.0,0.0,0.0
equipments,0.0,0.0,0.0
anoke,0.0,0.0,0.0
রিভিঊ,0.0,0.0,0.0
thks,0.0,0.0,0.0
miter,0.0,0.0,0.0
alongside,0.0,0.0,0.0
qality,0.0,0.0,0.0
scope,0.0,0.0,0.0
উল্টোপাশে,0.0,0.0,0.0
২৫৯,0.0,0.0,0.0
fasted,0.0,0.0,0.0
সেইটাও,0.0,0.0,0.0
৬১৯,0.0,0.0,0.0
তেলও,0.0,0.0,0.0
হাতিয়ে,0.0,0.0,0.0
এখোন,0.0,0.0,0.0
একদুম,0.0,0.0,0.0
তর্ক,0.0,0.0,0.0
বিবাহিত,0.0,0.0,0.0
202,0.0,0.0,0.0
parfact,0.0,0.0,0.0
nova,0.0,0.0,0.0
সথে,0.0,0.0,0.0
ভর্তাগুলীর,0.0,0.0,0.0
andormahal,0.0,0.0,0.0
foodblogger,0.0,0.0,0.0
stopper,0.0,0.0,0.0
খুজা,0.0,0.0,0.0
wine,0.0,0.0,0.0
এপর্যন্ত,0.0,0.0,0.0
legechhe,0.0,0.0,0.0
জনার,0.0,0.0,0.0
akorshon,0.0,0.0,0.0
sondehe,0.0,0.0,0.0
kfd,0.0,0.0,0.0
hoyea,0.0,0.0,0.0
নাগাদ,0.0,0.0,0.0
query,0.0,0.0,0.0
events,0.0,0.0,0.0
আশ্চর্যের,0.0,0.0,0.0
amezing,0.0,0.0,0.0
dusky,0.0,0.0,0.0
bldc,0.0,0.0,0.0
kechu,0.0,0.0,0.0
fuse,0.0,0.0,0.0
কমপ্লেক্সের,0.0,0.0,0.0
টাইগার,0.0,0.0,0.0
টাইমেই,0.0,0.0,0.0
sharat,0.0,0.0,0.0
একইরকম,0.0,0.0,0.0
ফেবু,0.0,0.0,0.0
ক্যমেরা,0.0,0.0,0.0
বংশের,0.0,0.0,0.0
দিলোনা,0.0,0.0,0.0
ther,0.0,0.0,0.0
সম্পর্কের,0.0,0.0,0.0
ঔ,0.0,0.0,0.0
থাকতেও,0.0,0.0,0.0
হইব,0.0,0.0,0.0
submit,0.0,0.0,0.0
দিবসের,0.0,0.0,0.0
refresher,0.0,0.0,0.0
jammed,0.0,0.0,0.0
ধারুন,0.0,0.0,0.0
কমটাকায়,0.0,0.0,0.0
dcup,0.0,0.0,0.0
ফাউ,0.0,0.0,0.0
বাঁশের,0.0,0.0,0.0
টুর,0.0,0.0,0.0
শোনায়,0.0,0.0,0.0
pich,0.0,0.0,0.0
rannar,0.0,0.0,0.0
শুক্রবারে,0.0,0.0,0.0
৯টাকায়,0.0,0.0,0.0
newbie,0.0,0.0,0.0
khosi,0.0,0.0,0.0
ফ্র,0.0,0.0,0.0
insect,0.0,0.0,0.0
ডালঃ,0.0,0.0,0.0
organizing,0.0,0.0,0.0
lafz,0.0,0.0,0.0
সারলয়েন,0.0,0.0,0.0
cabbage,0.0,0.0,0.0
বিকট,0.0,0.0,0.0
responce,0.0,0.0,0.0
ghosha,0.0,0.0,0.0
নাইন,0.0,0.0,0.0
টা৷,0.0,0.0,0.0
saltu,0.0,0.0,0.0
সারপ্রাইজড,0.0,0.0,0.0
মাইকের,0.0,0.0,0.0
বসলেই,0.0,0.0,0.0
অমন,0.0,0.0,0.0
নিয়মটা,0.0,0.0,0.0
sohoj,0.0,0.0,0.0
pecking,0.0,0.0,0.0
koreselam,0.0,0.0,0.0
iii,0.0,0.0,0.0
tmntai,0.0,0.0,0.0
গেইটের,0.0,0.0,0.0
জেয়ে,0.0,0.0,0.0
উল,0.0,0.0,0.0
৩২০টাকা,0.0,0.0,0.0
treatment,0.0,0.0,0.0
হওয়াটাই,0.0,0.0,0.0
জীবানু,0.0,0.0,0.0
কোরছি,0.0,0.0,0.0
সুগন্ধিযুক্ত,0.0,0.0,0.0
দেখাচ্ছিলো,0.0,0.0,0.0
skip,0.0,0.0,0.0
পাকানো,0.0,0.0,0.0
তবু্ও,0.0,0.0,0.0
ম্যনের,0.0,0.0,0.0
জমপেশ,0.0,0.0,0.0
quarantine,0.0,0.0,0.0
korly,0.0,0.0,0.0
banaise,0.0,0.0,0.0
updating,0.0,0.0,0.0
wearable,0.0,0.0,0.0
বিনামূল্যে,0.0,0.0,0.0
piss,0.0,0.0,0.0
কাবাবওয়ালাতে,0.0,0.0,0.0
সেটারও,0.0,0.0,0.0
পুট,0.0,0.0,0.0
ডিটেক্ট,0.0,0.0,0.0
স্পেশাস,0.0,0.0,0.0
jotoi,0.0,0.0,0.0
maintains,0.0,0.0,0.0
ইয়ারবাড,0.0,0.0,0.0
chargeing,0.0,0.0,0.0
636,0.0,0.0,0.0
কোরিয়ার,0.0,0.0,0.0
বিছানায়,0.0,0.0,0.0
স্পাইরাল,0.0,0.0,0.0
প্রাইজিং,0.0,0.0,0.0
টাকাস্পেশাল,0.0,0.0,0.0
ভ্রু,0.0,0.0,0.0
স্মোকড,0.0,0.0,0.0
skemi,0.0,0.0,0.0
চিলিং,0.0,0.0,0.0
দেখাল,0.0,0.0,0.0
keybord,0.0,0.0,0.0
শীগ্রই,0.0,0.0,0.0
পেস্তাবাদামের,0.0,0.0,0.0
আজান,0.0,0.0,0.0
mahmud,0.0,0.0,0.0
পেছন,0.0,0.0,0.0
উপজেলা,0.0,0.0,0.0
সাইজঃ,0.0,0.0,0.0
সানন্দে,0.0,0.0,0.0
flever,0.0,0.0,0.0
৪রকমের,0.0,0.0,0.0
buble,0.0,0.0,0.0
ডিটেইলসে,0.0,0.0,0.0
বসলো,0.0,0.0,0.0
monday,0.0,0.0,0.0
আটটা,0.0,0.0,0.0
উপরটা,0.0,0.0,0.0
হাওয়াই,0.0,0.0,0.0
lousy,0.0,0.0,0.0
cleanses,0.0,0.0,0.0
achoron,0.0,0.0,0.0
dekhesilam,0.0,0.0,0.0
boil,0.0,0.0,0.0
fati,0.0,0.0,0.0
unavailable,0.0,0.0,0.0
বিস্বাদ,0.0,0.0,0.0
নিয়েছি৷,0.0,0.0,0.0
টোস্টেড,0.0,0.0,0.0
দইটা,0.0,0.0,0.0
কালোজিরার,0.0,0.0,0.0
মেটারিয়াল,0.0,0.0,0.0
৫কেজি,0.0,0.0,0.0
৪৫০টাকায়,0.0,0.0,0.0
boat,0.0,0.0,0.0
থাকেও,0.0,0.0,0.0
বাডে,0.0,0.0,0.0
nore,0.0,0.0,0.0
1199,0.0,0.0,0.0
seasons,0.0,0.0,0.0
তিনিই,0.0,0.0,0.0
সন্মানিত,0.0,0.0,0.0
আলুতে,0.0,0.0,0.0
pyechi,0.0,0.0,0.0
চশমাটি,0.0,0.0,0.0
সকলকেই,0.0,0.0,0.0
shima,0.0,0.0,0.0
kunafa,0.0,0.0,0.0
hq,0.0,0.0,0.0
বইলেন,0.0,0.0,0.0
ভাণ্ডার,0.0,0.0,0.0
ক্যাটাগরির,0.0,0.0,0.0
স্মুত,0.0,0.0,0.0
সেনোরা,0.0,0.0,0.0
হোয়াট,0.0,0.0,0.0
chlo,0.0,0.0,0.0
প্রীতম,0.0,0.0,0.0
soso,0.0,0.0,0.0
cheya,0.0,0.0,0.0
alike,0.0,0.0,0.0
লইয়া,0.0,0.0,0.0
ডেলিভাড়ি,0.0,0.0,0.0
onujahi,0.0,0.0,0.0
ছেঁড়াফাটা,0.0,0.0,0.0
সাব্বির,0.0,0.0,0.0
minifigures,0.0,0.0,0.0
felen,0.0,0.0,0.0
সাবুদানা,0.0,0.0,0.0
ওজনটা,0.0,0.0,0.0
perches,0.0,0.0,0.0
কুরআন,0.0,0.0,0.0
choray,0.0,0.0,0.0
হইসিলো,0.0,0.0,0.0
kawaii,0.0,0.0,0.0
ফ্রেমের,0.0,0.0,0.0
bondhu,0.0,0.0,0.0
yogurt,0.0,0.0,0.0
suite,0.0,0.0,0.0
thisss,0.0,0.0,0.0
কমাবেন,0.0,0.0,0.0
cholei,0.0,0.0,0.0
তাহাই,0.0,0.0,0.0
গপাগপ,0.0,0.0,0.0
balona,0.0,0.0,0.0
mxq,0.0,0.0,0.0
টিনটিন,0.0,0.0,0.0
ধাবায়,0.0,0.0,0.0
saila,0.0,0.0,0.0
৫জি,0.0,0.0,0.0
doner,0.0,0.0,0.0
professionally,0.0,0.0,0.0
কবি,0.0,0.0,0.0
স্পুন,0.0,0.0,0.0
পাকোরা,0.0,0.0,0.0
কালাইয়ের,0.0,0.0,0.0
cooperate,0.0,0.0,0.0
ব্যবহারই,0.0,0.0,0.0
লেপটপ,0.0,0.0,0.0
দুইজনেরই,0.0,0.0,0.0
এগেইন,0.0,0.0,0.0
স্বল্পতার,0.0,0.0,0.0
একেকজন,0.0,0.0,0.0
রানী,0.0,0.0,0.0
anyhow,0.0,0.0,0.0
কালেকশনে,0.0,0.0,0.0
এক্সপোর্ট,0.0,0.0,0.0
২৮০০,0.0,0.0,0.0
thok,0.0,0.0,0.0
koree,0.0,0.0,0.0
৮৬০,0.0,0.0,0.0
কোনটায়,0.0,0.0,0.0
মিরপুর১,0.0,0.0,0.0
vivid,0.0,0.0,0.0
pavilion,0.0,0.0,0.0
সাইয,0.0,0.0,0.0
takalocation,0.0,0.0,0.0
টার্কি,0.0,0.0,0.0
দোকানদারকে,0.0,0.0,0.0
সিনথল,0.0,0.0,0.0
মাজুকা,0.0,0.0,0.0
ধারাজে,0.0,0.0,0.0
shorts,0.0,0.0,0.0
banking,0.0,0.0,0.0
ছুঁয়ে,0.0,0.0,0.0
beshe,0.0,0.0,0.0
লিপবাম,0.0,0.0,0.0
এহন,0.0,0.0,0.0
দমটা,0.0,0.0,0.0
roja,0.0,0.0,0.0
makhanilachcha,0.0,0.0,0.0
লাভই,0.0,0.0,0.0
কারকের,0.0,0.0,0.0
294,0.0,0.0,0.0
ajka,0.0,0.0,0.0
বাংলামটর,0.0,0.0,0.0
twim,0.0,0.0,0.0
স্লিপিং,0.0,0.0,0.0
ওয়াক,0.0,0.0,0.0
২পিছ,0.0,0.0,0.0
bushra,0.0,0.0,0.0
আলহামদুলি্লাহ,0.0,0.0,0.0
বিশ্বকাপ,0.0,0.0,0.0
অবস্হায়,0.0,0.0,0.0
photograph,0.0,0.0,0.0
রাব্বানীর,0.0,0.0,0.0
sostar,0.0,0.0,0.0
ডেকোরেশনটাও,0.0,0.0,0.0
হুদায়,0.0,0.0,0.0
vishon,0.0,0.0,0.0
fodi,0.0,0.0,0.0
হলো৷,0.0,0.0,0.0
chilooo,0.0,0.0,0.0
texts,0.0,0.0,0.0
১০পরিবেশন,0.0,0.0,0.0
importance,0.0,0.0,0.0
superman,0.0,0.0,0.0
pots,0.0,0.0,0.0
panini,0.0,0.0,0.0
দেখাইতেছে,0.0,0.0,0.0
mojo,0.0,0.0,0.0
chk,0.0,0.0,0.0
কোয়ালিট,0.0,0.0,0.0
noito,0.0,0.0,0.0
কাটি,0.0,0.0,0.0
উঠেছিল,0.0,0.0,0.0
ফ্রাঞ্চাইজি,0.0,0.0,0.0
বক্সসহ,0.0,0.0,0.0
protidin,0.0,0.0,0.0
dazaz,0.0,0.0,0.0
৮৪৫,0.0,0.0,0.0
fonts,0.0,0.0,0.0
til,0.0,0.0,0.0
উঠবেন,0.0,0.0,0.0
satisfactorily,0.0,0.0,0.0
rimon,0.0039794183546007994,0.0,0.0
একস্ট্রা,0.0,0.0,0.0
boltesi,0.0,0.0,0.0
তেঁতুল,0.0,0.0,0.0
ইনস্ট্যান্ট,0.0,0.0,0.0
কতগুলা,0.0,0.0,0.0
নেওয়াজ,0.0,0.0,0.0
কুইনের,0.0,0.0,0.0
ছোটভাই,0.0,0.0,0.0
২৭০টাকা,0.0,0.0,0.0
projection,0.0,0.0,0.0
মামুনের,0.0,0.0,0.0
রসিকের,0.0,0.0,0.0
অনুমোদন,0.0,0.0,0.0
cobir,0.0,0.0,0.0
মোড়কের,0.0,0.0,0.0
daaraz,0.0,0.0,0.0
পাহাড়,0.0,0.0,0.0
sikar,0.0,0.0,0.0
হুকের,0.0,0.0,0.0
২১০০,0.0,0.0,0.0
almighty,0.0,0.0,0.0
rights,0.0,0.0,0.0
shomvob,0.0,0.0,0.0
ঠেলাঠেলি,0.0,0.0,0.0
পরিবারিক,0.0,0.0,0.0
siracha,0.0,0.0,0.0
felun,0.0,0.0,0.0
৯৮০,0.0,0.0,0.0
দুর্ঘটনা,0.0,0.0,0.0
ঠিকানাঃমিরপুর,0.0,0.0,0.0
জ্বলেনা,0.0,0.0,0.0
প্রায়শই,0.0,0.0,0.0
sended,0.0,0.0,0.0
smol,0.0,0.0,0.0
আছেখিচুড়ি,0.0,0.0,0.0
আত্মা,0.0,0.0,0.0
asara,0.0,0.0,0.0
conclusion,0.0,0.0,0.0
বেলবেট,0.0,0.0,0.0
হ্যান্ডওয়াশটি,0.0,0.0,0.0
barbe,0.0,0.0,0.0
expansive,0.0,0.0,0.0
niddle,0.0,0.0,0.0
akshathe,0.0,0.0,0.0
মেষ,0.0,0.0,0.0
লোকেশনঃঠিকানাঃ,0.0,0.0,0.0
ব্যালান্স,0.0,0.0,0.0
pokto,0.0,0.0,0.0
conscious,0.0,0.0,0.0
বিপ,0.0,0.0,0.0
ভোগান্তির,0.0,0.0,0.0
লগিনের,0.0,0.0,0.0
রিভিই,0.0,0.0,0.0
league,0.0,0.0,0.0
টাতেই,0.0,0.0,0.0
ব্যক,0.0,0.0,0.0
peren,0.0,0.0,0.0
appetiser,0.0,0.0,0.0
rolled,0.0,0.0,0.0
মাতিয়ে,0.0,0.0,0.0
jeirokom,0.0,0.0,0.0
disadvantage,0.0,0.0,0.0
লেগুনা,0.0,0.0,0.0
ভোজনরসিকদের,0.0,0.0,0.0
হবু,0.0,0.0,0.0
সাথ,0.0,0.0,0.0
diyechhe,0.0,0.0,0.0
blower,0.0,0.0,0.0
কলমে,0.0,0.0,0.0
jananor,0.0,0.0,0.0
luiswill,0.0,0.0,0.0
১০৮০,0.0,0.0,0.0
বেসিন,0.0,0.0,0.0
dvi,0.0,0.0,0.0
purnima,0.0,0.0,0.0
বসিলা,0.0,0.0,0.0
সিদ্দিক,0.0,0.0,0.0
ap,0.0,0.0,0.0
আল্ট্রা,0.0,0.0,0.0
আকা,0.0,0.0,0.0
korcha,0.0,0.0,0.0
সাবানই,0.0,0.0,0.0
ট্রেন্ডিং,0.0,0.0,0.0
মালুম,0.0,0.0,0.0
korina,0.0,0.0,0.0
অভিজ্ঞতাই,0.0,0.0,0.0
vibes,0.0,0.0,0.0
তুলিনাই,0.0,0.0,0.0
beforehand,0.0,0.0,0.0
relatives,0.0,0.0,0.0
prod,0.0,0.0,0.0
কমনসেন্স,0.0,0.0,0.0
বিমোহিত,0.0,0.0,0.0
anse,0.0,0.0,0.0
সৌভাগ্যবশত,0.0,0.0,0.0
করবা,0.0,0.0,0.0
লক্ষণ,0.0,0.0,0.0
রোগ,0.0,0.0,0.0
আমারটাই,0.0,0.0,0.0
ডেরিভারি,0.0,0.0,0.0
কারক,0.0,0.0,0.0
ভরাতে,0.0,0.0,0.0
বিক্রয়কারীকে,0.0,0.0,0.0
evabei,0.0,0.0,0.0
মিটারটা,0.0,0.0,0.0
দালাল,0.0,0.0,0.0
ইনগ্রেডিয়েন্স,0.0,0.0,0.0
আন্দাজে,0.0,0.0,0.0
কেপটা,0.0,0.0,0.0
রানওয়ে,0.0,0.0,0.0
প্রথমটি,0.0,0.0,0.0
সাদরে,0.0,0.0,0.0
chocolatey,0.0,0.0,0.0
rekhese,0.0,0.0,0.0
দেখলো,0.0,0.0,0.0
কুনো,0.0,0.0,0.0
vair,0.0,0.0,0.0
চুরমার,0.0,0.0,0.0
গ্লাসটি,0.0,0.0,0.0
অন্তরিক,0.0,0.0,0.0
ল্যাবএইড,0.0,0.0,0.0
ওয়ালেটটি,0.0,0.0,0.0
3200,0.0,0.0,0.0
ভরসায়,0.0,0.0,0.0
quility,0.0,0.0,0.0
ফ্লোরেই,0.0,0.0,0.0
mura,0.0,0.0,0.0
badha,0.0,0.0,0.0
ব্রান্ডেড,0.0,0.0,0.0
উচ্চারণ,0.0,0.0,0.0
controllers,0.0,0.0,0.0
পিলো,0.0,0.0,0.0
shunte,0.0,0.0,0.0
পুরিয়ে,0.0,0.0,0.0
takanachos,0.0,0.0,0.0
নুরানি,0.0,0.0,0.0
nmn,0.0,0.0,0.0
tends,0.0,0.0,0.0
কাপড়গুলো,0.0,0.0,0.0
সূক্ষ্ম,0.0,0.0,0.0
hesab,0.0,0.0,0.0
01905,0.0,0.0,0.0
wrinkles,0.0,0.0,0.0
thenk,0.0,0.0,0.0
সাটিসফাইড,0.0,0.0,0.0
clients,0.0,0.0,0.0
আবর্জনা,0.0,0.0,0.0
উলুম,0.0,0.0,0.0
taii,0.0,0.0,0.0
ব্লেক,0.0,0.0,0.0
বয়ামে,0.0,0.0,0.0
বন্ধের,0.0,0.0,0.0
actions,0.0,0.0,0.0
এটাক,0.0,0.0,0.0
daowar,0.0,0.0,0.0
গ্রোসারী,0.0,0.0,0.0
অনুজায়ী,0.0,0.0,0.0
বেবস্থা,0.0,0.0,0.0
ঘাড়ে,0.0,0.0,0.0
চিকুন,0.0,0.0,0.0
দেওয়াতেই,0.0,0.0,0.0
সভ্য,0.0,0.0,0.0
rdx,0.0,0.0,0.0
sampo,0.0,0.0,0.0
aesthetically,0.0,0.0,0.0
ভন্ড,0.0,0.0,0.0
কৌতূহল,0.0,0.0,0.0
react,0.0,0.0,0.0
অর্ডিনারি,0.0,0.0,0.0
বদলি,0.0,0.0,0.0
৩দিনেই,0.0,0.0,0.0
আওয়াজে,0.0,0.0,0.0
ইনফ্রারেড,0.0,0.0,0.0
ফেসওয়াসের,0.0,0.0,0.0
hyped,0.0,0.0,0.0
ovaroll,0.0,0.0,0.0
অবিকল,0.0,0.0,0.0
অ্যারাবিয়ান,0.0,0.0,0.0
এশিয়ার,0.0,0.0,0.0
row,0.0,0.0,0.0
এঞ্জয়,0.0,0.0,0.0
ল্যাভেন্ডার,0.0,0.0,0.0
আটটি,0.0,0.0,0.0
রাইসচিকেন,0.0,0.0,0.0
bisri,0.0,0.0,0.0
goggles,0.0,0.0,0.0
retrun,0.0,0.0,0.0
সার্পোট,0.0,0.0,0.0
jnn,0.0,0.0,0.0
430,0.0,0.0,0.0
মাজা,0.0,0.0,0.0
nbut,0.0,0.0,0.0
পাড়ায়,0.0,0.0,0.0
এতবার,0.0,0.0,0.0
usages,0.0,0.0,0.0
বেসম্ভব,0.0,0.0,0.0
অালহামদুলিল্লাহ,0.0,0.0,0.0
১নং,0.0,0.0,0.0
ডেস্ক্রিপশন,0.0,0.0,0.0
jiggesh,0.0,0.0,0.0
কুড়িল,0.0,0.0,0.0
shaan,0.0,0.0,0.0
selay,0.0,0.0,0.0
শালিমার,0.0,0.0,0.0
আসেপাশে,0.0,0.0,0.0
peterpan,0.0,0.0,0.0
প্রতিক্রিয়া,0.0,0.0,0.0
সামান,0.0,0.0,0.0
ক্লাবের,0.0,0.0,0.0
বেহাল,0.0,0.0,0.0
সাপেক্ষে,0.0,0.0,0.0
অগত্যা,0.0,0.0,0.0
কেকটাও,0.0,0.0,0.0
ইফেক্টিভ,0.0,0.0,0.0
লাগেই,0.0,0.0,0.0
hishaba,0.0,0.0,0.0
ret,0.0,0.0,0.0
লাইফবয়ের,0.0,0.0,0.0
xtra,0.0,0.0,0.0
সেকরেট,0.0,0.0,0.0
হাতছাড়া,-0.03217498122792382,0.0,0.0
ইউনি,0.0,0.0,0.0
ময়,0.0,0.0,0.0
দর্শনে,0.0,0.0,0.0
মোজার,0.0,0.0,0.0
vainga,0.0,0.0,0.0
মেনুয়াল,0.0,0.0,0.0
lokkho,0.0,0.0,0.0
lod,0.0,0.0,0.0
doesnot,0.0,0.0,0.0
ব্রেকফাস্টের,0.0,0.0,0.0
resist,0.0,0.0,0.0
ডেনিম,0.0,0.0,0.0
আসতাম,0.0,0.0,0.0
মুহূর্ত,0.0,0.0,0.0
hyle,0.0,0.0,0.0
beyadop,0.0,0.0,0.0
নগরীর,0.0,0.0,0.0
highway,0.0,0.0,0.0
ধুলোবালি,0.0,0.0,0.0
cork,0.0,0.0,0.0
রেক্সিনের,0.0,0.0,0.0
sudor,0.0,0.0,0.0
ফিলাপ,0.0,0.0,0.0
ব্যবহারেই,0.0,0.0,0.0
তোকে,0.0,0.0,0.0
korba,0.0,0.0,0.0
কুটুমবাড়ি,0.0,0.0,0.0
breathe,0.0,0.0,0.0
sudden,0.0,0.0,0.0
পোস্টার,0.0,0.0,0.0
bday,0.0,0.0,0.0
noticing,0.0,0.0,0.0
নীলটা,0.0,0.0,0.0
হইসিল,0.0,0.0,0.0
ঠকবাজি,0.0,0.0,0.0
cary,0.0,0.0,0.0
জসিম,0.0,0.0,0.0
দারজের,0.0,0.0,0.0
howate,0.0,0.0,0.0
amir,0.0,0.0,0.0
aroo,0.0,0.0,0.0
পয়সাউসুল,0.0,0.0,0.0
সুরু,0.0,0.0,0.0
শার্টগুলো,0.0,0.0,0.0
payer,0.0,0.0,0.0
স্ট্যান্ডটি,0.0,0.0,0.0
এতোগুলো,0.0,0.0,0.0
নষ্টো,0.0,0.0,0.0
bodnam,0.0,0.0,0.0
ওইরকমই,0.0,0.0,0.0
prc,0.0,0.0,0.0
৪৮৮,0.0,0.0,0.0
bess,0.0,0.0,0.0
গোপন,0.0,0.0,0.0
alhadulillah,0.0,0.0,0.0
tove,0.0,0.0,0.0
এসেন্সিয়াল,0.0,0.0,0.0
ইমপোর্ট,0.0,0.0,0.0
প্রমোট,0.0,0.0,0.0
rokomi,0.0,0.0,0.0
চাউলটি,0.0,0.0,0.0
দিনকাল,0.0,0.0,0.0
প্রিয়জনকে,0.0,0.0,0.0
কম্বোটি,0.0,0.0,0.0
ছড়ানোর,0.0,0.0,0.0
ভালোলাগায়,0.0,0.0,0.0
chacchi,0.0,0.0,0.0
মবিল,0.0,0.0,0.0
knight,0.0,0.0,0.0
আম্মুকে,0.0,0.0,0.0
যুক্তিযুক্ত,0.0,0.0,0.0
কিনেছেন,0.0,0.0,0.0
selarke,0.0,0.0,0.0
দিবসে,0.0,0.0,0.0
harai,0.0,0.0,0.0
ditey,0.0,0.0,0.0
cocoa,0.0,0.0,0.0
পথেই,0.0,0.0,0.0
ভোট,0.0,0.0,0.0
paris,0.0,0.0,0.0
কোনোকিছু,0.0,0.0,0.0
ডায়পারের,0.0,0.0,0.0
নাচোসটি,0.0,0.0,0.0
পরিবেশনাও,0.0,0.0,0.0
ক্যাপচার,0.0,0.0,0.0
১১৫০,0.0,0.0,0.0
দেইখেন,0.0,0.0,0.0
ইডেন,0.0,0.0,0.0
differ,0.0,0.0,0.0
oenk,0.0,0.0,0.0
ভ্যালেন্টাইন,0.0,0.0,0.0
১০স্বাদঃ,0.0,0.0,0.0
kababish,0.0,0.0,0.0
preme,0.0,0.0,0.0
donobad,0.0,0.0,0.0
ngl,0.0,0.0,0.0
তেনা,0.0,0.0,0.0
mag,0.0,0.0,0.0
braclet,0.0,0.0,0.0
reported,0.0,0.0,0.0
kazer,0.0,0.0,0.0
utpadon,0.0,0.0,0.0
টুলের,0.0,0.0,0.0
laptops,0.0,0.0,0.0
ডাস্টবিনে,0.0,0.0,0.0
রুপায়ন,0.0,0.0,0.0
pareni,0.0,0.0,0.0
integrity,0.0,0.0,0.0
বোরহানিটাও,0.0,0.0,0.0
ওয়াটারিং,0.0,0.0,0.0
bojhano,0.0,0.0,0.0
lalbag,0.0,0.0,0.0
৩রকমের,0.0,0.0,0.0
আপসোস,0.0,0.0,0.0
তোমন,0.0,0.0,0.0
এলাহি,0.0,0.0,0.0
taila,0.0,0.0,0.0
বেভারেজ,0.0,0.0,0.0
বিশেষকরে,0.0,0.0,0.0
ঘাড়,0.0,0.0,0.0
niyachi,0.0,0.0,0.0
sampai,0.0,0.0,0.0
তেরিয়াকি,0.0,0.0,0.0
xundd,0.0,0.0,0.0
doka,0.0,0.0,0.0
দেখায়ে,0.0,0.0,0.0
jachhe,0.0,0.0,0.0
rokome,0.0,0.0,0.0
mori,0.0,0.0,0.0
বাড়াবাড়ি,0.0,0.0,0.0
ekhne,0.0,0.0,0.0
আনেন,0.0,0.0,0.0
ডেলিভরি,0.0,0.0,0.0
মার্কার,0.0,0.0,0.0
গ্রাইন্ডার,0.0,0.0,0.0
medyo,0.0,0.0,0.0
ভিরে,0.0,0.0,0.0
celoo,0.0,0.0,0.0
বেশি৷,0.0,0.0,0.0
parcina,0.0,0.0,0.0
সহনশীল,0.0,0.0,0.0
চালাইয়া,0.0,0.0,0.0
৮৪৯,0.0,0.0,0.0
২৪০০,0.0,0.0,0.0
৬৯৯টাকায়,0.0,0.0,0.0
মশারীর,0.0,0.0,0.0
পরিচালনা,0.0,0.0,0.0
ধরেছি,0.0,0.0,0.0
পাওয়াও,0.0,0.0,0.0
মেরিনেটেড,0.0,0.0,0.0
ইভ্যালি,0.0,0.0,0.0
bebhar,0.0,0.0,0.0
বার্ন,0.0,0.0,0.0
vaby,0.0,0.0,0.0
ইছে,0.0,0.0,0.0
অপিনিয়ন,0.0,0.0,0.0
carries,0.0,0.0,0.0
brittle,0.0,0.0,0.0
electrician,0.0,0.0,0.0
ল্যান্ড,0.0,0.0,0.0
juss,0.0,0.0,0.0
gelatissimo,0.0,0.0,0.0
quickest,0.0,0.0,0.0
রিংরোড,0.0,0.0,0.0
জুম,0.0,0.0,0.0
repellent,0.0,0.0,0.0
kaju,0.0,0.0,0.0
faithful,0.0,0.0,0.0
eida,0.0,0.0,0.0
বানাবে,0.0,0.0,0.0
ফেনাও,0.0,0.0,0.0
tarka,0.0,0.0,0.0
ধর,0.0,0.0,0.0
blar,0.0,0.0,0.0
ebhabe,0.0,0.0,0.0
দরবারে,0.0,0.0,0.0
dekben,0.0,0.0,0.0
স্লিক,0.0,0.0,0.0
jaite,0.0,0.0,0.0
complicated,0.0,0.0,0.0
মানুষটার,0.0,0.0,0.0
vlooo,0.0,0.0,0.0
tnxq,0.0,0.0,0.0
curler,0.0,0.0,0.0
dryness,0.0,0.0,0.0
বান্ধবদের,0.0,0.0,0.0
tnqq,0.0,0.0,0.0
amplifier,0.0,0.0,0.0
clarify,0.0,0.0,0.0
আপনাকেই,0.0,0.0,0.0
margherita,0.0,0.0,0.0
ইত্যাদী,0.0,0.0,0.0
foodbank,0.0,0.0,0.0
পায়া,0.0,0.0,0.0
seler,0.0,0.0,0.0
স্টেকের,0.0,0.0,0.0
আপনাদেরকে,0.0,0.0,0.0
রুম,0.0,0.0,0.0
wanna,0.0,0.0,0.0
ছাড়াও,0.0,0.0,0.0
ahead,0.0,0.0,0.0
নিলেই,0.0,0.0,0.0
everybody,0.0,0.0,0.0
finger,0.0,0.0,0.0
আরে,0.0,0.0,0.0
বিশ্ব,0.0,0.0,0.0
gondho,0.0,0.0,0.0
ওয়ালেট,0.0,0.0,0.0
manfare,0.0,0.0,0.0
toner,0.0,0.0,0.0
polish,0.0,0.0,0.0
জার,0.0,0.0,0.0
ফাইভ,0.0,0.0,0.0
মাঝারি,0.0,0.0,0.0
kisui,0.0,0.0,0.0
feature,0.0,0.0,0.0
satha,-0.04016360786434394,0.0,0.0
এটির,0.0,0.0,0.0
ক্যামেরার,0.0,0.0,0.0
700,0.0,0.0,0.0
provides,0.0,0.0,0.0
বালতি,0.0,0.0,0.0
urban,0.0,0.0,0.0
আল্লাহ্,0.0,0.0,0.0
বিহেভিয়ার,0.0,0.0,0.0
পরটা,0.0,0.0,0.0
পণ্যই,0.0,0.0,0.0
সিনেমা,0.0,0.0,0.0
মালিক,0.0,0.0,0.0
স্বাদটা,0.0,0.0,0.0
successfully,0.0,0.0,0.0
multi,0.0,0.0,0.0
protect,0.0,0.0,0.0
কমিয়ে,0.0,0.0,0.0
তখনই,0.0,0.0,0.0
সন্ধ্যা,0.0,0.0,0.0
empty,0.0,0.0,0.0
খানা,0.0,0.0,0.0
mona,0.0,0.0,0.0
২৪০,0.0,0.0,0.0
চটপটি,0.0,0.0,0.0
সত্য,0.0,0.0,0.0
লাগালে,0.0,0.0,0.0
disilam,0.0,0.0,0.0
signature,0.0,0.0,0.0
গ্রীন,0.0,0.0,0.0
kau,-0.029516114334354745,0.0,0.0
ব্যাবসা,0.0,0.0,0.0
অসুবিধা,0.0,0.0,0.0
kinsi,0.0,0.0,0.0
ব্র্যান্ড,0.0,0.0,0.0
leaked,0.0,0.0,0.0
results,0.0,0.0,0.0
শহরে,0.0,0.0,0.0
ঐটা,0.0,0.0,0.0
ক্লিন,0.0,0.0,0.0
baze,0.0,0.0,0.0
leak,0.0,0.0,0.0
fact,0.0,0.0,0.0
ভ্যালু,0.0,0.0,0.0
ভূনা,0.0,0.0,0.0
নিজেদের,0.0,0.0,0.0
phn,0.0,0.0,0.0
জা,0.0,0.0,0.0
গেছিলো,0.0,0.0,0.0
55,0.0,0.0,0.0
প্রত্যেক,0.0,0.0,0.0
পরার,0.0,0.0,0.0
cleaning,0.0,0.0,0.0
kiso,0.0,0.0,0.0
সুইট,0.0,0.0,0.0
ebong,0.0,0.0,0.0
ফেমাস,0.0,0.0,0.0
refreshing,0.0,0.0,0.0
বেস,0.0,0.0,0.0
sofa,0.0,0.0,0.0
পরিবার,0.0,0.0,0.0
140,0.0,0.0,0.0
dichi,0.0,0.0,0.0
কমতি,0.0,0.0,0.0
কিনুন,0.0,0.0,0.0
পাইনাই,0.0,0.0,0.0
polite,0.0,0.0,0.0
kinechi,0.0,0.0,0.0
প্রডাক্টি,0.0,0.0,0.0
ভাল্লাগে,0.0,0.0,0.0
মাপ,0.0,0.0,0.0
korlo,0.0,0.0,0.0
রেখেছেন,0.0,0.0,0.0
খেলা,0.0,0.0,0.0
জে,0.0,0.0,0.0
৪৫০,0.0,0.0,0.0
buds,0.0,0.0,0.0
claim,0.0,0.0,0.0
আকারে,0.0,0.0,0.0
suit,0.0,0.0,0.0
গুড়ো,0.0,0.0,0.0
gular,0.0,0.0,0.0
niyechilam,0.0,0.0,0.0
প্রোডাক্টই,0.0,0.0,0.0
মেয়ে,0.0,0.0,0.0
proof,0.0,0.0,0.0
800,0.0,0.0,0.0
ইফতারের,0.0,0.0,0.0
tool,0.0,0.0,0.0
dicci,0.0,0.0,0.0
thinking,0.0,0.0,0.0
difficult,0.0,0.0,0.0
লি,0.0,0.0,0.0
৫৫০,0.0,0.0,0.0
khuboi,0.0,0.0,0.0
cleaner,0.0,0.0,0.0
surface,0.0,0.0,0.0
যাবার,0.0,0.0,0.0
সন্ধ্যার,0.0,0.0,0.0
তাদেরকে,0.0,0.0,0.0
প্রব্লেম,0.0,0.0,0.0
newa,0.0,0.0,0.0
বাড্ডা,0.0,0.0,0.0
parachute,0.0,0.0,0.0
গলা,0.0,0.0,0.0
পরিবর্তে,0.0,0.0,0.0
অবস্থান,0.0,0.0,0.0
lights,0.0,0.0,0.0
kosto,0.0,0.0,0.0
oreo,0.0,0.0,0.0
ঠিকাছে,0.0,0.0,0.0
যায়গায়,0.0,0.0,0.0
দিসি,0.0,0.0,0.0
যাচ্ছি,0.0,0.0,0.0
bes,0.0,0.0,0.0
খাবারগুলো,0.0,0.0,0.0
cat,0.0,0.0,0.0
পারতেন,0.0,0.0,0.0
স্পাইস,0.0,0.0,0.0
software,0.0,0.0,0.0
এক্সপ্রেস,0.0,0.0,0.0
tools,0.0,0.0,0.0
uses,0.0,0.0,0.0
ছাড়ে,0.0,0.0,0.0
পারছেন,0.0,0.0,0.0
ফেসবুক,0.0,0.0,0.0
দিনই,0.0,0.0,0.0
dom,0.0,0.0,0.0
খাটি,0.0,0.0,0.0
বাবা,0.0,0.0,0.0
বিধায়,0.0,0.0,0.0
ang,0.0,0.0,0.0
shoes,0.0,0.0,0.0
নির্ধারিত,0.0,0.0,0.0
জল,0.0,0.0,0.0
সকলেই,0.0,0.0,0.0
থ্যাঙ্ক,0.0,0.0,0.0
kena,0.0,0.0,0.0
থাক,0.0,0.0,0.0
চাচ্ছেন,0.0,0.0,0.0
আমায়,0.0,0.0,0.0
অঞ্চলের,0.0,0.0,0.0
excited,0.0,0.0,0.0
খিচুরি,0.0,0.0,0.0
ফ্রেন্ডের,0.0,0.0,0.0
helps,0.0,0.0,0.0
sides,0.0,0.0,0.0
women,0.0,0.0,0.0
soooo,0.0,0.0,0.0
একের,0.0,0.0,0.0
একি,0.0,0.0,0.0
লেমোনেড,0.0,0.0,0.0
৩৯৯,0.0,0.0,0.0
পরবর্তী,0.0,0.0,0.0
niyen,0.0,0.0,0.0
স্থানঃ,0.0,0.0,0.0
অার,0.0,0.0,0.0
গোল্ডেন,0.0,0.0,0.0
korchilam,-0.05648647122390706,0.0,0.0
প্রেমে,0.0,0.0,0.0
falto,0.0,0.0,0.0
muta,0.0,0.0,0.0
হইয়া,0.0,0.0,0.0
mine,0.0,0.0,0.0
apnra,0.0,0.0,0.0
onkk,0.0,0.0,0.0
ফেলেছে,0.0,0.0,0.0
gran,0.0,0.0,0.0
হসপিটাল,0.0,0.0,0.0
hdd,0.0,0.0,0.0
লাগেনা,0.0,0.0,0.0
ভাল্লাগছে,0.0,0.0,0.0
সেটিসফাইড,0.0,0.0,0.0
sister,0.0,0.0,0.0
heart,0.0,0.0,0.0
দেইনি,0.0,0.0,0.0
kit,0.0,0.0,0.0
kano,0.0,0.0,0.0
নিতাম,-0.019893639379333937,0.0,0.0
সবচাইতে,0.0,0.0,0.0
keeps,0.0,0.0,0.0
সিলেক্ট,0.0,0.0,0.0
chokh,0.0,0.0,0.0
gechi,0.0,0.0,0.0
ফাঁকা,0.0,0.0,0.0
ওজনে,0.0,0.0,0.0
spring,0.0,0.0,0.0
lagano,0.0,0.0,0.0
রুটির,0.0,0.0,0.0
দেশী,0.0,0.0,0.0
adda,0.0,0.0,0.0
apart,0.0,0.0,0.0
প্ল্যান,0.0,0.0,0.0
backpack,0.0,0.0,0.0
healthy,0.0,0.0,0.0
কুঁড়েঘর,0.011479168126195127,0.0,0.0
ভেজাল,0.0,0.0,0.0
দ্বারা,0.0,0.0,0.0
34,0.0,0.0,0.0
টাকাও,0.0,0.0,0.0
gola,0.0,0.0,0.0
টপিংস,0.0,0.0,0.0
shame,0.0,0.0,0.0
chillox,0.0,0.0,0.0
taking,0.0,0.0,0.0
উপযুক্ত,0.0,0.0,0.0
লোড,0.0,0.0,0.0
পোর্ট,0.0,0.0,0.0
ধরিয়ে,0.0,0.0,0.0
শপে,0.0,0.0,0.0
manufacturing,0.0,0.0,0.0
শ্যাম্পুর,0.0,0.0,0.0
ব্যক্তিগত,0.0,0.0,0.0
সকেট,0.0,0.0,0.0
এরিয়া,0.0,0.0,0.0
scan,0.0,0.0,0.0
গ্রাহক,0.0,0.0,0.0
্যাপ,0.0,0.0,0.0
mashaallah,0.0,0.0,0.0
ওয়াডার,0.0,0.0,0.0
শুকরিয়া,0.0,0.0,0.0
খাঁটি,0.0,0.0,0.0
৩টি,0.0,0.0,0.0
fantech,0.0,0.0,0.0
patty,0.0,0.0,0.0
আশাহত,0.0,0.0,0.0
packeting,0.0,0.0,0.0
সেখান,0.0,0.0,0.0
চিটার,0.0,0.0,0.0
ক্রিসপি,0.0,0.0,0.0
শুভ,0.0,0.0,0.0
output,0.0,0.0,0.0
170,0.0,0.0,0.0
নিল,0.0,0.0,0.0
মেটাল,0.0,0.0,0.0
যেটার,0.0,0.0,0.0
hoica,0.0,0.0,0.0
সন্ধ্যায়,0.0,0.0,0.0
বোতলে,0.0,0.0,0.0
দে,0.0,0.0,0.0
কর,0.0,0.0,0.0
action,0.0,0.0,0.0
lab,0.0,0.0,0.0
সোফা,0.0,0.0,0.0
একাই,-0.00579248149921407,0.0,0.0
বাইট,0.0,0.0,0.0
পায়ছি,0.0,0.0,0.0
ame,0.0,0.0,0.0
ভেলভেট,0.0,0.0,0.0
২৬০,0.0,0.0,0.0
save,0.0,0.0,0.0
amak,0.0,0.0,0.0
haier,0.0,0.0,0.0
অন্যদের,0.0,0.0,0.0
ভাবতেও,0.0,0.0,0.0
pouch,0.0,0.0,0.0
koi,0.0,0.0,0.0
between,0.0,0.0,0.0
unit,0.0,0.0,0.0
তেলে,0.0,0.0,0.0
tau,0.0,0.0,0.0
শখ,0.0,0.0,0.0
map,0.0,0.0,0.0
voltage,0.0,0.0,0.0
ey,0.0,0.0,0.0
ফ্রেস,0.0,0.0,0.0
kubi,0.0,0.0,0.0
ty,0.0,0.0,0.0
দুঃখ,0.0,0.0,0.0
amader,0.0,0.0,0.0
pete,0.0,0.0,0.0
forward,0.0,0.0,0.0
পাগল,0.0,0.0,0.0
kept,0.0,0.0,0.0
arek,0.0,0.0,0.0
sensor,0.0,0.0,0.0
করেছিল,0.0,0.0,0.0
লে,0.0,0.0,0.0
diyechi,0.0,0.0,0.0
05,0.0,0.0,0.0
পরিবেশে,0.0,0.0,0.0
কার্যকরী,0.0,0.0,0.0
period,0.0,0.0,0.0
glad,0.0,0.0,0.0
গোশত,0.0,0.0,0.0
সিদ্ধ,0.0,0.0,0.0
bakita,0.0,0.0,0.0
brands,-0.004424424016952305,0.0,0.0
ওয়াস,0.0,0.0,0.0
যাচাই,0.0,0.0,0.0
মাথার,0.0,0.0,0.0
nails,0.0,0.0,0.0
সেদিন,0.0,0.0,0.0
alhamdulilla,0.0,0.0,0.0
যেতো,0.0,0.0,0.0
legece,0.0,0.0,0.0
necessary,0.0,0.0,0.0
noy,0.0,0.0,0.0
ব্র,0.0,0.0,0.0
hrs,0.0,0.0,0.0
chire,0.0,0.0,0.0
ভাল্লাগসে,0.006796229383488544,0.0,0.0
গ্রেভি,0.0,0.0,0.0
্যবহার,0.0,0.0,0.0
lost,0.0,0.0,0.0
mustard,0.0,0.0,0.0
বেগ,0.0,0.0,0.0
gori,0.0,0.0,0.0
appreciated,0.0,0.0,0.0
toothpaste,0.0,0.0,0.0
যেগুলো,0.0,0.0,0.0
thekeo,0.0,0.0,0.0
নেবেন,0.0,0.0,0.0
চালাতে,0.0,0.0,0.0
jinista,0.0,0.0,0.0
sesh,0.0,0.0,0.0
chilli,0.0,0.0,0.0
supply,0.0,0.0,0.0
volume,0.0,0.0,0.0
আওয়াজ,0.0,0.0,0.0
shudhu,0.0,0.0,0.0
thnks,0.0,0.0,0.0
sticky,0.0,0.0,0.0
dokan,0.0,0.0,0.0
mention,0.0,0.0,0.0
অ্যান্ড,0.0,0.0,0.0
কাস্টমারের,0.0,0.0,0.0
platform,0.0,0.0,0.0
usable,0.0,0.0,0.0
গ্রীল,0.0,0.0,0.0
razer,0.0,0.0,0.0
হুম,0.0,0.0,0.0
মাস্টার্ড,0.0,0.0,0.0
desired,0.0,0.0,0.0
পরিবারের,0.0,0.0,0.0
স্পট,0.0,0.0,0.0
ভেংগে,0.0,0.0,0.0
পোকা,0.0,0.0,0.0
ব্যাকাপ,0.0,0.0,0.0
এতই,0.0,0.0,0.0
সবজি,0.0,0.0,0.0
দ্বিতীয়বার,0.0,0.0,0.0
apps,0.0,0.0,0.0
batteries,0.0,0.0,0.0
গিফটের,0.0,0.0,0.0
কোপ,0.0,0.0,0.0
either,0.0,0.0,0.0
ক্যাপসিকাম,0.0,0.0,0.0
myself,0.0,0.0,0.0
হইনি,0.0,0.0,0.0
জীবন,0.0,0.0,0.0
বাইক,0.0,0.0,0.0
পেস্ট,0.0,0.0,0.0
supplied,0.0,0.0,0.0
kortesi,0.0,0.0,0.0
banasree,0.0,0.0,0.0
রেটিংস,0.0,0.0,0.0
কাঁচা,0.0,0.0,0.0
পশ্চিম,0.0,0.0,0.0
unilever,0.0,0.0,0.0
সিট,0.0,0.0,0.0
একেক,0.0,0.0,0.0
brushes,0.0,0.0,0.0
earbuds,0.0,0.0,0.0
করুক,0.0,0.0,0.0
কার্টুন,0.0,0.0,0.0
কিসের,0.0,0.0,0.0
khana,0.0,0.0,0.0
কিনেন,0.0,0.0,0.0
হইল,0.0,0.0,0.0
বেশিদিন,0.0,0.0,0.0
lotion,0.0,0.0,0.0
realme,0.0,0.0,0.0
redx,0.0,0.0,0.0
sizes,0.0,0.0,0.0
এতটাই,0.0,0.0,0.0
১২০০,0.0,0.0,0.0
chill,0.0,0.0,0.0
kuno,0.0,0.0,0.0
এবারও,0.0,0.0,0.0
অনেকক্ষণ,0.0,0.0,0.0
মিস্টি,0.0,0.0,0.0
লোভনীয়,0.0,0.0,0.0
ব্যবসায়,0.0,0.0,0.0
৩৮,0.0,0.0,0.0
true,0.0,0.0,0.0
জাতীয়,0.0,0.0,0.0
giye,0.0,0.0,0.0
শুনলাম,0.0,0.0,0.0
bisoy,0.0,0.0,0.0
৩২০,0.0,0.0,0.0
discounted,0.0,0.0,0.0
nity,0.0,0.0,0.0
bujlam,0.0,0.0,0.0
যথা,0.0,0.0,0.0
কেজির,0.0,0.0,0.0
bujte,0.0,0.0,0.0
পড়লে,0.0,0.0,0.0
socks,0.0,0.0,0.0
ওয়াইফাই,0.0,0.0,0.0
tag,0.0,0.0,0.0
রিভিউতে,0.0,0.0,0.0
tari,0.0,0.0,0.0
প্রন,0.0,0.0,0.0
turn,0.0,0.0,0.0
২৯,-0.0603834724667201,0.0,0.0
পার্ট,0.0,0.0,0.0
মোড়ে,0.0,0.0,0.0
ক্লিপ,0.0,0.0,0.0
factory,0.0,0.0,0.0
মোজা,0.0,0.0,0.0
powerful,0.0,0.0,0.0
দুর্দান্ত,0.0,0.0,0.0
ক্রিমি,0.0,0.0,0.0
together,0.0,0.0,0.0
দোলনা,0.0,0.0,0.0
adjust,0.0,0.0,0.0
মেয়ো,0.0,0.0,0.0
38,0.0,0.0,0.0
নেমে,0.0,0.0,0.0
beauty,0.0,0.0,0.0
drink,0.0,0.0,0.0
হিসাব,0.0,0.0,0.0
kon,0.0,0.0,0.0
changed,0.0,0.0,0.0
expiration,0.0,0.0,0.0
হা,0.0,0.0,0.0
বিট,0.0,0.0,0.0
lift,0.0,0.0,0.0
ajk,0.0,0.0,0.0
ধোয়ার,0.0,0.0,0.0
৮০০,0.0,0.0,0.0
normally,0.0,0.0,0.0
supported,0.0,0.0,0.0
koresilam,0.0,0.0,0.0
বানায়,0.0,0.0,0.0
via,0.0,0.0,0.0
ডেলিভারিম্যান,0.0,0.0,0.0
along,0.0,0.0,0.0
প্যাকেজে,0.0,0.0,0.0
বেশিক্ষণ,0.0,0.0,0.0
হতেই,0.0,0.0,0.0
xiaomi,0.0,0.0,0.0
kinbo,0.0,0.0,0.0
shei,0.0,0.0,0.0
advertisement,0.0,0.0,0.0
রেষ্টুরেন্ট,0.0,0.0,0.0
বাদামের,0.0,0.0,0.0
ছোটখাটো,0.0,0.0,0.0
salt,0.0,0.0,0.0
ডিফেক্ট,0.0,0.0,0.0
দীর্ঘদিন,0.0,0.0,0.0
porte,0.0,0.0,0.0
ব্লগ,0.0,0.0,0.0
কাবার,0.0,0.0,0.0
mother,0.0,0.0,0.0
বাচ্চারা,0.0,0.0,0.0
moreover,0.0,0.0,0.0
চাচ্ছি,0.0,0.0,0.0
ভেরি,0.0,0.0,0.0
পাশ,0.0,0.0,0.0
অসাম,0.0,0.0,0.0
cheyesi,0.0,0.0,0.0
প্যকেজিং,0.0,0.0,0.0
dpi,0.0,0.0,0.0
ব্যাটারির,0.0,0.0,0.0
আসছিল,0.0,0.0,0.0
rakhar,0.0,0.0,0.0
এগ,0.0,0.0,0.0
বাড়তি,0.0,0.0,0.0
means,0.0,0.0,0.0
jokhon,0.0,0.0,0.0
নিলো,0.0,0.0,0.0
এক্স,0.0,0.0,0.0
hata,0.0,0.0,0.0
ছিঁড়ে,0.0,0.0,0.0
জিজ্ঞাসা,0.0,0.0,0.0
আইস্ক্রিম,0.0,0.0,0.0
কন্ডিশন,0.0,0.0,0.0
ulta,0.0,0.0,0.0
সামলাতে,0.0,0.0,0.0
স্পষ্ট,0.0,0.0,0.0
biscuits,0.0,0.0,0.0
famous,0.0,0.0,0.0
handling,0.0,0.0,0.0
এলাকা,0.0,0.0,0.0
ফোম,0.0,0.0,0.0
sata,0.0,0.0,0.0
চিল,0.0,0.0,0.0
auto,0.0,0.0,0.0
স্পীড,0.0,0.0,0.0
নই,0.0,0.0,0.0
commitment,0.0,0.0,0.0
eyes,0.0,0.0,0.0
cheapest,0.0,0.0,0.0
খাইয়া,0.0,0.0,0.0
সাইজও,0.0,0.0,0.0
আটা,0.0,0.0,0.0
laganor,0.0,0.0,0.0
cables,0.0,0.0,0.0
functional,0.0,0.0,0.0
মিউজিক,0.0,0.0,0.0
deoa,0.0,0.0,0.0
সাইডের,0.0,0.0,0.0
file,0.0,0.0,0.0
আপুর,0.0,0.0,0.0
comment,0.0,0.0,0.0
মেনুতে,0.0,0.0,0.0
drop,0.0,0.0,0.0
lighting,0.0,0.0,0.0
mug,0.0,0.0,0.0
পণ্যটির,0.0,0.0,0.0
পাবে,0.0,0.0,0.0
সমাচার,0.0,0.0,0.0
স্টাফ,0.0,0.0,0.0
সময়েই,0.0,0.0,0.0
functions,0.0,0.0,0.0
চাকা,0.0,0.0,0.0
layer,0.0,0.0,0.0
edition,0.0,0.0,0.0
pump,0.0,0.0,0.0
ator,0.0,0.0,0.0
লোটো,0.0,0.0,0.0
ঘরিটা,0.0,0.0,0.0
lok,0.0,0.0,0.0
tech,0.0,0.0,0.0
রহমতে,0.0,0.0,0.0
গেঞ্জির,0.0,0.0,0.0
essential,0.0,0.0,0.0
চুই,0.0,0.0,0.0
complaints,0.0,0.0,0.0
হতাশাজনক,0.0,0.0,0.0
dosa,0.0,0.0,0.0
এইটাই,0.0,0.0,0.0
sobar,0.0,0.0,0.0
রামেন,0.0,0.0,0.0
gulu,0.0,0.0,0.0
ডেইট,0.0,0.0,0.0
continue,0.0,0.0,0.0
সোলার,0.0,0.0,0.0
trustable,0.0,0.0,0.0
সাধ্যের,0.0,0.0,0.0
circuit,0.0,0.0,0.0
ইহা,0.0,0.0,0.0
panty,0.0,0.0,0.0
উত্তম,0.0,0.0,0.0
নিচ্ছে,0.0,0.0,0.0
khrp,0.0,0.0,0.0
মোটি,0.0,0.0,0.0
চার্য,0.0,0.0,0.0
প্যাড,0.0,0.0,0.0
nut,0.0,0.0,0.0
cutting,0.0,0.0,0.0
chaila,0.0,0.0,0.0
জানাবো,0.0,0.0,0.0
tshirt,0.0,0.0,0.0
হেভি,0.0,0.0,0.0
ঘি,0.0,0.0,0.0
electronics,0.0,0.0,0.0
এরচেয়ে,0.0,0.0,0.0
গেম,0.0,0.0,0.0
dicche,0.0,0.0,0.0
মেয়েদের,0.0,0.0,0.0
hoyse,0.0,0.0,0.0
coz,0.0,0.0,0.0
mom,0.0,0.0,0.0
জ্যাম,0.0,0.0,0.0
প্রোডাক্টও,0.0,0.0,0.0
নাকে,0.0,0.0,0.0
দিকের,0.0,0.0,0.0
পূর্বে,0.0,0.0,0.0
pricey,0.0,0.0,0.0
jothesto,0.0,0.0,0.0
মাটির,0.0,0.0,0.0
upload,0.0,0.0,0.0
শাড়িটা,0.0,0.0,0.0
pakaging,0.0,0.0,0.0
লিংকঃ,0.0,0.0,0.0
ব্রাউনি,0.0,0.0,0.0
packageing,0.0,0.0,0.0
repeat,0.0,0.0,0.0
বিকেল,0.0,0.0,0.0
বেলায়,0.0,0.0,0.0
sunglasses,0.0,0.0,0.0
magic,0.0,0.0,0.0
এইগুলা,0.0,0.0,0.0
abong,0.0,0.0,0.0
dead,0.0,0.0,0.0
question,0.0,0.0,0.0
jayna,0.0,0.0,0.0
ব্রা,0.0,0.0,0.0
31,0.0,0.0,0.0
strawberry,0.0,0.0,0.0
holam,0.0,0.0,0.0
meter,0.0,0.0,0.0
299,0.0,0.0,0.0
রেস্তোরা,0.0,0.0,0.0
ডানে,0.0,0.0,0.0
kotodin,0.0,0.0,0.0
matched,0.0,0.0,0.0
ওয়ালা,0.0,0.0,0.0
dan,0.0,0.0,0.0
interior,0.0,0.0,0.0
সেইলার,0.0,0.0,0.0
উদ্দেশ্যে,0.0,0.0,0.0
খুবিই,0.0,0.0,0.0
twin,0.0,0.0,0.0
চুইঝাল,0.0,0.0,0.0
জাযাকাল্লাহ,0.0,0.0,0.0
chobir,0.0,0.0,0.0
লক্ষ্য,0.0,0.0,0.0
reduced,0.0,0.0,0.0
মজাই,0.0,0.0,0.0
tnks,0.0,0.0,0.0
khobi,0.0,0.0,0.0
adorable,0.0,0.0,0.0
স্টেশন,0.0,0.0,0.0
1209,0.0,0.0,0.0
শতভাগ,0.0,0.0,0.0
production,0.0,0.0,0.0
চাহিদা,0.0,0.0,0.0
lagle,0.0,0.0,0.0
শহীদ,0.0,0.0,0.0
মেলা,0.0,0.0,0.0
comfy,0.0,0.0,0.0
বইগুলো,0.0,0.0,0.0
poreo,0.0,0.0,0.0
ceyechi,0.0,0.0,0.0
কখন,0.0,0.0,0.0
delam,0.0,0.0,0.0
প্যাকেটটা,0.0,0.0,0.0
199,0.0,0.0,0.0
যেতেই,0.0,0.0,0.0
পোড়া,0.0,0.0,0.0
information,0.0,0.0,0.0
মানসম্পন্ন,0.0,0.0,0.0
বারগার,0.0,0.0,0.0
paking,0.0,0.0,0.0
dekhano,0.0,0.0,0.0
osam,0.0,0.0,0.0
ডিজাইনের,0.0,0.0,0.0
coverage,0.010230553382599952,0.0,0.0
ফাকা,0.0,0.0,0.0
bollam,0.0,0.0,0.0
সেইরকম,0.0,0.0,0.0
menspe,0.0,0.0,0.0
bring,0.0,0.0,0.0
nichi,0.0,0.0,0.0
ইট,0.0,0.0,0.0
লাভারদের,0.0,0.0,0.0
বাল,0.0,0.0,0.0
মিশে,0.0,0.0,0.0
paint,0.0,0.0,0.0
allhamdulillah,0.0,0.0,0.0
টাক,0.0,0.0,0.0
মেজবানি,0.0,0.0,0.0
deserve,0.0,0.0,0.0
তোমার,0.0,0.0,0.0
সবদিক,0.0,0.0,0.0
বেবহার,0.0,0.0,0.0
rain,0.0,0.0,0.0
নেক,0.0,0.0,0.0
ফ্রুট,0.0,0.0,0.0
ha,0.0,0.0,0.0
delighted,0.0,0.0,0.0
idea,0.0,0.0,0.0
hd,0.0,0.0,0.0
সততার,0.0,0.0,0.0
onekdin,0.0,0.0,0.0
অভাব,0.0,0.0,0.0
চেন,0.0,0.0,0.0
choco,0.0,0.0,0.0
ekdm,0.0,0.0,0.0
kenar,0.0,0.0,0.0
tarikh,0.0,0.0,0.0
কাম্য,0.0,0.0,0.0
tandoori,0.0,0.0,0.0
ছড়িয়ে,0.0,0.0,0.0
রেকমেন্ডেড,0.0,0.0,0.0
ব্লেড,0.0,0.0,0.0
child,0.0,0.0,0.0
nose,0.0,0.0,0.0
মায়ো,0.0,0.0,0.0
হাসপাতালের,0.0,0.0,0.0
party,0.0,0.0,0.0
somoi,0.0,0.0,0.0
চোখের,0.0,0.0,0.0
tube,0.0,0.0,0.0
কাস্টমারদের,0.0,0.0,0.0
korta,0.0,0.0,0.0
sewing,0.0,0.0,0.0
পাক্কি,0.0,0.0,0.0
ঢাকনা,0.0,0.0,0.0
regularly,0.0,0.0,0.0
বিশ্বস্ত,0.0,0.0,0.0
পারেনা,0.0,0.0,0.0
payaci,0.0,0.0,0.0
থিক,0.0,0.0,0.0
behaved,0.0,0.0,0.0
jaigai,0.0,0.0,0.0
mne,0.0,0.0,0.0
বললেন,0.0,0.0,0.0
acha,0.0,0.0,0.0
অপেক্ষায়,0.0,0.0,0.0
একদিনের,0.0,0.0,0.0
chuto,0.0,0.0,0.0
হালাল,0.0,0.0,0.0
ফুডের,0.0,0.0,0.0
ডারাজকে,0.0,0.0,0.0
পড়লাম,0.0,0.0,0.0
চারটি,0.0,0.0,0.0
এতোটা,0.0,0.0,0.0
kudos,0.0,0.0,0.0
রাইডারের,0.0,0.0,0.0
bottom,0.0,0.0,0.0
০৯,0.0,0.0,0.0
lovers,0.0,0.0,0.0
printer,0.0,0.0,0.0
03,0.0,0.0,0.0
প্যাকেজিংটাও,0.0,0.0,0.0
hoyto,0.0,0.0,0.0
১২৫,0.0,0.0,0.0
fete,0.0,0.0,0.0
december,0.0,0.0,0.0
kamon,0.0,0.0,0.0
বেরিয়ে,0.0,0.0,0.0
ফেক,0.0,0.0,0.0
kid,0.0,0.0,0.0
হেল্প,0.0,0.0,0.0
গ্যারান্টি,0.0,0.0,0.0
কভারটা,0.0,0.0,0.0
sensitive,0.0,0.0,0.0
ঘণ্টা,0.0,0.0,0.0
সুবিধার,0.0,0.0,0.0
april,0.0,0.0,0.0
তৃপ্তি,0.0,0.0,0.0
ফুচকার,0.0,0.0,0.0
নরমালি,0.0,0.0,0.0
কিনব,0.0,0.0,0.0
ফ্লেবার,0.0,0.0,0.0
শপের,0.0,0.0,0.0
গোছানো,0.0,0.0,0.0
clothes,0.0,0.0,0.0
পারেনি,0.0,0.0,0.0
গলিতে,0.0,0.0,0.0
হইতে,0.0,0.0,0.0
রিজেক্ট,0.0,0.0,0.0
consider,0.0,0.0,0.0
ferot,0.0,0.0,0.0
maintain,0.0,0.0,0.0
effect,0.0,0.0,0.0
হয়নাই,0.0,0.0,0.0
দ্রঃ,0.0,0.0,0.0
matches,0.0,0.0,0.0
ছিমছাম,0.0,0.0,0.0
ফ্রিজ,0.0,0.0,0.0
দামটাও,0.0,0.0,0.0
corresponds,0.0,0.0,0.0
৪২,0.0,0.0,0.0
প্রতারনা,0.0,0.0,0.0
থাকতো,-0.015132994000054047,0.0,0.0
korena,0.0,0.0,0.0
মাছের,0.0,0.0,0.0
এয়ার,0.0,0.0,0.0
কাকড়া,0.0,0.0,0.0
glow,0.0,0.0,0.0
lege,0.0,0.0,0.0
আবাসিক,0.0,0.0,0.0
royal,0.0,0.0,0.0
channel,0.0,0.0,0.0
মগ,0.0,0.0,0.0
লাগলেও,0.0,0.0,0.0
রাগ,0.0,0.0,0.0
টানা,0.0,0.0,0.0
কারেন্ট,0.0,0.0,0.0
নানান,0.0,0.0,0.0
আচ্ছা,0.0,0.0,0.0
কইরা,0.0,0.0,0.0
ফাউল,0.0,0.0,0.0
পণ্যগুলো,0.0,0.0,0.0
iron,0.0,0.0,0.0
internet,0.0,0.0,0.0
রিয়েল,0.0,0.0,0.0
600,0.0,0.0,0.0
ne,0.0,0.0,0.0
aloe,0.0,0.0,0.0
puro,0.0,0.0,0.0
উঠা,0.0,0.0,0.0
supports,0.0,0.0,0.0
ভোজন,0.0,0.0,0.0
টাচ,0.0,0.0,0.0
haveli,0.0,0.0,0.0
শুকনো,0.0,0.0,0.0
meaty,0.0,0.0,0.0
jeita,0.0,0.0,0.0
wasted,0.0,0.0,0.0
সাজেশন,0.0,0.0,0.0
chilona,0.0,0.0,0.0
রিকোয়েস্ট,0.0,0.0,0.0
ধানমন্ডিতে,0.0,0.0,0.0
leakage,0.0,0.0,0.0
করিনাই,0.0,0.0,0.0
accessories,0.0,0.0,0.0
chap,0.0,0.0,0.0
নবাবগঞ্জ,0.0,0.0,0.0
recent,0.0,0.0,0.0
মিথ্যা,0.0,0.0,0.0
bepar,0.0,0.0,0.0
গল্প,0.0,0.0,0.0
durability,0.0,0.0,0.0
মেনুর,0.0,0.0,0.0
sby,0.0,0.0,0.0
kinle,0.0,0.0,0.0
puran,0.0,0.0,0.0
এটায়,0.0,0.0,0.0
beyond,0.0,0.0,0.0
husband,0.0,0.0,0.0
দেওয়ায়,0.0,0.0,0.0
সুধু,0.0,0.0,0.0
stop,0.0,0.0,0.0
খেয়েই,0.0,0.0,0.0
শীত,0.0,0.0,0.0
clr,0.0,0.0,0.0
rampura,0.0,0.0,0.0
thekei,0.0,0.0,0.0
তান্দুরী,0.0,0.0,0.0
volt,0.0,0.0,0.0
jmon,0.0,0.0,0.0
রি,0.0,0.0,0.0
ae,0.0,0.0,0.0
beside,0.0,0.0,0.0
placed,0.0,0.0,0.0
জানলে,0.0,0.0,0.0
birthday,0.0,0.0,0.0
own,0.0,0.0,0.0
পড়ল,0.0,0.0,0.0
নো,0.0,0.0,0.0
ওনারা,0.0,0.0,0.0
clip,0.0,0.0,0.0
ekbar,0.0,0.0,0.0
মাত্রই,0.0,0.0,0.0
দেখতেই,0.0,0.0,0.0
lowest,0.0,0.0,0.0
prefer,0.0,0.0,0.0
প্রয়োজনে,0.0,0.0,0.0
বরকত,0.0,0.0,0.0
mount,0.0,0.0,0.0
adhesive,0.0,0.0,0.0
doll,0.0,0.0,0.0
সার্ভিসের,0.0,0.0,0.0
magnetic,0.0,0.0,0.0
মধুর,0.0,0.0,0.0
দায়ক,0.0,0.0,0.0
dial,0.0,0.0,0.0
everyday,0.0,0.0,0.0
wet,0.0,0.0,0.0
পাতার,0.0,0.0,0.0
comb,0.0,0.0,0.0
এ্যাকাউন্টঃ,0.0,0.0,0.0
সেন্ট,0.0,0.0,0.0
কমপ্লেইন,0.0,0.0,0.0
automatically,0.0,0.0,0.0
center,0.0,0.0,0.0
ad,0.0,0.0,0.0
বাকী,0.0,0.0,0.0
চাইলেও,0.0,0.0,0.0
মলের,0.0,0.0,0.0
গুলোও,0.0,0.0,0.0
অংশে,0.0,0.0,0.0
পারত,0.0,0.0,0.0
ধোকা,0.0,0.0,0.0
কাজটা,0.0,0.0,0.0
blowing,0.0,0.0,0.0
oitai,0.0,0.0,0.0
hoia,0.0,0.0,0.0
surely,0.0,0.0,0.0
বর্ণনা,0.0,0.0,0.0
যাবৎ,0.0,0.0,0.0
turned,0.0,0.0,0.0
সুতি,0.0,0.0,0.0
buyer,0.0,0.0,0.0
২০২১,0.0,0.0,0.0
flow,0.0,0.0,0.0
aitar,0.0,0.0,0.0
important,0.0,0.0,0.0
nen,0.0,0.0,0.0
কাচের,0.0,0.0,0.0
গেটের,0.0,0.0,0.0
shower,0.0,0.0,0.0
cheat,0.0,0.0,0.0
howar,0.0,0.0,0.0
পারফেক্টলি,0.0,0.0,0.0
সার্চ,0.0,0.0,0.0
ফিচার,0.0,0.0,0.0
usually,0.0,0.0,0.0
printed,0.0,0.0,0.0
ঘ্রাণটা,0.0,0.0,0.0
দামী,0.0,0.0,0.0
student,0.0,0.0,0.0
দেশে,0.0,0.0,0.0
জর্দা,0.0,0.0,0.0
গ্রান,0.0,0.0,0.0
ইলিশ,0.0,0.0,0.0
krte,0.0,0.0,0.0
trouser,0.0,0.0,0.0
খাদ্য,0.0,0.0,0.0
পক্ষ,0.0,0.0,0.0
সার্ভিসঃ,0.0,0.0,0.0
based,0.0,0.0,0.0
অতুলনীয়,0.033247619425085695,0.0,0.0
কানে,0.0,0.0,0.0
suggested,0.0,0.0,0.0
ইন্টেক,0.0,0.0,0.0
remove,0.0,0.0,0.0
tho,0.0,0.0,0.0
mb,0.0,0.0,0.0
jeno,0.0,0.0,0.0
ratings,0.0,0.0,0.0
বর্তমান,0.0,0.0,0.0
wedges,0.0,0.0,0.0
grill,0.0,0.0,0.0
বসতে,0.0,0.0,0.0
ত্রুটি,0.0,0.0,0.0
tulonay,0.0,0.0,0.0
owner,0.0,0.0,0.0
কামড়,0.0,0.0,0.0
etc,0.0,0.0,0.0
উল্টো,0.0,0.0,0.0
die,0.0,0.0,0.0
মেনে,-0.012007170956071258,0.0,0.0
অর্জিনাল,0.0,0.0,0.0
রা,0.0,0.0,0.0
clock,0.0,0.0,0.0
ra,0.0,0.0,0.0
orange,0.0,0.0,0.0
prodact,0.0,0.0,0.0
banani,0.0,0.0,0.0
বিষয়টি,0.0,0.0,0.0
khb,0.0,0.0,0.0
ছুটে,0.0,0.0,0.0
জেল,0.0,0.0,0.0
sharp,0.0,0.0,0.0
একমাস,0.0,0.0,0.0
valona,0.0,0.0,0.0
গুলার,0.0,0.0,0.0
প্রকাশ,0.0,0.0,0.0
favorite,0.0,0.0,0.0
সুতরাং,0.0,0.0,0.0
ছয়,0.0,0.0,0.0
ekto,0.0,0.0,0.0
doing,0.0,0.0,0.0
দামেই,0.0,0.0,0.0
অনিয়ন,0.0,0.0,0.0
কুচি,0.0,0.0,0.0
dish,0.0,0.0,0.0
message,0.0,0.0,0.0
understand,0.0,0.0,0.0
সম্ভাবনা,0.0,0.0,0.0
যেইটা,0.0,0.0,0.0
sudu,0.0,0.0,0.0
দুর্বল,0.0,0.0,0.0
peri,0.0,0.0,0.0
লাগতে,0.0,0.0,0.0
নাস্তা,0.0,0.0,0.0
জি,0.0,0.0,0.0
batpari,0.0,0.0,0.0
এনাফ,0.0,0.0,0.0
সরিষার,0.0,0.0,0.0
সসের,0.0,0.0,0.0
পার্থক্য,0.0,0.0,0.0
having,0.0,0.0,0.0
motion,0.0,0.0,0.0
capacity,0.0,0.0,0.0
official,0.0,0.0,0.0
mint,0.0,0.0,0.0
উপলক্ষে,0.0,0.0,0.0
shipment,0.0,0.0,0.0
সতর্ক,0.0,0.0,0.0
hoilo,0.0,0.0,0.0
atar,0.0,0.0,0.0
স্পেস,0.0,0.0,0.0
তালতলা,0.0,0.0,0.0
saree,0.0,0.0,0.0
mic,0.0,0.0,0.0
পথে,0.0,0.0,0.0
প্রচন্ড,0.0,0.0,0.0
৫৯৯,0.0,0.0,0.0
কফির,0.0,0.0,0.0
biscuit,0.0,0.0,0.0
মাস্ক,0.0,0.0,0.0
acne,0.0,0.0,0.0
cyclist,0.0,0.0,0.0
26,0.0,0.0,0.0
বুঝবেন,0.0,0.0,0.0
manus,0.0,0.0,0.0
১৯,0.0,0.0,0.0
rongon,0.0,0.0,0.0
produce,0.0,0.0,0.0
হাতা,0.0,0.0,0.0
টির,0.0,0.0,0.0
niya,0.0,0.0,0.0
stay,0.0,0.0,0.0
দেখিয়েছে,0.0,0.0,0.0
lip,0.0,0.0,0.0
আনার,0.0,0.0,0.0
dekhechi,0.0,0.0,0.0
সরি,0.0,0.0,0.0
purchasing,0.0,0.0,0.0
chera,0.0,0.0,0.0
loofah,0.0,0.0,0.0
নাট,0.0,0.0,0.0
লুজ,0.0,0.0,0.0
jole,0.0,0.0,0.0
যাবেনা,0.0,0.0,0.0
bitcoin,0.0,0.0,0.0
dekhar,0.0,0.0,0.0
টেস্টের,0.0,0.0,0.0
spot,0.0,0.0,0.0
মালাই,0.0,0.0,0.0
নাহলে,0.0,0.0,0.0
পেইজ,0.0,0.0,0.0
ব্রান্ডের,0.0,0.0,0.0
monitor,0.0,0.0,0.0
পিংক,0.0,0.0,0.0
দিয়েও,0.0,0.0,0.0
42,0.0,0.0,0.0
কাছাকাছি,0.0,0.0,0.0
মুরগী,0.0,0.0,0.0
below,0.0,0.0,0.0
cancel,0.0,0.0,0.0
purple,0.0,0.0,0.0
কিউ,0.0,0.0,0.0
bags,0.0,0.0,0.0
min,0.0,0.0,0.0
oh,0.0,0.0,0.0
neya,0.0,0.0,0.0
unlimited,0.0,0.0,0.0
vabsilam,0.0,0.0,0.0
খিচুড়ির,0.0,0.0,0.0
স্টক,0.0,0.0,0.0
লাস্টিং,0.0,0.0,0.0
বজায়,0.0,0.0,0.0
স্যার,0.0,0.0,0.0
কাগজের,0.0,0.0,0.0
ভাইয়াকে,0.0,0.0,0.0
বুঝি,0.0,0.0,0.0
foam,0.0,0.0,0.0
ভালভাবে,0.0,0.0,0.0
hands,0.0,0.0,0.0
ইত্যাদি,0.0,0.0,0.0
eat,0.0,0.0,0.0
kaporer,0.0,0.0,0.0
brown,0.0,0.0,0.0
দোষ,0.0,0.0,0.0
mukh,0.0,0.0,0.0
পার্টি,0.0,0.0,0.0
captain,0.0,0.0,0.0
moyla,0.0,0.0,0.0
পুরোটা,0.0,0.0,0.0
washing,0.0,0.0,0.0
inshallah,0.0,0.0,0.0
কতো,0.0,0.0,0.0
khuv,0.0,0.0,0.0
ব্যাংক,0.0,0.0,0.0
২৮,0.0,0.0,0.0
স্ট্রিট,0.0,0.0,0.0
mutton,0.0,0.0,0.0
gesi,0.0,0.0,0.0
nici,0.0,0.0,0.0
comparing,0.0,0.0,0.0
gase,0.0,0.0,0.0
ফ্লেভারের,0.0,0.0,0.0
কয়েল,0.0,0.0,0.0
akn,0.0,0.0,0.0
nay,0.0,0.0,0.0
ভুয়া,0.0,0.0,0.0
গোল,0.0,0.0,0.0
29,0.0,0.0,0.0
enjoy,0.0,0.0,0.0
টাওয়ার,0.0,0.0,0.0
ওর,0.0,0.0,0.0
jerokom,0.0,0.0,0.0
recently,0.0,0.0,0.0
etto,0.0,0.0,0.0
টাকাটা,0.0,0.0,0.0
rakha,0.0,0.0,0.0
দেশি,0.0,0.0,0.0
কয়দিন,0.0,0.0,0.0
বিরক্তিকর,0.0,0.0,0.0
setup,0.0,0.0,0.0
লুক,0.0,0.0,0.0
attached,0.0,0.0,0.0
amra,0.0,0.0,0.0
prompt,0.0,0.0,0.0
gold,0.0,0.0,0.0
receiving,0.0,0.0,0.0
কুয়ালিটি,0.0,0.0,0.0
পরা,0.0,0.0,0.0
erokom,0.0,0.0,0.0
অপর,-0.0034462126612087494,0.0,0.0
জানতাম,0.0,0.0,0.0
পাঠায়,0.0,0.0,0.0
কবে,0.0,0.0,0.0
logo,0.0,0.0,0.0
লেগেছিলো,0.0,0.0,0.0
চালানো,0.0,0.0,0.0
না৷,0.0,0.0,0.0
কখনও,0.0,0.0,0.0
দুধের,0.0,0.0,0.0
৩৬,0.0,0.0,0.0
bashi,-0.05847200467603787,0.0,0.0
নাজিরা,0.0,0.0,0.0
tp,0.0,0.0,0.0
chailam,0.0,0.0,0.0
পুরোনো,0.0,0.0,0.0
সবশেষে,0.0,0.0,0.0
taken,0.0,0.0,0.0
এবারের,0.0,0.0,0.0
vi,0.0,0.0,0.0
zipper,0.0,0.0,0.0
testy,0.0,0.0,0.0
jader,0.0,0.0,0.0
বেগুন,0.0,0.0,0.0
ঝালের,0.0,0.0,0.0
sera,0.0,0.0,0.0
ঠিকানাঃ,0.0,0.0,0.0
shade,0.0,0.0,0.0
কাচা,0.0,0.0,0.0
মিয়া,0.0,0.0,0.0
juice,0.0,0.0,0.0
ear,0.0,0.0,0.0
অফিসের,0.0,0.0,0.0
নেক্সট,0.0,0.0,0.0
ধারণা,0.0,0.0,0.0
45,0.0,0.0,0.0
আনন্দিত,0.0,0.0,0.0
someone,0.0,0.0,0.0
সলিড,0.0,0.0,0.0
তারপরে,0.0,0.0,0.0
alhamdulliah,0.0,0.0,0.0
terms,0.0,0.0,0.0
আপাতত,0.0,0.0,0.0
band,0.0,0.0,0.0
রকমই,0.0,0.0,0.0
নিশ্চিত,0.0,0.0,0.0
valoy,0.0,0.0,0.0
খাবারে,-0.006174550790145649,0.0,0.0
গোস্ত,0.0,0.0,0.0
চিন্তায়,0.0,0.0,0.0
opinion,0.0,0.0,0.0
ম্যাপ,0.0,0.0,0.0
gura,0.0,0.0,0.0
এক্সপায়ার,0.0,0.0,0.0
near,0.0,0.0,0.0
nia,0.0,0.0,0.0
packets,0.0,0.0,0.0
mr,0.0,0.0,0.0
away,0.0,0.0,0.0
স্বাভাবিক,0.0,0.0,0.0
koresi,0.0,0.0,0.0
জুতার,0.0,0.0,0.0
হাই,0.0,0.0,0.0
বইয়ের,0.0,0.0,0.0
একরকম,0.0,0.0,0.0
ক্যাপ,0.0,0.0,0.0
সেবা,-0.02698444108602846,0.0,0.0
disa,0.0,0.0,0.0
chobi,0.0,0.0,0.0
কেমনে,0.0,0.0,0.0
sounds,0.0,0.0,0.0
ছে,0.0,0.0,0.0
নামঃ,0.0,0.0,0.0
রাস্তায়,0.0,0.0,0.0
দারাজেই,0.0,0.0,0.0
iam,0.0,0.0,0.0
rong,0.0,0.0,0.0
পেরি,0.0,0.0,0.0
asche,0.0,0.0,0.0
আশেপাশে,0.0,0.0,0.0
egg,0.0,0.0,0.0
প্রশংসা,0.0,0.0,0.0
খাবারটা,0.0,0.0,0.0
ক্রাস্ট,0.0,0.0,0.0
loaded,0.0,0.0,0.0
যাচ্ছিল,0.0,0.0,0.0
চাপের,0.0,0.0,0.0
আগ্রহ,0.0,0.0,0.0
hdmi,0.0,0.0,0.0
meal,0.0,0.0,0.0
ভিউ,0.0,0.0,0.0
duplicate,0.0,0.0,0.0
নেট,0.0,0.0,0.0
dai,0.0,0.0,0.0
খাইলাম,0.0,0.0,0.0
ekhn,0.0,0.0,0.0
যুক্ত,0.0,0.0,0.0
অন্যটা,0.0,0.0,0.0
texture,0.0,0.0,0.0
avoid,0.0,0.0,0.0
গ্রিন,0.0,0.0,0.0
গেলেও,0.0,0.0,0.0
গলে,0.0,0.0,0.0
প্রোডাক্টগুলো,0.0,0.0,0.0
fitted,0.0,0.0,0.0
comfort,0.0,0.0,0.0
fault,0.0,0.0,0.0
ফিরে,0.0,0.0,0.0
eye,0.0,0.0,0.0
attar,0.0,0.0,0.0
kaw,-0.04392948376696299,0.0,0.0
এলাম,0.0,0.0,0.0
পে,0.0,0.0,0.0
board,0.0,0.0,0.0
প্রডাক্টটা,0.0,0.0,0.0
loves,0.0,0.0,0.0
showed,0.0,0.0,0.0
four,0.0,0.0,0.0
personal,0.0,0.0,0.0
বাস,0.0,0.0,0.0
কয়েকটি,0.0,0.0,0.0
মশা,0.0,0.0,0.0
ফিশ,0.0,0.0,0.0
কেননা,0.0,0.0,0.0
অত,0.0,0.0,0.0
delevery,0.0,0.0,0.0
পড়লো,0.0,0.0,0.0
দুইজন,0.0,0.0,0.0
স্প্রে,0.0,0.0,0.0
khete,0.0,0.0,0.0
close,0.0,0.0,0.0
লং,0.0,0.0,0.0
এস,0.0,0.0,0.0
upto,0.0,0.0,0.0
tq,0.0,0.0,0.0
আটকে,0.0,0.0,0.0
পেটে,0.0,0.0,0.0
bike,0.0,0.0,0.0
toh,0.0,0.0,0.0
দ্রুতই,0.0,0.0,0.0
personally,0.0,0.0,0.0
প্রতিদিন,0.0,0.0,0.0
ধরণের,0.0,0.0,0.0
improved,0.0,0.0,0.0
অনায়াসে,0.0,0.0,0.0
সেলারও,0.0,0.0,0.0
chelo,0.0,0.0,0.0
door,0.0,0.0,0.0
তলায়,0.0,0.0,0.0
স্বপ্ন,0.0,0.0,0.0
পোডাক,0.0,0.0,0.0
ses,0.0,0.0,0.0
ডিস,0.0,0.0,0.0
চালানোর,0.0,0.0,0.0
head,0.0,0.0,0.0
f,0.0,0.0,0.0
rubber,0.0,0.0,0.0
ভাবছি,0.0,0.0,0.0
খবর,0.0,0.0,0.0
plate,0.0,0.0,0.0
মোমো,0.0,0.0,0.0
broke,0.0,0.0,0.0
বর্তমানে,0.0,0.0,0.0
২৬,0.0,0.0,0.0
ঢু,0.0,0.0,0.0
গ্রুপে,0.0,0.0,0.0
cm,0.0,0.0,0.0
বালো,0.0,0.0,0.0
ডিনার,0.0,0.0,0.0
হইতো,0.0,0.0,0.0
compact,0.0,0.0,0.0
অনেকবার,0.0,0.0,0.0
matter,0.0,0.0,0.0
ওপর,0.0,0.0,0.0
onik,0.0,0.0,0.0
mi,0.0,0.0,0.0
ভাইয়ার,0.0,0.0,0.0
সাধারণত,0.0,0.0,0.0
maximum,0.0,0.0,0.0
multiple,0.0,0.0,0.0
শুনতে,0.0,0.0,0.0
সরবরাহ,0.0,0.0,0.0
এমনিতেই,0.0,0.0,0.0
hut,0.027660992575437506,0.0,0.0
buja,0.0,0.0,0.0
সুগন্ধি,0.0,0.0,0.0
অ,0.0,0.0,0.0
xoss,0.0,0.0,0.0
স্বল্প,0.0,0.0,0.0
কাজেই,0.0,0.0,0.0
এলো,0.0,0.0,0.0
delight,0.0,0.0,0.0
তারপরেও,0.0,0.0,0.0
gelam,0.0,0.0,0.0
trimmer,0.0,0.0,0.0
মুরগি,0.0,0.0,0.0
সিজলিং,0.0,0.0,0.0
প্লেটারে,0.0,0.0,0.0
bata,0.0,0.0,0.0
তাইলে,0.0,0.0,0.0
কোর্ট,0.0054630796737135025,0.0,0.0
কাপরের,0.0,0.0,0.0
রেঞ্জ,0.0,0.0,0.0
contact,0.0,0.0,0.0
অন্থন,0.0,0.0,0.0
heat,0.0,0.0,0.0
especially,0.0,0.0,0.0
lots,0.0,0.0,0.0
chili,0.0,0.0,0.0
finish,0.0,0.0,0.0
hoyna,0.0,0.0,0.0
ক্লাস,0.0,0.0,0.0
aram,0.0,0.0,0.0
kob,0.0,0.0,0.0
potato,0.0,0.0,0.0
রাবার,0.0,0.0,0.0
যায়নি,0.0,0.0,0.0
delicious,0.0,0.0,0.0
হানি,0.0,0.0,0.0
উল্টা,0.0,0.0,0.0
মারাত্মক,0.0,0.0,0.0
literally,0.0,0.0,0.0
পুরি,0.0,0.0,0.0
সেইটা,0.0,0.0,0.0
দেখলেই,0.0,0.0,0.0
saw,0.0,0.0,0.0
2021,0.0,0.0,0.0
75,0.0006042324724797431,0.0,0.0
বড়ো,0.0,0.0,0.0
fabrics,0.0,0.0,0.0
attractive,0.0,0.0,0.0
শর্মা,0.0,0.0,0.0
দেড়,-0.016943079792579717,0.0,0.0
স্মেলটা,0.0,0.0,0.0
dirty,0.0,0.0,0.0
টপ,0.0,0.0,0.0
writing,0.0,0.0,0.0
end,0.0,0.0,0.0
জার্সি,0.0,0.0,0.0
loving,0.0,0.0,0.0
says,0.0,0.0,0.0
কুরিয়ার,0.0,0.0,0.0
স্কুল,0.0,0.0,0.0
করাই,0.0,0.0,0.0
gele,0.0,0.0,0.0
pick,0.0,0.0,0.0
charged,0.0,0.0,0.0
pray,0.0,0.0,0.0
বিরক্ত,0.0,0.0,0.0
fix,0.0,0.0,0.0
king,0.0,0.0,0.0
cup,0.0,0.0,0.0
করল,0.0,0.0,0.0
01,0.0,0.0,0.0
y,0.0,0.0,0.0
front,0.0,0.0,0.0
including,0.0,0.0,0.0
প্লেসঃ,0.0,0.0,0.0
রিকমন্ডেড,0.0,0.0,0.0
ডিভাইস,0.0,0.0,0.0
চায়ের,0.0,0.0,0.0
kalo,0.0,0.0,0.0
কালাই,0.0,0.0,0.0
হার্ড,0.0,0.0,0.0
guy,0.0,0.0,0.0
ভুলেও,0.0,0.0,0.0
এমনকি,0.0,0.0,0.0
vitor,0.0,0.0,0.0
winter,0.0,0.0,0.0
ডিসকাউন্টে,0.0,0.0,0.0
চিকেনটা,0.0,0.0,0.0
brought,0.0,0.0,0.0
start,0.0,0.0,0.0
220,0.0,0.0,0.0
ক্ষুধা,0.0,0.0,0.0
handwash,0.0,0.0,0.0
baseus,0.0,0.0,0.0
tape,0.0,0.0,0.0
০০,0.0,0.0,0.0
এতদিন,0.0,0.0,0.0
mojbut,0.0,0.0,0.0
বোরহানী,0.0,0.0,0.0
চুলের,0.0,0.0,0.0
asole,0.0,0.0,0.0
yeah,0.0,0.0,0.0
দারাজকেও,0.0,0.0,0.0
pis,0.0,0.0,0.0
negative,0.0,0.0,0.0
vaia,0.0,0.0,0.0
dmart,0.0,0.0,0.0
করছিলো,0.0,0.0,0.0
venge,0.0,0.0,0.0
বুজে,0.0,0.0,0.0
টিকবে,0.0,0.0,0.0
building,0.0,0.0,0.0
kace,0.0,0.0,0.0
চপ,0.0,0.0,0.0
বসলাম,0.0,0.0,0.0
uni,0.0,0.0,0.0
responsible,0.0,0.0,0.0
১০প্রাইস,0.0,0.0,0.0
break,0.0,0.0,0.0
এসেছি,0.0,0.0,0.0
আ,0.0,0.0,0.0
সকলে,0.0,0.0,0.0
খাইলে,0.0,0.0,0.0
অনুপাতে,0.0,0.0,0.0
ছিলেন,0.0,0.0,0.0
requested,0.0,0.0,0.0
গিয়েছিলো,0.0,0.0,0.0
friends,0.0,0.0,0.0
ভিজে,0.0,0.0,0.0
মে,0.0,0.0,0.0
ডেলিবারি,0.0,0.0,0.0
পিয়াজ,0.0,0.0,0.0
৮৫,0.0,0.0,0.0
lover,0.0,0.0,0.0
mah,0.0,0.0,0.0
সাথের,0.0,0.0,0.0
গুলোতে,0.0,0.0,0.0
h,0.0,0.0,0.0
ওয়ে,0.0,0.0,0.0
আইটেমঃ,0.0,0.0,0.0
alu,0.0,0.0,0.0
ইন্সটাগ্রাম,0.0,0.0,0.0
course,0.0,0.0,0.0
frame,0.0,0.0,0.0
emn,0.0,0.0,0.0
hub,0.0,0.0,0.0
মূল্যঃ,0.0,0.0,0.0
ফুলের,0.0,0.0,0.0
সাইট,0.0,0.0,0.0
devices,0.0,0.0,0.0
cheyechilam,0.0,0.0,0.0
choose,0.0,0.0,0.0
পৌছে,0.0,0.0,0.0
wants,0.0,0.0,0.0
বনানীর,0.0,0.0,0.0
yesterday,0.0,0.0,0.0
facebook,0.0,0.0,0.0
terrible,0.0,0.0,0.0
headphones,0.0,0.0,0.0
সাহায্য,0.0,0.0,0.0
combination,0.0,0.0,0.0
shomoy,0.0,0.0,0.0
অরডার,0.0,0.0,0.0
share,0.0,0.0,0.0
run,0.0,0.0,0.0
usage,0.0,0.0,0.0
mile,0.0,0.0,0.0
world,0.0,0.0,0.0
চ্যাট,0.0,0.0,0.0
ucit,0.0,0.0,0.0
roll,0.0,0.0,0.0
যোগ,0.0,0.0,0.0
corner,0.0,0.0,0.0
manual,0.0,0.0,0.0
aca,0.0,0.0,0.0
memory,0.0,0.0,0.0
ডাইনিং,0.0,0.0,0.0
বেসি,0.0,0.0,0.0
আশানুরূপ,0.0,0.0,0.0
সামনেই,0.0,0.0,0.0
পন,0.0,0.0,0.0
ঘড়িতে,0.0,0.0,0.0
সুলতান,0.0,0.0,0.0
serve,0.0,0.0,0.0
akon,0.0,0.0,0.0
মিটার,0.0,0.0,0.0
বক্সটা,0.0,0.0,0.0
poriman,0.0,0.0,0.0
যাকে,0.0,0.0,0.0
cant,0.0,0.0,0.0
wearing,0.0,0.0,0.0
ফেসওয়াশ,0.0,0.0,0.0
আশে,0.0,0.0,0.0
বে,0.0,0.0,0.0
65,0.0,0.0,0.0
পটেটো,0.0014228974034518624,0.0,0.0
মেক্সিকান,0.0,0.0,0.0
ask,0.0,0.0,0.0
চরম,0.0,0.0,0.0
02,0.0,0.0,0.0
কিছুক্ষন,0.0,0.0,0.0
00,0.0,0.0,0.0
নিরাশ,0.0,0.0,0.0
দেবো,0.0,0.0,0.0
situation,0.0,0.0,0.0
পিজ্জাটা,0.010695681953503521,0.0,0.0
smoky,0.0,0.0,0.0
বোন,0.0,0.0,0.0
নামক,0.0,0.0,0.0
rose,0.0,0.0,0.0
ফিতা,0.0,0.0,0.0
তত,0.0,0.0,0.0
voice,0.0,0.0,0.0
ভীষণ,0.0,0.0,0.0
স্কুলের,0.0,0.0,0.0
মেয়োনিজ,0.0,0.0,0.0
seriously,0.0,0.0,0.0
glasses,0.0,0.0,0.0
moner,0.0,0.0,0.0
হয়রানি,0.0,0.0,0.0
তারাই,0.0,0.0,0.0
reduce,0.0,0.0,0.0
কতটুকু,0.0,0.0,0.0
tastes,0.0,0.0,0.0
cz,0.0,0.0,0.0
hoe,0.0,0.0,0.0
দাঁড়িয়ে,0.0,0.0,0.0
সচেতন,0.0,0.0,0.0
onujaye,0.0,0.0,0.0
হিট,0.0,0.0,0.0
solution,0.0,0.0,0.0
packs,0.0,0.0,0.0
caici,0.0,0.0,0.0
chan,0.0,0.0,0.0
দক্ষিণ,0.0,0.0,0.0
মিশিয়ে,0.0,0.0,0.0
চিপস,0.0,0.0,0.0
চাইলেই,0.0,0.0,0.0
১মাস,0.0,0.0,0.0
hmm,0.0,0.0,0.0
moton,0.0,0.0,0.0
সপ,0.0,0.0,0.0
lose,0.0,0.0,0.0
ভাবতেই,0.0,0.0,0.0
sara,0.0,0.0,0.0
golo,0.0,0.0,0.0
motor,0.0,0.0,0.0
pawar,0.0,0.0,0.0
qualityful,0.0,0.0,0.0
ঢাকাইয়া,0.0,0.0,0.0
ওঠে,0.0,0.0,0.0
বৃষ্টির,0.0,0.0,0.0
বিক্রেতার,0.0,0.0,0.0
জিনিসটি,0.0,0.0,0.0
কাঠের,0.0,0.0,0.0
hishabe,0.0,0.0,0.0
payechi,0.0,0.0,0.0
তাওয়া,0.0,0.0,0.0
দুপুরের,0.0,0.0,0.0
ম,0.0,0.0,0.0
summer,0.0,0.0,0.0
প্রায়ই,0.0,0.0,0.0
১৯৯,0.0,0.0,0.0
load,0.0,0.0,0.0
selai,0.0,0.0,0.0
৩য়,0.0,0.0,0.0
travel,0.0,0.0,0.0
পেইড,0.0,0.0,0.0
রেকমেন্ড,0.0,0.0,0.0
tension,0.0,0.0,0.0
রিফ্রেশিং,0.0,0.0,0.0
ডেসার্ট,0.0,0.0,0.0
পেঁয়াজ,0.0,0.0,0.0
09,0.0,0.0,0.0
আনা,0.0,0.0,0.0
nokol,0.0,0.0,0.0
notun,0.0,0.0,0.0
আতরের,0.0,0.0,0.0
apni,0.01049132984776457,0.0,0.0
হতাম,0.0,0.0,0.0
পারতাম,0.0,0.0,0.0
diyece,0.0,0.0,0.0
kokhono,0.0,0.0,0.0
five,0.0,0.0,0.0
অফিসে,0.0,0.0,0.0
kn,-0.04230233457233001,0.0,0.0
pleasant,0.0,0.0,0.0
পাবার,0.0,0.0,0.0
কঠিন,0.0,0.0,0.0
খেলার,0.0,0.0,0.0
নোট,0.0,0.0,0.0
howa,0.0,0.0,0.0
rest,0.0,0.0,0.0
baka,0.0,0.0,0.0
ফেভারিট,0.0,0.0,0.0
scam,0.0,0.0,0.0
classy,0.0,0.0,0.0
ভাতের,0.0,0.0,0.0
অটো,0.0,0.0,0.0
chal,0.0,0.0,0.0
বাটা,0.0,0.0,0.0
কানের,0.0,0.0,0.0
colours,0.0,0.0,0.0
loud,0.0,0.0,0.0
চাবির,0.0,0.0,0.0
লাগতেছে,0.0,0.0,0.0
diyechen,0.0,0.0,0.0
ভালোবাসার,0.0,0.0,0.0
280,0.0,0.0,0.0
ank,0.0,0.0,0.0
দ্যা,0.0,0.0,0.0
বাংলাদেশে,0.0,0.0,0.0
stone,0.0,0.0,0.0
wheel,0.0,0.0,0.0
জেমন,0.0,0.0,0.0
খাইনি,-0.0061123312981413574,0.0,0.0
hoini,0.0,0.0,0.0
কাবাবওয়ালা,0.0,0.0,0.0
returning,0.0,0.0,0.0
খাইছি,0.0,0.0,0.0
দুইটার,0.0,0.0,0.0
পারফরম্যান্স,0.0,0.0,0.0
painai,0.0,0.0,0.0
above,0.0,0.0,0.0
wrist,0.0,0.0,0.0
বাসমতী,0.0,0.0,0.0
figure,0.0,0.0,0.0
বার্গারে,0.0,0.0,0.0
টিভির,0.0,0.0,0.0
নান্না,0.0,0.0,0.0
paben,0.0,0.0,0.0
পিসের,0.0,0.0,0.0
ফুটা,0.0,0.0,0.0
daughter,0.0,0.0,0.0
সুগন্ধ,0.0,0.0,0.0
studio,-0.14492430850224264,0.0,0.0
আইটেমগুলো,0.0,0.0,0.0
lightweight,0.0,0.0,0.0
ডিপ,0.0,0.0,0.0
কয়,0.0,0.0,0.0
পরিবেশঃ,0.0,0.0,0.0
দৃষ্টি,0.0,0.0,0.0
লেয়ার,0.0,0.0,0.0
dawar,0.0,0.0,0.0
non,0.0,0.0,0.0
become,0.0,0.0,0.0
ঠিকঠাকই,0.0,0.0,0.0
jacche,0.0,0.0,0.0
ওনার,0.0,0.0,0.0
সারা,0.0,0.0,0.0
গুগল,0.0,0.0,0.0
লোভ,0.013273024442468117,0.0,0.0
বলবেন,0.0,0.0,0.0
god,0.0,0.0,0.0
chaici,0.0,0.0,0.0
disgusting,0.0,0.0,0.0
airpods,0.0,0.0,0.0
অর্ডারে,0.0,0.0,0.0
ভাষা,0.0,0.0,0.0
হেয়ার,0.0,0.0,0.0
রেকোমেন্ডেড,0.0,0.0,0.0
ramen,0.0,0.0,0.0
weak,0.0,0.0,0.0
connected,0.0,0.0,0.0
mean,0.0,0.0,0.0
স্প্রিং,0.0,0.0,0.0
ur,0.0,0.0,0.0
reason,0.0,0.0,0.0
didnt,0.0,0.0,0.0
fun,0.0,0.0,0.0
বার্গারটা,0.0,0.0,0.0
টিস্যুর,0.0,0.0,0.0
jhal,0.0,0.0,0.0
priced,0.0,0.0,0.0
আপনারও,0.0,0.0,0.0
চামচ,0.0,0.0,0.0
coming,0.0,0.0,0.0
ওনাদের,0.0,0.0,0.0
deoar,0.0,0.0,0.0
noshto,0.0,0.0,0.0
তারের,0.0,0.0,0.0
alhamdulilah,0.0,0.0,0.0
steel,0.0,0.0,0.0
পদের,0.0,0.0,0.0
দেরী,0.0,0.0,0.0
স্কয়ারের,0.028727664874890108,0.0,0.0
দেবে,0.0,0.0,0.0
immediately,0.0,0.0,0.0
শা,0.0,0.0,0.0
দিয়েছিলো,0.0,0.0,0.0
buttons,0.0,0.0,0.0
চাজ,0.0,0.0,0.0
ভা,0.0,0.0,0.0
বিউটি,0.0,0.0,0.0
rooftop,0.0,0.0,0.0
gloves,0.0,0.0,0.0
হোয়াইট,0.0,0.0,0.0
ঠিকভাবে,0.0,0.0,0.0
net,0.0,0.0,0.0
লাগাতে,0.0,0.0,0.0
koreci,0.0,0.0,0.0
photos,0.0,0.0,0.0
গিফ্ট,0.0,0.0,0.0
beg,0.0,0.0,0.0
naa,0.0,0.0,0.0
called,0.0,0.0,0.0
pricing,0.0,0.0,0.0
ইউটিউব,0.0,0.0,0.0
থাকুন,0.0,0.0,0.0
নিজ,0.0,0.0,0.0
types,0.0,0.0,0.0
আমারে,0.0,0.0,0.0
verry,0.0,0.0,0.0
নির্দিষ্ট,0.0,0.0,0.0
নাইস,0.0,0.0,0.0
কালেকশন,0.0,0.0,0.0
ফেলেছি,0.0,0.0,0.0
36,0.0,0.0,0.0
nise,0.0,0.0,0.0
wireless,0.0,0.0,0.0
rather,0.0,0.0,0.0
burgers,0.0,0.0,0.0
controller,0.0,0.0,0.0
baja,0.0,0.0,0.0
শোনা,0.0,0.0,0.0
her,0.0,0.0,0.0
gaye,0.0,0.0,0.0
সেজন্য,0.0,0.0,0.0
নাও,0.0,0.0,0.0
উত্তরার,0.0,0.0,0.0
বেশিরভাগ,0.0,0.0,0.0
সকলকে,0.0,0.0,0.0
420,0.0,0.0,0.0
ভারি,0.0,0.0,0.0
রেজাল্ট,0.0,0.0,0.0
মিটবক্স,0.0,0.0,0.0
মধ্য,0.0,0.0,0.0
packeging,0.0,0.0,0.0
মারা,0.0,0.0,0.0
পাচ্ছিলাম,0.0,0.0,0.0
amer,0.0,0.0,0.0
কোড,-0.016797838660836527,0.0,0.0
তলা,0.0,0.0,0.0
130,0.0,0.0,0.0
pressure,0.0,0.0,0.0
সমস্যার,0.0,0.0,0.0
দুঃখের,0.0,0.0,0.0
delayed,0.0,0.0,0.0
magnet,0.0,0.0,0.0
ছবিটা,0.0,0.0,0.0
গুলোই,0.0,0.0,0.0
storage,0.0,0.0,0.0
satisfaction,0.0,0.0,0.0
jersey,0.0,0.0,0.0
rough,0.0,0.0,0.0
hoiya,0.0,0.0,0.0
যতটুকু,0.0,0.0,0.0
কমই,0.0,0.0,0.0
khube,0.0,0.0,0.0
পুরোটাই,0.0,0.0,0.0
আসেন,0.0,0.0,0.0
velvet,0.0,0.0,0.0
হেল্পফুল,0.0,0.0,0.0
নুডলস,0.0,0.0,0.0
pens,0.0,0.0,0.0
একটাও,0.0,0.0,0.0
এইভাবে,0.0,0.0,0.0
sector,0.0,0.0,0.0
majhe,0.0,0.0,0.0
১৯০,0.0,0.0,0.0
school,0.0,0.0,0.0
বিসমিল্লাহ,0.0,0.0,0.0
কালকে,0.0,0.0,0.0
bat,0.0,0.0,0.0
৫টা,0.0,0.0,0.0
বার্বিকিউ,0.0,0.0,0.0
টাইমে,0.0,0.0,0.0
থাকলো,0.0,0.0,0.0
ভীড়,0.0,0.0,0.0
কাটার,0.0,0.0,0.0
necklace,0.0,0.0,0.0
unbelievable,0.0,0.0,0.0
চেখে,0.0,0.0,0.0
৫৫,0.0,0.0,0.0
সারাদিন,0.0,0.0,0.0
khali,0.0,0.0,0.0
খাইরান,0.0,0.0,0.0
বিকাল,0.0,0.0,0.0
জামে,0.0,0.0,0.0
রাতের,0.0,0.0,0.0
cooperative,0.0,0.0,0.0
kheye,0.0,0.0,0.0
stories,0.0,0.0,0.0
ভালে,0.0,0.0,0.0
২১০,0.0,0.0,0.0
ধোয়া,0.0,0.0,0.0
যাচ্ছিলো,0.0,0.0,0.0
প্লেটে,0.0,0.0,0.0
safety,0.0,0.0,0.0
বউ,0.0,0.0,0.0
marico,0.0,0.0,0.0
সম্মত,0.0,0.0,0.0
bangladeshi,0.0,0.0,0.0
kata,0.0,0.0,0.0
সেলারদের,0.0,0.0,0.0
টান,0.0,0.0,0.0
sm,0.0,0.0,0.0
পেটি,0.0,0.0,0.0
দেব,0.0,0.0,0.0
আপু,0.0,0.0,0.0
installed,0.0,0.0,0.0
আউট,0.0,0.0,0.0
cheater,0.0,0.0,0.0
মেমোরি,0.0,0.0,0.0
communication,0.0,0.0,0.0
click,0.0,0.0,0.0
কাচ্চিতে,0.0,0.0,0.0
oven,0.0,0.0,0.0
পুরানো,0.0,0.0,0.0
মাইক্রোফোন,0.0,0.0,0.0
parts,0.0,0.0,0.0
ডাইন,-0.007056996996911474,0.0,0.0
felt,0.0,0.0,0.0
kaje,0.0,0.0,0.0
baily,0.0,0.0,0.0
onnk,0.0,0.0,0.0
sundr,0.0,0.0,0.0
জনপ্রিয়,0.0,0.0,0.0
সময়ই,0.0,0.0,0.0
ডায়াপার,0.0,0.0,0.0
slim,0.0,0.0,0.0
features,0.0,0.0,0.0
কমের,0.0,0.0,0.0
আকর্ষণীয়,0.0,0.0,0.0
মিসিং,0.0,0.0,0.0
সালের,0.0,0.0,0.0
শুনেছি,0.0,0.0,0.0
sub,0.0,0.0,0.0
লাস্ট,0.0,0.0,0.0
বিঃদ্রঃ,0.0,0.0,0.0
holeo,0.0,0.0,0.0
বাকা,0.0,0.0,0.0
acceptable,0.0,0.0,0.0
shoe,0.0,0.0,0.0
likes,0.0,0.0,0.0
audio,0.0,0.0,0.0
undoubtedly,0.0,0.0,0.0
difference,0.0,0.0,0.0
উলটা,0.0,0.0,0.0
ব্যাটারী,0.0,0.0,0.0
nachos,0.0,0.0,0.0
started,0.0,0.0,0.0
নানা,0.0,0.0,0.0
যেটি,0.0,0.0,0.0
হিজাব,0.0,0.0,0.0
q,0.0,0.0,0.0
obviously,0.0,0.0,0.0
cheesy,0.0,0.0,0.0
বলেছিল,0.0,0.0,0.0
nisilam,0.0,0.0,0.0
টেনশন,0.0,0.0,0.0
gan,0.0,0.0,0.0
da,0.0,0.0,0.0
sir,0.0,0.0,0.0
became,0.0,0.0,0.0
ইউজার,0.0,0.0,0.0
kazi,0.0,0.0,0.0
সানগ্লাস,0.0,0.0,0.0
দিচ্ছেন,0.0,0.0,0.0
moddhei,0.0,0.0,0.0
খোঁজ,0.0,0.0,0.0
প্রতিষ্ঠান,0.0,0.0,0.0
লাগায়,0.0,0.0,0.0
fee,0.0,0.0,0.0
ওজনের,0.0,0.0,0.0
korai,0.0,0.0,0.0
বাবুর্চি,0.0,0.0,0.0
প্রোডাক্টটির,0.0,0.0,0.0
ডিমের,0.0,0.0,0.0
সততা,0.0,0.0,0.0
nitay,0.0,0.0,0.0
ইন্সটল,0.0,0.0,0.0
প্লাগ,0.0,0.0,0.0
okk,0.0,0.0,0.0
সিক্রেট,0.0,0.0,0.0
nam,0.0,0.0,0.0
রসুন,0.0,0.0,0.0
ঠকে,0.0,0.0,0.0
মাঝেই,0.0,0.0,0.0
গোলাপ,0.0,0.0,0.0
কিচ্ছু,0.0,0.0,0.0
recommendation,0.0,0.0,0.0
উত্তরাতে,0.0,0.0,0.0
decoration,0.0,0.0,0.0
rubbish,0.0,0.0,0.0
চাইনা,0.0,0.0,0.0
surprisingly,0.0,0.0,0.0
নবাব,0.0,0.0,0.0
হুইল,0.0,0.0,0.0
আমের,0.0,0.0,0.0
পুরোই,0.0,0.0,0.0
further,0.0,0.0,0.0
earrings,0.0,0.0,0.0
নামকরা,0.0,0.0,0.0
পৃষ্ঠা,0.0,0.0,0.0
emnite,0.0,0.0,0.0
korlen,0.0,0.0,0.0
porlo,0.0,0.0,0.0
২৯০,0.0,0.0,0.0
apnera,0.0,0.0,0.0
মেয়ের,0.0,0.0,0.0
হেটে,0.0,0.0,0.0
টাইমের,0.0,0.0,0.0
পালতু,0.0,0.0,0.0
management,0.0,0.0,0.0
kini,0.0,0.0,0.0
deyni,0.0,0.0,0.0
মোস্ট,0.0,0.0,0.0
english,0.0,0.0,0.0
iktu,0.0,0.0,0.0
320,0.0,0.0,0.0
58,0.0,0.0,0.0
করসে,0.0,0.0,0.0
ওয়াশিং,0.0,0.0,0.0
ভাবছেন,0.0,0.0,0.0
সিগনেচার,0.0,0.0,0.0
realy,0.0,0.0,0.0
taltola,0.0,0.0,0.0
chaise,0.0,0.0,0.0
আইটেমটা,0.0,0.0,0.0
অনন্য,0.0,0.0,0.0
রুচি,0.0,0.0,0.0
দেখান,0.0,0.0,0.0
আমিতো,-0.038811627730261866,0.0,0.0
থ্রি,0.0,0.0,0.0
logitech,0.0,0.0,0.0
sour,0.0,0.0,0.0
শ্যাম্পুটা,0.0,0.0,0.0
পাবুলাম,0.0,0.0,0.0
কিনতু,0.0,0.0,0.0
আড়ং,0.0,0.0,0.0
399,0.0,0.0,0.0
বিরিয়ানীর,0.0,0.0,0.0
২পিস,0.0,0.0,0.0
chok,0.0,0.0,0.0
kri,0.0,0.0,0.0
হালিমের,0.0,0.0,0.0
অই,0.0,0.0,0.0
thakar,0.0,0.0,0.0
বুজতে,0.0,0.0,0.0
কালাভুনার,0.0,0.0,0.0
চালাচ্ছি,0.0,0.0,0.0
baked,0.0,0.0,0.0
জুলাই,0.0,0.0,0.0
থে,0.0,0.0,0.0
gulai,0.0,0.0,0.0
দোসা,0.0,0.0,0.0
apnaraw,0.0,0.0,0.0
minute,0.0,0.0,0.0
country,0.0,0.0,0.0
মোর,0.0,0.0,0.0
আপ্নারা,0.0,0.0,0.0
জেলি,0.0,0.0,0.0
sal,0.0,0.0,0.0
oneak,0.0,0.0,0.0
কলার,0.0,0.0,0.0
সাইডস,0.0,0.0,0.0
matching,0.0,0.0,0.0
ফেইক,0.0,0.0,0.0
privacy,0.0,0.0,0.0
khairan,0.0,0.0,0.0
১০সার্ভিসঃ,0.010850363159226096,0.0,0.0
জাফরান,0.0,0.0,0.0
বেল্টের,0.0,0.0,0.0
sd,0.0,0.0,0.0
akdm,0.0,0.0,0.0
চিজে,0.0,0.0,0.0
ব্যথা,0.0,0.0,0.0
পাস্তাটা,0.0,0.0,0.0
কাটতে,0.0,0.0,0.0
শুনেছিলাম,0.0,0.0,0.0
হবেই,0.0,0.0,0.0
গালি,0.0,0.0,0.0
সার্ভিসও,0.0,0.0,0.0
125,0.0,0.0,0.0
সংশ্লিষ্ট,0.0,0.0,0.0
বটে,0.0,0.0,0.0
দৌড়,0.0,0.0,0.0
পরপর,0.0,0.0,0.0
বাসি,0.0,0.0,0.0
টেস্টার,0.0,0.0,0.0
সময়টা,0.0,0.0,0.0
penny,0.0,0.0,0.0
waffle,0.0,0.0,0.0
অতো,0.0,0.0,0.0
বিফের,0.0,0.0,0.0
moteo,0.0,0.0,0.0
payeci,0.0,0.0,0.0
জিগাতলা,0.0,0.0,0.0
ডেমেজ,0.0,0.0,0.0
প্রুফ,0.0,0.0,0.0
প্রতিবার,0.0,0.0,0.0
সিংগেল,0.0,0.0,0.0
দিতেন,0.0,0.0,0.0
savlon,0.0,0.0,0.0
সস্তার,0.0,0.0,0.0
ব্যতিক্রম,0.0,0.0,0.0
স্টাইলে,0.0,0.0,0.0
07,0.0,0.0,0.0
lol,0.0,0.0,0.0
futa,0.0,0.0,0.0
agun,0.0,0.0,0.0
basay,0.0,0.0,0.0
নিরিবিলি,0.0,0.0,0.0
৯৫,0.0,0.0,0.0
khabar,0.0,0.0,0.0
fixed,0.0,0.0,0.0
harpic,0.0,0.0,0.0
phones,0.0,0.0,0.0
ota,0.0,0.0,0.0
নভেম্বর,0.0,0.0,0.0
secure,0.0,0.0,0.0
ফাটাফাটি,0.0,0.0,0.0
নিলেন,0.0,0.0,0.0
redmi,0.0,0.0,0.0
বেক,0.0,0.0,0.0
changing,0.0,0.0,0.0
porle,0.0,0.0,0.0
ঠিকঠাকভাবে,0.0,0.0,0.0
বহুদিন,0.0,0.0,0.0
অধিক,0.0,0.0,0.0
শাট,0.0,0.0,0.0
পাইলে,0.0,0.0,0.0
টিভিতে,0.0,0.0,0.0
ফিটিংস,0.0,0.0,0.0
highest,0.0,0.0,0.0
sports,0.0,0.0,0.0
self,0.0,0.0,0.0
বিক্রয়,0.0,0.0,0.0
era,0.0,0.0,0.0
লুকিং,0.0,0.0,0.0
khon,0.0,0.0,0.0
nie,0.0,0.0,0.0
valid,0.0,0.0,0.0
175,0.0,0.0,0.0
প্রডাক্টস,0.0,0.0,0.0
despite,0.0,0.0,0.0
thnq,0.0,0.0,0.0
vhai,0.0,0.0,0.0
অ্যাপ,0.0,0.0,0.0
জরুরি,0.0,0.0,0.0
produc,0.0,0.0,0.0
থিন,0.0,0.0,0.0
suru,0.0,0.0,0.0
mote,0.0,0.0,0.0
porche,0.0,0.0,0.0
নিসি,0.0,0.0,0.0
norom,0.0,0.0,0.0
গোলাপি,0.0,0.0,0.0
ক্লিক,0.0,0.0,0.0
castor,0.0,0.0,0.0
প্রাইজের,0.0,0.0,0.0
বুজলাম,0.0,0.0,0.0
ওয়া,0.0,0.0,0.0
নগদ,0.0,0.0,0.0
ordhek,0.0,0.0,0.0
kaaj,0.0,0.0,0.0
dekhai,0.0,0.0,0.0
পাম্প,0.0,0.0,0.0
বুকিং,0.0,0.0,0.0
shamoly,0.0,0.0,0.0
মেখে,0.0,0.0,0.0
পরলে,0.0,0.0,0.0
পেপসি,0.0,0.0,0.0
toba,0.0,0.0,0.0
gace,0.0,0.0,0.0
chest,0.0,0.0,0.0
razor,0.0,0.0,0.0
শার্টটি,0.0,0.0,0.0
ঠাসা,0.0,0.0,0.0
ডেকে,0.0,0.0,0.0
মুক্তা,0.0,0.0,0.0
bolen,0.0,0.0,0.0
dekhteo,0.0,0.0,0.0
ship,0.0,0.0,0.0
amke,0.0,0.0,0.0
corn,0.0,0.0,0.0
ডালের,0.0,0.0,0.0
রয়েল,0.0,0.0,0.0
jono,0.0,0.0,0.0
বড়ই,0.0,0.0,0.0
মাখন,0.0,0.0,0.0
jete,0.0,0.0,0.0
নাইট,0.0,0.0,0.0
এরাবিয়ান,0.0,0.0,0.0
blend,0.0,0.0,0.0
পাঠালেন,0.0,0.0,0.0
পেছনের,0.0,0.0,0.0
নিকট,0.0,0.0,0.0
dichen,0.0,0.0,0.0
সমস্ত,0.0,0.0,0.0
জেনেভা,0.0,0.0,0.0
দোকানটা,0.0,0.0,0.0
ghorita,0.0,0.0,0.0
আমাদেরকে,0.0,0.0,0.0
anyways,0.0,0.0,0.0
practical,0.0,0.0,0.0
রস,0.0,0.0,0.0
kunu,0.0,0.0,0.0
ফেলা,0.0,0.0,0.0
ছেয়েছি,0.0,0.0,0.0
inches,0.0,0.0,0.0
মার্টের,0.0,0.0,0.0
চেহারা,-0.0008960683952125697,0.0,0.0
ordinary,0.0,0.0,0.0
রমজান,0.0,0.0,0.0
ন,0.0,0.0,0.0
কল্পনা,0.0,0.0,0.0
লজ্জা,0.0,0.0,0.0
digital,0.0,0.0,0.0
বললেও,0.0,0.0,0.0
পরিমিত,0.0,0.0,0.0
ভার্সন,0.0,0.0,0.0
নিলেও,0.0,0.0,0.0
দাদা,0.0,0.0,0.0
disappoint,0.0,0.0,0.0
কনো,0.0,0.0,0.0
বেকড,0.0,0.0,0.0
আম্মুর,0.0,0.0,0.0
ইয়ার,0.0,0.0,0.0
thn,0.0,0.0,0.0
warrenty,0.0,0.0,0.0
costly,0.0,0.0,0.0
theka,0.0,0.0,0.0
এনেছি,0.0,0.0,0.0
saying,0.0,0.0,0.0
কনফার্ম,0.0,0.0,0.0
hi,0.0,0.0,0.0
জনে,0.0,0.0,0.0
bai,0.0,0.0,0.0
ডেলিভেরি,0.0,0.0,0.0
মেনশন,0.0,0.0,0.0
স্যান্ডুইচ,0.0,0.0,0.0
updated,0.0,0.0,0.0
regret,0.0,0.0,0.0
placing,0.0,0.0,0.0
চোর,0.0,0.0,0.0
si,0.0,0.0,0.0
চাবি,0.0,0.0,0.0
damta,0.0,0.0,0.0
pads,0.0,0.0,0.0
কটন,0.0,0.0,0.0
অভারঅল,0.0,0.0,0.0
darz,0.0,0.0,0.0
হুট,0.0,0.0,0.0
চলতে,0.0,0.0,0.0
ফ্রায়েড,0.0,0.0,0.0
খানিকটা,0.0,0.0,0.0
laga,0.0,0.0,0.0
পাইতে,0.0,0.0,0.0
হিসেব,0.0,0.0,0.0
কিন্তূ,0.0,0.0,0.0
দুটা,0.0,0.0,0.0
ভালোমানের,0.0,0.0,0.0
নিয়েছিলামঃ,0.0,0.0,0.0
সকালের,0.0,0.0,0.0
নিজেও,0.0,0.0,0.0
দার,0.0,0.0,0.0
ধরার,0.0,0.0,0.0
boxes,0.0,0.0,0.0
বানাতে,0.0,0.0,0.0
proti,0.0,0.0,0.0
ফুসকা,0.0,0.0,0.0
শর্ট,0.0,0.0,0.0
সস্,0.0,0.0,0.0
এভিনিউ,0.0,0.0,0.0
diyen,0.0,0.0,0.0
lillah,0.0,0.0,0.0
ভালো৷,0.0,0.0,0.0
supportive,0.0,0.0,0.0
dekhsi,0.0,0.0,0.0
shart,0.0,0.0,0.0
থাকুক,0.0,0.0,0.0
round,0.0,0.0,0.0
para,0.0,0.0,0.0
240,0.0,0.0,0.0
210,0.0,0.0,0.0
পাইচি,0.0,0.0,0.0
নে,0.0,0.0,0.0
নিয়েছেন,0.0,0.0,0.0
creamy,0.0,0.0,0.0
বেকাপ,0.0,0.0,0.0
২দিন,0.0,0.0,0.0
পাঁচটা,0.0,0.0,0.0
rude,0.0,0.0,0.0
ব্রেড,0.0,0.0,0.0
দেবেন,0.0,0.0,0.0
প্যাকিজিং,0.0,0.0,0.0
যাওয়ায়,0.0,0.0,0.0
uporer,0.0,0.0,0.0
jemn,0.0,0.0,0.0
মাখানো,0.0,0.0,0.0
grey,0.0,0.0,0.0
straps,0.0,0.0,0.0
wipes,0.0,0.0,0.0
lighter,0.0,0.0,0.0
ports,0.0,0.0,0.0
segment,0.0,0.0,0.0
রুমে,0.0,0.0,0.0
রুমের,0.0,0.0,0.0
মার্চ,0.0,0.0,0.0
খেয়েছেন,0.0,0.0,0.0
রেডি,0.0,0.0,0.0
annoying,0.0,0.0,0.0
silicone,0.0,0.0,0.0
anniversary,0.0,0.0,0.0
tbe,0.0,0.0,0.0
signal,0.0,0.0,0.0
warm,0.0,0.0,0.0
গুরুত্ব,0.0,0.0,0.0
tike,0.0,0.0,0.0
290,0.0,0.0,0.0
450,0.0,0.0,0.0
জীবনের,0.0,0.0,0.0
notebooks,0.0,0.0,0.0
শাহ,0.0,0.0,0.0
প্লেটারের,0.0,0.0,0.0
কারী,0.0,0.0,0.0
hye,0.0,0.0,0.0
হতাশা,0.0,0.0,0.0
শত,0.0,0.0,0.0
failed,0.0,0.0,0.0
enjoying,0.0,0.0,0.0
ট্রান্সফার,0.0,0.0,0.0
ম্যানু,0.0,0.0,0.0
বাড়ানো,0.0,0.0,0.0
বালি,0.0,0.0,0.0
aroma,0.0,0.0,0.0
pice,0.0,0.0,0.0
চিটিং,0.0,0.0,0.0
করাটা,0.0,0.0,0.0
নোটবুক,0.0,0.0,0.0
shoulder,0.0,0.0,0.0
ঠাণ্ডা,0.0,0.0,0.0
আকাশ,0.0,0.0,0.0
মুলতানি,0.0,0.0,0.0
বানের,0.0,0.0,0.0
girl,0.0,0.0,0.0
হাব,0.0,0.0,0.0
৭৫০,0.0,0.0,0.0
jan,0.0,0.0,0.0
দুর,0.0,0.0,0.0
শুরুতে,0.0,0.0,0.0
সীমা,0.0,0.0,0.0
মানটা,0.0,0.0,0.0
ছারা,0.0,0.0,0.0
dita,0.0,0.0,0.0
kb,0.0,0.0,0.0
হাসের,0.0,0.0,0.0
গর্জিয়াস,0.0,0.0,0.0
স্টিল,0.0,0.0,0.0
limited,0.0,0.0,0.0
সুবাস,0.0,0.0,0.0
৬৪,0.0,0.0,0.0
পিচ্চি,0.0,0.0,0.0
replace,0.0,0.0,0.0
প্রোভাইড,0.0,0.0,0.0
দ্রুততম,0.0,0.0,0.0
১২টা,0.0,0.0,0.0
ডিলাইট,0.0,0.0,0.0
recommendable,0.0,0.0,0.0
পায়ের,0.0,0.0,0.0
যতগুলো,0.0,0.0,0.0
collect,0.0,0.0,0.0
06,0.0,0.0,0.0
finished,0.0,0.0,0.0
unboxing,0.0,0.0,0.0
অলরেডি,0.0,0.0,0.0
কৌটা,0.0,0.0,0.0
serves,0.0,0.0,0.0
sthe,0.0,0.0,0.0
ব্যান্ড,0.0,0.0,0.0
efficient,0.0,0.0,0.0
অদ্ভুত,0.0,0.0,0.0
bastobe,0.0,0.0,0.0
সন্ধান,0.0,0.0,0.0
lal,0.0,0.0,0.0
emni,0.0,0.0,0.0
কর্ণেল,0.0,0.0,0.0
blossom,0.0,0.0,0.0
ইয়ারফোন,0.0,0.0,0.0
করিয়ে,0.0,0.0,0.0
kach,0.0,0.0,0.0
নাম্বারি,0.0,0.0,0.0
dissatisfied,0.0,0.0,0.0
push,0.0,0.0,0.0
grade,0.0,0.0,0.0
লিখছি,0.0,0.0,0.0
ফোনটা,0.0,0.0,0.0
pain,0.0,0.0,0.0
required,0.0,0.0,0.0
members,0.0,0.0,0.0
কোনও,0.0,0.0,0.0
ক্যান,0.0,0.0,0.0
words,0.0,0.0,0.0
ভালবাসা,0.0,0.0,0.0
aktar,0.0,0.0,0.0
গুণগতমান,0.0,0.0,0.0
crazy,0.0,0.0,0.0
z,0.0,0.0,0.0
বুফেতে,0.0,0.0,0.0
দাওয়ার,0.0,0.0,0.0
41,0.0,0.0,0.0
লিকেজ,0.0,0.0,0.0
sealer,0.0,0.0,0.0
ভাষায়,0.0,0.0,0.0
hisab,0.0,0.0,0.0
rekhe,0.0,0.0,0.0
ফ্রেন্স,0.0,0.0,0.0
alo,0.0,0.0,0.0
রেস্টুরেন্টটি,0.0,0.0,0.0
concern,0.0,0.0,0.0
দোকানদার,0.0,0.0,0.0
tiktak,0.0,0.0,0.0
গেছিল,0.0,0.0,0.0
অযথা,0.0,0.0,0.0
present,0.0,0.0,0.0
costs,0.0,0.0,0.0
dicilam,0.0,0.0,0.0
koray,0.0,0.0,0.0
etai,0.0,0.0,0.0
talk,0.0,0.0,0.0
bill,0.0,0.0,0.0
ঠকেছি,0.0,0.0,0.0
mouth,0.0,0.0,0.0
grocery,0.0,0.0,0.0
বেছে,0.0,0.0,0.0
রাউটারটি,0.0,0.0,0.0
kichuta,0.0,0.0,0.0
pathaise,0.0,0.0,0.0
ভেবেছি,0.0,0.0,0.0
tomato,0.0,0.0,0.0
korinai,0.0,0.0,0.0
পযন্ত,0.0,0.0,0.0
ঢুকিয়ে,0.0,0.0,0.0
micro,0.0,0.0,0.0
brownie,0.0,0.0,0.0
বাঙালি,0.0,0.0,0.0
বারকোড,0.0,0.0,0.0
গাছ,0.0,0.0,0.0
হব,0.0,0.0,0.0
places,0.0,0.0,0.0
chaicilam,0.0,0.0,0.0
kheyal,0.0,0.0,0.0
নেওয়াই,0.0,0.0,0.0
দেশ,0.0,0.0,0.0
তারাও,0.0,0.0,0.0
পি,0.0,0.0,0.0
sun,0.0,0.0,0.0
pull,0.0,0.0,0.0
vabchilam,0.0,0.0,0.0
lil,0.0,0.0,0.0
পিৎজার,0.0,0.0,0.0
৩৩,0.0,0.0,0.0
ট্যাগ,0.0,0.0,0.0
genji,0.0,0.0,0.0
কম্পিউটার,0.0,0.0,0.0
debar,0.0,0.0,0.0
টুকু,0.0,0.0,0.0
tei,0.0,0.0,0.0
pillow,0.0,0.0,0.0
অভ্যাস,0.0,0.0,0.0
purchases,0.0,0.0,0.0
porar,0.0,0.0,0.0
পপুলার,0.0,0.0,0.0
vallo,0.0,0.0,0.0
tu,0.0,0.0,0.0
জায়গাতেই,0.0,0.0,0.0
শহর,0.0,0.0,0.0
rotten,0.0,0.0,0.0
260,0.0,0.0,0.0
produck,0.0,0.0,0.0
হতাস,0.0,0.0,0.0
magnets,0.0,0.0,0.0
ঈদ,0.0,0.0,0.0
ডিফারেন্ট,0.0,0.0,0.0
পারিনাই,0.0,0.0,0.0
৫০টাকা,0.0,0.0,0.0
নিশ্চিতে,0.0,0.0,0.0
গলির,0.0,0.0,0.0
humidifier,0.0,0.0,0.0
তিতা,0.0,0.0,0.0
দাবি,0.0,0.0,0.0
চই,0.0,0.0,0.0
রিকশা,0.0,0.0,0.0
teeth,0.0,0.0,0.0
crust,0.0,0.0,0.0
একটাতে,0.0,0.0,0.0
ডুপ্লিকেট,0.0,0.0,0.0
bms,0.0,0.0,0.0
iccha,0.0,0.0,0.0
kicui,0.0,0.0,0.0
সসটা,0.0,0.0,0.0
komano,0.0,0.0,0.0
tbh,0.0,0.0,0.0
আট,0.0,0.0,0.0
পোষ্ট,0.0,0.0,0.0
caichi,0.0,0.0,0.0
onkkk,0.0,0.0,0.0
pacchi,0.0,0.0,0.0
moila,0.0,0.0,0.0
৪১,0.0,0.0,0.0
রিকমান্ডেড,0.0,0.0,0.0
শুধুই,0.0,0.0,0.0
lagca,0.0,0.0,0.0
সুবাদে,0.0,0.0,0.0
তৃতীয়,0.0,0.0,0.0
যেরকমটা,0.0,0.0,0.0
বৃষ্টিতে,0.0,0.0,0.0
paye,0.0,0.0,0.0
ব্যাবহারে,0.0,0.0,0.0
চালান,0.0,0.0,0.0
কোনভাবেই,0.0,0.0,0.0
সেকশন,0.0,0.0,0.0
প্রতিবারই,0.0,0.0,0.0
sailor,0.0,0.0,0.0
flexible,0.0,0.0,0.0
২টাই,0.0,0.0,0.0
খাওয়াই,0.0,0.0,0.0
bus,0.0,0.0,0.0
তিনজন,0.0,0.0,0.0
প্লে,0.0,0.0,0.0
এইদামে,0.0,0.0,0.0
manei,0.0,0.0,0.0
mojar,0.0,0.0,0.0
january,0.0,0.0,0.0
babyr,0.0,0.0,0.0
পাউডারের,0.0,0.0,0.0
ওভারল,0.0,0.0,0.0
dekhci,0.0,0.0,0.0
বাক্স,0.0,0.0,0.0
সবগুলোর,0.0,0.0,0.0
নবাবী,0.0,0.0,0.0
মনোরম,0.0,0.0,0.0
সী,0.0,0.0,0.0
betha,0.0,0.0,0.0
toys,0.0,0.0,0.0
tone,0.0,0.0,0.0
লোকজন,0.0,0.0,0.0
প্রোডাকটি,0.0,0.0,0.0
সসে,0.0,0.0,0.0
জিরা,0.0,0.0,0.0
sada,0.0,0.0,0.0
এডিট,0.0,0.0,0.0
godrej,0.0,0.0,0.0
প্রোডাক্টা,0.0,0.0,0.0
visit,0.0,0.0,0.0
দিতো,0.0,0.0,0.0
trustworthy,0.0,0.0,0.0
পরিমাণটা,0.0,0.0,0.0
shine,0.0,0.0,0.0
onojai,0.0,0.0,0.0
drill,0.0,0.0,0.0
কাম,0.0,0.0,0.0
tender,0.0,0.0,0.0
লোগো,0.0,0.0,0.0
দ্বিতীয়ত,0.0,0.0,0.0
অর্গানিক,0.0,0.0,0.0
inclusive,0.0,0.0,0.0
suto,0.0,0.0,0.0
manufacturer,0.0,0.0,0.0
bari,0.0,0.0,0.0
গেইট,0.0,0.0,0.0
calling,0.0,0.0,0.0
মেলে,0.0,0.0,0.0
application,0.0,0.0,0.0
covered,0.0,0.0,0.0
জানার,0.0,0.0,0.0
উশুল,0.0,0.0,0.0
কমাতে,0.0,0.0,0.0
foodies,0.0,0.0,0.0
oshadaron,0.0,0.0,0.0
চিলো,0.0,0.0,0.0
ektar,0.0,0.0,0.0
vhaloi,0.0,0.0,0.0
1200,0.0,0.0,0.0
জীবনেও,0.0,0.0,0.0
খুলতে,0.0,0.0,0.0
কাজই,0.0,0.0,0.0
প্লেসটা,0.0,0.0,0.0
অন্নেক,0.0,0.0,0.0
pren,0.0,0.0,0.0
ভ্যানিলা,0.0,0.0,0.0
কল্পনাও,0.0,0.0,0.0
module,0.0,0.0,0.0
ওহ,0.0,0.0,0.0
hell,0.0,0.0,0.0
bolsilam,0.0,0.0,0.0
নিতেই,0.0,0.0,0.0
dhora,0.0,0.0,0.0
চেন্জ,0.0,0.0,0.0
ব্যবহৃত,0.0,0.0,0.0
toilet,0.0,0.0,0.0
suggestion,0.0,0.0,0.0
ভয়েস,0.0,0.0,0.0
বাশ,0.0,0.0,0.0
সংখ্যা,0.0,0.0,0.0
ভাইরে,0.0,0.0,0.0
iftar,0.0,0.0,0.0
krbo,0.0,0.0,0.0
besides,0.0,0.0,0.0
বোকা,0.0,0.0,0.0
supreme,0.0,0.0,0.0
indicator,0.0,0.0,0.0
বিকালে,0.0,0.0,0.0
ক্র,0.0,0.0,0.0
সেটিস্ফাইড,0.0,0.0,0.0
৬পিস,0.0,0.0,0.0
দেননি,0.0,0.0,0.0
sbai,0.0,0.0,0.0
এসির,0.0,0.0,0.0
kao,0.0,0.0,0.0
quiet,0.0,0.0,0.0
ক্যানসেল,0.0,0.0,0.0
manga,0.0,0.0,0.0
চিন্তিত,0.0,0.0,0.0
ফ্রিতে,0.0,0.0,0.0
হামলা,-0.001340863662793052,0.0,0.0
সাসলিক,0.0,0.0,0.0
পূরণ,0.0,0.0,0.0
৪৩,0.0,0.0,0.0
vera,0.0,0.0,0.0
হাড়ি,0.0,0.0,0.0
চলেনা,0.0,0.0,0.0
afraid,0.0,0.0,0.0
দাড়িয়ে,0.0,0.0,0.0
০৭,0.0,0.0,0.0
fb,0.0,0.0,0.0
otota,0.0,0.0,0.0
মেপে,0.0,0.0,0.0
কীভাবে,0.0,0.0,0.0
ক্যাফের,0.0,0.0,0.0
প্লেসে,0.0,0.0,0.0
jinishta,0.0,0.0,0.0
230,0.0,0.0,0.0
মেন্যুতে,0.0,0.0,0.0
dur,0.0,0.0,0.0
bless,0.0,0.0,0.0
সেখানেই,0.0,0.0,0.0
shondor,0.0,0.0,0.0
বালু,0.0,0.0,0.0
ভালোমতো,0.0,0.0,0.0
তালিকায়,0.0,0.0,0.0
nea,0.0,0.0,0.0
চিপ,0.0,0.0,0.0
ফেলতে,0.0,0.0,0.0
arabian,0.0,0.0,0.0
bhanga,0.0,0.0,0.0
sufficient,0.0,0.0,0.0
গুছানো,0.0,0.0,0.0
জলদি,0.0,0.0,0.0
মেহেদী,0.0,0.0,0.0
khan,0.0,0.0,0.0
connectivity,0.0,0.0,0.0
করোনার,0.0,0.0,0.0
টয়লেট,0.0,0.0,0.0
treat,0.0,0.0,0.0
বিরত,0.0,0.0,0.0
rib,0.0,0.0,0.0
neat,0.0,0.0,0.0
থাকবো,0.0,0.0,0.0
পারফরমেন্স,0.0,0.0,0.0
ফুডব্যাংকে,0.0,0.0,0.0
six,0.0,0.0,0.0
kete,0.0,0.0,0.0
achar,0.0,0.0,0.0
ড্রিংক,0.0,0.0,0.0
evabe,0.0,0.0,0.0
navy,0.0,0.0,0.0
ঢুঁ,0.0,0.0,0.0
বৃদ্ধি,0.0,0.0,0.0
বিদেশি,0.0,0.0,0.0
sai,-0.027857008430209874,0.0,0.0
স্ট্রং,0.0,0.0,0.0
lens,0.0,0.0,0.0
নাক,0.0,0.0,0.0
খেয়েও,0.0,0.0,0.0
দিকটা,0.0,0.0,0.0
weird,0.0,0.0,0.0
ক্যাম্পেইনে,0.0,0.0,0.0
jaina,0.0,0.0,0.0
কিমা,0.0,0.0,0.0
হাঁসের,0.0,0.0,0.0
ফেলি,0.0,0.0,0.0
পার্সোনাল,0.0,0.0,0.0
শুটকি,0.0,0.0,0.0
khula,0.0,0.0,0.0
ওটার,0.0,0.0,0.0
connecting,0.0,0.0,0.0
জবাব,0.0,0.0,0.0
gadget,0.0,0.0,0.0
দশে,0.0,0.0,0.0
ক্রেতাদের,0.0,0.0,0.0
poduct,0.0,0.0,0.0
july,0.0,0.0,0.0
কাশ্মীরি,0.0,0.0,0.0
একদিনে,0.0,0.0,0.0
জানিয়ে,0.0,0.0,0.0
dc,0.0,0.0,0.0
প্যারা,0.0,0.0,0.0
physical,0.0,0.0,0.0
কড়াই,0.0,0.0,0.0
বাঁশ,0.0,0.0,0.0
এমনে,0.0,0.0,0.0
solve,0.0,0.0,0.0
্যাপিং,0.0,0.0,0.0
লেটুস,0.0,0.0,0.0
বিদ্যুৎ,0.0,0.0,0.0
anywhere,0.0,0.0,0.0
eo,0.009790638775129368,0.0,0.0
আলহাদুলিল্লাহ,0.0,0.0,0.0
জামা,0.0,0.0,0.0
পেন,0.0,0.0,0.0
replacement,0.0,0.0,0.0
টেনশনে,0.0,0.0,0.0
cd,0.0,0.0,0.0
১০দামঃ,0.0,0.0,0.0
electric,0.0,0.0,0.0
babies,0.0,0.0,0.0
বার্গারটি,0.0,0.0,0.0
550,0.0,0.0,0.0
ব্যবসার,0.0,0.0,0.0
october,0.0,0.0,0.0
রেস্তোরাঁ,0.0,0.0,0.0
ফ্লোর,0.0,0.0,0.0
চল,0.0,0.0,0.0
33,0.0,0.0,0.0
ow,0.0,0.0,0.0
onake,0.0,0.0,0.0
375,0.0,0.0,0.0
44,0.0,0.0,0.0
rankin,0.0,0.0,0.0
oneplus,0.0,0.0,0.0
games,0.0,0.0,0.0
দানা,0.0,0.0,0.0
যত্নশীল,0.0,0.0,0.0
কোম্পানিকে,0.0,0.0,0.0
respond,0.0,0.0,0.0
dvd,0.0,0.0,0.0
স্টাফদের,0.0,0.0,0.0
volcano,0.0,0.0,0.0
roilo,0.0,0.0,0.0
km,0.0,0.0,0.0
pandemic,0.0,0.0,0.0
egula,0.0,0.0,0.0
rich,0.0,0.0,0.0
kota,0.0,0.0,0.0
১৪৯,0.0,0.0,0.0
পিওর,0.0,0.0,0.0
95,0.0,0.0,0.0
chobite,0.0,0.0,0.0
health,0.0,0.0,0.0
বাবুর,0.0,0.0,0.0
জানায়,0.0,0.0,0.0
electronic,0.0,0.0,0.0
টেক,0.0,0.0,0.0
পাইছে,0.0,0.0,0.0
sem,0.0,0.0,0.0
screws,0.0,0.0,0.0
কাজী,0.0,0.0,0.0
deki,0.0,0.0,0.0
jora,0.0,0.0,0.0
mac,0.0,0.0,0.0
শুনেই,0.0,0.0,0.0
এইমাত্র,0.0,0.0,0.0
soothing,0.0,0.0,0.0
আগামীতে,0.0,0.0,0.0
fairly,0.0,0.0,0.0
বান্ধব,0.0,0.0,0.0
bdt,0.0,0.0,0.0
যাহোক,0.0,0.0,0.0
পরিবেশের,0.0,0.0,0.0
driver,0.0,0.0,0.0
বিগ,0.0,0.0,0.0
waist,0.0,0.0,0.0
vari,0.0,0.0,0.0
গুরা,0.0,0.0,0.0
naan,0.0,0.0,0.0
১০টা,0.0,0.0,0.0
ফেলছি,0.0,0.0,0.0
hisaba,0.0,0.0,0.0
temperature,0.0,0.0,0.0
কোনটাই,0.0,0.0,0.0
dami,0.0,0.0,0.0
shit,0.0,0.0,0.0
ব্রেইন,0.0,0.0,0.0
leg,0.0,0.0,0.0
ছিল৷,0.0,0.0,0.0
jhamela,0.0,0.0,0.0
akbar,0.0,0.0,0.0
list,0.0,0.0,0.0
চ্যানেল,0.0,0.0,0.0
এরপরে,0.0,0.0,0.0
সেক্ষেত্রে,0.0,0.0,0.0
dekci,0.0,0.0,0.0
bolsi,0.0,0.0,0.0
sizzling,0.0,0.0,0.0
য়,0.0,0.0,0.0
চট্টগ্রাম,-0.031149034996419186,0.0,0.0
স্যাটিস্ফাইড,0.0,0.0,0.0
নিখুঁত,0.0,0.0,0.0
height,0.0,0.0,0.0
jelly,0.0,0.0,0.0
dal,0.0,0.0,0.0
চার্জসহ,0.0,0.0,0.0
eibar,0.0,0.0,0.0
পাঠান,0.0,0.0,0.0
podak,0.0,0.0,0.0
vabcilam,0.0,0.0,0.0
gum,0.0,0.0,0.0
খাম,0.0,0.0,0.0
ঘণ্টার,0.0,0.0,0.0
ক্ষমতা,0.0,0.0,0.0
hotash,0.0,0.0,0.0
তারি,0.0,0.0,0.0
september,-0.007609816935365661,0.0,0.0
gulor,0.0,0.0,0.0
newar,0.0,0.0,0.0
গেমিং,0.0,0.0,0.0
কাটে,0.0,0.0,0.0
পারতেছি,0.0,0.0,0.0
lomba,0.0,0.0,0.0
দারাস,0.0,0.0,0.0
repair,0.0,0.0,0.0
সদ্য,0.0,0.0,0.0
lav,0.0,0.0,0.0
diapers,0.0,0.0,0.0
সালে,0.0,0.0,0.0
paket,0.0,0.0,0.0
দেয়ায়,0.0,0.0,0.0
যাও,0.0,0.0,0.0
ইজ,0.0,0.0,0.0
মিনিমাম,-0.10349824437308563,0.0,0.0
আসেনা,0.0,0.0,0.0
ভিতরেই,0.0,0.0,0.0
ঘটনা,0.0,0.0,0.0
smartwatch,0.0,0.0,0.0
রাখেন,0.0,0.0,0.0
০৬,0.0,0.0,0.0
underwear,0.0,0.0,0.0
applied,0.0,0.0,0.0
হোটেলে,0.0,0.0,0.0
প্রটেক্টর,0.0,0.0,0.0
offers,0.0,0.0,0.0
খাওয়াতে,0.0,0.0,0.0
বিয়ের,0.0,0.0,0.0
৩৬০,0.0,0.0,0.0
নোংরা,0.0,0.0,0.0
ordar,0.0,0.0,0.0
সালাদের,0.0,0.0,0.0
ওরিও,0.0,0.0,0.0
দেয়ালে,0.0,0.0,0.0
kaz,0.0,0.0,0.0
doesnt,0.0,0.0,0.0
jasse,0.0,0.0,0.0
১০পরিবেশঃ,0.0,0.0,0.0
ললিপপ,0.0,0.0,0.0
ন্যাচারাল,0.0,0.0,0.0
somoye,0.0,0.0,0.0
পুনরায়,0.0,0.0,0.0
malibagh,0.0,0.0,0.0
খাটো,0.0,0.0,0.0
clearly,0.0,0.0,0.0
vaiyar,0.0,0.0,0.0
মুছে,0.0,0.0,0.0
1500,0.0,0.0,0.0
giyeche,0.0,0.0,0.0
কাস্টমারকে,0.0,0.0,0.0
হচ্ছেনা,0.0,0.0,0.0
asholei,0.0,0.0,0.0
requirement,0.0,0.0,0.0
প্রফেশনাল,0.0,0.0,0.0
middle,0.0,0.0,0.0
ফিউচার,0.0,0.0,0.0
club,0.0,0.0,0.0
সিরিয়াল,0.0,0.0,0.0
টেবিলের,0.0,0.0,0.0
বিকল্প,0.0,0.0,0.0
কনডম,0.0,0.0,0.0
পেপারফ্লাই,0.0,0.0,0.0
leaking,0.0,0.0,0.0
functioning,0.0,0.0,0.0
agula,0.0,0.0,0.0
স্টিক,0.0,0.0,0.0
মনিটর,0.0,0.0,0.0
ব্রেসলেট,0.0,0.0,0.0
ফুডকোর্ট,0.0,0.0,0.0
নুরজাহান,0.0,0.0,0.0
co,-0.00847088618867672,0.0,0.0
সিঙ্গেল,0.0,0.0,0.0
তেই,0.0,0.0,0.0
ছিটা,0.0,0.0,0.0
hoba,0.0,0.0,0.0
সবগুলা,0.0,0.0,0.0
সিম্পল,0.0,0.0,0.0
computer,0.0,0.0,0.0
twins,0.0,0.0,0.0
২০২০,-0.005443639443815709,0.0,0.0
কষ্টের,0.0,0.0,0.0
জোরে,0.0,0.0,0.0
কস্ট,0.0,0.0,0.0
wide,0.0,0.0,0.0
outlook,0.0,0.0,0.0
বোবার,0.0,0.0,0.0
confusion,0.0,0.0,0.0
paperfly,0.0,0.0,0.0
প্রযোজ্য,0.0,0.0,0.0
বাহির,0.0,0.0,0.0
মানানসই,0.0,0.0,0.0
কামড়ে,0.0,0.0,0.0
pics,0.0,0.0,0.0
pele,0.0,0.0,0.0
লেখার,0.0,0.0,0.0
ora,0.0,0.0,0.0
went,0.0,0.0,0.0
ঢুকতেই,0.0,0.0,0.0
osteria,0.0,0.0,0.0
হোল্ডার,0.0,0.0,0.0
সোপ,0.0,0.0,0.0
বামে,0.0,0.0,0.0
comparison,0.0,0.0,0.0
খেতেই,0.0,0.0,0.0
move,0.0,0.0,0.0
ফায়ার,0.0,0.0,0.0
যাস্ট,0.0,0.0,0.0
পুরে,0.0,0.0,0.0
shelf,0.0,0.0,0.0
২জন,0.0,0.0,0.0
আধা,0.0,0.0,0.0
antorik,0.0,0.0,0.0
matha,0.0,0.0,0.0
বহু,0.0,0.0,0.0
শীতে,0.0,0.0,0.0
pepperoni,0.0,0.0,0.0
kababwala,0.0,0.0,0.0
unprofessional,0.0,0.0,0.0
cilam,0.0,0.0,0.0
উত্তীর্ণ,0.0,0.0,0.0
inner,0.0,0.0,0.0
onujay,0.0,0.0,0.0
শাখায়,0.0,0.0,0.0
স্যান্ডউইচ,0.0,0.0,0.0
current,0.0,0.0,0.0
usefull,0.0,0.0,0.0
ফিরনী,0.0,0.0,0.0
৩১,0.0,0.0,0.0
১০০টাকা,0.0,0.0,0.0
পরিচয়,0.0,0.0,0.0
চিনির,0.0,0.0,0.0
রশিদ,0.0,0.0,0.0
রেকর্ড,0.0,0.0,0.0
upset,0.0,0.0,0.0
পিজ্জাবার্গ,0.0,0.0,0.0
ছেরা,0.0,0.0,0.0
lagsa,0.0,0.0,0.0
master,0.0,0.0,0.0
conditioner,0.0,0.0,0.0
sothik,0.0,0.0,0.0
xo,0.0,0.0,0.0
hassle,0.0,0.0,0.0
ডিসেম্বর,0.0,0.0,0.0
গাজর,0.0,0.0,0.0
দাড়াজ,0.0,0.0,0.0
paste,0.0,0.0,0.0
নিজস্ব,0.0,0.0,0.0
বট,0.0,0.0,0.0
kindly,0.0,0.0,0.0
তথ্য,0.0,0.0,0.0
scalp,0.0,0.0,0.0
kas,0.0,0.0,0.0
রাখবে,0.0,0.0,0.0
চিনিগুড়া,0.0,0.0,0.0
bhoj,0.0,0.0,0.0
মুশকিল,0.0,0.0,0.0
exchange,0.0,0.0,0.0
uncomfortable,0.0,0.0,0.0
qualityfull,0.0,0.0,0.0
আপলোড,0.0,0.0,0.0
looked,0.0,0.0,0.0
porce,0.0,0.0,0.0
md,0.0,0.0,0.0
apply,0.0,0.0,0.0
foods,0.0,0.0,0.0
lemonade,0.0,0.0,0.0
নিসিলাম,0.0,0.0,0.0
জানাতে,0.0,0.0,0.0
স্টকে,0.0,0.0,0.0
converter,0.0,0.0,0.0
ফেইস,0.0,0.0,0.0
খাসীর,0.0,0.0,0.0
aesthetic,0.0,0.0,0.0
opening,0.0,0.0,0.0
reality,0.0,0.0,0.0
রাইসটা,0.0,0.0,0.0
ভাগ্য,0.0,0.0,0.0
amni,0.0,0.0,0.0
options,0.0,0.0,0.0
hotel,0.0,0.0,0.0
পেছনে,0.0,0.0,0.0
সরিষা,0.0,0.0,0.0
purse,0.0,0.0,0.0
anybody,0.0,0.0,0.0
হাওয়া,0.0,0.0,0.0
lageni,0.0,0.0,0.0
ডেলিভার,0.0,0.0,0.0
প্রমাণ,0.0,0.0,0.0
বয়কট,0.0,0.0,0.0
active,0.0,0.0,0.0
এদিকে,0.0,0.0,0.0
attention,0.0,0.0,0.0
regarding,0.0,0.0,0.0
মায়ের,0.0,0.0,0.0
লা,0.0,0.0,0.0
ফাইল,0.0,0.0,0.0
৯৯৯,0.0,0.0,0.0
purono,0.0,0.0,0.0
আপনারাই,0.0,0.0,0.0
mirror,0.0,0.0,0.0
190,0.0,0.0,0.0
রেস্পন্স,0.0,0.0,0.0
টোটালি,0.0,0.0,0.0
হায়দ্রাবাদি,0.0,0.0,0.0
insha,0.0,0.0,0.0
ipad,0.0,0.0,0.0
বুক,0.0,0.0,0.0
দারায,0.0,0.0,0.0
উঠতে,0.0,0.0,0.0
খুজতে,0.0,0.0,0.0
এক্কেবারে,0.0,0.0,0.0
শার্টের,0.0,0.0,0.0
bare,0.0,0.0,0.0
সবারই,0.0,0.0,0.0
sheta,0.0,0.0,0.0
পশ,0.0,0.0,0.0
galaxy,0.0,0.0,0.0
বোনের,0.0,0.0,0.0
সাদ,0.0,0.0,0.0
স্ক্যান,0.0,0.0,0.0
সিঙ্গারা,0.0,0.0,0.0
hoina,0.0,0.0,0.0
আম্মু,0.0,0.0,0.0
roller,0.0,0.0,0.0
পজেটিভ,0.0,0.0,0.0
ওয়াট,0.0,0.0,0.0
transcend,0.0,0.0,0.0
মিষ্টির,0.0,0.0,0.0
সাহেব,0.0,0.0,0.0
পারো,0.0,0.0,0.0
লেমনেড,0.0,0.0,0.0
গারলিক,0.0,0.0,0.0
স্মোকিং,0.0,0.0,0.0
ফেলছে,0.0,0.0,0.0
হুদাই,0.0,0.0,0.0
korei,0.0,0.0,0.0
মাখামাখি,0.0,0.0,0.0
স্কিনে,0.0,0.0,0.0
ভেজা,0.0,0.0,0.0
বোকামি,0.0,0.0,0.0
রেস্তোরার,0.0,0.0,0.0
sugar,0.0,0.0,0.0
পরলো,0.0,0.0,0.0
হাজী,0.0,0.0,0.0
covers,0.0,0.0,0.0
উদ্দেশ্য,0.0,0.0,0.0
shyamoli,0.0,0.0,0.0
ছিরা,0.0,0.0,0.0
thke,0.0,0.0,0.0
এক্সেল,0.0,0.0,0.0
বদনাম,0.0,0.0,0.0
উত্তরায়,0.0,0.0,0.0
coleslaw,0.0,0.0,0.0
এতগুলো,0.0,0.0,0.0
্যান্ড,0.0,0.0,0.0
vebechilam,0.0,0.0,0.0
লাগিয়েছি,0.0,0.0,0.0
gasa,0.0,0.0,0.0
অভার,0.0,0.0,0.0
dates,0.0,0.0,0.0
kra,0.0,0.0,0.0
mukhe,0.0,0.0,0.0
যথেস্ট,0.0,0.0,0.0
ফুটো,0.0,0.0,0.0
আশায়,0.0,0.0,0.0
ko,0.0,0.0,0.0
কয়টা,0.0,0.0,0.0
ps,0.0,0.0,0.0
পঁচা,0.0,0.0,0.0
obosta,-0.04031218528026183,0.0,0.0
তুলা,0.0,0.0,0.0
juicy,0.0,0.0,0.0
এগুলোর,0.0,0.0,0.0
website,0.0,0.0,0.0
inbox,0.0,0.0,0.0
ফি,0.0,0.0,0.0
মটর,-0.04455839546265465,0.0,0.0
নাম্বারে,0.0,0.0,0.0
পেতাম,0.0,0.0,0.0
খুশী,0.0,0.0,0.0
হন,0.0,0.0,0.0
poreche,0.0,0.0,0.0
supper,0.0,0.0,0.0
towel,0.0,0.0,0.0
ঐতিহ্যবাহী,0.0,0.0,0.0
পিজ্জাতে,0.0,0.0,0.0
kortese,0.0,0.0,0.0
মোটেই,0.0,0.0,0.0
advise,0.0,0.0,0.0
sari,0.0,0.0,0.0
সেন্সর,0.0,0.0,0.0
110,0.0,0.0,0.0
confirm,0.0,0.0,0.0
অফিসিয়াল,0.0,0.0,0.0
tachara,0.0,0.0,0.0
hy,0.0,0.0,0.0
voy,0.0,0.0,0.0
অপেক্ষার,0.0,0.0,0.0
fashion,0.0,0.0,0.0
পাওয়ায়,0.0,0.0,0.0
ng,0.0,0.0,0.0
কাঠ,0.0,0.0,0.0
bojha,0.0,0.0,0.0
বাইকে,0.0,0.0,0.0
খাতা,0.0,0.0,0.0
dissi,0.0,0.0,0.0
login,0.0,0.0,0.0
haat,0.0,0.0,0.0
লাইক,0.0,0.0,0.0
পরিচ্ছন্ন,0.0,0.0,0.0
তুলতুলে,0.0,0.0,0.0
জিনিশ,0.0,0.0,0.0
পকেটের,0.0,0.0,0.0
বুঝিয়ে,0.0,0.0,0.0
নিয়ম,0.0,0.0,0.0
dica,0.0,0.0,0.0
upore,0.0,0.0,0.0
ছোলা,0.0,0.0,0.0
লাইটিং,0.0,0.0,0.0
stopped,0.0,0.0,0.0
বলাই,0.0,0.0,0.0
অটোমেটিক,0.0,0.0,0.0
ফ্লেভারটা,0.0,0.0,0.0
তাজমহল,0.0,0.0,0.0
sb,0.0,0.0,0.0
ram,0.0,0.0,0.0
হেড,0.0,0.0,0.0
shiny,0.0,0.0,0.0
matte,0.0,0.0,0.0
otg,0.0,0.0,0.0
লাগত,0.0,0.0,0.0
সারপ্রাইজ,0.0,0.0,0.0
আড্ডার,0.0,0.0,0.0
নয়েজ,0.0,0.0,0.0
পেকিং,0.0,0.0,0.0
ফেব্রিক,0.0,0.0,0.0
void,0.0,0.0,0.0
cai,0.0,0.0,0.0
ফেসওয়াস,0.0,0.0,0.0
worse,0.0,0.0,0.0
পাশ্চিম,0.0,0.0,0.0
janina,0.0,0.0,0.0
dike,0.0,0.0,0.0
সেভ,0.0,0.0,0.0
স্পেশালি,0.0,0.0,0.0
adjustable,0.0,0.0,0.0
darazmall,0.0,0.0,0.0
city,0.0,0.0,0.0
লাইনে,0.0,0.0,0.0
mto,0.0,0.0,0.0
সম্পুর্ন,0.0,0.0,0.0
বিহারী,0.0,0.0,0.0
শসা,0.0,0.0,0.0
payci,0.0,0.0,0.0
blade,0.0,0.0,0.0
samne,0.0,0.0,0.0
বিচার,0.0,0.0,0.0
dent,0.0,0.0,0.0
keys,0.0,0.0,0.0
transparent,0.0,0.0,0.0
ponds,0.0,0.0,0.0
delevary,0.0,0.0,0.0
ceye,0.0,0.0,0.0
গ্রামে,0.0,0.0,0.0
আজকাল,0.0,0.0,0.0
ক্যাম্পের,0.0,0.0,0.0
network,0.0,0.0,0.0
masallah,0.0,0.0,0.0
পরিপূর্ণ,0.0,0.0,0.0
তুলার,0.0,0.0,0.0
আনন্দ,0.0,0.0,0.0
এখানেই,0.0,0.0,0.0
সিদ্ধান্ত,0.0,0.0,0.0
against,0.0,0.0,0.0
চিড়িয়াখানা,0.0,0.0,0.0
inshaallah,0.0,0.0,0.0
খুভ,0.0,0.0,0.0
মালের,0.0,0.0,0.0
sales,0.0,0.0,0.0
ghz,0.0,0.0,0.0
আশেপাশের,0.0,0.0,0.0
গেসিলাম,0.0,0.0,0.0
করাতে,0.0,0.0,0.0
বানানোর,0.0,0.0,0.0
৩৪,0.0,0.0,0.0
বন্ধুকে,0.0,0.0,0.0
modhe,0.0,0.0,0.0
eitar,0.0,0.0,0.0
sexy,0.0,0.0,0.0
বাঁকা,0.0,0.0,0.0
নায়,0.0,0.0,0.0
hoping,0.0,0.0,0.0
korecilam,0.0,0.0,0.0
until,0.0,0.0,0.0
gifted,0.0,0.0,0.0
360,0.0,0.0,0.0
maje,0.0,0.0,0.0
পেয়েছি৷,0.0,0.0,0.0
gone,0.0,0.0,0.0
সেমাই,0.0,0.0,0.0
whether,0.0,0.0,0.0
socket,0.0,0.0,0.0
tasted,0.0,0.0,0.0
পেলেও,0.0,0.0,0.0
চাউল,0.0,0.0,0.0
কমফোর্টেবল,0.0,0.0,0.0
tdc,0.0,0.0,0.0
vision,0.0,0.0,0.0
imported,0.0,0.0,0.0
eid,0.0,0.0,0.0
নক,0.0,0.0,0.0
campaign,0.0,0.0,0.0
deoyar,0.0,0.0,0.0
twice,0.0,0.0,0.0
মানুষদের,0.0,0.0,0.0
নিচ্ছি,0.0,0.0,0.0
কইরেন,0.0,0.0,0.0
২৭০,0.0,0.0,0.0
draz,0.0,0.0,0.0
হসপিটালের,0.0,0.0,0.0
sony,0.0,0.0,0.0
পরবে,0.0,0.0,0.0
চানাচুর,0.0,0.0,0.0
minimum,0.0,0.0,0.0
খরচে,0.0,0.0,0.0
খাবারই,0.0,0.0,0.0
hello,0.0,0.0,0.0
43,0.0,0.0,0.0
bolse,0.0,0.0,0.0
শিকার,0.0,0.0,0.0
hola,0.0,0.0,0.0
nije,0.0,0.0,0.0
chile,0.0,0.0,0.0
tough,0.0,0.0,0.0
ঈদগা,0.0,0.0,0.0
bye,0.0,0.0,0.0
omg,0.0,0.0,0.0
pocha,0.0,0.0,0.0
৩৮০,0.0,0.0,0.0
আন্তরিকতা,0.0,0.0,0.0
seemed,0.0,0.0,0.0
আসেনি,0.0,0.0,0.0
ব্যাগে,0.0,0.0,0.0
কলেজ,0.0,0.0,0.0
খোজ,0.0,0.0,0.0
64,0.0,0.0,0.0
মচমচে,0.0,0.0,0.0
wood,0.0,0.0,0.0
dawa,0.0,0.0,0.0
pocondo,0.0,0.0,0.0
dicen,0.0,0.0,0.0
sanitizer,0.0,0.0,0.0
ফুট,0.0,0.0,0.0
ড্রিংস,0.0,0.0,0.0
আইটেমে,0.0,0.0,0.0
খাবে,0.0,0.0,0.0
পক্ষে,0.0,0.0,0.0
মাংসে,0.0,0.0,0.0
৪টি,0.0,0.0,0.0
paoa,0.0,0.0,0.0
baire,0.0,0.0,0.0
সিলভার,0.0,0.0,0.0
মাঝেমধ্যে,0.0,0.0,0.0
wrapping,0.0,0.0,0.0
০৮,0.0,0.0,0.0
নাজিরাবাজার,0.0,0.0,0.0
মাটি,0.0,0.0,0.0
চুলে,0.0,0.0,0.0
শুক্রবার,0.0,0.0,0.0
স্কয়ারে,0.0,0.0,0.0
পণ,0.0,0.0,0.0
condom,0.0,0.0,0.0
prblm,0.0,0.0,0.0
টাউন,0.0,0.0,0.0
ব্র্যান্ডের,0.0,0.0,0.0
সৎ,0.0,0.0,0.0
barcode,0.0,0.0,0.0
পায়ে,0.0,0.0,0.0
কিং,0.0,0.0,0.0
project,0.0,0.0,0.0
prawn,0.0,0.0,0.0
কার্যকর,0.0,0.0,0.0
ব্যাথা,0.0,0.0,0.0
পেটের,0.0,0.0,0.0
miss,0.0,0.0,0.0
কলেজের,0.0,0.0,0.0
chi,0.0,0.0,0.0
ditam,0.0,0.0,0.0
tradition,0.0,0.0,0.0
lagto,0.0,0.0,0.0
এমনই,0.0,0.0,0.0
thumbs,0.0,0.0,0.0
sundhor,0.0,0.0,0.0
উপকৃত,0.0,0.0,0.0
যথাযথ,0.0,0.0,0.0
মিল্ক,0.0,0.0,0.0
খাশির,0.0,0.0,0.0
মোড়ানো,0.0,0.0,0.0
feedback,0.0,0.0,0.0
pendrive,0.0,0.0,0.0
seem,0.0,0.0,0.0
straight,0.0,0.0,0.0
আজই,0.0,0.0,0.0
আয়োজন,0.0,0.0,0.0
সেন্টার,0.0,0.0,0.0
stable,0.0,0.0,0.0
chaisilam,0.0,0.0,0.0
এত্তো,0.0,0.0,0.0
goood,0.0,0.0,0.0
পেস্ট্রি,0.0,0.0,0.0
পূর্ণ,0.0,0.0,0.0
গিফটও,0.0,0.0,0.0
রির্টান,0.0,0.0,0.0
দুজন,0.0,0.0,0.0
ভেলপুরি,0.0,0.0,0.0
children,0.0,0.0,0.0
পিসি,0.0,0.0,0.0
বাহিরের,0.0,0.0,0.0
আচারি,0.0,0.0,0.0
পারছিলাম,0.0,0.0,0.0
wouldn,0.0,0.0,0.0
visible,0.0,0.0,0.0
parini,0.0,0.0,0.0
গিয়েই,0.0,0.0,0.0
সেভাবেই,0.0,0.0,0.0
bujhte,0.0,0.0,0.0
botol,0.0,0.0,0.0
জানানোর,0.0,0.0,0.0
pixel,0.0,0.0,0.0
okey,0.0,0.0,0.0
চুরি,0.0,0.0,0.0
কেয়ার,0.0,0.0,0.0
পেইজে,0.0,0.0,0.0
ash,0.0,0.0,0.0
becomes,0.0,0.0,0.0
ekhane,0.0,0.0,0.0
ভাইও,0.0,0.0,0.0
pakeging,0.0,0.0,0.0
qualityr,0.0,0.0,0.0
jae,0.0,0.0,0.0
orders,0.0,0.0,0.0
lite,0.0,0.0,0.0
ঈদগাহ,0.0,0.0,0.0
আউটলেট,0.0,0.0,0.0
percent,0.0,0.0,0.0
করেছিলো,0.0,0.0,0.0
cooler,0.0,0.0,0.0
rcvd,0.0,0.0,0.0
shudu,0.0,0.0,0.0
tin,0.0,0.0,0.0
payachi,0.0,0.0,0.0
ড্রিঙ্কস,0.0,0.0,0.0
কোয়ার্টার,0.0,0.0,0.0
edit,0.0,0.0,0.0
sized,0.0,0.0,0.0
ডেলিভারিটা,0.0,0.0,0.0
তবু,0.0,0.0,0.0
বিস্কিট,0.0,0.0,0.0
whatever,0.1925295218637828,0.0,0.0
হুক,0.0,0.0,0.0
মেয়াদের,0.0,0.0,0.0
পারিনা,0.0,0.0,0.0
ঠিকটাক,0.0,0.0,0.0
makeup,0.0,0.0,0.0
জাল,0.0,0.0,0.0
ইউনিলিভার,0.0,0.0,0.0
এডজাস্ট,0.0,0.0,0.0
ঢুকলাম,0.0,0.0,0.0
মাখিয়ে,0.0,0.0,0.0
রেখেছি,0.0,0.0,0.0
headset,0.0,0.0,0.0
zone,0.0,0.0,0.0
নামটা,0.0,0.0,0.0
উঠেছে,0.0,0.0,0.0
বসা,0.0,0.0,0.0
apu,0.0,0.0,0.0
কান,0.0,0.0,0.0
প্রধান,0.0,0.0,0.0
সনি,0.0,0.0,0.0
অনলি,0.0,0.0,0.0
সা,0.0,0.0,0.0
worried,0.0,0.0,0.0
dex,0.0,0.0,0.0
juta,0.0,0.0,0.0
ট্যাপ,0.0,0.0,0.0
flash,0.0,0.0,0.0
puraton,0.0,0.0,0.0
guitar,0.0,0.0,0.0
বাটপারির,0.0,0.0,0.0
temn,0.0,0.0,0.0
বিরুদ্ধে,0.0,0.0,0.0
security,-0.008429058089223585,0.0,0.0
dhoroner,0.0,0.0,0.0
গুগোল,0.0,0.0,0.0
বিকেলে,0.0,0.0,0.0
পাঠাতে,0.0,0.0,0.0
mild,0.0,0.0,0.0
অর্ডারকৃত,0.0,0.0,0.0
ওপেনিং,0.0,0.0,0.0
আউটপুট,0.0,0.0,0.0
রিজেনেবল,0.0,0.0,0.0
bogo,0.0,0.0,0.0
chaichi,0.0,0.0,0.0
ঝরঝরা,0.0,0.0,0.0
aga,0.0,0.0,0.0
avarage,0.0,0.0,0.0
holds,0.0,0.0,0.0
প্রাইজঃ,0.0,0.0,0.0
alhamdullilah,0.0,0.0,0.0
mango,0.0,0.0,0.0
steakout,0.0,0.0,0.0
বার্থডে,0.0,0.0,0.0
ভোক্তা,0.0,0.0,0.0
সুখ,0.0,0.0,0.0
মার্ক,0.0,0.0,0.0
চশমা,0.0,0.0,0.0
৩৩০,0.0,0.0,0.0
যতবার,0.0,0.0,0.0
diary,0.0,0.0,0.0
partner,0.0,0.0,0.0
প্রতারণার,0.0,0.0,0.0
ধীরে,0.0,0.0,0.0
stitching,0.0,0.0,0.0
ইন্টেরিওর,0.0,0.0,0.0
কমেই,0.0,0.0,0.0
হবো,0.0,0.0,0.0
টেস্টটা,0.0,0.0,0.0
latest,0.0,0.0,0.0
সকলের,0.0,0.0,0.0
watt,0.0,0.0,0.0
যেদিন,0.0,0.0,0.0
policy,0.0,0.0,0.0
diyechilam,0.0,0.0,0.0
parbe,0.0,0.0,0.0
cheyeci,0.0,0.0,0.0
১০৫,0.0,0.0,0.0
ম্যাসেজ,0.0,0.0,0.0
হাসি,0.0,0.0,0.0
করসি,0.0,0.0,0.0
পেয়ছি,0.0,0.0,0.0
স্ক্রিন,0.0,0.0,0.0
অনুভূতি,0.0,0.0,0.0
abaro,0.0,0.0,0.0
moisturizer,0.0,0.0,0.0
ক্লিনার,0.0,0.0,0.0
গুরুত্বপূর্ণ,0.0,0.0,0.0
হাড়,0.0,0.0,0.0
authenticity,0.0,0.0,0.0
cooling,0.0,0.0,0.0
বোধ,0.0,0.0,0.0
jon,0.0,0.0,0.0
tokhon,0.0,0.0,0.0
international,0.0,0.0,0.0
chowmein,0.0,0.0,0.0
bujhlam,0.0,0.0,0.0
sleek,0.0,0.0,0.0
900,0.0,0.0,0.0
tulonai,0.0,0.0,0.0
বাহ,0.0,0.0,0.0
select,0.0,0.0,0.0
মানা,0.0,0.0,0.0
ডাক,0.0,0.0,0.0
section,0.0,0.0,0.0
ওপরে,0.0,0.0,0.0
ভেজে,0.0,0.0,0.0
porei,0.0,0.0,0.0
স্বাদও,0.0,0.0,0.0
কোনরকম,0.0,0.0,0.0
কিউব,0.0,0.0,0.0
খুশিতে,0.0,0.0,0.0
গেঞ্জিটা,0.0,0.0,0.0
thanda,0.0,0.0,0.0
পুর,0.0,0.0,0.0
কনফিউজড,0.0,0.0,0.0
চাপে,0.0,0.0,0.0
০২,0.0,0.0,0.0
পার্সেন্ট,0.0,0.0,0.0
প্রত্যাশা,0.0,0.0,0.0
মোহাম্মদপুরে,0.0,0.0,0.0
সয়াবিন,0.0,0.0,0.0
রাউটারের,0.0,0.0,0.0
bottles,0.0,0.0,0.0
হাড্ডি,0.0,0.0,0.0
pipe,0.0,0.0,0.0
additional,0.03632152989402276,0.0,0.0
আমিন,0.0,0.0,0.0
দেয়নাই,0.0,0.0,0.0
মুখরোচক,0.0,0.0,0.0
ny,0.0,0.0,0.0
সাহস,0.0,0.0,0.0
ensure,0.0,0.0,0.0
shops,0.0,0.0,0.0
season,0.0,0.0,0.0
চয়েজ,0.0,0.0,0.0
pockets,0.0,0.0,0.0
taa,0.0,0.0,0.0
november,0.0,0.0,0.0
ঝালমুড়ি,0.0,0.0,0.0
৪৮,0.0,0.0,0.0
showroom,0.0,0.0,0.0
nc,0.0,0.0,0.0
বিজনেস,0.0,0.0,0.0
reading,0.0,0.0,0.0
সচরাচর,0.0,0.0,0.0
filter,0.0,0.0,0.0
জোর,0.0,0.0,0.0
পলিথিন,0.0,0.0,0.0
কোয়েল,0.0,0.0,0.0
সাবানটা,0.0,0.0,0.0
brightness,0.0,0.0,0.0
temontai,0.0,0.0,0.0
aslo,0.0,0.0,0.0
মেজাজ,0.0,0.0,0.0
সাধারন,0.0,0.0,0.0
প্লেইটার,0.0,0.0,0.0
gentle,0.0,0.0,0.0
মনেহয়,0.0,0.0,0.0
২৩০,-0.012097137556767359,0.0,0.0
খেলতে,0.0,0.0,0.0
kinar,0.0,0.0,0.0
মেবি,0.0,0.0,0.0
জিভে,0.0,0.0,0.0
ceyeci,0.0,0.0,0.0
আমারটা,0.0,0.0,0.0
সাবধানে,0.0,0.0,0.0
বাইটে,0.0,0.0,0.0
দাড়ি,0.0,0.0,0.0
timing,0.0,0.0,0.0
সন্দেহে,0.0,0.0,0.0
হয়েছিলাম,0.0,0.0,0.0
চলেই,0.0,0.0,0.0
নিরাপদ,0.0,0.0,0.0
mashroom,0.0,0.0,0.0
জিনিসগুলো,0.0,0.0,0.0
queen,0.0,0.0,0.0
story,0.0,0.0,0.0
বলেছেন,0.0,0.0,0.0
কার্ট,0.0,0.0,0.0
পাঠাবেন,0.0,0.0,0.0
চ্যাটে,0.0,0.0,0.0
march,0.0,0.0,0.0
caisi,0.0,0.0,0.0
০৩,0.0,0.0,0.0
যেকেউ,0.0,0.0,0.0
চুলা,0.0,0.0,0.0
মরিচা,0.0,0.0,0.0
ইউজের,0.0,0.0,0.0
পরলাম,0.0,0.0,0.0
অমৃত,0.0,0.0,0.0
served,0.0,0.0,0.0
প্রাইসের,0.0,0.0,0.0
previously,0.0,0.0,0.0
ভাইদের,0.0,0.0,0.0
২জনের,0.0,0.0,0.0
stuck,0.0,0.0,0.0
লাইটের,0.0,0.0,0.0
josss,0.0,0.0,0.0
hit,0.0,0.0,0.0
dandruff,0.0,0.0,0.0
ঘড়িটার,0.0,0.0,0.0
refill,0.0,0.0,0.0
jayga,0.0,0.0,0.0
৬৫০,0.0,0.0,0.0
৩জনের,0.0,0.0,0.0
বান্ধবী,0.0,0.0,0.0
বিকাশে,0.0,0.0,0.0
onu,0.0,0.0,0.0
percel,0.0,0.0,0.0
setting,0.0,0.0,0.0
ডায়পার,0.0,0.0,0.0
xpress,0.0,0.0,0.0
কেনাই,0.0,0.0,0.0
ধন্য,0.0,0.0,0.0
silam,0.0,0.0,0.0
সেটিং,0.0,0.0,0.0
planet,0.0,0.0,0.0
লাগা,0.0,0.0,0.0
hoa,0.0,0.0,0.0
defected,0.0,0.0,0.0
windows,0.0,0.0,0.0
momo,0.0,0.0,0.0
jomidari,0.0,0.0,0.0
প্রত্যেকটি,0.0,0.0,0.0
হইত,0.0,0.0,0.0
desa,0.0,0.0,0.0
লুফে,0.0,0.0,0.0
discounts,0.0,0.0,0.0
টিসু,0.0,0.0,0.0
silky,0.0,0.0,0.0
তিনদিন,0.0,0.0,0.0
form,0.0,0.0,0.0
৬টা,0.0,0.0,0.0
ধরতে,0.0,0.0,0.0
hoyce,0.0,0.0,0.0
499,0.0,0.0,0.0
লেইট,0.0,0.0,0.0
কিনছিলাম,0.0,0.0,0.0
আফসোস,0.0,0.0,0.0
দারজ,0.0,0.0,0.0
08,0.0,0.0,0.0
ঢুকেই,0.0,0.0,0.0
hp,0.0,0.0,0.0
প্রথমবারের,0.0,0.0,0.0
playing,0.0,0.0,0.0
tnk,0.0,0.0,0.0
শুকনা,0.0,0.0,0.0
প্লেইন,0.0,0.0,0.0
portable,0.0,0.0,0.0
india,0.0,0.0,0.0
hall,0.0,0.0,0.0
নয়তো,0.0,0.0,0.0
stupid,0.0,0.0,0.0
গ্রহণ,0.0,0.0,0.0
tnxx,0.0,0.0,0.0
লোশন,0.0,0.0,0.0
la,0.0,0.0,0.0
paro,0.0,0.0,0.0
হরেক,0.0,0.0,0.0
হাউস,0.0,0.0,0.0
জন্যও,0.0,0.0,0.0
odar,0.0,0.0,0.0
খুচরা,0.0,0.0,0.0
সাড়ে,0.0,0.0,0.0
wonton,0.0,0.0,0.0
gram,0.0,0.0,0.0
ebar,0.0,0.0,0.0
salar,0.0,0.0,0.0
০১,0.0,0.0,0.0
সর্বোপরি,0.0,0.0,0.0
চামড়া,0.0,0.0,0.0
নট,0.0,0.0,0.0
টিভিটা,0.0,0.0,0.0
পেজে,0.0,0.0,0.0
bondo,0.0,0.0,0.0
যথেষ্ঠ,0.0,0.0,0.0
ওয়াটারপ্রুফ,0.0,0.0,0.0
ডেটের,0.0,0.0,0.0
deke,0.0,0.0,0.0
বলুন,0.0,0.0,0.0
ওরিজিনাল,0.0,0.0,0.0
লিখতে,0.0,0.0,0.0
ড্রেস,0.0,0.0,0.0
শেষের,0.0,0.0,0.0
জং,0.0,0.0,0.0
জুড়ে,0.0,0.0,0.0
ট্রাউজার,0.0,0.0,0.0
নারিকেল,0.0,0.0,0.0
sundar,0.0,0.0,0.0
manufactured,0.0,0.0,0.0
লিমিট,0.0,0.0,0.0
সাবানগুলো,0.0,0.0,0.0
bangla,0.0,0.0,0.0
04,0.0,0.0,0.0
rfl,0.0,0.0,0.0
niyesi,0.0,0.0,0.0
মিনিটে,0.0,0.0,0.0
হাইপ,0.0,0.0,0.0
appearance,0.0,0.0,0.0
lips,0.0,0.0,0.0
msg,0.0,0.0,0.0
দুজনের,0.0,0.0,0.0
sms,0.0,0.0,0.0
ডে,0.0,0.0,0.0
chhilo,0.0,0.0,0.0
হাজি,0.0,0.0,0.0
48,0.0,0.0,0.0
চলুন,0.0,0.0,0.0
measurement,0.0,0.0,0.0
tissues,0.0,0.0,0.0
ভদ্র,0.0,0.0,0.0
palam,0.0,0.0,0.0
জিলাপি,0.0,0.0,0.0
মাংসগুলো,0.0,0.0,0.0
chance,0.0,0.0,0.0
seeing,0.0,0.0,0.0
চিকেনে,0.0,0.0,0.0
ক্যাম্প,0.0,0.0,0.0
সত্ত্বেও,0.0,0.0,0.0
এম্পিয়ার,0.0,0.0,0.0
damn,0.0,0.0,0.0
মাঝখানে,0.0,0.0,0.0
কপাল,0.0,0.0,0.0
ভর্তার,0.0,0.0,0.0
fell,0.0,0.0,0.0
darbar,0.0,0.0,0.0
লাইফে,0.0,0.0,0.0
gate,0.0,0.0,0.0
ভোল্টেজ,0.0,0.0,0.0
অত্যান্ত,0.0,0.0,0.0
মন্তব্য,0.0,0.0,0.0
karo,0.0,0.0,0.0
elastic,0.0,0.0,0.0
increase,0.0,0.0,0.0
নেব,0.0,0.0,0.0
গুলশানের,0.0,0.0,0.0
পারেন৷,0.0,0.0,0.0
keeping,0.0,0.0,0.0
ডাটা,0.0,0.0,0.0
reached,0.0,0.0,0.0
mill,0.0,0.0,0.0
শোরুম,0.0,0.0,0.0
shb,0.0,0.0,0.0
deksi,0.0,0.0,0.0
sea,0.0,0.0,0.0
গ্রিলড,0.0,0.0,0.0
খাট,0.0,0.0,0.0
ধামাকা,-0.013901889681983005,0.0,0.0
carrying,0.0,0.0,0.0
চার্জও,0.0,0.0,0.0
west,0.0,0.0,0.0
asce,0.0,0.0,0.0
তিনবার,0.0,0.0,0.0
deliveryman,0.0,0.0,0.0
জয়,0.0,0.0,0.0
৬৯৯,0.0,0.0,0.0
vabi,0.0,0.0,0.0
koira,0.0,0.0,0.0
meet,0.0,0.0,0.0
পিকআপ,0.0,0.0,0.0
মারতে,0.0,0.0,0.0
bailey,0.0,0.0,0.0
কমালে,0.0,0.0,0.0
পোস্টে,0.0,0.0,0.0
press,0.0,0.0,0.0
ফটো,0.0,0.0,0.0
তাইতো,0.0,0.0,0.0
কাছেও,0.0,0.0,0.0
কয়েন,0.0,0.0,0.0
সপ্তাহের,0.0,0.0,0.0
রিভিউটা,0.0,0.0,0.0
aber,0.0,0.0,0.0
staff,0.0,0.0,0.0
কোর্স,0.0,0.0,0.0
নিয়েও,0.0,0.0,0.0
sheet,0.0,0.0,0.0
খুবেই,0.0,0.0,0.0
american,0.0,0.0,0.0
haate,0.0,0.0,0.0
কোরাল,0.0,0.0,0.0
তালা,0.0,0.0,0.0
আসবেন,0.0,0.0,0.0
এফ,0.0,0.0,0.0
ব্যস্ত,0.0,0.0,0.0
গুঁড়া,0.0,0.0,0.0
august,0.0,0.0,0.0
রান্নার,0.0,0.0,0.0
ro,0.0,0.0,0.0
গেসি,0.0,0.0,0.0
ব্যবহারটা,0.0,0.0,0.0
মডেলের,0.0,0.0,0.0
একুরেট,0.0,0.0,0.0
স্টাইল,0.0,0.0,0.0
কেস,0.0,0.0,0.0
গুলাই,0.0,0.0,0.0
kali,0.0,0.0,0.0
ভাজ,0.0,0.0,0.0
humble,0.0,0.0,0.0
ল্যাপটপ,0.0,0.0,0.0
ওভেন,0.0,0.0,0.0
global,0.0,0.0,0.0
বলবে,0.0,0.0,0.0
anti,0.0,0.0,0.0
dese,0.0,0.0,0.0
ney,0.0,0.0,0.0
ঘন্টায়,0.0,0.0,0.0
ওয়াল,0.0,0.0,0.0
shirts,0.0,0.0,0.0
amazed,0.0,0.0,0.0
ক্যান্সেল,0.0,0.0,0.0
পূর্ব,0.0,0.0,0.0
২০০টাকা,0.0,0.0,0.0
কন্ট্রোল,0.0,0.0,0.0
fat,0.0,0.0,0.0
বসেই,0.0,0.0,0.0
marks,0.0,0.0,0.0
জায়নামাজ,0.0,0.0,0.0
দাওয়াত,0.0,0.0,0.0
reach,0.0,0.0,0.0
dekhay,0.0,0.0,0.0
সস্তায়,0.0,0.0,0.0
niyeci,0.0,0.0,0.0
deoya,0.0,0.0,0.0
গ্লু,0.0,0.0,0.0
fajitas,0.0,0.0,0.0
মুলত,0.0,0.0,0.0
অনু,0.0,0.0,0.0
দিসেন,0.0,0.0,0.0
baloi,0.0,0.0,0.0
macbook,0.0,0.0,0.0
pan,0.0,0.0,0.0
এইটি,0.0,0.0,0.0
larger,0.0,0.0,0.0
কিনবে,0.0,0.0,0.0
february,0.0,0.0,0.0
valoo,0.0,0.0,0.0
recomanded,0.0,0.0,0.0
বেজ,0.0,0.0,0.0
hang,0.0,0.0,0.0
সেভাবে,0.0,0.0,0.0
লাইট,0.0,0.0,0.0
ফ্যান,0.0,0.0,0.0
থাকা,0.0,0.0,0.0
ডিম,0.0,0.0,0.0
belt,0.0,0.0,0.0
shopping,0.0,0.0,0.0
কেও,0.0,0.0,0.0
থেকেও,0.0,0.0,0.0
এগুলো,0.0,0.0,0.0
১২০,0.0,0.0,0.0
কষ্ট,0.0,0.0,0.0
বললাম,0.0,0.0,0.0
টিভি,0.0,0.0,0.0
২৮০,0.0,0.0,0.0
dekhi,0.0,0.0,0.0
কত,0.0,0.0,0.0
tissue,0.0,0.0,0.0
পান্থপথ,0.04594065208790696,0.0,0.0
হয়না,0.0,0.0,0.0
expire,0.0,0.0,0.0
বিক্রি,0.0,0.0,0.0
প্রচুর,0.0,0.0,0.0
কিছুদিন,0.0,0.0,0.0
water,0.0,0.0,0.0
আপনাকে,0.0,0.0,0.0
সেইম,0.0,0.0,0.0
২টা,0.0,0.0,0.0
photo,0.0,0.0,0.0
tnq,0.0,0.0,0.0
হয়েছিল,0.0,0.0,0.0
নেয়া,0.0,0.0,0.0
nothing,0.0,0.0,0.0
24,0.0,0.0,0.0
আলহামদুলিল্লাহ্,0.0,0.0,0.0
deyar,0.0,0.0,0.0
সার্ভ,0.013207216631431156,0.0,0.0
আনলিমিটেড,0.0,0.0,0.0
expired,0.0,0.0,0.0
লেগে,0.0,0.0,0.0
অনুরোধ,0.0,0.0,0.0
মধ্যেই,0.0,0.0,0.0
বলব,0.0,0.0,0.0
fantastic,0.0,0.0,0.0
go,0.0,0.0,0.0
parcel,0.0,0.0,0.0
kg,-0.0009767745478065789,0.0,0.0
quantity,0.0,0.0,0.0
শক্ত,0.0,0.0,0.0
খেয়েছি,0.0,0.0,0.0
লুচি,0.0,0.0,0.0
চুল,0.0,0.0,0.0
দেই,0.0,0.0,0.0
কভার,0.0,0.0,0.0
ঘড়ির,0.0,0.0,0.0
most,0.0,0.0,0.0
কেনার,0.0,0.0,0.0
দেখানো,0.0,0.0,0.0
jeta,0.0,0.0,0.0
vloi,0.0,0.0,0.0
feels,0.0,0.0,0.0
expect,0.0,0.0,0.0
গ্রাম,0.0,0.0,0.0
ভেজিটেবল,0.0,0.0,0.0
old,0.0,0.0,0.0
hours,0.0,0.0,0.0
মতই,0.0,0.0,0.0
ml,0.0,0.0,0.0
bd,0.0,0.0,0.0
বন্ধু,0.0,0.0,0.0
motamuti,0.0,0.0,0.0
কারনে,0.0,0.0,0.0
৮০,0.0,0.0,0.0
তৈরি,0.0,0.0,0.0
beef,0.0,0.0,0.0
paran,0.0,0.0,0.0
বাইরে,0.0,0.0,0.0
ডেলিভারিতে,0.0,0.0,0.0
dewar,0.0,0.0,0.0
দিব,0.0,0.0,0.0
person,0.0,0.0,0.0
ঘ্রাণ,0.0,0.0,0.0
দিছি,0.0,0.0,0.0
বাজারে,0.0,0.0,0.0
অন্যান্য,0.0,0.0,0.0
গেছি,0.0,0.0,0.0
মনের,0.0,0.0,0.0
short,0.0,0.0,0.0
মতোই,0.0,0.0,0.0
orginal,0.0,0.0,0.0
korechi,0.0,0.0,0.0
গুলশান,0.0007095658097645529,0.0,0.0
যাবেন,0.0,0.0,0.0
প্লেট,0.0,0.0,0.0
performance,0.0,0.0,0.0
behavior,0.0,0.0,0.0
প্রাইজ,0.0,0.0,0.0
wonderful,0.0,0.0,0.0
print,0.0,0.0,0.0
টেবিল,0.02916679407538958,0.0,0.0
caile,0.0,0.0,0.0
ব্যাপার,0.0,0.0,0.0
বোরহানি,0.0,0.0,0.0
বুঝা,0.0,0.0,0.0
somoy,0.0,0.0,0.0
নিচে,0.0,0.0,0.0
nilam,0.08750333150178588,0.0,0.0
goods,0.0,0.0,0.0
rokom,0.0,0.0,0.0
নিশ্চিন্তে,0.0,0.0,0.0
inside,0.0,0.0,0.0
few,0.0,0.0,0.0
রেসপন্স,0.0,0.0,0.0
যেখানে,0.0,0.0,0.0
৬০,0.0,0.0,0.0
usb,0.0,0.0,0.0
ভাঙ্গা,0.0,0.0,0.0
পেট,0.0,0.0,0.0
ডাল,0.0,0.0,0.0
রাইডার,0.0,0.0,0.0
friendly,0.0,0.0,0.0
usual,0.0,0.0,0.0
akhon,0.0,0.0,0.0
রকমের,0.0029278292178924322,0.0,0.0
bole,0.0,0.0,0.0
একদমই,0.0,0.0,0.0
let,0.0,0.0,0.0
hisabe,0.0,0.0,0.0
পুরা,0.0,0.0,0.0
অনেকটা,0.0,0.0,0.0
point,0.0,0.0,0.0
হলাম,-0.05374892651767796,0.0,0.0
পন্যের,0.0,0.0,0.0
সবকিছুই,0.0,0.0,0.0
backup,0.0,0.0,0.0
বোঝা,0.0,0.0,0.0
পাব,0.0,0.0,0.0
moddhe,0.0,0.0,0.0
kmn,0.0,0.0,0.0
গ্লাস,0.0,0.0,0.0
gd,0.0,0.0,0.0
pen,0.0,0.0,0.0
বি,0.0,0.0,0.0
বুঝলাম,0.0,0.0,0.0
৩০০,0.0,0.0,0.0
router,0.0,0.0,0.0
tara,0.0,0.0,0.0
জাস্ট,0.0,0.0,0.0
কাস্টমার,0.0,0.0,0.0
nicely,0.0,0.0,0.0
গিয়েছে,0.0,0.0,0.0
খালি,0.0,0.0,0.0
দেয়নি,0.0,0.0,0.0
আরাম,0.0,0.0,0.0
শ্যামলী,0.05725367062598177,0.0,0.0
স্পাইসি,0.0,0.0,0.0
গুড,0.0,0.0,0.0
diyeche,0.0,0.0,0.0
dile,0.0,0.0,0.0
লোকেশনঃ,0.0,0.0,0.0
amake,0.0,0.0,0.0
ভিডিও,0.0,0.0,0.0
নিজের,0.0,0.0,0.0
এভাবে,0.0,0.0,0.0
৯৯,0.0,0.0,0.0
উচিৎ,0.0,0.0,0.0
system,0.0,0.0,0.0
চাইলাম,0.0,0.0,0.0
মাশাল্লাহ,0.0,0.0,0.0
advertised,0.0,0.0,0.0
online,0.0,0.0,0.0
এসেছে,0.0,0.0,0.0
চার,0.02517554832053242,0.0,0.0
মানুষের,0.0,0.0,0.0
slow,0.0,0.0,0.0
environment,0.0,0.0,0.0
200,0.0,0.0,0.0
লাল,0.0,0.0,0.0
hisebe,0.0,0.0,0.0
missing,0.0,0.0,0.0
onujayi,0.0,0.0,0.0
দোকানে,0.029062893965570224,0.0,0.0
paper,0.0,0.0,0.0
বনশ্রী,0.041186575802050776,0.0,0.0
liquid,0.0,0.0,0.0
প্যাক,0.0,0.0,0.0
ভাইয়া,0.0,0.0,0.0
pictures,0.0,0.0,0.0
disappointing,0.0,0.0,0.0
বুঝে,0.0,0.0,0.0
স্কয়ার,0.010970496390089875,0.0,0.0
মাটন,0.0,0.0,0.0
টিস্যু,0.0,0.0,0.0
green,0.0,0.0,0.0
already,0.0,0.0,0.0
ঠান্ডা,0.0,0.0,0.0
দামঃ,0.0,0.0,0.0
কয়েক,0.0,0.0,0.0
purchased,0.0,0.0,0.0
লাগেনি,0.0,0.0,0.0
বিশ্বাস,0.0,0.0,0.0
মাংসের,0.0,0.0,0.0
onujai,0.0,0.0,0.0
বোতল,0.0,0.0,0.0
ll,0.0,0.0,0.0
অফারে,0.0,0.0,0.0
actually,0.0,0.0,0.0
ভিন্ন,0.0,0.0,0.0
d,0.0,0.0,0.0
বাজেট,0.0,0.0,0.0
while,0.0,0.0,0.0
বলছি,0.0,0.0,0.0
0,0.0,0.0,0.0
support,-0.08087836458306498,0.0,0.0
korsi,0.0,0.0,0.0
who,0.0,0.0,0.0
হাত,0.0,0.0,0.0
শপ,0.0,0.0,0.0
মাথায়,0.0,0.0,0.0
piece,0.0,0.0,0.0
khob,0.0,0.0,0.0
dhanmondi,0.0,0.0,0.0
lounge,0.0,0.0,0.0
সেলাই,0.0,0.0,0.0
kind,0.0,0.0,0.0
অভিজ্ঞতা,0.0,0.0,0.0
প্রয়োজন,0.0,0.0,0.0
রাখা,0.0,0.0,0.0
never,0.0,0.0,0.0
কিন্ত,0.0,0.0,0.0
স্মেল,0.0,0.0,0.0
hoice,0.0,0.0,0.0
শ্যাম্পু,0.0,0.0,0.0
আড্ডা,0.0,0.0,0.0
check,0.0,0.0,0.0
নেওয়া,0.0,0.0,0.0
ডিসকাউন্ট,0.0,0.0,0.0
did,0.0,0.0,0.0
তাছাড়া,0.0,0.0,0.0
১৫০,0.0,0.0,0.0
খিচুড়ি,0.0,0.0,0.0
deliver,0.0,0.0,0.0
test,0.0,0.0,0.0
ইনশাআল্লাহ,0.0,0.0,0.0
st,0.0,0.0,0.0
keep,0.0,0.0,0.0
page,0.0,0.0,0.0
weight,0.0,0.0,0.0
হওয়ার,0.0,0.0,0.0
ফেরত,0.0,0.0,0.0
ডেট,0.0,0.0,0.0
হয়তো,0.0,0.0,0.0
দিচ্ছে,0.0,0.0,0.0
জানি,0.0,0.0,0.0
দিলো,0.0,0.0,0.0
lagse,0.0,0.0,0.0
থেকেই,0.0,0.0,0.0
quickly,0.0,0.0,0.0
কখনো,0.0,0.0,0.0
দিনে,0.0,0.0,0.0
kisu,0.0,0.0,0.0
onno,0.0,0.0,0.0
off,0.0,0.0,0.0
করবে,0.0,0.0,0.0
described,0.0,0.0,0.0
helpful,0.0,0.0,0.0
extra,0.0,0.0,0.0
করুন,0.0,0.0,0.0
বাসায়,0.0,0.0,0.0
buying,0.0,0.0,0.0
feel,0.0,0.0,0.0
খোলা,0.0,0.0,0.0
korbo,0.0,0.0,0.0
মোহাম্মদপুর,0.06014299643018757,0.0,0.0
age,0.0,0.0,0.0
another,0.0,0.0,0.0
customer,0.0,0.0,0.0
chole,0.0,0.0,0.0
restaurant,0.0,0.0,0.0
baby,0.0,0.0,0.0
paichi,0.0,0.0,0.0
তারিখ,0.0,0.0,0.0
রং,0.0,0.0,0.0
নাম্বার,0.0,0.0,0.0
xl,0.0,0.0,0.0
know,0.0,0.0,0.0
পছন্দের,0.0,0.0,0.0
soap,0.0,0.0,0.0
50,0.0,0.0,0.0
নরম,0.0,0.0,0.0
যেরকম,0.0,0.0,0.0
শার্ট,0.0,0.0,0.0
কোয়ালিটির,0.0,0.0,0.0
টার,0.0,0.0,0.0
নান,0.0,0.0,0.0
coffee,0.0,0.0,0.0
dite,0.0,0.0,0.0
wash,0.0,0.0,0.0
kew,0.0,0.0,0.0
ঠাক,0.0,0.0,0.0
খিলগাঁও,0.02668383056404822,0.0,0.0
dhonnobad,0.0,0.0,0.0
আসা,0.0,0.0,0.0
দারুণ,0.0,0.0,0.0
smooth,0.0,0.0,0.0
দেন,0.0,0.0,0.0
পন্যটি,0.0,0.0,0.0
motamoti,0.0,0.0,0.0
বিষয়,0.0,0.0,0.0
peyesi,0.0,0.0,0.0
store,0.0,0.0,0.0
definitely,0.0,0.0,0.0
vabe,0.0,0.0,0.0
given,0.0,0.0,0.0
next,0.0,0.0,0.0
পেতে,0.0,0.0,0.0
২০০,0.0,0.0,0.0
mirpur,0.0,0.0,0.0
fake,0.0,0.0,0.0
cool,0.0,0.0,0.0
description,0.0,0.0,0.0
আসি,0.0,0.0,0.0
dekhe,0.0,0.0,0.0
ve,0.0,0.0,0.0
top,0.0,0.0,0.0
shob,0.0,0.0,0.0
৷,0.0,0.0,0.0
road,0.0,0.0,0.0
otherwise,0.0,0.0,0.0
ek,0.0,0.0,0.0
card,0.0,0.0,0.0
does,0.0,0.0,0.0
shipping,0.0,0.0,0.0
bbq,0.0,0.0,0.0
strong,0.0,0.0,0.0
properly,0.0,0.0,0.0
ভালোভাবে,0.0,0.0,0.0
normal,0.0,0.0,0.0
স্টেক,0.0,0.0,0.0
korlam,0.0,0.0,0.0
material,0.0,0.0,0.0
fried,0.0,0.0,0.0
বই,0.0,0.0,0.0
bottle,0.0,0.0,0.0
ভাউচার,0.0,0.0,0.0
গন্ধ,0.0,0.0,0.0
আল্লাহ,-0.013813405243016098,0.0,0.0
মোটা,0.0,0.0,0.0
আসলাম,0.0,0.0,0.0
সেখানে,0.0,0.0,0.0
মজবুত,0.0,0.0,0.0
সবগুলো,0.0,0.0,0.0
দিবো,0.0,0.0,0.0
hard,0.0,0.0,0.0
বাটপার,0.0,0.0,0.0
thought,0.0,0.0,0.0
wanted,0.0,0.0,0.0
অবস্থায়,0.0,0.0,0.0
peye,0.0,0.0,0.0
সবাইকে,0.0,0.0,0.0
ঘন্টা,0.0,0.0,0.0
ইচ্ছা,0.0,0.0,0.0
যেই,0.0,0.0,0.0
pasta,0.0,0.0,0.0
every,0.0,0.0,0.0
জুসি,0.0,0.0,0.0
warranty,0.0,0.0,0.0
rider,0.0,0.0,0.0
দেখার,0.0,0.0,0.0
worst,0.0,0.0,0.0
mota,0.0,0.0,0.0
কেনা,0.0,0.0,0.0
may,0.0,0.0,0.0
charger,0.0,0.0,0.0
এটাই,0.0,0.0,0.0
finishing,0.0,0.0,0.0
জানাই,0.0,0.0,0.0
ভুনা,0.0,0.0,0.0
সবই,0.0,0.0,0.0
যেহেতু,0.0,0.0,0.0
waste,-0.0417110359579083,0.0,0.0
bebohar,0.0,0.0,0.0
২৫,0.0,0.0,0.0
dey,0.0,0.0,0.0
হত,0.0,0.0,0.0
কোথাও,0.0,0.0,0.0
glass,0.0,0.0,0.0
পারিনি,0.0,0.0,0.0
আসছে,0.0,0.0,0.0
blue,0.0,0.0,0.0
পড়েছে,0.0,0.0,0.0
year,0.0,0.0,0.0
jmn,0.0,0.0,0.0
here,0.0,0.0,0.0
case,0.0,0.0,0.0
make,0.0,0.0,0.0
tmn,0.0,0.0,0.0
স্টার,0.0,0.0,0.0
দোকানের,0.0015461182178701783,0.0,0.0
satisfactory,0.0,0.0,0.0
অস্থির,0.0,0.0,0.0
থাই,0.0,0.0,0.0
কাচ্চির,0.0,0.0,0.0
দিল,0.0,0.0,0.0
absolutely,0.0,0.0,0.0
provide,0.0,0.0,0.0
খেলাম,0.0,0.0,0.0
রেগুলার,0.0,0.0,0.0
must,0.0,0.0,0.0
বিভিন্ন,0.0,0.0,0.0
অত্যন্ত,0.0,0.0,0.0
ডেলিভারী,0.0,0.0,0.0
ফ্লেভার,0.0,0.0,0.0
red,0.0,0.0,0.0
regular,0.0,0.0,0.0
কেজি,0.0,0.0,0.0
পোডাক্ট,0.0,0.0,0.0
উত্তরা,0.06469059872549629,0.0,0.0
কাছ,0.0,0.0,0.0
মেনু,0.0,0.0,0.0
team,0.0,0.0,0.0
change,0.0,0.0,0.0
জন্যে,0.0,0.0,0.0
দিয়েছিলাম,0.0,0.0,0.0
যাওয়ার,0.0,0.0,0.0
hoyeche,0.0,0.0,0.0
সম্ভব,0.0,0.0,0.0
vhalo,0.0,0.0,0.0
second,0.0,0.0,0.0
30,0.0,0.0,0.0
holo,0.0,0.0,0.0
korle,0.0,0.0,0.0
ফ্রেশ,0.0,0.0,0.0
body,0.0,0.0,0.0
পাইলাম,0.0,0.0,0.0
গায়ে,0.0,0.0,0.0
nita,0.0,0.0,0.0
special,0.0,0.0,0.0
বিশেষ,0.0,0.0,0.0
damaged,0.0,0.0,0.0
নিলে,-0.0025992608526940386,0.0,0.0
platter,0.0,0.0,0.0
cream,0.0,0.0,0.0
গেলো,0.0,0.0,0.0
fan,0.0,0.0,0.0
কিনলাম,0.0,0.0,0.0
বসুন্ধরা,0.05482797503835961,0.0,0.0
ugreen,0.0,0.0,0.0
way,0.0,0.0,0.0
একজন,0.0,0.0,0.0
receive,0.0,0.0,0.0
সাদা,0.0,0.0,0.0
যাদের,0.0,0.0,0.0
ভিতর,0.0,0.0,0.0
ভাইয়ের,0.0,0.0,0.0
৪০,0.0,0.0,0.0
আরামদায়ক,0.0,0.0,0.0
pai,0.0,0.0,0.0
th,-0.020696596344230905,0.0,0.0
মিষ্টি,0.0,0.0,0.0
niye,0.0,0.0,0.0
aita,0.0,0.0,0.0
করব,0.0,0.0,0.0
almost,0.0,0.0,0.0
damage,0.0,0.0,0.0
এন্ড,0.0,0.0,0.0
rate,0.0,0.0,0.0
tasty,0.0,0.0,0.0
ফাটা,0.0,0.0,0.0
ডেকোরেশন,0.0,0.0,0.0
নিজে,0.0,0.0,0.0
mini,0.0,0.0,0.0
fits,0.0,0.0,0.0
providing,0.0,0.0,0.0
ঠকবেন,0.0,0.0,0.0
meyad,0.0,0.0,0.0
nibo,0.0,0.0,0.0
রোস্ট,0.0,0.0,0.0
অথচ,0.0,0.0,0.0
korchi,0.0,0.0,0.0
baki,0.0,0.0,0.0
হোম,0.0,0.0,0.0
চলবে,0.0,0.0,0.0
পরিষ্কার,0.0,0.0,0.0
মিরপুরের,0.0,0.0,0.0
ডেলিভারির,0.0,0.0,0.0
ব্যাপারে,0.0,0.0,0.0
সেরকম,0.0,0.0,0.0
আহামরি,0.02178564359786802,0.0,0.0
responsive,0.0,0.0,0.0
লাগানো,0.0,0.0,0.0
china,0.0,0.0,0.0
দিয়া,0.0,0.0,0.0
ইন,0.0,0.0,0.0
cheaper,0.0,0.0,0.0
smaller,0.0,0.0,0.0
পেলে,0.0,0.0,0.0
খাদক,0.0,0.0,0.0
খেয়াল,0.0,0.0,0.0
বিক্রেতা,0.0,0.0,0.0
wasn,0.0,0.0,0.0
till,0.0,0.0,0.0
পাঠিয়েছে,0.0,0.0,0.0
ফিনিশিং,0.0,0.0,0.0
tamon,0.0,0.0,0.0
square,0.0,0.0,0.0
job,0.0,0.0,0.0
instead,0.0,0.0,0.0
আতর,0.0,0.0,0.0
কোথায়,0.0,0.0,0.0
wings,0.0,0.0,0.0
niben,0.0,0.0,0.0
laptop,0.0,0.0,0.0
cube,0.0,0.0,0.0
চার্জার,0.0,0.0,0.0
considering,0.0,0.0,0.0
পিজ্জার,0.0,0.0,0.0
sellers,0.0,0.0,0.0
uttara,0.0,0.0,0.0
মাসালা,0.0,0.0,0.0
ekhon,0.0,0.0,0.0
দেবার,0.0,0.0,0.0
হবেন,0.0,0.0,0.0
geche,0.0,0.0,0.0
লেট,0.0,0.0,0.0
people,0.0,0.0,0.0
খাসির,0.0,0.0,0.0
কেক,0.0,0.0,0.0
sticker,0.0,0.0,0.0
উন্নত,0.0,0.0,0.0
ওই,0.0,0.0,0.0
নিবো,0.0,0.0,0.0
ফিল,0.0,0.0,0.0
মেইন,0.0,0.0,0.0
life,0.0,0.0,0.0
trusted,0.0,0.0,0.0
প্যাকেজ,0.0,0.0,0.0
মাশরুম,0.0,0.0,0.0
salad,0.0,0.0,0.0
বিল,0.0,0.0,0.0
বাকিটা,0.0,0.0,0.0
kinte,0.0,0.0,0.0
কালারের,0.0,0.0,0.0
clear,0.0,0.0,0.0
ঘুরে,0.0,0.0,0.0
ময়লা,0.0,0.0,0.0
careful,0.0,0.0,0.0
pink,0.0,0.0,0.0
tea,0.0,0.0,0.0
device,0.0,0.0,0.0
রুটি,0.0,0.0,0.0
জানিনা,0.0,0.0,0.0
রাউটার,0.0,0.0,0.0
এখান,0.0,0.0,0.0
abr,0.0,0.0,0.0
আসার,0.0,0.0,0.0
pro,0.0,0.0,0.0
আইটেমের,0.0,0.0,0.0
খরচ,0.0,0.0,0.0
provided,0.0,0.0,0.0
মুটামুটি,0.0,0.0,0.0
নিম্নমানের,0.0,0.0,0.0
call,0.0,0.0,0.0
কানেক্ট,0.0,0.0,0.0
sorry,-0.08285583177325975,0.0,0.0
dei,0.0,0.0,0.0
bolbo,0.0,0.0,0.0
soo,0.0,0.0,0.0
মোটেও,0.0,0.0,0.0
মানেই,0.0,0.0,0.0
sell,0.0,0.0,0.0
পোস্ট,0.0,0.0,0.0
cost,0.0,0.0,0.0
লো,0.0,0.0,0.0
isn,0.0,0.0,0.0
খাইতে,0.0,0.0,0.0
করতেছি,0.0,0.0,0.0
অপেক্ষা,0.0,0.0,0.0
সিস্টেম,0.0,0.0,0.0
xxl,0.0,0.0,0.0
hocche,0.0,0.0,0.0
dibo,0.0,0.0,0.0
dekha,0.0,0.0,0.0
বোতলের,0.0,0.0,0.0
৩টা,0.0,0.0,0.0
আচার,0.0,0.0,0.0
takar,0.0,0.0,0.0
business,0.0,0.0,0.0
us,0.0,0.0,0.0
চায়,0.0,0.0,0.0
stand,0.005337662084167401,0.0,0.0
চাইনিজ,0.0,0.0,0.0
lower,0.0,0.0,0.0
করেছেন,0.0,0.0,0.0
কথাই,0.0,0.0,0.0
open,0.0,0.0,0.0
কয়েকদিন,0.0,0.0,0.0
মূল্যে,0.0,0.0,0.0
come,0.0,0.0,0.0
mrp,0.0,0.0,0.0
জলে,0.0,0.0,0.0
ডিল,0.0,0.0,0.0
company,0.0,0.0,0.0
ঘ্রান,0.0,0.0,0.0
কিনেছিলাম,0.0,0.0,0.0
done,0.0,0.0,0.0
haven,0.0,0.0,0.0
ফুচকা,0.0,0.0,0.0
ইনটেক,0.0,0.0,0.0
রিভিও,0.04590684837873411,0.0,0.0
হ্যা,0.0,0.0,0.0
ভবিষ্যতে,0.0,0.0,0.0
spicy,0.0,0.0,0.0
বরাবরের,0.0,0.0,0.0
60,0.0,0.0,0.0
পিৎজা,0.0,0.0,0.0
প্রিন্ট,0.0,0.0,0.0
mart,0.0,0.0,0.0
খাবেন,0.0,0.0,0.0
guys,0.0,0.0,0.0
car,0.0,0.0,0.0
লোকাল,0.0,0.0,0.0
একবারে,0.0,0.0,0.0
she,0.0,0.0,0.0
তারপরও,0.0,0.0,0.0
পরিমানে,0.0,0.0,0.0
লাগলে,0.0,0.0,0.0
jara,0.0,0.0,0.0
150,0.0,0.0,0.0
pin,0.0,0.0,0.0
flavour,0.0,0.0,0.0
kache,0.0,0.0,0.0
বাদ,0.0,0.0,0.0
diche,0.0,0.0,0.0
ওভারঅল,0.0,0.0,0.0
যত,0.0,0.0,0.0
২য়,0.0,0.0,0.0
অর্ধেক,0.0,0.0,0.0
ইউ,0.0,0.0,0.0
চাইতে,0.0,0.0,0.0
disi,0.0,0.0,0.0
আমিও,0.0,0.0,0.0
although,0.0,0.0,0.0
কিউট,0.0,0.0,0.0
কোল্ড,0.0,0.0,0.0
accurate,0.0,0.0,0.0
darun,0.0,0.0,0.0
রেস্টুরেন্টের,0.0,0.0,0.0
re,0.0,0.0,0.0
kothay,0.0,0.0,0.0
sending,0.0,0.0,0.0
এজন্য,0.0,0.0,0.0
ponno,0.0,0.0,0.0
things,0.0,0.0,0.0
সন্দেহ,0.0,0.0,0.0
ব্রাঞ্চ,0.0,0.0,0.0
ওকে,0.0,0.0,0.0
connect,0.0,0.0,0.0
নকল,0.0,0.0,0.0
w,0.0,0.0,0.0
উপরের,0.0,0.0,0.0
বাটপারি,0.0,0.0,0.0
সম্পর্কে,0.0,0.0,0.0
অবাক,0.0,0.0,0.0
besh,0.0,0.0,0.0
dont,0.0,0.0,0.0
display,0.0,0.0,0.0
matro,0.0,0.0,0.0
leather,0.0,0.0,0.0
দেরিতে,0.0,0.0,0.0
এরপর,0.0,0.0,0.0
বাটার,0.0,0.0,0.0
উইংস,0.0,0.0,0.0
ঠিকমতো,0.0,0.0,0.0
result,0.0,0.0,0.0
moti,0.0,0.0,0.0
dine,0.0,0.0,0.0
around,0.0,0.0,0.0
ব্যাক,0.0,0.0,0.0
shobai,-0.03996935714757303,0.0,0.0
paice,0.0,0.0,0.0
এইবার,0.0,0.0,0.0
চিকেনের,0.0,0.0,0.0
সুযোগ,0.0,0.0,0.0
বাজেটে,0.0,0.0,0.0
২৪,0.0,0.0,0.0
ভিতরের,0.0,0.0,0.0
দুটি,0.0,0.0,0.0
honest,0.0,0.0,0.0
half,0.0,0.0,0.0
শপিং,0.0,0.0,0.0
প্লাস্টিক,0.0,0.0,0.0
৫০০,0.0,0.0,0.0
ব্যাগটা,0.0,0.0,0.0
app,0.0,0.0,0.0
due,0.0,0.0,0.0
শুধুমাত্র,0.0,0.0,0.0
নাগা,0.0,0.0,0.0
দই,0.0,0.0,0.0
আনেক,0.0,0.0,0.0
25,0.0,0.0,0.0
paise,0.0,0.0,0.0
timely,0.012795688050796205,0.0,0.0
ভরপুর,0.0,0.0,0.0
mark,0.0,0.0,0.0
থাকায়,0.0,0.0,0.0
স্বাদের,0.0,0.0,0.0
পাশের,0.0,0.0,0.0
কারো,0.0,0.0,0.0
total,0.0,0.0,0.0
legeche,0.0,0.0,0.0
দিসে,0.0,0.0,0.0
camera,0.0,0.0,0.0
পেয়েছিলাম,0.0,0.0,0.0
fragrance,0.0,0.0,0.0
থাকলেও,0.0,0.0,0.0
কতদিন,0.0,0.0,0.0
স্যুপ,0.0,0.0,0.0
দের,0.0,0.0,0.0
কিংবা,0.0,0.0,0.0
নেওয়ার,0.0,0.0,0.0
উনাদের,0.0,0.0,0.0
keyboard,0.0,0.0,0.0
ভাত,0.0,0.0,0.0
oder,0.0,0.0,0.0
কার্ড,0.0,0.0,0.0
thin,0.0,0.0,0.0
দাগ,0.0,0.0,0.0
ভরে,0.0,0.0,0.0
পুরাতন,0.0,0.0,0.0
ক্রয়,-0.05242982807223789,0.0,0.0
dewa,0.0,0.0,0.0
packaged,0.0,0.0,0.0
চোখে,0.0,0.0,0.0
hot,0.0,0.0,0.0
পাউডার,0.0,0.0,0.0
খাই,0.0,0.0,0.0
ক্যাশব্যাক,0.0,0.0,0.0
kitchen,0.0,0.0,0.0
পার্সেল,0.0,0.0,0.0
মাশাআল্লাহ,0.0,0.0,0.0
exact,0.0,0.0,0.0
মোট,0.0,0.0,0.0
পিছ,0.0,0.0,0.0
গুলোর,0.0,0.0,0.0
পিক,0.0,0.0,0.0
পাচ্ছি,0.0,0.0,0.0
pailam,0.0,0.0,0.0
খেলে,0.0,0.0,0.0
বাস্তবে,0.0,0.0,0.0
১টা,0.0,0.0,0.0
issue,0.0,0.0,0.0
laglo,0.0,0.0,0.0
বুফে,0.0,0.0,0.0
সাল,0.0,0.0,0.0
এছাড়া,0.0,0.0,0.0
মজাদার,0.0,0.0,0.0
chocolate,0.0,0.0,0.0
২৫০,0.0,0.0,0.0
থাকার,0.0,0.0,0.0
ভাবেই,0.0,0.0,0.0
দেখেছিলাম,0.0,0.0,0.0
ওয়ারেন্টি,0.0,0.0,0.0
deya,0.19957744424876506,0.0,0.0
হয়েছি,0.0,0.0,0.0
রেস্টুরেন্টে,0.0,0.0,0.0
wallet,0.0,0.0,0.0
নিয়েছে,0.0,0.0,0.0
লিকুইড,-0.008084559541950349,0.0,0.0
x,0.0,0.0,0.0
taratari,0.0,0.0,0.0
pc,0.0,0.0,0.0
মুখ,0.0,0.0,0.0
বার্গারের,0.0,0.0,0.0
steak,0.0,0.0,0.0
b,0.0,0.0,0.0
মাস্ট,0.0,0.0,0.0
ডিজাইন,0.0,0.0,0.0
powder,0.0,0.0,0.0
অন,0.0,0.0,0.0
প্রিয়,0.0,0.0,0.0
বলি,0.0,0.0,0.0
এরা,0.0,0.0,0.0
এতে,0.0,0.0,0.0
smart,0.0,0.0,0.0
এক্সট্রা,0.015690032401046237,0.0,0.0
মোবাইল,0.0,0.0,0.0
brush,0.0,0.0,0.0
পারবো,-0.03108818007252259,0.0,0.0
week,0.0,0.0,0.0
একদিন,0.0,0.0,0.0
হাতের,0.0,0.0,0.0
পরিমাণে,0.0,0.0,0.0
করেই,0.0,0.0,0.0
ভাবছিলাম,0.0,0.0,0.0
সুস্বাদু,0.0,0.0,0.0
eita,0.0,0.0,0.0
selar,0.0,0.0,0.0
home,0.0,0.0,0.0
অথেনটিক,0.0,0.0,0.0
রান্না,0.0,0.0,0.0
কম্বো,0.0,0.0,0.0
power,0.0,0.0,0.0
thnx,0.0,0.0,0.0
কিনলে,0.0,0.0,0.0
আরেক,0.0,0.0,0.0
chain,0.0,0.0,0.0
পারছি,0.0,0.0,0.0
দেখছি,0.0,0.0,0.0
sure,0.0,0.0,0.0
পোলাও,0.0,0.0,0.0
দেখায়,0.0,0.0,0.0
buffet,0.0,0.0,0.0
সবসময়,0.0,0.0,0.0
রেখে,0.0,0.0,0.0
nei,0.0,0.0,0.0
local,0.0,0.0,0.0
বাসার,0.0,0.0,0.0
dilo,0.0,0.0,0.0
মেয়াদও,0.0,0.0,0.0
jamon,0.0,0.0,0.0
জুতা,0.0,0.0,0.0
অথবা,0.0,0.0,0.0
ব্যবসা,0.0,0.0,0.0
শুনে,0.0,0.0,0.0
কেবল,0.0,0.0,0.0
তবুও,0.0,0.0,0.0
চিন্তা,0.0,0.0,0.0
খিলগাও,0.05865213872709862,0.0,0.0
bubble,0.0,0.0,0.0
সাইজে,0.0,0.0,0.0
porjonto,-0.03467787117589219,0.0,0.0
part,0.0,0.0,0.0
শেষে,0.0,0.0,0.0
korse,0.0,0.0,0.0
হাফ,0.0,0.0,0.0
clean,0.0,0.0,0.0
superb,0.0,0.0,0.0
mobile,0.0,0.0,0.0
হওয়ায়,0.0,0.0,0.0
dice,0.0,0.0,0.0
কাটা,0.0,0.0,0.0
দিছেন,0.0,0.0,0.0
ফিট,0.0,0.0,0.0
কেনো,0.0,0.0,0.0
ইন্টেরিয়র,0.0,0.0,0.0
টু,0.0,0.0,0.0
bhai,0.0,0.0,0.0
apnader,0.0,0.0,0.0
বেইলি,0.03734181050394972,0.0,0.0
ভেবে,0.0,0.0,0.0
পারবে,0.0,0.0,0.0
ডেজার্ট,0.00821130948760251,0.0,0.0
যেমনটি,0.0,0.0,0.0
future,0.0,0.0,0.0
kno,0.0,0.0,0.0
সম্পূর্ণ,0.0,0.0,0.0
৭০,0.0,0.0,0.0
তেলের,0.0,0.0,0.0
চেষ্টা,0.0,0.0,0.0
ঃ,0.0,0.0,0.0
decent,0.0,0.0,0.0
প্যাকেটিং,0.0,0.0,0.0
বাচ্চাদের,0.0,0.0,0.0
dekhte,0.0,0.0,0.0
pizzaburg,0.0182951035150856,0.0,0.0
times,0.0,0.0,0.0
দুটো,0.0,0.0,0.0
ইচ্ছে,0.0,0.0,0.0
পরেও,0.0,0.0,0.0
এভারেজ,0.0,0.0,0.0
লাভ,0.0,0.0,0.0
যাইহোক,0.0,0.0,0.0
sauce,0.0,0.0,0.0
মতে,0.0,0.0,0.0
অফ,0.0,0.0,0.0
মতন,0.0,0.0,0.0
40,0.0,0.0,0.0
those,0.0,0.0,0.0
তেমনটা,0.0,0.0,0.0
বানানো,0.0,0.0,0.0
jodi,0.0,0.0,0.0
ছেড়া,0.0,0.0,0.0
today,0.0,0.0,0.0
তিনটা,0.0,0.0,0.0
পেকেজিং,0.0,0.0,0.0
boy,0.0,0.0,0.0
halka,0.0,0.0,0.0
daraj,0.0,0.0,0.0
ভাবলাম,0.0,0.0,0.0
লস,0.0,0.0,0.0
match,0.0,0.0,0.0
বেল্ট,0.0,0.0,0.0
heavy,0.0,0.0,0.0
ঠিকানা,0.0,0.0,0.0
thai,0.0,0.0,0.0
compared,0.0,0.0,0.0
অসম্ভব,0.0,0.0,0.0
প্যাকেটের,0.0,0.0,0.0
voucher,0.0,0.0,0.0
দেখেই,0.0,0.0,0.0
মধু,0.0,0.0,0.0
uchit,0.0,0.0,0.0
ভেতরে,0.0,0.0,0.0
দয়া,0.0,0.0,0.0
pabo,0.0,0.0,0.0
ক্যাফে,0.0,0.0,0.0
v,-0.034206292035314265,0.0,0.0
cap,0.0,0.0,0.0
easily,0.0,0.0,0.0
gm,0.0,0.0,0.0
সকল,0.0,0.0,0.0
হোটেল,0.0,0.0,0.0
উনি,0.0,0.0,0.0
others,0.0,0.0,0.0
মার্কেট,0.0,0.0,0.0
patla,0.0,0.0,0.0
ঠিকই,0.0,0.0,0.0
smells,0.0,0.0,0.0
রিসিভ,0.0,0.0,0.0
vaiya,0.0,0.0,0.0
wear,0.0,0.0,0.0
ভ্যাট,0.012990758389254002,0.0,0.0
এসব,0.0,0.0,0.0
doubt,0.0,0.0,0.0
রাখার,0.0,0.0,0.0
চকলেট,0.0,0.0,0.0
however,-0.2117996283107334,0.0,0.0
টাইপ,0.0,0.0,0.0
নিছি,0.0,0.0,0.0
চাল,0.0,0.0,0.0
rd,0.0,0.0,0.0
টক,0.0,0.0,0.0
কল,0.0,0.0,0.0
দুই,0.0,0.0,0.0
long,0.0,0.0,0.0
ফ্রি,0.0,0.0,0.0
using,0.0,0.0,0.0
amar,0.0,0.0,0.0
ei,0.0,0.0,0.0
পিস,0.0,0.0,0.0
kintu,0.0,0.0,0.0
যথেষ্ট,0.02239332906141838,0.0,0.0
খেয়ে,0.0,0.0,0.0
যেমনটা,0.0,0.0,0.0
sound,0.0,0.0,0.0
small,0.0,0.0,0.0
j,0.0,0.0,0.0
cute,0.0,0.0,0.0
por,0.0,0.0,0.0
8,0.0,0.0,0.0
মেয়াদ,0.0,0.0,0.0
din,0.0,0.0,0.0
looks,0.0,0.0,0.0
কাচ্চি,0.0,0.0,0.0
everything,0.0,0.0,0.0
delivered,0.0,0.0,0.0
box,0.0,0.0,0.0
প্যাকেট,0.0,0.0,0.0
beautiful,0.0,0.0,0.0
শুধু,0.0,0.0,0.0
গেলাম,0.01831656903674801,0.0,0.0
man,0.0,0.0,0.0
packing,0.0,0.0,0.0
করলে,0.0,0.0,0.0
দেখি,0.0,0.0,0.0
should,0.0,0.0,0.0
কেমন,0.0,0.0,0.0
kora,0.0,0.0,0.0
সেটা,0.0,0.0,0.0
বার,0.0,0.0,0.0
charge,0.0,0.0,0.0
ki,0.0,0.0,0.0
ব্যাবহার,0.0,0.0,0.0
যারা,0.0,0.0,0.0
নি,0.0,0.0,0.0
দেয়া,0.0,0.0,0.0
apnara,0.0,0.0,0.0
ছবিতে,0.0,0.0,0.0
ট্রাই,0.008936613544886087,0.0,0.0
অন্য,0.0,0.0,0.0
purchase,0.0,0.0,0.0
ছবি,0.0,0.0,0.0
bhalo,0.0,0.0,0.0
high,0.0,0.0,0.0
taste,0.0,0.0,0.0
হতো,0.0,0.0,0.0
k,0.0,0.0,0.0
তা,0.0,0.0,0.0
don,0.0,0.0,0.0
দেয়ার,0.0,0.0,0.0
enough,0.0,0.0,0.0
যদি,0.0,0.0,0.0
দিছে,0.0,0.0,0.0
৯,0.0,0.0,0.0
সার্ভিস,0.0,0.0,0.0
get,0.0,0.0,0.0
৪,0.0,0.0,0.0
হলো,0.0,0.0,0.0
9,0.0,0.0,0.0
নতুন,0.0,0.0,0.0
করছি,0.0,0.0,0.0
color,0.0,0.0,0.0
peyechi,0.0,0.0,0.0
বলে,0.0,0.0,0.0
silo,-0.008268354694608062,0.0,0.0
যাবে,0.0,0.0,0.0
পাওয়া,0.0,0.0,0.0
cilo,0.0,0.0,0.0
bag,0.0,0.0,0.0
সমস্যা,0.0,0.0,0.0
working,0.0,0.0,0.0
বার্গার,0.0,0.0,0.0
valoi,0.0,0.0,0.0
মাত্র,0.0,0.0,0.0
করলাম,0.0,0.0,0.0
days,0.0,0.0,0.0
বেস্ট,0.014732212319590517,0.0,0.0
দেখতে,0.0,0.0,0.0
sob,0.0,0.0,0.0
৮,0.002434132764228073,0.0,0.0
amazing,0.0,0.0,0.0
সেই,0.0,0.0,0.0
works,0.0,0.0,0.0
tai,0.0,0.0,0.0
ভাবে,0.0,0.0,0.0
smell,0.0,0.0,0.0
ase,0.0,0.0,0.0
theke,0.0,0.0,0.0
ekta,0.0,0.0,0.0
লাগছে,0.0,0.0,0.0
better,0.0,0.0,0.0
স্বাদ,0.0,0.0,0.0
colour,0.0,0.0,0.0
free,-0.0029586141282939246,0.0,0.0
নষ্ট,0.0,0.0,0.0
ভালই,0.008895814143955507,0.0,0.0
taka,0.0,0.0,0.0
চেয়েছি,0.0,0.0,0.0
অরিজিনাল,0.0,0.0,0.0
টাকার,0.0,0.0,0.0
এতো,0.0,0.0,0.0
দ্রুত,0.0,0.0,0.0
এমন,0.0,0.0,0.0
only,0.0,0.0,0.0
পেয়ে,0.0,0.0,0.0
money,0.0,0.0,0.0
দেয়,0.0,0.0,0.0
if,0.0,0.0,0.0
sobai,0.0,0.0,0.0
দামের,0.0,0.0,0.0
7,0.0,0.0,0.0
বাট,0.0,0.0,0.0
ভিতরে,0.0,0.0,0.0
again,0.0,0.0,0.0
প্রায়,0.0,0.0,0.0
মিরপুর,0.046450260950938446,0.0,0.0
এইটা,0.0,0.0,0.0
mone,0.0,0.0,0.0
used,0.0,0.0,0.0
within,0.0,0.0,0.0
burger,0.0,0.0,0.0
low,0.0,0.0,0.0
খাবারের,0.0,0.0,0.0
আজ,0.0,0.0,0.0
সাউন্ড,0.0,0.0,0.0
গরম,0.0,0.0,0.0
work,0.0,0.0,0.0
jemon,0.0,0.0,0.0
ektu,0.0,0.0,0.0
সেলারের,0.0,0.0,0.0
দুইটা,0.0,0.0,0.0
beshi,0.0,0.0,0.0
তেমনি,0.0,0.0,0.0
ম্যান,0.0,0.0,0.0
loved,0.0,0.0,0.0
soft,-0.03081546032381369,0.0,0.0
রাইস,0.0,0.0,0.0
your,0.0,0.0,0.0
করেছে,0.0,0.0,0.0
pretty,0.0,0.0,0.0
worth,0.0,0.0,0.0
tar,0.0,0.0,0.0
যদিও,0.0,0.0,0.0
দিলে,0.0,0.0,0.0
gula,0.0,0.0,0.0
bought,0.0,0.0,0.0
দারাজের,0.0,0.0,0.0
এখনো,0.0,0.0,0.0
vai,0.0,0.0,0.0
ভাইকে,0.0,0.0,0.0
আমাদের,0.0,0.0,0.0
fully,0.0,0.0,0.0
৬,0.0,0.0,0.0
about,0.0,0.0,0.0
cover,0.0,0.0,0.0
korar,0.0,0.0,0.0
up,0.0,0.0,0.0
হতে,0.0,0.0,0.0
return,0.0,0.0,0.0
kaj,0.0,0.0,0.0
আজকে,0.0,0.0,0.0
পারফেক্ট,0.0147846775117413,0.0,0.0
৭,0.0,0.0,0.0
problem,0.0,0.0,0.0
temon,0.0,0.0,0.0
always,0.0,0.0,0.0
পিজ্জা,0.0,0.0,0.0
fine,0.0,0.0,0.0
moto,-0.006703637709675629,0.0,0.0
তাহলে,0.0,0.0,0.0
চেয়েছিলাম,0.0,0.0,0.0
শেষ,0.0,0.0,0.0
little,0.0,0.0,0.0
6,0.0,0.0,0.0
কাপড়,0.0,0.0,0.0
আপনার,0.0,0.0,0.0
সঠিক,0.0,0.0,0.0
কাবাব,0.0,0.0,0.0
হয়নি,0.0,0.0,0.0
ফালতু,-0.17145788879811788,0.0,0.0
উচিত,0.0,0.0,0.0
kono,0.0,0.0,0.0
expected,0.0,0.0,0.0
comfortable,0.0,0.0,0.0
আপনাদের,-0.014775017013694255,0.0,0.0
খুশি,0.0,0.0,0.0
any,0.0,0.0,0.0
যেটা,0.0,0.0,0.0
রকম,0.0,0.0,0.0
amr,0.0,0.0,0.0
নিয়েছি,0.0,0.0,0.0
প্রথম,0.0,0.0,0.0
hoy,0.0,0.0,0.0
নয়,0.0,0.0,0.0
bit,0.0,0.0,0.0
দেখা,0.0,0.0,0.0
রেটিং,0.0,0.0,0.0
খাওয়া,0.0,0.0,0.0
pic,0.0,0.0,0.0
paisi,0.0,0.0,0.0
ছবির,0.0,0.0,0.0
প্রোডাক্টটি,0.0,0.0,0.0
রিটার্ন,0.0,0.0,0.0
গিফট,0.0,0.0,0.0
didn,0.0,0.0,0.0
ঘড়ি,0.0,0.0,0.0
এখানে,0.0,0.0,0.0
ঝাল,0.0,0.0,0.0
মিলিয়ে,0.0,0.0,0.0
first,0.0,0.0,0.0
মিল,0.0,0.0,0.0
কিনতে,0.0,0.0,0.0
ache,0.0,0.0,0.0
চেয়ে,0.0,0.0,0.0
poor,0.0,0.0,0.0
মাস,-0.1098393310612462,0.0,0.0
there,0.0,0.0,0.0
অসংখ্য,0.0,0.0,0.0
wow,0.0,0.0,0.0
বলতে,0.0,0.0,0.0
super,0.0,0.0,0.0
u,-0.0007313335886893371,0.0,0.0
ai,0.0,0.0,0.0
নিলাম,0.0,0.0,0.0
what,0.0,0.0,0.0
পারে,0.0,0.0,0.0
alhamdulillah,0.0,0.0,0.0
original,0.0,0.0,0.0
ভালোই,0.01651648851267423,0.0,0.0
vlo,0.0,0.0,0.0
কিছু,0.0,0.0,0.0
পর,0.019221939200141397,0.0,0.0
got,0.0,0.0,0.0
really,0.0,0.0,0.0
আপনারা,0.0,0.0,0.0
paren,0.0,0.0,0.0
fast,0.0,0.0,0.0
করা,0.0,0.0,0.0
প্রডাক্ট,0.0,0.0,0.0
item,0.0,0.0,0.0
তাই,0.0,0.0,0.0
1,0.0,0.0,0.0
chilo,0.0,0.0,0.0
order,0.0,0.0,0.0
সবাই,0.0,0.0,0.0
নাই,0.0,0.0,0.0
best,0.0,0.0,0.0
time,0.0,0.0,0.0
use,0.0,0.0,0.0
কোয়ালিটি,0.0,0.0,0.0
এক,0.0,0.0,0.0
মনে,0.003171920827461899,0.0,0.0
এ,0.0,0.0,0.0
khub,0.0,0.0,0.0
জিনিস,0.0,0.0,0.0
picture,0.0,0.0,0.0
much,0.0,0.0,0.0
অনুযায়ী,0.0050980845597350015,0.0,0.0
just,0.0,0.0,0.0
বাজে,0.0,0.0,0.0
r,0.0,0.0,0.0
রিভিউ,0.0,0.0,0.0
kore,0.0,0.0,0.0
can,0.0,0.0,0.0
great,0.0,0.0,0.0
size,0.0,0.0,0.0
চিকেন,0.0,0.0,0.0
যেমন,0.034437033551141576,0.0,0.0
one,0.0,0.0,0.0
all,0.0,0.0,0.0
হয়ে,0.0,0.0,0.0
buy,0.0,0.0,0.0
received,0.0,0.0,0.0
like,0.0,0.0,0.0
হাতে,0.0,0.0,0.0
করতে,0.0,0.0,0.0
নিয়ে,0.0,0.0,0.0
প্যাকেজিং,0.0,0.0,0.0
অসাধারণ,0.0,0.0,0.0
হবে,0.0,0.0,0.0
also,0.0,0.0,0.0
nite,0.0,0.0,0.0
চাইলে,0.0,0.0,0.0
কোন,0.0,0.0,0.0
খাইও,0.0,0.0,0.0
railway,0.0,0.0,0.0
নিবোনা,0.0,0.0,0.0
hamdolillah,0.0,0.0,0.0
হাউজফুল,0.0,0.0,0.0
jeh,0.0,0.0,0.0
স্নেক্স,0.0,0.0,0.0
bl,0.0,0.0,0.0
cheaply,0.0,0.0,0.0
ফিনাইল,0.0,0.0,0.0
২৫মিনিট,0.0,0.0,0.0
good,0.0,0.0,0.0
খাজ,0.0,0.0,0.0
হয়েছে,0.0,0.0,0.0
হইয়েন,0.0,0.0,0.0
আগালে,0.0,0.0,0.0
লেগেসে,0.0,0.0,0.0
collector,0.0,0.0,0.0
বিস্তর,0.0,0.0,0.0
কাবাবটাও,0.0,0.0,0.0
onek,0.0,0.0,0.0
দারাজ৷,0.0,0.0,0.0
thanks,0.0,0.0,0.0
seller,0.0,0.0,0.0
very,0.0,0.0,0.0
ধন্যবাদ,0.0,0.0,0.0
quality,0.0,0.0,0.0
valo,0.0,0.0,0.0
৫টাকার,0.0,0.0,0.0
যায়,0.022578691527788165,0.0,0.0
my,0.0,0.0,0.0
same,0.0,0.0,0.0
2,0.0,0.0,0.0
t,0.0,0.0,0.0
১০,0.0,0.0,0.0
ব্যবহার,0.0,0.0,0.0
দিয়ে,0.0,0.0,0.0
onk,0.0,0.0,0.0
satisfied,0.0,0.0,0.0
বেশি,0.0,0.0,0.0
er,0.0,0.0,0.0
packaging,0.0,0.0,0.0
products,0.0,0.0,0.0
dekhacce,0.0,0.0,0.0
কম,0.0,0.0,0.0
10,0.0,0.0,0.0
recommended,0.0,0.0,0.0
odder,0.0,0.0,0.0
syed,0.0,0.0,0.0
judging,0.0,0.0,0.0
niechi,0.0,0.0,0.0
ডেকচি,0.0,0.0,0.0
ফেব্রুয়ারিতে,0.0,0.0,0.0
শিখুন,0.0,0.0,0.0
সহযোগিতার,0.0,0.0,0.0
roy,0.0,0.0,0.0
ট্যাকিংর,0.0,0.0,0.0
শাইনিং,0.0,0.0,0.0
সব,0.0,0.0,0.0
ই,0.0,0.0,0.0
4,0.0,0.0,0.0
আগে,0.0,0.0,0.0
কথায়,0.021120368148915894,0.0,0.0
হিসেবে,0.0,0.0,0.0
review,0.0,0.0,0.0
থাকে,0.0,0.0,0.0
kom,0.0,0.0,0.0
বড়,0.0,0.0,0.0
দিলাম,0.0,0.0,0.0
highly,0.0,0.0,0.0
no,0.0,0.0,0.0
আইটেম,0.0,0.0,0.0
well,0.0,0.0,0.0
মতো,0.0,0.0,0.0
কালার,0.0,0.0,0.0
ঠিকঠাক,0.0,0.0,0.0
গেছে,0.0,0.0,0.0
nai,0.0,0.0,0.0
awesome,0.0,0.0,0.0
হলে,0.0,0.0,0.0
মান,0.0,0.0,0.0
আবার,0.0,0.0,0.0
নেই,0.0,0.0,0.0
হচ্ছে,0.0,0.0,0.0
will,-0.10469100752715402,0.0,0.0
sundor,0.0,0.0,0.0
খেতে,0.0,0.0,0.0
৩,0.0,0.0,0.0
overall,0.0,0.0,0.0
দেওয়া,0.0,0.0,0.0
কোনো,0.0,0.0,0.0
chicken,0.0,0.0,0.0
১০০,0.0,0.0,0.0
tnx,0.0,0.0,0.0
more,0.0,0.0,0.0
পছন্দ,0.0,0.0,0.0
ordered,0.0,0.0,0.0
করেছি,0.0,0.0,0.0
সাইজ,0.0,0.0,0.0
দারাজকে,0.0,0.0,0.0
করেছিলাম,9.740538250909299e-06,0.0,0.0
after,0.0,0.0,0.0
authentic,0.0,0.0,0.0
আমাকে,0.0,0.0,0.0
লাগে,0.0,0.0,0.0
চার্জ,0.0,0.0,0.0
মানের,0.0,0.0,0.0
condition,0.0,0.0,0.0
gift,0.0,0.0,0.0
dam,0.0,0.0,0.0
jonno,0.0,0.0,0.0
দিতে,0.0,0.0,0.0
than,0.0,0.0,0.0
date,-0.042365788370990615,0.0,0.0
ok,0.0,0.0,0.0
টেস্ট,0.0,0.0,0.0
akta,0.0,0.0,0.0
যা,0.0,0.0,0.0
দেওয়ার,0.0,0.0,0.0
মধ্যে,0.0,0.0,0.0
excellent,0.0,0.0,0.0
ar,0.0,0.0,0.0
করি,0.0,0.0,0.0
দিয়েছে,0.0,0.0,0.0
সেলারকে,0.0,0.0,0.0
সময়,0.0,0.0,0.0
am,0.0,0.0,0.0
thik,0.0,0.0,0.0
service,0.0,0.0,0.0
আশা,0.0,0.0,0.0
perfect,0.0,0.0,0.0
খারাপ,0.0,0.0,0.0
দিন,0.0,0.0,0.0
এত,0.0,0.0,0.0
মোটামুটি,0.0,0.0,0.0
২,0.0,0.0,0.0
5,0.0,0.0,0.0
ami,0.0,0.0,0.0
কথা,0.0,0.0,0.0
me,0.0,0.0,0.0
recommend,0.0,0.0,0.0
করার,0.0,0.0,0.0
3,0.0,0.0,0.0
দামে,0.017708848594157823,0.0,0.0
একদম,0.00156014915992984,0.0,0.0
পণ্য,0.0,0.0,0.0
পাইছি,0.0,0.0,0.0
টি,0.0,0.0,0.0
টাকায়,0.0,0.0,0.0
পরে,0.0,0.0,0.0
৫,0.0,0.0,0.0
মত,0.001145324782254731,0.0,0.0
তেমন,0.005410270423781416,0.0,0.0
100,0.0,0.0,0.0
দেখে,0.012135647961627506,0.0,0.0
গুলো,0.0,0.0,0.0
পন্য,0.0,0.0,0.0
চলে,0.0,0.0,0.0
happy,0.0,0.0,0.0
its,-0.010112841640101265,0.0,0.0
ভাই,0.0,0.0,0.0
bad,0.0,0.0,0.0
love,0.0,0.0,0.0
they,0.0,0.0,0.0
খাবার,0.0,0.0,0.0
watch,0.0,0.0,0.0
ছোট,0.0,0.0,0.0
কাজ,0.0,0.0,0.0
আরো,0.0,0.0,0.0
এখন,0.0,0.0,0.0
too,0.0,0.0,0.0
কেউ,0.0,0.0,0.0
পেলাম,0.0,0.0,0.0
১,0.0,0.0,0.0
তার,0.0,0.0,0.0
m,0.0,0.0,0.0
আরেকটা,0.0,0.0,0.0
two,0.0,0.0,0.0
still,0.0,0.0,0.0
বসে,0.0,0.0,0.0
shundor,0.0,0.0,0.0
দিলেন,0.0,0.0,0.0
বের,0.0,0.0,0.0
জোস,0.00770978314711201,0.0,0.0
kapor,0.0,0.0,0.0
অবশ্যই,0.0,0.0,0.0
থাকবে,0.0,0.0,0.0
যাক,0.0,0.0,0.0
many,0.0,0.0,0.0
would,0.0,0.0,0.0
pcs,0.0,0.0,0.0
because,0.0,0.0,0.0
মজার,0.0,0.0,0.0
expiry,0.0,0.0,0.0
tao,0.0,0.0,0.0
fresh,0.0,0.0,0.0
send,0.0,0.0,0.0
পানি,0.0,0.0,0.0
jinish,0.0,0.0,0.0
joss,0.0,0.0,0.0
thake,0.0,0.0,0.0
সালাদ,0.0,0.0,0.0
টাইম,0.0,0.0,0.0
ধরনের,0.0,0.0,0.0
face,0.0,0.0,0.0
প্রথমে,0.0,0.0,0.0
আলু,0.0,0.0,0.0
একেবারে,0.0,0.0,0.0
দিবে,0.0,0.0,0.0
চলছে,0.0,0.0,0.0
say,0.0,0.0,0.0
বুঝতে,0.0,0.0,0.0
gave,0.0,0.0,0.0
পরিমান,0.0014759169077787713,0.0,0.0
অনেকদিন,0.0,0.0,0.0
different,0.0,0.0,0.0
হওয়া,0.0,0.0,0.0
যেন,0.0,0.0,0.0
eto,0.0,0.0,0.0
কিছুটা,0.0,0.0,0.0
dhaka,0.0,0.0,0.0
চেক,0.0,0.0,0.0
charging,0.0,0.0,0.0
তারপর,0.0,0.0,0.0
৩০,0.0,0.0,0.0
kub,0.0,0.0,0.0
tik,0.0,0.0,0.0
made,-0.04897133809656463,0.0,0.0
kotha,0.0,0.0,0.0
over,0.0,0.0,0.0
behaviour,0.0,0.0,0.0
ঢাকার,0.0,0.0,0.0
ekdom,0.0,0.0,0.0
deal,0.0,0.0,0.0
একবার,0.0,0.0,0.0
৫০,0.0,0.0,0.0
সফট,0.0,0.0,0.0
অডার,0.0,0.0,0.0
look,0.0,0.0,0.0
quite,0.0,0.0,0.0
পরিমাণ,0.0,0.0,0.0
তখন,0.0,0.0,0.0
প্যাকিং,0.0,0.0,0.0
dilam,0.0,0.0,0.0
আগের,0.0,0.0,0.0
তাড়াতাড়ি,-0.024628203875664546,0.0,0.0
please,-0.03582369687866857,0.0,0.0
design,0.0,0.0,0.0
দিকে,0.0,0.0,0.0
star,0.0,0.0,0.0
ni,0.0,0.0,0.0
try,0.0,0.0,0.0
সবচেয়ে,0.0,0.0,0.0
পাওয়ার,0.0,0.0,0.0
অসাধারন,0.0,0.0,0.0
cheap,0.0,0.0,0.0
ঘড়িটা,0.0,0.0,0.0
দিনের,0.0,0.0,0.0
দামটা,0.0,0.0,0.0
11,0.0,0.0,0.0
these,0.0,0.0,0.0
new,0.0,0.0,0.0
ফ্রাইড,0.0,0.0,0.0
অরজিনাল,0.0,0.0,0.0
প্লেস,0.0,0.0,0.0
right,0.0,0.0,0.0
জায়গায়,0.0,0.0,0.0
চা,0.0,0.0,0.0
লেখা,0.0,0.0,0.0
n,0.0,0.0,0.0
location,0.0,0.0,0.0
যাওয়া,0.017705054475859978,0.0,0.0
per,0.0,0.0,0.0
book,0.0,0.0,0.0
টাই,0.0,0.0,0.0
সময়ে,0.0,0.0,0.0
মিলে,0.0,0.0,0.0
তিন,0.0,0.0,0.0
asa,-0.21939951731746116,0.0,0.0
পুরান,0.04601662419923202,0.0,0.0
took,0.0,0.0,0.0
need,0.0,0.0,0.0
l,0.0,0.0,0.0
exactly,0.0,0.0,0.0
মুখে,0.0,0.0,0.0
do,0.0,0.0,0.0
items,0.0,0.0,0.0
পারি,0.0,0.0,0.0
আগেও,0.0,0.0,0.0
ফ্রাই,0.0,0.0,0.0
though,0.0,0.0,0.0
nosto,0.0,0.0,0.0
sellar,0.0,0.0,0.0
nah,0.0,0.0,0.0
কারণে,0.0,0.0,0.0
tv,0.0,0.0,0.0
পারলাম,0.0,0.0,0.0
type,0.0,0.0,0.0
আসতে,0.0,0.0,0.0
সেম,0.0,0.0,0.0
খুলে,0.0,0.0,0.0
একই,0.0,0.0,0.0
last,-0.0351516743789529,0.0,0.0
আন্তরিক,0.0,0.0,0.0
এসে,0.0,0.0,0.0
real,0.0,0.0,0.0
আগেই,0.002956233063779444,0.0,0.0
গেল,0.0,0.0,0.0
why,0.0,0.0,0.0
প্রোডাক্টের,0.0,0.0,0.0
ace,0.0,0.0,0.0
asha,0.0,0.0,0.0
বছর,0.0,0.0,0.0
both,0.0,0.0,0.0
ভুল,0.0,0.0,0.0
উপরে,0.0,0.0,0.0
side,0.0,0.0,0.0
নিঃসন্দেহে,0.0,0.0,0.0
পাবো,0.0,0.0,0.0
হতাশ,0.0,0.0,0.0
কফি,0.0,0.0,0.0
ব্যাটারি,0.0,0.0,0.0
সময়ের,0.0,0.0,0.0
ভেবেছিলাম,0.0,0.0,0.0
jabe,0.0,0.0,0.0
arrived,0.0,0.0,0.0
একসাথে,0.0,0.0,0.0
ak,0.0,0.0,0.0
দিক,0.0,0.0,0.0
white,-0.019108854419056763,0.0,0.0
abar,0.0,0.0,0.0
bangladesh,0.0,0.0,0.0
র,0.0,0.0,0.0
সত্যিই,0.0,0.0,0.0
সেটাই,0.0,0.0,0.0
peyeci,0.0,0.0,0.0
বাজারের,0.0,0.0,0.0
ভর্তা,0.0,0.0,0.0
fabric,0.0,0.0,0.0
দিবেন,0.0,0.0,0.0
far,0.0,0.0,0.0
পণ্যের,0.0,0.0,0.0
dame,0.0,0.0,0.0
tk,0.0,0.0,0.0
সাইজের,0.0,0.0,0.0
could,0.0,0.0,0.0
kichu,0.0,0.0,0.0
চাইছি,0.0,0.0,0.0
hand,0.0,0.0,0.0
আসল,0.0,0.0,0.0
দারাজে,0.0,0.0,0.0
কাজে,0.0,0.0,0.0
চোখ,0.0,0.0,0.0
দেরি,-0.0018349836856139305,0.0,0.0
হোক,0.0,0.0,0.0
15,0.0,0.0,0.0
fit,0.0,0.0,0.0
plastic,0.0,0.0,0.0
পুরাই,0.0,0.0,0.0
নাহ,0.0,0.0,0.0
set,0.0,0.0,0.0
বেশী,0.0,0.0,0.0
এদের,0.0,0.0,0.0
thing,0.0,0.0,0.0
liked,0.0,0.0,0.0
anyone,0.0,0.0,0.0
নরমাল,0.0,0.0,0.0
yet,0.0,0.0,0.0
giving,0.0,0.0,0.0
ধানমন্ডি,0.013809641475501127,0.0,0.0
জনের,0.0,0.0,0.0
ওদের,0.0,0.0,0.0
pack,0.0,0.0,0.0
প্রিমিয়াম,0.0,0.0,0.0
জন,0.0007715287836604724,0.0,0.0
ব্যবহারের,0.0,0.0,0.0
speed,0.0,0.0,0.0
স্পেশাল,0.0,0.0,0.0
সবার,0.0,0.0,0.0
response,0.0,0.0,0.0
shampoo,0.0,0.0,0.0
budget,0.0,0.0,0.0
ja,0.0,0.0,0.0
পুরো,0.0,0.0,0.0
কাপড়ের,0.0,0.0,0.0
গরুর,0.0,0.0,0.0
big,0.0,0.0,0.0
ever,0.0,0.0,0.0
easy,0.0,0.0,0.0
intact,0.0,0.0,0.0
উঠে,0.0,0.0,0.0
রয়েছে,0.0,0.0,0.0
কালো,0.0,0.0,0.0
je,0.0,0.0,0.0
months,0.0,0.0,0.0
ফোন,-0.022398718192215155,0.0,0.0
কিভাবে,0.0,0.0,0.0
চান,0.0,0.0,0.0
gese,0.0,0.0,0.0
করছিলাম,0.0,0.0,0.0
brand,0.0,0.0,0.0
ফাস্ট,0.0,0.0,0.0
allah,0.0,0.0,0.0
hair,0.0,0.0,0.0
ফুল,0.0,0.0,0.0
found,0.0,0.0,0.0
less,0.0,0.0,0.0
build,0.0,0.0,0.0
lage,0.0,0.0,0.0
আসলে,0.0,0.0,0.0
doesn,0.0,0.0,0.0
যাই,0.0,0.0,0.0
এবার,0.0,0.0,0.0
looking,0.0,0.0,0.0
place,0.0,0.0,0.0
গিয়েছিলাম,0.021367213004212307,0.0,0.0
দেখেছি,0.0,0.0,0.0
করবেন,0.0,0.0,0.0
them,0.0,0.0,0.0
পণ্যটি,0.0,0.0,0.0
ke,0.0,0.0,0.0
choto,0.0,0.0,0.0
skin,0.0,0.0,0.0
করবো,0.0,0.0,0.0
cafe,0.0,0.0,0.0
বলার,0.0,0.0,0.0
এটি,0.0,0.0,0.0
other,0.0,0.0,0.0
দেখলাম,0.0,0.0,0.0
cheese,0.0071278383148828195,0.0,0.0
hoye,0.0,0.0,0.0
ata,0.0,0.0,0.0
লাগলো,0.0,0.0,0.0
২০,0.0,0.0,0.0
pizza,0.0,0.0,0.0
hobe,0.0,0.0,0.0
মাল,0.0,0.0,0.0
take,0.0,0.0,0.0
যার,0.0,0.0,0.0
থাকলে,0.0,0.0,0.0
মাংস,0.0001508920836313411,0.0,0.0
disappointed,0.0,0.0,0.0
without,0.0,0.0,0.0
black,0.0,0.0,0.0
then,0.0,0.0,0.0
nd,0.0,0.0,0.0
even,0.0,0.0,0.0
করিনি,0.0,0.0,0.0
বিরিয়ানি,0.0,0.0,0.0
before,0.0,0.0,0.0
নাকি,0.0,0.0,0.0
think,0.0,0.0,0.0
pore,0.0,0.0,0.0
রোড,0.02673377501609951,0.0,0.0
besi,0.0,0.0,0.0
বাজার,0.028316030185938746,0.0,0.0
তেল,0.0,0.0,0.0
গুলা,0.0,0.0,0.0
জিনিসটা,0.0,0.0,0.0
কাজের,0.0,0.0,0.0
আপনারাও,0.0,0.0,0.0
তেমনটাই,0.0,0.0,0.0
সহ,0.0,0.0,0.0
হালকা,0.0,0.0,0.0
ফুড,0.0,0.0,0.0
তাও,0.0,0.0,0.0
packed,0.0,0.0,0.0
late,0.0,0.0,0.0
কেন,0.0,0.0,0.0
diye,0.0,0.0,0.0
tobe,0.032673930214820485,0.0,0.0
অল্প,0.0,0.0,0.0
onak,0.0,0.0,0.0
মানে,0.0,0.0,0.0
aro,0.0,0.0,0.0
গিয়ে,0.0,0.0,0.0
shop,0.0,0.0,0.0
ইউজ,0.0,0.0,0.0
হইছে,0.0,0.0,0.0
genuine,0.0,0.0,0.0
কারণ,0.0,0.0,0.0
প্রাইস,0.0,0.0,0.0
করছে,0.0,0.0,0.0
packet,0.0,0.0,0.0
আরও,0.0,0.0,0.0
রেস্টুরেন্ট,0.0,0.0,0.0
khubi,0.0,0.0,0.0
eta,0.0,0.0,0.0
give,0.0,0.0,0.0
aktu,0.0,0.0,0.0
মজা,0.0,0.0,0.0
premium,0.0,0.0,0.0
সবকিছু,0.0,0.0,0.0
jay,0.0,0.0,0.0
সেরা,0.0,0.0,0.0
ছিলাম,0.0,0.0,0.0
out,0.0,0.0,0.0
cable,0.0,0.0,0.0
খাওয়ার,0.0,0.0,0.0
গেলে,0.016090985921581317,0.0,0.0
jinis,0.0,0.0,0.0
সাবান,0.0,0.0,0.0
পাইনি,0.0,0.0,0.0
perfectly,0.0,0.0,0.0
আরেকটু,0.0,0.0,0.0
some,0.0,0.0,0.0
lot,0.0,0.0,0.0
value,0.0,0.0,0.0
বিফ,0.0,0.0,0.0
দিচ্ছি,0.0,0.0,0.0
shown,0.0,0.0,0.0
এটার,0.0,0.0,0.0
kharap,0.0,0.0,0.0
kori,0.0,0.0,0.0
sathe,0.0,0.0,0.0
okay,0.0,0.0,0.0
নাম,0.0,0.0,0.0
পাবেন,0.0,0.0,0.0
সন্তুষ্ট,0.0,0.0,0.0
চাপ,0.0,0.0,0.0
ato,0.0,0.0,0.0
oil,0.0,0.0,0.0
which,0.0,0.0,0.0
dise,-0.08342031387403576,0.0,0.0
totally,0.0,0.0,0.0
now,0.0,0.0,0.0
সত্যি,0.0,0.0,0.0
boro,0.0,0.0,0.0
বক্স,0.0,0.0,0.0
battery,0.0,0.0,0.0
দিয়েছি,0.0,0.0,0.0
টাও,0.0,0.0,0.0
full,0.0,0.0,0.0
ti,0.0,0.0,0.0
চিজ,0.0,0.0,0.0
came,-0.09221853529587327,0.0,0.0
experience,0.0,0.0,0.0
phone,0.0,0.0,0.0
দোকান,0.0,0.0,0.0
পাই,0.0,0.0,0.0
mouse,0.0,0.0,0.0
been,0.0,0.0,0.0
useful,0.0,0.0,0.0
পাতলা,0.0,0.0,0.0
want,0.0,0.0,0.0
যাচ্ছে,0.0,0.0,0.0
কিনা,0.0,0.0,0.0
করেন,0.0,0.0,0.0
লাগবে,0.0,0.0,0.0
jai,0.0,0.0,0.0
such,0.0,0.0,0.0
মানুষ,0.0,0.0,0.0
thak,0.0,0.0,0.0
ছাড়া,0.0,0.0,0.0
bar,0.0,0.0,0.0
কিনেছি,0.0,0.0,0.0
অবস্থা,0.0,0.0,0.0
back,0.0,0.0,0.0
hoto,0.0,0.0,0.0
hate,0.0,0.0,0.0
rice,0.0,0.0,0.0
সেট,0.0024918485848146664,0.0,0.0
আসলেই,0.0,0.0,0.0
wrong,0.0,0.0,0.0
যেতে,0.0,0.0,0.0
pelam,0.0,0.0,0.0
খুবি,0.0,0.0,0.0
কিনবেন,0.0,0.0,0.0
পাস্তা,0.0,0.0,0.0
broken,0.0,0.0,0.0
শুরু,0.0,0.0,0.0
had,0.0,0.0,0.0
according,0.0,0.0,0.0
দিয়েছেন,0.0,0.0,0.0
মাঝে,0.0,0.0,0.0
সামনে,0.0,0.0,0.0
average,0.0,0.0,0.0
see,0.0,0.0,0.0
ব্যাগ,0.0,0.0,0.0
বন্ধ,0.0,0.0,0.0
12,0.0,0.0,0.0
market,0.0,0.0,0.0
sent,0.0,0.0,0.0
চাই,0.0,0.0,0.0
প্রোডাক্টটা,0.0,0.0,0.0
hoise,0.0,0.0,0.0
reasonable,0.0,0.0,0.0
কমে,0.0,0.0,0.0
light,0.0,0.0,0.0
when,0.0,0.0,0.0
how,0.0,0.0,0.0
paici,0.0,0.0,0.0
দরকার,0.0,0.0,0.0
range,0.0,0.0,0.0
নিবেন,0.0,0.0,0.0
দারুন,0.0,0.0,0.0
প্রতি,0.0,0.0,0.0
akdom,0.0,0.0,0.0
package,0.0,0.0,0.0
লোকেশন,0.0,0.0,0.0
হল,0.0,0.0,0.0
বলবো,0.0,0.0,0.0
rating,0.0,0.0,0.0
আসে,0.009243247322421303,0.0,0.0
te,0.0,0.0,0.0
bt,0.0,0.0,0.0
পারবেন,0.0,0.0,0.0
কিছুই,0.0058896084937493445,0.0,0.0
হিসাবে,0.0,0.0,0.0
balo,0.0,0.0,0.0
পড়ে,0.0,0.0,0.0
day,0.0,0.0,0.0
chaile,0.0,0.0,0.0
তেমনই,0.0,0.0,0.0
মূল্য,0.0,0.0,0.0
their,0.0,0.0,0.0
সস,0.0,0.0,0.0
korte,0.0,0.0,0.0
কারন,0.0,0.0,0.0
১১,0.0,0.0,0.0
যখন,0.0,0.0,0.0
ঢাকা,0.0,0.0,0.0
মন,0.0,0.0,0.0
hope,-0.1515107747853649,0.0,0.0
everyone,-0.19219429071115376,0.0,0.0
তুলনায়,0.0,0.0,0.0
বাকি,0.0,0.0,0.0
hole,0.0,0.0,0.0
hoi,0.0,0.0,0.0
১২,0.0,0.0,0.0
seems,0.0,0.0,0.0
জায়গা,0.001731483873751303,0.0,0.0
১৫,0.0,0.0,0.0
ধরে,0.0,0.0,0.0
shirt,0.0,0.0,0.0
উপর,0.0,0.0,0.0
চমৎকার,0.0,0.0,0.0
এরকম,0.0,0.0,0.0
quick,0.0,0.0,0.0
month,0.0,0.0,0.0
কিনে,0.0,0.0,0.0
gulo,0.0,0.0,0.0
আলাদা,0.0,0.0,0.0
ছেড়ে,0.0,0.0,0.0
জায়গাটা,0.0,0.0,0.0
empire,0.0,0.0,0.0
waterproof,0.0,0.0,0.0
৭৫,0.0,0.0,0.0
pls,0.0,0.0,0.0
প্যাটি,0.0,0.0,0.0
করতাম,0.0,0.0,0.0
রঙের,-0.009527885308344836,0.0,0.0
১০পরিবেশ,0.07911983346871682,0.0,0.0
feet,0.0,0.0,0.0
gonna,0.0,0.0,0.0
জায়,0.0,0.0,0.0
রাখতে,0.0,0.0,0.0
tak,0.0,0.0,0.0
আগুন,0.0,0.0,0.0
সার্কিট,0.0,0.0,0.0
সাজেস্ট,0.0,0.0,0.0
chul,0.0,0.0,0.0
ছিড়া,0.0,0.0,0.0
70,0.0,0.0,0.0
সেটাও,0.0,0.0,0.0
কখনোই,0.0,0.0,0.0
এগুলা,0.0,0.0,0.0
এটাকে,0.0,0.0,0.0
thanx,0.0,0.0,0.0
ac,0.0,0.0,0.0
headphone,0.0,0.0,0.0
khushi,0.0,0.0,0.0
সবগুলোই,0.0,0.0,0.0
intake,0.0,0.0,0.0
btw,0.0,0.0,0.0
পলি,0.0,0.0,0.0
flavor,0.0,0.0,0.0
cheating,0.0,0.0,0.0
natural,0.0,0.0,0.0
behave,0.0,0.0,0.0
হ্যান্ড,0.0,0.0,0.0
পরিস্কার,0.0,0.0,0.0
sale,0.0,0.0,0.0
diner,0.0,0.0,0.0
ঘুরতে,0.0,0.0,0.0
রাখলে,0.0,0.0,0.0
p,0.0,0.0,0.0
son,0.0,0.0,0.0
alada,0.0,0.0,0.0
else,0.0,0.0,0.0
হইলে,0.0,0.0,0.0
হবার,0.0,0.0,0.0
সময়মতো,0.0,0.0,0.0
meat,0.0,0.0,0.0
oo,0.0,0.0,0.0
shows,0.0,0.0,0.0
থাকবেন,0.0,0.0,0.0
indeed,0.0,0.0,0.0
উপকারী,0.0,0.0,0.0
কুকড,0.0,0.0,0.0
সকালে,0.0,0.0,0.0
bright,0.0,0.0,0.0
স্যাটিসফাইড,0.0,0.0,0.0
নজর,0.0,0.0,0.0
রিপ্লাই,0.0,0.0,0.0
ব্যাবহারের,0.0,0.0,0.0
mushroom,0.0,0.0,0.0
cole,0.0,0.0,0.0
kinlam,0.0,0.0,0.0
জ্বলে,0.0,0.0,0.0
2024,0.0,0.0,0.0
nail,0.0,0.0,0.0
সাইডে,0.0,0.0,0.0
reviews,0.0,0.0,0.0
ice,0.0,0.0,0.0
karap,0.0,0.0,0.0
ashe,0.0,0.0,0.0
বইটি,0.0,0.0,0.0
কই,0.0,0.0,0.0
pani,0.0,0.0,0.0
colors,0.0,0.0,0.0
তোলা,0.0,0.0,0.0
তেহারী,0.0,0.0,0.0
কালি,0.0,0.0,0.0
plug,0.0,0.0,0.0
হবেনা,0.0,0.0,0.0
ব্যাগটি,0.0,0.0,0.0
বেবি,0.0,0.0,0.0
might,-0.0954275040088911,0.0,0.0
hishebe,0.0,0.0,0.0
স,0.0,0.0,0.0
জিবি,0.0,0.0,0.0
অপজিটে,0.0,0.0,0.0
mode,0.0,0.0,0.0
jemonta,0.0,0.0,0.0
android,0.0,0.0,0.0
biriyani,0.0,0.0,0.0
মনটা,0.0,0.0,0.0
onnek,0.0,0.0,0.0
লিংক,0.0,0.0,0.0
চিজি,0.0,0.0,0.0
জানাচ্ছি,0.0,0.0,0.0
cloth,0.0,0.0,0.0
প্রথমত,0.0,0.0,0.0
ফলাফল,0.0,0.0,0.0
cash,0.0,0.0,0.0
estimated,0.0,0.0,0.0
যাবত,0.0,0.0,0.0
কিছুক্ষণ,0.0,0.0,0.0
transfer,0.0,0.0,0.0
লেভেলের,0.0,0.0,0.0
able,0.0,0.0,0.0
সহজে,0.0,0.0,0.0
least,0.0,0.0,0.0
ছেলার,0.0,0.0,0.0
থাকেনা,0.0,0.0,0.0
mexican,0.0,0.0,0.0
dag,0.0,0.0,0.0
গ্রামের,0.0,0.0,0.0
court,0.0,0.0,0.0
বিষয়ে,0.0,0.0,0.0
তোলার,0.0,0.0,0.0
unique,0.0,0.0,0.0
মানও,0.0,0.0,0.0
ফোনে,0.0,0.0,0.0
160,0.0,0.0,0.0
কাপ,0.0,0.0,0.0
bhaloi,0.0,0.0,0.0
জানাবেন,0.0,0.0,0.0
led,0.0,0.0,0.0
ekti,0.0,0.0,0.0
রিজনেবল,0.0,0.0,0.0
printing,0.0,0.0,0.0
সেগুলো,0.0,0.0,0.0
ওনেক,0.0,0.0,0.0
grip,0.0,0.0,0.0
hoyni,0.0,0.0,0.0
কিনার,-0.11151218611815497,0.0,0.0
চার্জে,0.0,0.0,0.0
fish,0.0,0.0,0.0
লালবাগ,0.0,0.0,0.0
180,0.0,0.0,0.0
burgerology,0.0,0.0,0.0
him,0.0,0.0,0.0
প্রডাক,0.0,0.0,0.0
cuppa,0.0,0.0,0.0
expecting,0.0,0.0,0.0
ভালোভাবেই,0.0,0.0,0.0
দীর্ঘ,0.0,0.0,0.0
ওইটা,0.0,0.0,0.0
মতামত,0.0,0.0,0.0
making,0.0,0.0,0.0
ডান,0.0,0.0,0.0
sobi,0.0,0.0,0.0
লক,0.0,0.0,0.0
several,0.0,0.0,0.0
সরাসরি,0.0,0.0,0.0
ঝোল,0.0,0.0,0.0
ধানমন্ডির,0.0,0.0,0.0
প্রয়োজনীয়,0.0,0.0,0.0
বদলে,0.0,0.0,0.0
মিলি,0.0,0.0,0.0
deep,0.0,0.0,0.0
shake,0.0,0.0,0.0
wire,0.0,0.0,0.0
classic,0.0,0.0,0.0
রোল,0.0,0.0,0.0
ajke,0.0,0.0,0.0
com,0.0,0.0,0.0
gorom,0.0,0.0,0.0
স্ট্যান্ড,0.0,0.0,0.0
আস্তে,0.0,0.0,0.0
couple,0.0,0.0,0.0
সাব,0.0045322467237571915,0.0,0.0
প্রোডাক্টি,0.0,0.0,0.0
শিক,0.0,0.0,0.0
বাটি,0.0,0.0,0.0
কিছুর,0.0,0.0,0.0
view,0.0,0.0,0.0
nete,0.0,0.0,0.0
দশ,0.0,0.0,0.0
google,0.0,0.0,0.0
hoya,0.0,0.0,0.0
alhumdulillah,0.0,0.0,0.0
জনপ্রতি,0.0,0.0,0.0
delay,0.0,0.0,0.0
arrive,0.0,0.0,0.0
জমে,0.0,0.0,0.0
১০দাম,0.024672677227888722,0.0,0.0
প্রোডাক,0.0,0.0,0.0
fata,0.0,0.0,0.0
karone,0.0,0.0,0.0
ধন,0.0,0.0,0.0
ভাগ,0.0,0.0,0.0
উপভোগ,0.0,0.0,0.0
সহজেই,0.0,0.0,0.0
dibe,0.0,0.0,0.0
মুল্য,0.0,0.0,0.0
told,0.0,0.0,0.0
করছেন,0.0,0.0,0.0
ay,0.0,0.0,0.0
oshadharon,0.0,0.0,0.0
জোশ,0.0,0.0,0.0
প্রশ্ন,0.0,0.0,0.0
scratches,0.0,0.0,0.0
night,0.0,0.0,0.0
organic,0.0,0.0,0.0
ছেলে,0.0,0.0,0.0
বাদে,0.0,0.0,0.0
দাওয়া,0.0,0.0,0.0
cause,0.0,0.0,0.0
mbps,0.0,0.0,0.0
আস্থা,0.0,0.0,0.0
conditions,0.0,0.0,0.0
ওপেন,0.0,0.0,0.0
লিক,0.0,0.0,0.0
carefully,0.0,0.0,0.0
clo,0.0,0.0,0.0
জিনিসের,0.0,0.0,0.0
defect,0.0,0.0,0.0
saban,0.0,0.0,0.0
্যবাদ,0.0,0.0,0.0
মুখের,0.0,0.0,0.0
টাকাতে,0.0,0.0,0.0
wrapped,0.0,0.0,0.0
প্লাস,0.0,0.0,0.0
খেজুর,0.0,0.0,0.0
bed,0.0,0.0,0.0
scent,0.0,0.0,0.0
কলিজা,0.0,0.0,0.0
process,0.0,0.0,0.0
similar,0.0,0.0,0.0
ভালোনা,0.0,0.0,0.0
হেডফোন,0.0,0.0,0.0
সমান,0.0,0.0,0.0
জালি,0.0,0.0,0.0
hok,0.0,0.0,0.0
দামেও,0.0,0.0,0.0
গিয়েছিল,0.0,0.0,0.0
নিজেই,0.0,0.0,0.0
গলি,0.006678263603788135,0.0,0.0
অতি,0.0,0.0,0.0
শুভকামনা,0.0,0.0,0.0
batpar,0.0,0.0,0.0
একটুও,0.0,0.0,0.0
rgb,0.0,0.0,0.0
মুগ্ধ,0.0,0.0,0.0
আলো,0.0,0.0,0.0
দামি,0.0,0.0,0.0
জমিদারি,0.0,0.0,0.0
বলেছে,0.0,0.0,0.0
proper,0.0,0.0,0.0
dettol,0.0,0.0,0.0
protector,0.0,0.0,0.0
রাইসের,0.006689326015375262,0.0,0.0
শরবত,0.0,0.0,0.0
ছাড়াই,0.0,0.0,0.0
khusi,0.0,0.0,0.0
২০২৩,0.0,0.0,0.0
fry,0.0,0.0,0.0
চলতেছে,0.0,0.0,0.0
hosse,0.0,0.0,0.0
অর্থাৎ,0.0,0.0,0.0
টাইট,0.0,0.0,0.0
function,0.0,0.0,0.0
রেখেছে,0.0,0.0,0.0
যাব,0.0,0.0,0.0
longer,0.0,0.0,0.0
আইসক্রিম,0.0,0.0,0.0
jei,0.0,0.0,0.0
being,0.0,0.0,0.0
switch,0.0,0.0,0.0
কয়েকবার,0.0,0.0,0.0
রুফটপ,0.0,0.0,0.0
মিক্সড,0.0,0.0,0.0
এইরকম,0.0,0.0,0.0
chinese,0.0,0.0,0.0
করলেই,0.0,0.0,0.0
daam,0.0,0.0,0.0
holder,0.0,0.0,0.0
বাংলাদেশের,0.0,0.0,0.0
টুকরো,0.0,0.0,0.0
mind,0.0,0.0,0.0
বল,0.0,0.0,0.0
cotton,0.0,0.0,0.0
minutes,0.0,0.0,0.0
দেখেন,0.0,0.0,0.0
টাকাই,0.0,0.0,0.0
রিফান্ড,0.0,0.0,0.0
আরকি,0.0,0.0,0.0
তেহারি,0.0,0.0,0.0
game,0.0,0.0,0.0
address,0.0,0.0,0.0
টেষ্ট,0.0,0.0,0.0
গেসে,0.0,0.0,0.0
reply,0.0,0.0,0.0
নিছে,0.0,0.0,0.0
hesitation,0.0,0.0,0.0
করলেও,0.0,0.0,0.0
স্লো,0.0,0.0,0.0
whole,0.0,0.0,0.0
খান,0.0,0.0,0.0
hour,0.0,0.0,0.0
ভেঙ্গে,0.0,0.0,0.0
akti,0.0,0.0,0.0
skmei,0.0,0.0,0.0
১৮,0.0,0.0,0.0
ভাবা,0.0,0.0,0.0
দেখলে,0.0,0.0,0.0
লাগিয়ে,0.0,0.0,0.0
tell,0.0,0.0,0.0
station,0.0,0.0,0.0
vitore,0.0,0.0,0.0
২৩,0.0,0.0,0.0
mughal,0.0,0.0,0.0
কাপল,0.0,0.0,0.0
চাওমিন,0.0,0.0,0.0
বাচ্চার,0.0,0.0,0.0
প্রাইসঃ,0.0,0.0,0.0
sudhu,0.0,0.0,0.0
হুবহু,0.0,0.0,0.0
রাস্তার,0.0,0.0,0.0
bazar,0.0,0.0,0.0
মা,0.0,0.0,0.0
services,0.0,0.0,0.0
বলছিলাম,0.0,0.0,0.0
লাগতো,0.0,0.0,0.0
hoile,0.0,0.0,0.0
লিখে,0.0,0.0,0.0
শব্দ,-0.023482153265418356,0.0,0.0
কাল,0.0,0.0,0.0
fastest,0.0,0.0,0.0
olive,0.0,0.0,0.0
kabab,0.0,0.0,0.0
প,0.0,0.0,0.0
music,0.0,0.0,0.0
sad,0.0,0.0,0.0
এনে,0.0,0.0,0.0
shipped,0.0,0.0,0.0
পরছে,0.0,0.0,0.0
হলুদ,-0.02033514088018785,0.0,0.0
install,0.0,0.0,0.0
টিম,0.0,0.0,0.0
স্কিন,0.0,0.0,0.0
আপডেট,0.0,0.0,0.0
সস্তা,0.021941441801811536,0.0,0.0
৪টা,0.0,0.0,0.0
আলুর,0.0,0.0,0.0
পাঠিয়েছেন,0.0,0.0,0.0
প্রথমবার,0.0,0.0,0.0
under,0.0,0.0,0.0
সেটার,0.0,0.0,0.0
ফেস,0.0,0.0,0.0
পরামর্শ,0.0,0.0,0.0
শাড়ি,0.0,0.0,0.0
hocce,0.0,0.0,0.0
ঘরে,0.0,0.0,0.0
data,0.0,0.0,0.0
sooo,0.0,0.0,0.0
অয়েল,0.0,0.0,0.0
মল,0.0,0.0,0.0
version,0.0,0.0,0.0
rio,0.0,0.0,0.0
gece,0.0,0.0,0.0
ঠিকমত,0.0,0.0,0.0
মার্ট,0.0,0.0,0.0
parlam,0.0,0.0,0.0
হয়েছিলো,0.0,0.0,0.0
পিজা,0.0,0.0,0.0
noise,-0.06997511389781741,0.0,0.0
kacchi,0.0,0.0,0.0
butter,0.0,0.0,0.0
aj,0.0,0.0,0.0
গেলেই,0.0,0.0,0.0
ইনশাল্লাহ,0.0,0.0,0.0
ক্লিয়ার,0.0,0.0,0.0
garlic,0.0,0.0,0.0
উৎপাদন,0.0,0.0,0.0
chaisi,0.0,0.0,0.0
bujha,0.0,0.0,0.0
দিতাম,0.0,0.0,0.0
nile,0.0,0.0,0.0
99,0.0,0.0,0.0
দেখিয়ে,0.0,0.0,0.0
স্মোকি,0.0,0.0,0.0
দিলেও,0.0,0.0,0.0
পচা,0.0,0.0,0.0
তারাতাড়ি,0.0,0.0,0.0
অন্তত,0.0,0.0,0.0
পিচ,0.0,0.0,0.0
অনেকের,0.0,0.0,0.0
bra,0.0,0.0,0.0
লাগার,0.0,0.0,0.0
kebab,0.0,0.0,0.0
prices,0.0,0.0,0.0
গিয়েছি,0.0028961358683494364,0.0,0.0
নিউ,0.0,0.0,0.0
ভরসা,0.0,0.0,0.0
পণ্যটা,0.0,0.0,0.0
ageo,0.0,0.0,0.0
পিছনের,0.0,0.0,0.0
once,0.0,0.0,0.0
ones,0.0,0.0,0.0
etar,0.0,0.0,0.0
base,0.0,0.0,0.0
play,0.0,0.0,0.0
প্যাকেজিংও,0.0,0.0,0.0
lemon,0.0,0.0,0.0
ব্লু,0.0,0.0,0.0
য়ে,0.0,0.0,0.0
অক্ষত,0.0,0.0,0.0
পেরেছি,0.0,0.0,0.0
দুপুর,0.0,0.0,0.0
torn,0.0,0.0,0.0
এখানের,0.0,0.0,0.0
টিক্কা,0.0,0.0,0.0
কিনছি,0.0,0.0,0.0
2023,0.0,0.0,0.0
উপকার,0.0,0.0,0.0
correct,0.0,0.0,0.0
বান,0.0,0.0,0.0
kine,0.0,0.0,0.0
earlier,0.0,0.0,0.0
tiny,0.0,0.0,0.0
naga,0.0,0.0,0.0
এইসব,0.0,0.0,0.0
ashta,0.0018056165511793356,0.0,0.0
350,0.0,0.0,0.0
সাবধান,0.0,0.0,0.0
মরিচ,0.0,0.0,0.0
useless,0.0,0.0,0.0
ছেঁড়া,0.0,0.0,0.0
টেস্টঃ,0.0,0.0,0.0
সুতা,0.0,0.0,0.0
vul,0.0,0.0,0.0
ব্রাশ,0.0,0.0,0.0
কোম্পানি,0.0,0.0,0.0
later,0.0,0.0,0.0
তেমনটি,0.0,0.0,0.0
মেন,0.0,0.0,0.0
থ্যাংক,0.0,0.0,0.0
২৭,0.0,0.0,0.0
জোড়া,-0.02333652595056903,0.0,0.0
thankyou,0.0,0.0,0.0
বিয়ে,0.0,0.0,0.0
branch,0.0,0.0,0.0
jonne,0.0,0.0,0.0
dinner,0.0,0.0,0.0
তেলটা,0.0,0.0,0.0
১০সার্ভিস,0.07695004425711073,0.0,0.0
২২০,0.0,0.0,0.0
emon,0.0,0.0,0.0
follow,0.0,0.0,0.0
মাঠের,0.0,0.0,0.0
তিনটি,0.0,0.0,0.0
daily,0.0,0.0,0.0
banjan,0.001801709372975158,0.0,0.0
বেড়ে,0.0,0.0,0.0
sate,0.0,0.0,0.0
বরাবরই,0.0,0.0,0.0
টেবিলে,0.0,0.0,0.0
মি,0.0,0.0,0.0
muti,0.0,0.0,0.0
guess,0.0,0.0,0.0
dark,0.0,0.0,0.0
বিবেচনায়,0.0,0.0,0.0
দেখিনি,0.0,0.0,0.0
ওয়েটার,0.0,0.0,0.0
দুঃখজনক,0.0,0.0,0.0
amn,0.0,0.0,0.0
charges,0.0,0.0,0.0
রিটান,0.0,0.0,0.0
পা,0.0,0.0,0.0
লবন,0.0,0.0,0.0
স্টুডেন্ট,0.0,0.0,0.0
prothom,0.0,0.0,0.0
মাশা,0.0,0.0,0.0
২০২৫,0.0,0.0,0.0
ব্লুটুথ,0.0,0.0,0.0
বাইরের,0.0,0.0,0.0
হাইলি,0.0,0.0,0.0
oto,0.0,0.0,0.0
এছাড়াও,0.0,0.0,0.0
lasts,0.0,0.0,0.0
tay,0.0,0.0,0.0
tour,0.0,0.0,0.0
উপযোগী,0.0,0.0,0.0
alright,0.0,0.0,0.0
৬০০,0.0,0.0,0.0
বেলা,0.0,0.0,0.0
ফিরনি,0.0,0.0,0.0
included,0.0,0.0,0.0
লেদার,0.0,0.0,0.0
২০২২,0.0,0.0,0.0
বোর্ড,0.0,0.0,0.0
রিফিল,0.0,0.0,0.0
হওয়াতে,0.0,0.0,0.0
parto,0.0,0.0,0.0
cha,0.0,0.0,0.0
container,0.0,0.0,0.0
আহা,0.0,0.0,0.0
ফিস,0.0,0.0,0.0
ওয়াটার,0.0,0.0,0.0
ছেলের,0.0,0.0,0.0
৭০০,0.0,0.0,0.0
বিপরীতে,0.0,0.0,0.0
কানেকশন,0.0,0.0,0.0
বিবেচনা,0.0,0.0,0.0
dici,0.0,0.0,0.0
promised,0.0,0.0,0.0
শিপিং,0.0,0.0,0.0
style,0.0,0.0,0.0
thats,0.0,0.0,0.0
27,0.0,0.0,0.0
স্টোর,0.0,0.0,0.0
asolei,0.0,0.0,0.0
ব্রাঞ্চে,0.0,0.0,0.0
pair,0.0,0.0,0.0
স্মুথ,0.0,0.0,0.0
dekte,0.0,0.0,0.0
মূল,0.0,0.0,0.0
jaygay,0.0,0.0,0.0
মরিচের,0.0,0.0,0.0
stickers,0.0,0.0,0.0
professional,0.0,0.0,0.0
দুইবার,0.0,0.0,0.0
ট্রিমার,0.0,0.0,0.0
পারফিউম,0.0,0.0,0.0
খোলার,0.0,0.0,0.0
লাগছিল,0.0,0.0,0.0
মামার,0.0,0.0,0.0
tws,0.0,0.0,0.0
বরাবর,0.0,0.0,0.0
টিশার্ট,0.0,0.0,0.0
নামের,0.0,0.0,0.0
sa,0.0,0.0,0.0
agei,0.0,0.0,0.0
এসি,0.0,0.0,0.0
yummy,0.0,0.0,0.0
hoisa,0.0,0.0,0.0
ভাজি,0.0,0.0,0.0
hoyece,0.0,0.0,0.0
পড়ার,0.0,0.0,0.0
unexpected,0.0,0.0,0.0
courier,0.0,0.0,0.0
detergent,0.0,0.0,0.0
ব্লাক,0.0,0.0,0.0
blast,0.0,0.0,0.0
করলেন,0.0,0.0,0.0
করতেই,0.0,0.0,0.0
প্যারাসুট,0.0,0.0,0.0
লবণ,0.0,0.0,0.0
যায়গা,0.0,0.0,0.0
অফিস,0.0,0.0,0.0
করছিল,0.0,0.0,0.0
দেখছিলাম,0.0,0.0,0.0
বরং,0.0,0.0,0.0
হ,0.0,0.0,0.0
friend,0.0,0.0,0.0
কোয়ালিটিফুল,-0.06165902071087492,0.0,0.0
table,0.0,0.0,0.0
কথার,0.0,0.0,0.0
প্রোডাক্টস,0.0,0.0,0.0
আনতে,0.0,0.0,0.0
১০লোকেশন,0.042607719491931685,0.0,0.0
মার্কেটের,0.0,0.0,0.0
মসলার,0.0,0.0,0.0
1000,0.0,0.0,0.0
আইটেমই,0.0,0.0,0.0
ঈদের,0.0,0.0,0.0
পাস্তার,0.0,0.0,0.0
০,0.0,0.0,0.0
ব্রান্ড,0.0,0.0,0.0
২০২৪,0.0,0.0,0.0
৩২,0.0,0.0,0.0
হচ্ছিলো,0.0,0.0,0.0
আল্লাহর,0.0,0.0,0.0
serum,0.0,0.0,0.0
sultan,0.0,0.0,0.0
মশলার,0.0,0.0,0.0
khola,0.0,0.0,0.0
ভারী,0.0,0.0,0.0
দিয়েন,0.0,0.0,0.0
poly,0.0,0.0,0.0
সেকেন্ড,0.0,0.0,0.0
legit,0.0,0.0,0.0
স্বাদঃ,0.0,0.0,0.0
watches,0.0,0.0,0.0
নাচোস,0.0,0.0,0.0
mix,0.0,0.0,0.0
aste,0.0,0.0,0.0
নিজেকে,0.0,0.0,0.0
joto,0.0,0.0,0.0
convenient,0.0,0.0,0.0
korbe,0.0,0.0,0.0
আজকেই,0.0,0.0,0.0
অবিশ্বাস্য,0.0,0.0,0.0
recommending,0.0,0.0,0.0
masha,0.0,0.0,0.0
qr,0.0,0.0,0.0
কড়া,0.0,0.0,0.0
সিটি,0.0,0.0,0.0
protection,0.0,0.0,0.0
মূল্যের,0.0,0.0,0.0
দুঃখিত,0.0,0.0,0.0
line,0.0,0.0,0.0
gulshan,0.0,0.0,0.0
ফ্যানের,0.0,0.0,0.0
ব্ল্যাক,0.0,0.0,0.0
গরমের,0.0,0.0,0.0
live,0.0,0.0,0.0
অনুযায়ি,0.0,0.0,0.0
fire,0.0,0.0,0.0
ভলো,0.0,0.0,0.0
grilled,0.0,0.0,0.0
বলতেই,0.0,0.0,0.0
হ্যান্ডওয়াশ,0.0,0.0,0.0
cannot,0.0,0.0,0.0
পরতে,0.0,0.0,0.0
lets,0.0,0.0,0.0
নেহারি,0.0,0.0,0.0
earphone,0.0,0.0,0.0
korcilam,0.0,0.0,0.0
ড্রাই,0.0,0.0,0.0
ssd,0.0,0.0,0.0
simply,0.0,0.0,0.0
problems,0.0,0.0,0.0
দেখুন,0.0,0.0,0.0
ভাবি,0.0,0.0,0.0
dik,0.0,0.0,0.0
ultra,0.0,0.0,0.0
collection,0.0,0.0,0.0
গাড়ি,0.0,0.0,0.0
huge,0.0,0.0,0.0
area,0.0,0.0,0.0
ঘরি,0.0,0.0,0.0
শহরের,0.0,0.0,0.0
faulty,0.0,0.0,0.0
wishes,0.0,0.0,0.0
১০০০,-0.046715456898138656,0.0,0.0
confused,0.0,0.0,0.0
কোয়ান্টিটি,0.0,0.0,0.0
আপনিও,0.0,0.0,0.0
probably,0.0,0.0,0.0
পরই,0.0,0.0,0.0
showing,0.0,0.0,0.0
নিবে,0.0,0.0,0.0
deri,0.0,0.0,0.0
parben,0.0,0.0,0.0
পালা,0.0,0.0,0.0
লেবু,0.0,0.0,0.0
অফারটা,0.0,0.0,0.0
উল্লেখ,0.0,0.0,0.0
pant,0.0,0.0,0.0
truly,0.0,0.0,0.0
১ম,0.0,0.0,0.0
খায়,0.0,0.0,0.0
পড়বে,0.0,0.0,0.0
ক্যাশ,0.0,0.0,0.0
ড্যামেজ,0.0,0.0,0.0
town,0.0,0.0,0.0
fall,0.0,0.0,0.0
প্রোডাক্টে,0.0,0.0,0.0
screw,0.0,0.0,0.0
coto,0.0,0.0,0.0
silver,0.0,0.0,0.0
মিক্স,0.0,0.0,0.0
মুটি,0.0,0.0,0.0
damer,0.0,0.0,0.0
recieved,0.0,0.0,0.0
পেরে,0.0,0.0,0.0
শো,0.0,0.0,0.0
কমেন্ট,0.0,0.0,0.0
আচরণ,0.0,0.0,0.0
এভাবেই,0.0,0.0,0.0
গন্ধটা,0.0,0.0,0.0
avenue,0.0,0.0,0.0
শেক,0.0,0.0,0.0
28,0.0,0.0,0.0
third,0.0,0.0,0.0
niche,0.0,0.0,0.0
ink,0.0,0.0,0.0
দ্র,0.0,0.0,0.0
চকোলেট,0.0,0.0,0.0
diyese,0.0,0.0,0.0
apple,0.0,0.0,0.0
vabei,0.0,0.0,0.0
কাছেই,0.0,0.0,0.0
সবসময়ই,0.0,0.0,0.0
লাগছিলো,0.0,0.0,0.0
tarpor,0.0,0.0,0.0
horrible,0.0,0.0,0.0
১১০,0.0,0.0,0.0
teke,0.0,0.0,0.0
গেছিলাম,0.0,0.0,0.0
ছিদ্র,0.0,0.0,0.0
অনেকটাই,0.0,0.0,0.0
পাঠাইছে,0.0,0.0,0.0
এখানকার,0.0,0.0,0.0
ঠকানো,0.0,0.0,0.0
ডি,0.0,0.0,0.0
complete,0.0,0.0,0.0
supposed,0.0,0.0,0.0
setai,0.0,0.0,0.0
গরু,0.0,0.0,0.0
dekhlam,0.0,0.0,0.0
লেমন,0.0,0.0,0.0
সাত,0.0,0.0,0.0
১টি,0.0,0.0,0.0
surprised,0.0,0.0,0.0
reliable,0.0,0.0,0.0
হলেই,0.0,0.0,0.0
মামা,0.0,0.0,0.0
দি,0.0,0.0,0.0
হট,0.0,0.0,0.0
৬৫,0.0,0.0,0.0
atto,0.0,0.0,0.0
sunglass,0.0,0.0,0.0
বিপরীত,0.0,0.0,0.0
লেগ,0.0,0.0,0.0
দরাজ,0.0,0.0,0.0
দেখাইছে,0.0,0.0,0.0
নিন,0.0,0.0,0.0
wise,0.0,0.0,0.0
outside,0.0,0.0,0.0
roadside,0.0,0.0,0.0
বিস্তারিত,0.0,0.0,0.0
smoothly,0.0,0.0,0.0
মোবাইলের,0.0,0.0,0.0
ঘরের,-0.0018051408398450902,0.0,0.0
সেটি,0.0,0.0,0.0
selling,0.0,0.0,0.0
সঠিকভাবে,0.0,0.0,0.0
পায়নি,0.0,0.0,0.0
legese,0.0,0.0,0.0
আকর্ষণ,0.0,0.0,0.0
১৭,0.0,0.0,0.0
previous,0.0,0.0,0.0
দান,0.0,0.0,0.0
২১,0.0,0.0,0.0
পরিচিত,0.0,0.0,0.0
জানেন,0.0,0.0,0.0
লেভেল,0.0,0.0,0.0
হই,0.0,0.0,0.0
hijab,0.0,0.0,0.0
korce,0.0,0.0,0.0
wall,0.0,0.0,0.0
max,0.0,0.0,0.0
বিবিকিউ,0.0,0.0,0.0
অতটা,0.0,0.0,0.0
সবকিছুর,0.0,0.0,0.0
মডেল,0.0,0.0,0.0
shate,0.0,0.0,0.0
বইটা,0.0,0.0,0.0
সফ্ট,0.0,0.0,0.0
materials,0.0,0.0,0.0
স্ক্রু,0.0,0.0,0.0
মুরগীর,0.0,0.0,0.0
sealed,0.0,0.0,0.0
awsome,0.0,0.0,0.0
itself,0.0,0.0,0.0
নীল,0.0,0.0,0.0
প্রতারক,0.0,0.0,0.0
রিমোট,0.0,0.0,0.0
দুইজনের,0.0,0.0,0.0
হারিয়ে,0.0,0.0,0.0
জোন,0.0,0.0,0.0
ক্ষতি,0.0,0.0,0.0
somossa,0.0,0.0,0.0
উনার,0.0,0.0,0.0
chara,0.0,0.0,0.0
পকেটে,0.0,0.0,0.0
payment,0.0,0.0,0.0
soho,0.0,0.0,0.0
read,0.0,0.0,0.0
গ্রুপ,0.0,0.0,0.0
সহজ,0.0,0.0,0.0
মহা,0.0,0.0,0.0
chira,0.0,0.0,0.0
২টি,0.0,0.0,0.0
apnar,0.0,0.0,0.0
except,0.0,0.0,0.0
ব্যুফে,0.0,0.0,0.0
ফলো,0.0,0.0,0.0
osadaron,0.0,0.0,0.0
মিন্ট,0.0,0.0,0.0
into,0.0,0.0,0.0
ago,0.0,0.0,0.0
exp,0.0,0.0,0.0
সময়মত,0.0,0.0,0.0
শীতের,0.0,0.0,0.0
এলাকার,0.0,0.0,0.0
দা,0.0,0.0,0.0
জনক,0.0,0.0,0.0
চারটা,0.0,0.0,0.0
grand,0.0,0.0,0.0
এইখানে,0.0,0.0,0.0
microphone,0.0,0.0,0.0
office,0.0,0.0,0.0
পজিটিভ,0.0,0.0,0.0
মাসে,0.0,0.0,0.0
stick,0.0,0.0,0.0
write,0.0,0.0,0.0
2025,0.0,0.0,0.0
কোক,0.0,0.0,0.0
ma,0.0,0.0,0.0
টিমকে,0.0,0.0,0.0
রাখছে,0.0,0.0,0.0
নির্দ্বিধায়,0.0,0.0,0.0
খাব,0.0,0.0,0.0
উইথ,0.0,0.0,0.0
opened,-0.009395050142075548,0.0,0.0
অলিভ,0.0,0.0,0.0
সহকারে,0.0,0.0,0.0
মানিব্যাগ,0.0,0.0,0.0
ওডার,0.0,0.0,0.0
koreche,0.0,0.0,0.0
ka,0.0,0.0,0.0
block,0.0,0.0,0.0
গজ,0.0,0.0,0.0
overseas,0.0,0.0,0.0
kichui,0.0,0.0,0.0
টাকাটাই,0.0,0.0,0.0
কিচেন,0.0,0.0,0.0
টেপ,0.0,0.0,0.0
ribana,0.0,0.0,0.0
ফেললাম,0.0,0.0,0.0
সিল,0.0,0.0,0.0
strongly,0.0,0.0,0.0
দিছিলাম,0.0,0.0,0.0
চিংড়ি,0.0,0.0,0.0
ফার্স্ট,0.0,0.0,0.0
cards,0.0,0.0,0.0
প্রাইজে,0.0,0.0,0.0
35,0.0,0.0,0.0
ভর্তি,0.0,0.0,0.0
বন্ধুরা,0.0,0.0,0.0
বৃষ্টি,0.0,0.0,0.0
মসজিদ,0.0,0.0,0.0
নিয়েই,0.0,0.0,0.0
দুপুরে,0.0,0.0,0.0
obostha,0.0,0.0,0.0
নিসন্দেহে,0.0,0.0,0.0
ফল,0.0,0.0,0.0
control,0.0,0.0,0.0
dhore,0.0,0.0,0.0
checked,0.0,0.0,0.0
unfortunately,0.0,0.0,0.0
ভোল্ট,0.0,0.0,0.0
শাখা,0.0,0.0,0.0
written,0.0,0.0,0.0
অমায়িক,0.0,0.0,0.0
druto,0.0,0.0,0.0
supplier,0.0,0.0,0.0
রাস্তা,0.0,0.0,0.0
সুনাম,0.0,0.0,0.0
দুইদিন,0.0,0.0,0.0
cut,0.0,0.0,0.0
produced,0.0,0.0,0.0
মোবাইলে,0.0,0.0,0.0
ওয়াচ,0.0,0.0,0.0
মুড়ি,0.0,0.0,0.0
tower,0.0,0.0,0.0
sometimes,0.0,0.0,0.0
কতটা,0.0,0.0,0.0
dui,0.0,0.0,0.0
মালটা,-0.02417058693275456,0.0,0.0
আসছি,0.0,0.0,0.0
বানিয়ে,0.0,0.0,0.0
৪৫,0.0,0.0,0.0
প্লাটার,0.0,0.0,0.0
যথাসময়ে,0.0,0.0,0.0
ভাবিনি,0.0,0.0,0.0
bank,0.0,0.0,0.0
ওয়েট,0.0,0.0,0.0
louiswill,0.0,0.0,0.0
manush,0.0,0.0,0.0
honestly,0.0,0.0,0.0
সেক্টর,0.0,0.0,0.0
ঝরঝরে,0.0,0.0,0.0
seal,0.0,0.0,0.0
মিট,0.0,0.0,0.0
validity,-0.007048390229960434,0.0,0.0
খেয়েছিলাম,0.0,0.0,0.0
স্লাইস,0.0,0.0,0.0
likha,0.0,0.0,0.0
বাম,0.0,0.0,0.0
ভেতরের,0.0,0.0,0.0
বাঙালিয়ানা,0.0,0.0,0.0
আসুন,-0.004788724972913114,0.0,0.0
spray,0.0,0.0,0.0
বিষয়টা,0.0,0.0,0.0
তৈরী,0.0,0.0,0.0
মাখা,0.0,0.0,0.0
believe,0.0,0.0,0.0
আছেন,0.0,0.0,0.0
সোজা,0.0,0.0,0.0
পন্যটা,0.0,0.0,0.0
হোটেলের,0.0,0.0,0.0
রাখি,0.0,0.0,0.0
miliye,0.0,0.0,0.0
হইলো,0.0,0.0,0.0
ওয়েজেস,0.0,0.0,0.0
এম,0.0,0.0,0.0
এল,0.0,0.0,0.0
চিজের,0.0,0.0,0.0
সবুজ,0.0,0.0,0.0
bondho,0.0,0.0,0.0
surprise,0.0,0.0,0.0
মগজ,0.0,0.0,0.0
বলেছি,0.0,0.0,0.0
goes,0.0,0.0,0.0
জেনে,0.0,0.0,0.0
স্পিকার,0.0,0.0,0.0
kivabe,0.0,0.0,0.0
পানিতে,0.0,0.0,0.0
১৭০,0.0,0.0,0.0
dust,0.0,0.0,0.0
anc,0.0,0.0,0.0
ভাড়া,0.0,0.0,0.0
যোগ্য,0.0,0.0,0.0
উপায়,0.0,0.0,0.0
দিতেই,0.0,0.0,0.0
coconut,0.0,0.0,0.0
golden,0.0,0.0,0.0
করায়,0.0,0.0,0.0
ধরেই,0.0,0.0,0.0
কিবোর্ড,0.0,0.0,0.0
mistake,0.0,0.0,0.0
lipstick,0.0,0.0,0.0
upor,0.0,0.0,0.0
ভবিষ্যতেও,0.0,0.0,0.0
vegetables,0.0,0.0,0.0
নিয়া,0.0,0.0,0.0
চলার,0.0,0.0,0.0
ফ্রাইস,0.0,0.0,0.0
কোয়ালিটিও,0.0,0.0,0.0
জিজ্ঞেস,0.0,0.0,0.0
ক্ষেত্রে,0.0,0.0,0.0
ক্যাবল,0.0,0.0,0.0
ব্যাকআপ,0.0,0.0,0.0
সবমিলিয়ে,0.0,0.0,0.0
পায়,0.0,0.0,0.0
hat,0.0,0.0,0.0
রাখবেন,0.0,0.0,0.0
সাথেই,0.0,0.0,0.0
বেটার,0.0,0.0,0.0
adapter,0.0,0.0,0.0
shape,0.0,0.0,0.0
men,0.0,0.0,0.0
পরেছে,0.0,0.0,0.0
কারি,0.0,0.0,0.0
gifts,0.0,0.0,0.0
possible,0.0,0.0,0.0
bracelet,0.0,0.0,0.0
বক্সে,0.0,0.0,0.0
option,0.0,0.0,0.0
হঠাৎ,0.0,0.0,0.0
stars,0.0,0.0,0.0
থাকেন,0.0,0.0,0.0
যেয়ে,0.0,0.0,0.0
wait,0.0,0.0,0.0
pabulum,0.0,0.0,0.0
ফ্রেন্ড,0.0,0.0,0.0
মসলা,0.0,0.0,0.0
নেয়,0.0,0.0,0.0
find,0.0,0.0,0.0
বিক্রেতাকে,0.0,0.0,0.0
ব্যাগের,0.0,0.0,0.0
বাংলাদেশ,0.0,0.0,0.0
ভালোবাসা,0.0,0.0,0.0
পারতো,0.0,0.0,0.0
রিং,0.0,0.0,0.0
যাবো,0.0,0.0,0.0
makes,0.0,0.0,0.0
১৮০,0.0,0.0,0.0
his,0.0,0.0,0.0
টিকে,0.0,0.0,0.0
সুপার,0.0,0.0,0.0
তুলনামূলক,0.0,0.0,0.0
প্যাকেটে,0.0,0.0,0.0
গুণগত,0.0,0.0,0.0
পেয়েছে,0.0,0.0,0.0
model,0.0,0.0,0.0
প্রতিটি,0.0,0.0,0.0
বিল্ডিং,0.0,0.0,0.0
প্যাকেজিংটা,0.0,0.0,0.0
higher,0.0,0.0,0.0
uthe,0.0,0.0,0.0
koren,0.0,0.0,0.0
অবশেষে,0.0,0.0,0.0
seen,0.0,0.0,0.0
glue,0.0,0.0,0.0
comes,0.0,0.0,0.0
দামও,0.0,0.0,0.0
মিনিটের,0.0,0.0,0.0
moja,0.0,0.0,0.0
বলেন,0.0,0.0,0.0
গুনগত,0.0,0.0,0.0
cuisine,0.0,0.0,0.0
নিব,0.0,0.0,0.0
সপ্তাহ,0.0,0.0,0.0
plz,0.0,0.0,0.0
effective,0.0,0.0,0.0
safely,0.0,0.0,0.0
বাজেটের,0.0,0.0,0.0
18,0.0,0.0,0.0
রইলো,0.0,0.0,0.0
request,0.0,0.0,0.0
outstanding,0.0,0.0,0.0
indian,0.0,0.0,0.0
মাছ,0.0,0.0,0.0
নিচের,0.0,0.0,0.0
চেইন,0.0,0.0,0.0
ইউনিক,0.0,0.0,0.0
completely,0.0,0.0,0.0
rin,0.0,0.0,0.0
লম্বা,0.0,0.0,0.0
wrap,0.0,0.0,0.0
নিয়েন,0.0,0.0,0.0
বললে,0.0,0.0,0.0
প্রতিটা,0.0,0.0,0.0
টিক,0.0,0.0,0.0
suggest,0.0,0.0,0.0
touch,0.0,0.0,0.0
motoi,0.0,0.0,0.0
কেটে,0.0,0.0,0.0
বলল,0.0,0.0,0.0
পরবর্তীতে,0.0,0.0,0.0
weeks,0.0,0.0,0.0
ডারাজ,0.0,0.0,0.0
আছি,0.0,0.0,0.0
khilgaon,0.0,0.0,0.0
দূর,0.0,0.0,0.0
মেন্যু,0.0,0.0,0.0
বীফ,0.0,0.0,0.0
অভিযোগ,0.0,0.0,0.0
pawa,0.0,0.0,0.0
বেষ্ট,0.0,0.0,0.0
disen,0.0,0.0,0.0
পড়ছে,0.0,0.0,0.0
নামে,0.0,0.0,0.0
একেবারেই,0.0,0.0,0.0
১৩,0.0,0.0,0.0
দুইটাই,0.0,0.0,0.0
notch,0.0,0.0,0.0
রিকমেন্ডেড,0.0,0.0,0.0
22,0.0,0.0,0.0
help,0.0,0.0,0.0
celo,0.0,0.0,0.0
books,0.0,0.0,0.0
nh,0.0,0.0,0.0
ফেলে,0.0,0.0,0.0
bluetooth,0.0,0.0,0.0
oita,0.0,0.0,0.0
ওয়েল,0.0,0.0,0.0
কালাভুনা,0.0,0.0,0.0
double,0.0,0.0,0.0
prize,0.0,0.0,0.0
পারলে,0.0,0.0,0.0
সুবিধা,0.0,0.0,0.0
রাতে,0.0,0.0,0.0
pages,0.0,0.0,0.0
ball,0.0,0.0,0.0
stylish,0.0,0.0,0.0
ডেটল,0.0,0.0,0.0
lunch,0.0,0.0,0.0
পিকচার,0.0,0.0,0.0
ভেতর,0.0,0.0,0.0
hoito,0.0,0.0,0.0
পুরোপুরি,0.0,0.0,0.0
vegetable,0.0,0.0,0.0
ভাজা,0.0,0.0,0.0
গ্রিল,0.0,0.0,0.0
স্থান,0.0,0.0,0.0
tested,0.0,0.0,0.0
সি,0.0,0.0,0.0
অবশ্য,0.0,0.0,0.0
thakle,0.0,0.0,0.0
আবারো,-0.024734339498777496,0.0,0.0
gorgeous,0.0,0.0,0.0
issues,0.0,0.0,0.0
perfume,0.0,0.0,0.0
16,0.0,0.0,0.0
বিখ্যাত,0.0,0.0,0.0
গার্লিক,0.0,0.0,0.0
suitable,0.0,0.0,0.0
প্রবলেম,0.0,0.0,0.0
বারের,0.0,0.0,0.0
কাভার,0.0,0.0,0.0
মিলবে,0.0,0.0,0.0
বারবিকিউ,0.0,0.0,0.0
কাবাবের,0.0,0.0,0.0
চিলি,0.0,0.0,0.0
pora,0.0,0.0,0.0
onion,0.0,0.0,0.0
হাল্কা,0.0,0.0,0.0
প্রাইসে,0.004474650262567076,0.0,0.0
choice,0.0,0.0,0.0
১৩০,0.0,0.0,0.0
এলাকায়,0.0,0.0,0.0
পেপার,0.0,0.0,0.0
link,0.0,0.0,0.0
chilam,0.0,0.0,0.0
modde,0.0,0.0,0.0
চেয়েও,0.0,0.0,0.0
gaming,0.0,0.0,0.0
পার্ফেক্ট,0.0,0.0,0.0
পেকেট,0.0,0.0,0.0
অল,0.0,0.0,0.0
সাবানের,0.0,0.0,0.0
arekta,0.0,0.0,0.0
strap,0.0,0.0,0.0
loose,0.0,0.0,0.0
said,0.0,0.0,0.0
space,0.0,0.0,0.0
ber,0.0,0.0,0.0
প্রতারিত,0.0,0.0,0.0
keo,0.0,0.0,0.0
গায়ের,0.0,0.0,0.0
অর্ডারের,0.0,0.0,0.0
নস্ট,0.0,0.0,0.0
তুলে,0.0,0.0,0.0
bass,0.0,0.0,0.0
আস্ত,0.0,0.0,0.0
হয়ছে,-0.00461013639495395,0.0,0.0
naki,0.0,0.0,0.0
early,0.0,0.0,0.0
wish,0.0,0.0,0.0
mentioned,0.0,0.0,0.0
সাপোর্ট,0.0,0.0,0.0
কাপর,0.0,0.0,0.0
পিন,0.0,0.0,0.0
দুইটি,0.0,0.0,0.0
korechilam,0.0,0.0,0.0
অপশন,0.0,0.0,0.0
selo,0.0,0.0,0.0
where,0.0,0.0,0.0
ফ্রেন্ডলি,0.0,0.0,0.0
sweet,0.0,0.0,0.0
cheye,0.0,0.0,0.0
দুটোই,0.0,0.0,0.0
toy,0.0,0.0,0.0
returned,0.0,0.0,0.0
ordering,0.0,0.0,0.0
notebook,0.0,0.0,0.0
রঙ,0.0,0.0,0.0
টমেটো,0.0,0.0,0.0
ভয়ে,0.0,0.0,0.0
রোডের,0.010245467591148675,0.0,0.0
complain,0.0,0.0,0.0
বারবার,0.0,0.0,0.0
যতটা,0.0,0.0,0.0
ভয়,0.0,0.0,0.0
cake,0.0,0.0,0.0
our,0.0,0.0,0.0
diya,0.0,0.0,0.0
১৪,0.0,0.0,0.0
জন্যই,0.0,0.0,0.0
jak,0.0,0.0,0.0
250,0.0,0.0,0.0
পরিবর্তন,0.0,0.0,0.0
tahole,0.0,0.0,0.0
affordable,0.0,0.0,0.0
milk,0.0,0.0,0.0
নং,0.0,0.0,0.0
সঙ্গে,0.0,0.0,0.0
put,0.0,0.0,0.0
worked,0.0,0.0,0.0
ইফতার,0.0,0.0,0.0
lovely,0.0,0.0,0.0
প্রথমেই,0.0,0.0,0.0
soto,0.0,0.0,0.0
chair,0.0,0.0,0.0
kemon,0.0,0.0,0.0
wari,0.0,0.0,0.0
getting,0.0,0.0,0.0
চাইছিলাম,0.0,0.0,0.0
অতিরিক্ত,0.0,0.0,0.0
lasting,0.0,0.0,0.0
বছরের,0.0,0.0,0.0
feeling,0.0,0.0,0.0
যায়না,0.0,0.0,0.0
লোক,0.0,0.0,0.0
টেস্টি,0.0015767339715607948,0.0,0.0
ছোট্ট,0.0,0.0,0.0
kase,0.0,0.0,0.0
masala,0.0,0.0,0.0
bola,0.0,0.0,0.0
মাথা,0.0,0.0,0.0
pare,0.0,0.0,0.0
চার্জিং,0.0,0.0,0.0
tader,0.0,0.0,0.0
লিখা,0.0,0.0,0.0
চেঞ্জ,0.0,0.0,0.0
dia,0.0,0.0,0.0
lagche,0.0,0.0,0.0
ওয়ান,0.0,0.0,0.0
যাতে,0.0,0.0,0.0
pure,0.0,0.0,0.0
amk,0.0,0.0,0.0
রাত,0.0,0.0,0.0
হালিম,0.0,0.0,0.0
keu,0.0,0.0,0.0
mall,0.0,0.0,0.0
থাকতে,0.0,0.0,0.0
মিনি,0.0,0.0,0.0
durable,0.0,0.0,0.0
সাইড,0.0,0.0,0.0
পার,0.0,0.0,0.0
বিল্ড,0.0,0.0,0.0
arektu,0.0,0.0,0.0
im,0.0,0.0,0.0
ডাবল,0.0,0.0,0.0
mal,0.0,0.0,0.0
jar,0.0,0.0,0.0
ত,0.0,0.0,0.0
inch,0.0,0.0,0.0
bite,0.008377677027041761,0.0,0.0
একজনের,0.0,0.0,0.0
মিস,0.0,0.0,0.0
ক্যামেরা,0.0,0.0,0.0
ক্রিম,0.0,0.0,0.0
প্লাস্টিকের,0.0,0.0,0.0
soup,0.0,0.0,0.0
air,0.0,0.0,0.0
taw,0.0,0.0,0.0
মাউস,0.0,0.0,0.0
জুস,0.0,0.0,0.0
medium,0.0,0.0,0.0
sei,0.0,0.0,0.0
ডেলিভারিও,0.0,0.0,0.0
বাতাস,0.0,0.0,0.0
vanga,0.0,0.0,0.0
gb,0.0,0.0,0.0
ফ্রেঞ্চ,0.0,0.0,0.0
takay,0.0,0.0,0.0
পাঠানোর,0.0,0.0,0.0
গেঞ্জি,0.0,0.0,0.0
জঘন্য,0.0,0.0,0.0
ইঞ্চি,0.0,0.0,0.0
সেল,0.0,0.0,0.0
kinto,0.0,0.0,0.0
lotto,0.0,0.0,0.0
jnno,0.0,0.0,0.0
lagce,0.0,0.0,0.0
bolar,0.0,0.0,0.0
korci,0.0,0.0,0.0
বিরিয়ানী,0.0,0.0,0.0
মানসম্মত,0.0,0.0,0.0
চালের,0.0,0.0,0.0
keno,0.0,0.0,0.0
মাসের,0.0,0.0,0.0
care,0.0,0.0,0.0
গতকাল,0.0,0.0,0.0
mil,0.0,0.0,0.0
মোটামোটি,0.003932323505563871,0.0,0.0
sondor,0.0,0.0,0.0
পাশেই,0.0,0.0,0.0
৯০,0.0,0.0,0.0
আবারও,0.0,0.0,0.0
এককথায়,0.0,0.0,0.0
pieces,0.0,0.0,0.0
বডি,0.0,0.0,0.0
গত,0.0,0.0,0.0
অনুসারে,0.0,0.0,0.0
বলেছিলাম,0.0,0.0,0.0
বিশাল,0.0,0.0,0.0
ভোজ,0.0,0.0,0.0
আশাকরি,0.0,0.0,0.0
de,0.0,0.0,0.0
খাবো,0.0,0.0,0.0
years,0.0,0.0,0.0
maybe,0.0,0.0,0.0
maner,0.0,0.0,0.0
অনলাইন,0.0,0.0,0.0
যান,0.0,0.0,0.0
প্রডাক্টটি,0.0,0.0,0.0
dilen,0.0,0.0,0.0
seta,0.0,0.0,0.0
স্টিকার,0.0,0.0,0.0
kina,0.0,0.0,0.0
level,0.0,0.0,0.0
আসলো,0.0,0.0,0.0
sotti,0.0,0.0,0.0
number,0.0,0.0,0.0
কিন্তুু,0.0,0.0,0.0
ছিড়ে,0.0,0.0,0.0
overpriced,0.0,0.0,0.0
going,0.0,0.0,0.0
বললেই,0.0,0.0,0.0
কাপড়টা,0.0,0.0,0.0
পৌঁছে,0.0,0.0,0.0
আসবে,0.0,0.0,0.0
expectation,0.0,0.0,0.0
13,0.0,0.0,0.0
রেটিংঃ,0.0,0.0,0.0
button,0.0,0.0,0.0
expectations,0.0,0.0,0.0
উপহার,0.0,0.0,0.0
মিরপুরে,0.0,0.0,0.0
carry,0.0,0.0,0.0
ইন্ডিয়ান,0.0,0.0,0.0
কী,0.0,0.0,0.0
korben,0.0,0.0,0.0
note,0.0,0.0,0.0
honey,0.0,0.0,0.0
worthy,0.0,0.0,0.0
লাগসে,0.011778973568623717,0.0,0.0
ভুলে,0.0,0.0,0.0
দ্বিতীয়,0.0,0.0,0.0
এমনিতে,0.0,0.0,0.0
hoiche,0.0,0.0,0.0
dining,0.0,0.0,0.0
সামান্য,0.0,0.0,0.0
satisfying,0.0,0.0,0.0
fraud,0.0,0.0,0.0
্য,0.0,0.0,0.0
den,0.0,0.0,0.0
ওরা,0.0,0.0,0.0
মেরে,0.0,0.0,0.0
ঢাকায়,0.0,0.0,0.0
extremely,0.030971673301943673,0.0,0.0
pari,0.0,0.0,0.0
kajer,0.0,0.0,0.0
পাঠিয়ে,0.0,0.0,0.0
তাকে,0.0,0.0,0.0
মূলত,0.0,0.0,0.0
trust,0.0,0.0,0.0
bigger,0.0,0.0,0.0
মাধ্যমে,0.0,0.0,0.0
soon,0.0,0.0,0.0
neta,0.0,0.0,0.0
anything,0.0,0.0,0.0
kicu,0.0,0.0,0.0
ব,0.0,0.0,0.0
combo,0.0,0.0,0.0
screen,0.0,0.0,0.0
14,0.0,0.0,0.0
নেয়ার,0.0,0.0,0.0
জেনুইন,0.0,0.0,0.0
ওজন,0.0,0.0,0.0
dorkar,0.0,0.0,0.0
লাগানোর,0.0,0.0,0.0
বেশিই,0.0,0.0,0.0
purai,0.0,0.0,0.0
chef,0.0,0.0,0.0
করলো,0.0,0.0,0.0
কয়েকটা,0.0,0.0,0.0
karon,0.0,0.0,0.0
niyechi,0.0,0.0,0.0
cold,0.0,0.0,0.0
কেনাকাটা,-0.01813897455054309,0.0,0.0
কলম,0.0,0.0,0.0
দিয়েই,0.0,0.0,0.0
video,-0.035092592250129735,0.0,0.0
show,0.0,0.0,0.0
class,0.0,0.0,0.0
বাসমতি,0.0,0.0,0.0
ভেঙে,0.0,0.0,0.0
thick,0.0,0.0,0.0
রোডে,0.0,0.0,0.0
pochondo,0.0,0.0,0.0
বিকাশ,0.0,0.0,0.0
তারিখে,0.0,0.0,0.0
built,0.0,0.0,0.0
something,0.0,0.0,0.0
sha,0.0,0.0,0.0
mm,0.0,0.0,0.0
স্বাদে,0.0,0.0,0.0
স্পিড,0.0,0.0,0.0
refund,0.0,0.0,0.0
ব্যবস্থা,0.0,0.0,0.0
scratch,0.0,0.0,0.0
mask,0.0,0.0,0.0
expensive,0.0,0.0,0.0
চেয়ার,0.0,0.0,0.0
tried,0.0,0.0,0.0
প্রতারণা,0.0,0.0,0.0
large,0.0,0.0,0.0
পরেই,0.0,0.0,0.0
চালু,0.0,0.0,0.0
মেসেজ,0.0,0.0,0.0
positive,0.0,0.0,0.0
copy,-0.015143053605486708,0.0,0.0
জানতে,0.0,0.0,0.0
since,0.0,0.0,0.0
ঢুকে,0.0,0.0,0.0
plus,0.0,0.0,0.0
500,0.0,0.0,0.0
floor,0.0,0.0,0.0
পকেট,0.0,0.0,0.0
বসার,0.001135611213556797,0.0,0.0
oi,0.0,0.0,0.0
saller,0.0,0.0,0.0
এখনও,0.0,0.0,0.0
der,0.0,0.0,0.0
ring,0.0,0.0,0.0
অথেন্টিক,0.0,0.0,0.0
ভাব,0.0,0.0,0.0
ঘড়িটি,0.0,0.0,0.0
ওয়ারী,0.028929476304104303,0.0,0.0
300,0.0,0.0,0.0
ডিসপ্লে,0.0,0.0,0.0
jodio,0.0,0.0,0.0
ডিশ,0.0,0.0,0.0
পড়তে,0.0,0.0,0.0
কমানো,0.0,0.0,0.0
mash,0.0,0.0,0.0
মুরগির,0.0,0.0,0.0
noodles,0.0,0.0,0.0
আজকের,0.0,0.0,0.0
hopefully,0.0,0.0,0.0
চায়না,0.0,0.0,0.0
faster,0.0,0.0,0.0
handle,0.0,0.0,0.0
পরের,0.0,0.0,0.0
পিছনে,0.0,0.0,0.0
ছাড়,0.0,0.0,0.0
mane,0.0,0.0,0.0
fries,0.0,0.0,0.0
curry,0.0,0.0,0.0
ঐ,0.0,0.0,0.0
oily,0.0,0.0,0.0
৪০০,0.0,0.0,0.0
lock,0.0,0.0,0.0
উত্তর,0.0,0.0,0.0
৩৫,0.0,0.0,0.0
টুকরা,0.0,0.0,0.0
ফেটে,0.0,0.0,0.0
impressive,0.0,0.0,0.0
সকাল,0.0,0.0,0.0
মাএ,0.0,0.0,0.0
boi,0.0,0.0,0.0
al,0.0,0.0,0.0
সুন্দরভাবে,0.0,0.0,0.0
পরিবেশন,0.0,0.0,0.0
শাহী,0.0,0.0,0.0
নিম্ন,0.0,0.0,0.0
লাভার,0.0,0.0,0.0
মশলা,0.0,0.0,0.0
ফেনা,0.0,0.0,0.0
yellow,0.0,0.0,0.0
জায়গার,0.0,0.0,0.0
দোয়া,0.0,0.0,0.0
নেগেটিভ,0.0,0.0,0.0
আরেকটি,0.0,0.0,0.0
code,0.0,0.0,0.0
speaker,0.0,0.0,0.0
pad,0.0,0.0,0.0
pay,0.0,0.0,0.0
পেয়াজ,0.0,0.0,0.0
ইউস,0.0,0.0,0.0
কিনি,0.0,0.0,0.0
মন্দ,0.0,0.0,0.0
purpose,0.0,0.0,0.0
মানি,-0.02907218646422977,0.0,0.0
favourite,0.0,0.0,0.0
sturdy,0.0,0.0,0.0
family,0.0,0.0,0.0
dicchi,0.0,0.0,0.0
sobay,0.0,0.0,0.0
basi,0.0,0.0,0.0
তুলনা,0.0,0.0,0.0
চিনি,0.0,0.0,0.0
ghori,0.0,0.0,0.0
diben,0.0,0.0,0.0
কোনটা,0.0,0.0,0.0
couldn,0.0,0.0,0.0
সম্পন্ন,0.0,0.0,0.0
বাটন,0.0,0.0,0.0
তারাতারি,0.0,0.0,0.0
thaka,0.0,0.0,0.0
বাদাম,0.0,0.0,0.0
টেকসই,0.0,0.0,0.0
posondo,-0.037649610458386454,0.0,0.0
লিটার,0.0,0.0,0.0
পানির,0.0,0.0,0.0
main,0.0,0.0,0.0
দিলেই,0.0,0.0,0.0
পড়া,0.0,0.0,0.0
দুধ,0.0,0.0,0.0
machine,0.0,0.0,0.0
19,0.0,0.0,0.0
mixed,0.0,0.0,0.0
luck,0.0,0.0,0.0
সর্বোচ্চ,0.0,0.0,0.0
হ্যাঁ,0.0,0.0,0.0
takes,0.0,0.0,0.0
ভরা,0.0,0.0,0.0
80,0.0,0.0,0.0
বন্ধুদের,0.0,0.0,0.0
duita,0.0,0.0,0.0
hold,0.0,0.0,0.0
room,0.0,0.0,0.0
সন্তোষজনক,0.0,0.0,0.0
অষ্ট,0.0,0.0,0.0
ভাঙা,0.0,0.0,0.0
গুলি,0.0,0.0,0.0
সাজানো,0.0,0.0,0.0
আপ,0.0,0.0,0.0
দেশের,0.0,0.0,0.0
সামনের,0.0,0.0,0.0
mutamuti,0.0,0.0,0.0
দিনেই,0.0,0.0,0.0
ব্যবহারে,0.0,0.0,0.0
বিস্কুট,0.0,0.0,0.0
won,0.0,0.0,0.0
রইল,0.0,0.0,0.0
kothai,0.0,0.0,0.0
jani,0.0,0.0,0.0
দেখবেন,0.0,0.0,0.0
সাইজটা,0.0,0.0,0.0
youtube,0.0,0.0,0.0
shathe,0.0,0.0,0.0
vat,0.0,0.0,0.0
দূরে,0.0,0.0,0.0
khule,0.0,0.0,0.0
sandwich,0.0,0.0,0.0
90,0.0,0.0,0.0
শেয়ার,0.0,0.0,0.0
আই,0.0,0.0,0.0
anek,0.0,0.0,0.0
প্রত্যেকটা,0.0,0.0,0.0
gets,0.0,0.0,0.0
চীজ,0.0,0.0,0.0
বয়,0.0,0.0,0.0
ফোনের,0.0,0.0,0.0
ভিড়,0.0,0.0,0.0
french,0.0,0.0,0.0
বন্ধুর,0.0,0.0,0.0
2022,0.0,0.0,0.0
waiting,0.0,0.0,0.0
ড্রিংক্স,0.0,0.0,0.0
পুরনো,0.0,0.0,0.0
বাড়ির,0.0,0.0,0.0
যত্ন,0.0,0.0,0.0
vary,0.0,0.0,0.0
kinda,0.0,0.0,0.0
32,0.0,0.0,0.0
takai,0.0,0.0,0.0
এড,0.0,0.0,0.0
পর্যাপ্ত,0.0,0.0,0.0
খেতেও,0.0,0.0,0.0
akhn,0.0,0.0,0.0
একে,0.0,0.0,0.0
পেমেন্ট,0.0,0.0,0.0
fair,0.0,0.0,0.0
delivary,0.0,0.0,0.0
porse,0.0,0.0,0.0
মসজিদের,0.0,0.0,0.0
দম,0.0,0.0,0.0
কমদামে,0.0,0.0,0.0
বোল,0.0,0.0,0.0
recomended,0.0,0.0,0.0
lagbe,0.0,0.0,0.0
এমনি,0.0,0.0,0.0
নিছিলাম,0.0,0.0,0.0
instagram,0.0,0.0,0.0
খুঁজে,0.0,0.0,0.0
মোড়,0.0,0.0,0.0
length,0.0,0.0,0.0
শান্তি,0.0,0.0,0.0
গরমে,0.0,0.0,0.0
চালিয়ে,0.0,0.0,0.0
কাউকে,0.0,0.0,0.0
ছোটো,0.0,0.0,0.0
পাঁচ,0.0,0.0,0.0
হ্যাপি,0.0,0.0,0.0
ম্যানকে,0.0,0.0,0.0
delivering,0.0,0.0,0.0
ফিটিং,0.0,0.0,0.0
korche,0.0,0.0,0.0
bkash,0.0,0.0,0.0
thx,0.0,0.0,0.0
নুডুলস,0.0,0.0,0.0
grab,0.0,0.0,0.0
রিন,0.0,0.0,0.0
cashback,0.0,0.0,0.0
দেখাচ্ছে,0.0,0.0,0.0
ফ্যামিলি,0.0,0.0,0.0
image,0.0,0.0,0.0
থ্যাংকস,0.0,0.0,0.0
বাচ্চা,0.0,0.0,0.0
ছিলোনা,0.0,0.0,0.0
gives,0.0,0.0,0.0
korsilam,0.0,0.0,0.0
কালা,0.0,0.0,0.0
যেত,0.0,0.0,0.0
একা,0.0,0.0,0.0
through,0.011483610929142013,0.0,0.0
lekha,0.011466817104277407,0.0,0.0
পরোটা,0.0,0.0,0.0
ব্যাপারটা,0.0,0.0,0.0
ড্রিংকস,0.0,0.0,0.0
এগিয়ে,0.0,0.0,0.0
বক্সের,0.0,0.0,0.0
কাগজ,0.0,0.0,0.0
নেন,0.0,0.0,0.0
প্রডাক্টের,0.0,0.0,0.0
ওখানে,0.0,0.0,0.0
যেকোনো,0.0,0.0,0.0
পেজ,0.0,0.0,0.0
বাড়ি,0.0,0.0,0.0
120,0.0,0.0,0.0
elegant,0.0,0.0,0.0
অংশ,0.0,0.0,0.0
হাউজ,0.0,0.0,0.0
wife,0.0,0.0,0.0
chat,0.0,0.0,0.0
chips,0.0,0.0,0.0
17,0.0,0.0,0.0
অন্যতম,0.0,0.0,0.0
customers,0.0,0.0,0.0
মার্কেটে,0.0,0.0,0.0
improve,0.0,0.0,0.0
paini,0.0,0.0,0.0
এতটা,0.0,0.0,0.0
কামনা,0.0,0.0,0.0
fuoco,0.0,0.0,0.0
এইটার,0.0,0.0,0.0
বটি,0.0,0.0,0.0
দিয়েছিল,0.0,0.0,0.0
anyway,0.0,0.0,0.0
ততটা,0.0,0.0,0.0
pm,0.0,0.0,0.0
ডিটারজেন্ট,0.0,0.0,0.0
opposite,0.0,0.0,0.0
mon,0.0,0.0,0.0
reviewing,0.0,0.0,0.0
আল,0.0,0.0,0.0
সেরকমই,0.0,0.0,0.0
ba,0.0,0.0,0.0
dea,0.0,0.0,0.0
mashallah,0.0,0.0,0.0
অনেকেই,0.0,0.0,0.0
লাগল,0.0,0.0,0.0
hoyese,0.0,0.0,0.0
পয়েন্ট,0.0,0.0,0.0
রামপুরা,0.040978032549958104,0.0,0.0
fitting,0.0,0.0,0.0
diaper,0.0,0.0,0.0
আছেই,0.0,0.0,0.0
তান্দুরি,0.0,0.0,0.0
ঝামেলা,0.0,0.0,0.0
update,0.0,0.0,0.0
koto,0.0,0.0,0.0
stock,0.0,0.0,0.0
asked,0.0,0.0,0.0
অনেকে,0.0,0.0,0.0
কিনবো,0.0,0.0,0.0
ট্রিট,0.0,0.0,0.0
পাশাপাশি,0.0,0.0,0.0
হচ্ছিল,0.0,0.0,0.0
compare,0.0,0.0,0.0
dry,0.0,0.0,0.0
simple,0.0,0.0,0.0
দু,0.0,0.0,0.0
৩৫০,0.0,0.0,0.0
অনলাইনে,0.0,0.0,0.0
gel,0.0,0.0,0.0
down,0.0,0.0,0.0
পাতা,0.0,0.0,0.0
হইসে,0.0,0.0,0.0
akhono,0.0,0.0,0.0
ভাবতে,0.0,0.0,0.0
বাহিরে,0.0,0.0,0.0
solid,0.0,0.0,0.0
পরও,0.0,0.0,0.0
বাসা,0.0,0.0,0.0
ডিস্কাউন্ট,0.0,0.0,0.0
each,0.0,0.0,0.0
needed,0.0,0.0,0.0
রেট,0.0,0.0,0.0
apnarao,-0.1549039093053078,0.0,0.0
brother,0.0,0.0,0.0
বলেই,0.0,0.0,0.0
রেজালা,0.0,0.0,0.0
অবস্থিত,0.0,0.0,0.0
নিয়মিত,0.0,0.0,0.0
23,0.0,0.0,0.0
se,0.0,0.0,0.0
টাইপের,0.0,0.0,0.0
osadharon,0.0,0.0,0.0
ager,0.0,0.0,0.0
প্ল্যাটার,0.0,0.0,0.0
এটাও,0.0,0.0,0.0
করেও,0.0,0.0,0.0
ওর্ডার,0.0,0.0,0.0
finally,0.0,0.0,0.0
ধরা,0.0,0.0,0.0
টায়,0.0,0.0,0.0
ওয়াশ,0.0,0.0,0.0
জানে,0.0,0.0,0.0
তুলতে,0.0,0.0,0.0
জানা,0.0,0.0,0.0
impressed,0.0,0.0,0.0
১৪০,0.0,0.0,0.0
পান,0.0,0.0,0.0
ম্যানের,0.0,0.0,0.0
টোটাল,0.0,0.0,0.0
saler,0.0,0.0,0.0
key,0.0,0.0,0.0
osthir,0.0,0.0,0.0
amount,0.0,0.0,0.0
১৬০,0.0,0.0,0.0
ব্যবহারও,0.0,0.0,0.0
হাজার,0.0,0.0,0.0
খুজে,0.0,0.0,0.0
safe,0.0,0.0,0.0
চাটনি,0.0,0.0,0.0
defective,0.0,0.0,0.0
কালারটা,0.0,0.0,0.0
প্রকার,0.0,0.0,0.0
করতেছে,0.0,0.0,0.0
রেড,0.0,0.0,0.0
সো,0.0,0.0,0.0
সাধারণ,0.0,0.0,0.0
এত্ত,0.0,0.0,0.0
port,0.0,0.0,0.0
hote,0.0,0.0,0.0
add,0.0,0.0,0.0
ঘন,0.0,0.0,0.0
প্লিজ,0.0,0.0,0.0
জিনিষ,0.0,0.0,0.0
দেখতেও,0.0,0.0,0.0
wifi,0.0,0.0,0.0
অফারের,0.0,0.0,0.0
amon,0.0,0.0,0.0
iphone,0.0,0.0,0.0
specially,0.0,0.0,0.0
olpo,0.0,0.0,0.0
কম্বিনেশন,0.0,0.0,0.0
বাফেট,0.0,0.0,0.0
বললো,0.0,0.0,0.0
ঘন্টার,0.0,0.0,0.0
appreciate,0.0,0.0,0.0
single,0.0,0.0,0.0
yes,0.0,0.0,0.0
installation,0.0,0.0,0.0
three,0.0,0.0,0.0
tight,0.0,0.0,0.0
গান,0.0,0.0,0.0
parbo,0.0,0.0,0.0
বাধ্য,0.0,0.0,0.0
kinben,0.0,0.0,0.0
akto,0.0,0.0,0.0
লেগেছিল,0.0,0.0,0.0
পাঠানো,0.0,0.0,0.0
লাচ্ছি,0.0,0.0,0.0
আলাইকুম,0.0,0.0,0.0
facewash,0.0,0.0,0.0
থাকছে,0.0,0.0,0.0
ওয়াও,0.0,0.0,0.0
গেট,0.0,0.0,0.0
পাইসি,0.0,0.0,0.0
ভাংগা,0.0,0.0,0.0
জীবনে,0.0,0.0,0.0
একমাত্র,0.0,0.0,0.0
ভেলিভারি,0.0,0.0,0.0
samsung,0.0,0.0,0.0
tah,0.0,0.0,0.0
পয়সা,0.0,0.0,0.0
ekhono,0.0,0.0,0.0
ফর,0.0,0.0,0.0
আঠা,0.0,0.0,0.0
এমনটা,0.0,0.0,0.0
dear,0.0,0.0,0.0
street,0.0,0.0,0.0
সম্ভবত,0.0,0.0,0.0
ফালুদা,0.0,0.0,0.0
kids,0.0,0.0,0.0
word,0.0,0.0,0.0
donnobad,0.0,0.0,0.0
ব্লক,0.0,0.0,0.0
এক্সপেরিয়েন্স,0.0,0.0,0.0
সুপ,0.0,0.0,0.0
express,0.0,0.0,0.0
thikthak,0.0,0.0,0.0
পারব,0.0,0.0,0.0
remote,0.0,0.0,0.0
চিকন,0.0,0.0,0.0
কার,0.0,0.0,0.0
babohar,0.0,0.0,0.0
satisfy,0.0,0.0,0.0
একটাই,0.0,0.0,0.0
ক,0.0,0.0,0.0
সবথেকে,0.0,0.0,0.0
লাইভ,0.0,0.0,0.0
ঘর,0.0,0.0,0.0
রে,0.0,0.0,0.0
মানুষকে,0.0,0.0,0.0
মোরগ,0.0,0.0,0.0
ব্যঞ্জন,0.0,0.0,0.0
ওভার,0.0,0.0,0.0
মিডিয়াম,0.0,0.0,0.0
সসেজ,0.0,0.0,0.0
আসসালামু,0.0,0.0,0.0
একটার,0.0,0.0,0.0
hbe,0.0,0.0,0.0
needs,0.0,0.0,0.0
বাংলা,0.0,0.0,0.0
temoni,0.0,0.0,0.0
গুড়া,0.0,0.0,0.0
left,0.0,0.0,0.0
রিকমেন্ড,0.0,0.0,0.0
কপি,0.0,0.0,0.0
এটাতে,0.0,0.0,0.0
অন্যরকম,0.0,0.0,0.0
tel,0.0,0.0,0.0
bro,0.0,0.0,0.0
stuff,0.0,0.0,0.0
metal,0.0,0.0,0.0
sausage,0.0,0.0,0.0
যেভাবে,0.0,0.0,0.0
menu,0.0,0.0,0.0
লাইন,0.0,0.0,0.0
উনারা,0.0,0.0,0.0
অনেকগুলো,0.0,0.0,0.0
actual,0.0,0.0,0.0
connection,0.0,0.0,0.0
21,0.0,0.0,0.0
cheyechi,0.0,0.0,0.0
শেফ,0.05479880695009287,0.0,0.0
mohammadpur,0.0,0.0,0.0
kome,0.0,0.0,0.0
লাঞ্চ,0.0,0.0,0.0
during,0.0,0.0,0.0
নম্বর,0.0,0.0,0.0
ক্রিস্পি,0.0,0.0,0.0
সাশ্রয়ী,0.0,0.0,0.0
mas,0.0,0.0,0.0
chai,0.0,0.0,0.0
ee,0.0,0.0,0.0
তাতে,0.0,0.0,0.0
মেশিন,0.0,0.0,0.0
dress,0.0,0.0,0.0
বাড়িয়ে,0.0,0.0,0.0
pleased,0.0,0.0,0.0
যেনো,0.0,0.0,0.0
handy,0.0,0.0,0.0
বাবল,0.0,0.0,0.0
ছিলনা,0.0,0.0,0.0
বলছে,0.0,0.0,0.0
বাই,0.0,0.0,0.0
উসুল,0.0,0.0,0.0
gelo,0.0,0.0,0.0
সুইচ,0.0,0.0,0.0
standard,0.0,0.0,0.0
স্মার্ট,0.0,0.0,0.0
kre,0.0,0.0,0.0
করেনি,0.0,0.0,0.0
১৬,0.0,0.0,0.0
user,0.0,0.0,0.0
details,0.0,0.0,0.0
pocket,0.0,0.0,0.0
রাখে,0.0,0.0,0.0
loss,0.0,0.0,0.0
bowl,0.0,0.0,0.0
থাকি,0.0,0.0,0.0
বিরিয়ানির,0.0,0.0,0.0
হয়ত,0.0,0.0,0.0
হাজির,0.0,0.0,0.0
করেনা,0.0,0.0,0.0
২২,0.0,0.0,0.0
slightly,0.0,0.0,0.0
ফলে,0.0,0.0,0.0
korini,0.0,0.0,0.0
nisi,0.0,0.0,0.0
bolte,0.0,0.0,0.0
apnr,0.0,0.0,0.0
অ্যাভারেজ,0.0,0.0,0.0
লেভেলে,0.0,0.0,0.0
folafol,0.0,0.0,0.0
টাকাস্থানঃ,0.0,0.0,0.0
বলটা,0.0,0.0,0.0
আমারা,0.0,0.0,0.0
টিপি,0.0,0.0,0.0
manually,0.0,0.0,0.0
delicate,0.0,0.0,0.0
নিচি,0.0,0.0,0.0
lang,0.0,0.0,0.0
খুলতেই,0.0,0.0,0.0
panties,0.0,0.0,0.0
দোলনাটা,0.0,0.0,0.0
্যাচ,0.0,0.0,0.0
চার্জারটি,0.0,0.0,0.0
recipe,0.0,0.0,0.0
দাঁতের,0.0,0.0,0.0
গ্রিলের,0.0,0.0,0.0
কাটুন,0.0,0.0,0.0
valooo,0.0,0.0,0.0
নবাবের,0.0,0.0,0.0
aarong,0.0,0.0,0.0
snacks,0.0,0.0,0.0
তুলেছি,0.0,0.0,0.0
onnnk,0.0,0.0,0.0
unexpectedly,0.0,0.0,0.0
lofa,0.0,0.0,0.0
daag,0.0,0.0,0.0
spaghetti,0.0,0.0,0.0
attachment,0.0,0.0,0.0
grace,0.0,0.0,0.0
মনেহচ্ছে,0.0,0.0,0.0
করবেই,0.0,0.0,0.0
ইফতারির,0.0,0.0,0.0
সুপের,0.0,0.0,0.0
kholar,0.0,0.0,0.0
সামনাসামনি,0.0,0.0,0.0
shaped,0.0,0.0,0.0
সাবাই,0.0,0.0,0.0
maja,0.0,0.0,0.0
plates,0.0,0.0,0.0
চিস,0.0,0.0,0.0
চশমার,0.0,0.0,0.0
জাপান,0.0,0.0,0.0
বংশাল,0.0,0.0,0.0
সেটায়,0.0,0.0,0.0
hey,0.0,0.0,0.0
nil,0.0,0.0,0.0
blizzard,0.0,0.0,0.0
খোসা,0.0,0.0,0.0
particular,0.0,0.0,0.0
asse,0.0,0.0,0.0
আনে,0.0,0.0,0.0
knows,0.0,0.0,0.0
wrote,0.0,0.0,0.0
increases,0.0,0.0,0.0
প্রডাক্টও,0.0,0.0,0.0
হাউজে,0.0,0.0,0.0
খিদা,0.0,0.0,0.0
১০পরিমাণ,0.0,0.0,0.0
dubai,0.0,0.0,0.0
শমরিতা,0.0,0.0,0.0
ছোয়া,0.0,0.0,0.0
ছানা,0.0,0.0,0.0
৫২০,0.0,0.0,0.0
কুপন,0.0,0.0,0.0
সাবাড়,0.0,0.0,0.0
milanese,0.0,0.0,0.0
plan,0.0,0.0,0.0
১৬০০,0.0,0.0,0.0
তিনদিনের,0.0,0.0,0.0
গু,0.0,0.0,0.0
dama,0.0,0.0,0.0
নাড়াচাড়া,0.0,0.0,0.0
নজরে,0.0,0.0,0.0
খারাপনা,0.0,0.0,0.0
খায়া,0.0,0.0,0.0
cielo,0.0,0.0,0.0
অখাদ্য,0.0,0.0,0.0
mania,0.0,0.0,0.0
আগস্ট,0.0,0.0,0.0
লাগিয়েছে,0.0,0.0,0.0
pathao,0.0,0.0,0.0
বেচারা,0.0,0.0,0.0
bahir,0.0,0.0,0.0
ute,0.0,0.0,0.0
kinechilam,0.0,0.0,0.0
বাহারি,0.0,0.0,0.0
হেলদি,0.0,0.0,0.0
lit,0.0,0.0,0.0
decrease,0.0,0.0,0.0
ক্রেতারা,0.0,0.0,0.0
sevendays,0.0,0.0,0.0
সিকিউরিটি,0.0,0.0,0.0
dhula,0.0,0.0,0.0
extension,0.0,0.0,0.0
সন্দিহান,0.0,0.0,0.0
পৌঁছেছে,0.0,0.0,0.0
কম্প্রোমাইজ,0.0,0.0,0.0
সামলাও,0.0,0.0,0.0
satiesfied,0.0,0.0,0.0
চেলার,0.0,0.0,0.0
appears,0.0,0.0,0.0
আদি,0.0,0.0,0.0
ক্ষতিকর,0.0,0.0,0.0
পরেরবার,0.0,0.0,0.0
বিনয়ী,0.0,0.0,0.0
ban,0.0,0.0,0.0
পাকিস্তানি,0.0,0.0,0.0
wired,0.0,0.0,0.0
gosto,0.0,0.0,0.0
applicable,0.0,0.0,0.0
690,0.0,0.0,0.0
responsibility,0.0,0.0,0.0
খুঁজছেন,0.0,0.0,0.0
kaner,0.0,0.0,0.0
সুপারফাস্ট,0.0,0.0,0.0
ধুলাবালি,0.0,0.0,0.0
berry,0.0,0.0,0.0
জন্ম,0.0,0.0,0.0
akhan,0.0,0.0,0.0
কাবাবওয়ালার,0.0,0.0,0.0
basis,0.0,0.0,0.0
আডার,0.0,0.0,0.0
ম্যাক্সিকান,0.0,0.0,0.0
suction,0.0,0.0,0.0
পিচ্ছিল,0.0,0.0,0.0
যায়গাটা,0.0,0.0,0.0
prettier,0.0,0.0,0.0
pakage,0.0,0.0,0.0
সেলিং,0.0,0.0,0.0
সমুচা,0.0,0.0,0.0
ভোজনরসিক,0.0,0.0,0.0
island,0.0,0.0,0.0
bristles,0.0,0.0,0.0
লাউঞ্জে,0.0,0.0,0.0
diyei,0.0,0.0,0.0
নিশ্চিন্ত,0.0,0.0,0.0
willing,0.0,0.0,0.0
somossha,0.0,0.0,0.0
রিটার্ণ,0.0,0.0,0.0
deuar,0.0,0.0,0.0
৬৩,0.0,0.0,0.0
রওনা,0.0,0.0,0.0
flakes,0.0,0.0,0.0
nijei,0.0,0.0,0.0
slippers,0.0,0.0,0.0
meye,0.0,0.0,0.0
প্রাই,0.0,0.0,0.0
gamers,0.0,0.0,0.0
qty,0.0,0.0,0.0
প্যাকিংও,0.0,0.0,0.0
জেলটা,0.0,0.0,0.0
bagta,0.0,0.0,0.0
companies,0.0,0.0,0.0
খাওন,0.0,0.0,0.0
প্রাইসিং,0.0,0.0,0.0
কেনসেল,0.0,0.0,0.0
51,0.0,0.0,0.0
1600,0.0,0.0,0.0
লিখেছেন,0.0,0.0,0.0
খাইনা,0.0,0.0,0.0
ডেটলকে,0.0,0.0,0.0
জার্সিটা,0.0,0.0,0.0
jackpot,0.0,0.0,0.0
টেস্টই,0.0,0.0,0.0
লাগালাম,0.0,0.0,0.0
ears,0.0,0.0,0.0
প্রয়োজনের,0.0,0.0,0.0
ভালছিল,0.0,0.0,0.0
casio,0.0,0.0,0.0
সাউন্ডে,0.05452714593485293,0.0,0.0
jewelry,0.0,0.0,0.0
প্রথমদিন,0.0,0.0,0.0
chayle,0.0,0.0,0.0
joos,0.0,0.0,0.0
দিও,0.0,0.0,0.0
incredibly,0.0,0.0,0.0
pollo,0.0,0.0,0.0
রিপ্লেস,0.0,0.0,0.0
ing,0.0,0.0,0.0
উ,0.0,0.0,0.0
আইফোন,0.0,0.0,0.0
maan,0.0,0.0,0.0
hocca,0.0,0.0,0.0
কনভার্টার,0.0,0.0,0.0
তারই,0.0,0.0,0.0
watching,0.0,0.0,0.0
১০দিন,0.0,0.0,0.0
পিকেটিং,0.0,0.0,0.0
বাক্সে,0.0,0.0,0.0
hto,0.0,0.0,0.0
nonetheless,0.0,0.0,0.0
পুল,0.0,0.0,0.0
dealer,0.0,0.0,0.0
পাঠিয়েছি,0.0,0.0,0.0
আছ,0.0,0.0,0.0
বেশকিছু,0.0,0.0,0.0
hill,0.0,0.0,0.0
topnotch,0.0,0.0,0.0
দায়ী,0.0,0.0,0.0
smoke,0.0,0.0,0.0
লাগচে,0.0,0.0,0.0
পারফিউমের,0.0,0.0,0.0
palace,0.0,0.0,0.0
coat,0.0,0.0,0.0
merchant,0.0,0.0,0.0
আস্ক,0.0,0.0,0.0
pu,0.0,0.0,0.0
ফিতার,0.0,0.0,0.0
স্ট্রিপস,0.0,0.0,0.0
colored,0.0,0.0,0.0
চমতকার,0.0,0.0,0.0
avg,0.0,0.0,0.0
pichone,0.0,0.0,0.0
রেস্তোরাঁর,0.0,0.0,0.0
সাতমসজিদ,0.0,0.0,0.0
ক্যাপটা,0.0,0.0,0.0
bogus,0.0,0.0,0.0
মিলির,0.0,0.0,0.0
দেখতাম,0.0,0.0,0.0
মারলাম,0.0,0.0,0.0
কল্পনার,0.0,0.0,0.0
ic,0.0,0.0,0.0
আইয়ুন,0.0,0.0,0.0
দ্যান,0.0,0.0,0.0
তালিকা,0.0,0.0,0.0
ব্রেস্ট,0.0,0.0,0.0
za,0.0,0.0,0.0
slice,0.0,0.0,0.0
joggo,0.0,0.0,0.0
তামার,0.0,0.0,0.0
পাওয়াতে,0.0,0.0,0.0
points,0.0,0.0,0.0
পারসোনাল,0.0,0.0,0.0
durbol,0.0,0.0,0.0
৭৯৯,0.0,0.0,0.0
পণ্যগুলোর,0.0,0.0,0.0
grills,0.0,0.0,0.0
মোড়ক,0.0,0.0,0.0
উভয়কে,0.0,0.0,0.0
সেখানেও,0.0,0.0,0.0
toast,0.0,0.0,0.0
ভুনার,0.0,0.0,0.0
numbers,0.0,0.0,0.0
ঠকবাজ,0.0,0.0,0.0
পূর্বেই,0.0,0.0,0.0
চট্টগ্রামে,0.0,0.0,0.0
লাগলাম,0.0,0.0,0.0
সেটিংস,0.0,0.0,0.0
চালাই,0.0,0.0,0.0
বিদেশী,0.0,0.0,0.0
৩দিনের,0.0,0.0,0.0
pattern,0.0,0.0,0.0
দিছিল,0.0,0.0,0.0
journey,0.0,0.0,0.0
dawer,0.0,0.0,0.0
রিভিউটি,0.0,0.0,0.0
ড্রাগন,0.0,0.0,0.0
anak,0.0,0.0,0.0
মানিকের,0.0,0.0,0.0
ব্যর্থ,0.0,0.0,0.0
diyechilo,0.0,0.0,0.0
father,0.0,0.0,0.0
ধরেছে,0.0,0.0,0.0
alhamdulila,0.0,0.0,0.0
ইউজড,0.0,0.0,0.0
rapid,0.0,0.0,0.0
জন্যেও,0.0,0.0,0.0
টমেটোর,0.0,0.0,0.0
ড্রিনক্স,0.0,0.0,0.0
পাকোড়া,0.0,0.0,0.0
ফেইসওয়াশ,0.0,0.0,0.0
লাভবান,0.0,0.0,0.0
তাক,0.0,0.0,0.0
কলে,0.0,0.0,0.0
মাসও,0.0,0.0,0.0
কম্পলেইন,0.0,0.0,0.0
কোয়াটার,0.0,0.0,0.0
shymoli,0.0,0.0,0.0
ভাইরাল,0.0,0.0,0.0
গুড়ার,0.0,0.0,0.0
কাভারটি,0.0,0.0,0.0
forgot,0.0,0.0,0.0
পারের,0.0,0.0,0.0
৪৪০,0.0,0.0,0.0
allover,0.0,0.0,0.0
হারে,0.0,0.0,0.0
sobkichu,0.0,0.0,0.0
পাক্কির,0.0,0.0,0.0
কুকার,0.0,0.0,0.0
pepsi,0.0,0.0,0.0
সর্বনিম্ন,0.0,0.0,0.0
পরিমানেও,0.0,0.0,0.0
perhaps,0.0,0.0,0.0
saffron,0.0,0.0,0.0
স্ত্রীর,0.0,0.0,0.0
খাও,0.0,0.0,0.0
ভাগ্যের,0.0,0.0,0.0
প্রিয়জন,0.0,0.0,0.0
learn,0.0,0.0,0.0
protita,0.0,0.0,0.0
dosh,0.0,0.0,0.0
আটকানোর,0.0,0.0,0.0
মেয়াদোত্তীর্ণ,0.0,0.0,0.0
esob,0.0,0.0,0.0
chomotkar,0.0,0.0,0.0
চলাকালীন,0.0,0.0,0.0
অগ্রিম,0.0,0.0,0.0
pero,0.0,0.0,0.0
pendant,0.0,0.0,0.0
lenovo,0.0,0.0,0.0
bujbo,0.0,0.0,0.0
ধরলাম,0.0,0.0,0.0
vao,0.0,0.0,0.0
৫টাকা,0.0,0.0,0.0
sweat,0.0,0.0,0.0
সিফুড,0.0,0.0,0.0
সাফল্য,0.0,0.0,0.0
পরিক্ষা,0.0,0.0,0.0
তাছাড়াও,0.0,0.0,0.0
tok,0.0,0.0,0.0
cutee,0.0,0.0,0.0
বেবী,0.0,0.0,0.0
othentic,0.0,0.0,0.0
আলুগুলো,0.0,0.0,0.0
ওষুধ,0.0,0.0,0.0
দরজায়,0.0,0.0,0.0
রেকোমেন্ড,0.0,0.0,0.0
lazada,0.0,0.0,0.0
ভোলা,0.0,0.0,0.0
sontusto,0.0,0.0,0.0
এভার,0.0,0.0,0.0
solar,0.0,0.0,0.0
asia,0.0,0.0,0.0
removing,0.0,0.0,0.0
diggger,0.0,0.0,0.0
ফল্ট,0.0,0.0,0.0
পিছন,0.0,0.0,0.0
ধান্দাবাজি,0.0,0.0,0.0
ভদ্রলোক,0.0,0.0,0.0
আউটলেটে,0.0,0.0,0.0
রিড,0.0,0.0,0.0
ফরমেট,0.0,0.0,0.0
eater,0.0,0.0,0.0
viqarunnisa,0.0,0.0,0.0
৩০০টাকা,0.0,0.0,0.0
eatery,0.0,0.0,0.0
সর,0.0,0.0,0.0
satisfie,0.0,0.0,0.0
setao,0.0,0.0,0.0
niban,0.0,0.0,0.0
আলহামদু,0.0,0.0,0.0
গোপনীয়তা,0.0,0.0,0.0
শিখতে,0.0,0.0,0.0
103,0.0,0.0,0.0
স্ট্রবেরী,0.0,0.0,0.0
কাচ,0.0,0.0,0.0
nvme,0.0,0.0,0.0
adequate,0.0,0.0,0.0
যেটাতে,0.0,0.0,0.0
মতনই,0.0,0.0,0.0
দোলনায়,0.0,0.0,0.0
বিচি,0.0,0.0,0.0
স্যালার,0.0,0.0,0.0
ভালোছিল,0.0,0.0,0.0
paowa,0.0,0.0,0.0
asus,0.0,0.0,0.0
ginger,0.0,0.0,0.0
খারপ,0.0,0.0,0.0
chor,0.0,0.0,0.0
evening,0.0,0.0,0.0
কোথাকার,0.0,0.0,0.0
চুমুকে,0.0,0.0,0.0
আলহামদুলিলাহ,0.0,0.0,0.0
bsi,0.0,0.0,0.0
mosquitoes,0.0,0.0,0.0
রেশমী,0.0,0.0,0.0
peya,0.0,0.0,0.0
dokaner,0.0,0.0,0.0
jonok,0.0,0.0,0.0
wrapper,0.0,0.0,0.0
পছন্দনীয়,-0.1500577022332207,0.0,0.0
gillette,0.0,0.0,0.0
flavors,0.0,0.0,0.0
কতৃপক্ষ,0.0,0.0,0.0
তারও,0.0,0.0,0.0
মেরিল,0.0,0.0,0.0
দেখাইলেন,0.0,0.0,0.0
মঙ্গল,0.0,0.0,0.0
পৌঁছাতে,0.0,0.0,0.0
ডিরেক্ট,0.0,0.0,0.0
বুঝতেছিনা,0.0,0.0,0.0
পরোটার,0.0,0.0,0.0
পরশু,0.0,0.0,0.0
boler,0.0,0.0,0.0
টাকালোকেশন,0.0,0.0,0.0
serious,0.0,0.0,0.0
চাইবেন,0.0,0.0,0.0
৪৬০,0.0,0.0,0.0
seitai,0.0,0.0,0.0
৬টি,0.0,0.0,0.0
উৎসাহিত,0.0,0.0,0.0
বিকাশকে,0.0,0.0,0.0
wonder,0.0,0.0,0.0
আতরটা,0.0,0.0,0.0
গিয়ার,0.0,0.0,0.0
nalli,0.0,0.0,0.0
নিরদ্বিধায়,0.0,0.0,0.0
999,0.0,0.0,0.0
স্যাভলন,0.0,0.0,0.0
গুটি,0.0,0.0,0.0
হু,0.0,0.0,0.0
jogonno,0.0,0.0,0.0
পলিশ,0.0,0.0,0.0
eti,0.0,0.0,0.0
হেবি,0.0,0.0,0.0
sushi,0.0,0.0,0.0
theme,0.0,0.0,0.0
অপূর্ব,0.0,0.0,0.0
ইউনিভার্সিটি,0.0,0.0,0.0
ভিতরেও,0.0,0.0,0.0
পাড়,0.0,0.0,0.0
whatsapp,0.0,0.0,0.0
শনিবার,0.0,0.0,0.0
একখান,0.0,0.0,0.0
ঘরিটি,0.0,0.0,0.0
tracked,0.0,0.0,0.0
অবিরাম,0.0,0.0,0.0
hidden,0.0,0.0,0.0
বোঝাই,0.0,0.0,0.0
৩৭০,0.0,0.0,0.0
হাইপড,0.0,0.0,0.0
tulona,0.0,0.0,0.0
hoisi,0.0,0.0,0.0
zip,0.0,0.0,0.0
ভিনেগার,0.0,0.0,0.0
happens,0.0,0.0,0.0
বানটা,0.0,0.0,0.0
allow,0.0,0.0,0.0
থাকলাম,0.0,0.0,0.0
ফ্রেন্ডলী,0.0,0.0,0.0
প্রাপ্ত,0.0,0.0,0.0
বিসমিল্লাহ্,0.0,0.0,0.0
সমন্বয়,0.0,0.0,0.0
gsm,0.0,0.0,0.0
উঠলো,0.0,0.0,0.0
তারউপর,0.0,0.0,0.0
unhappy,0.0,0.0,0.0
approximately,0.0,0.0,0.0
fraudulent,0.0,0.0,0.0
profile,0.0,0.0,0.0
ছবিটি,0.0,0.0,0.0
alarm,0.0,0.0,0.0
বিহেভ,0.0,0.0,0.0
ঐখানে,0.0,0.0,0.0
উঠার,0.0,0.0,0.0
পাড়া,0.0,0.0,0.0
qualitiful,0.0,0.0,0.0
ohh,0.0,0.0,0.0
perfact,0.0,0.0,0.0
আগেরটার,0.0,0.0,0.0
গর্ব,0.0,0.0,0.0
pimples,0.0,0.0,0.0
porjnto,0.0,0.0,0.0
স্টিকি,0.0,0.0,0.0
cul,0.0,0.0,0.0
belts,0.0,0.0,0.0
ভাইয়েরা,0.0,0.0,0.0
বিশিষ্ট,-0.0834983212340966,0.0,0.0
fvrt,0.0,0.0,0.0
880,0.0,0.0,0.0
নেবে,0.0,0.0,0.0
khulna,0.0,0.0,0.0
woman,0.0,0.0,0.0
alhamdulillha,0.0,0.0,0.0
chillers,0.0,0.0,0.0
একেই,0.0,0.0,0.0
অরিজিন,0.0,0.0,0.0
সিটিতে,0.0,0.0,0.0
অনিওন,0.0,0.0,0.0
tarporeo,0.0,0.0,0.0
যতক্ষণ,0.0,0.0,0.0
এমনিতেও,0.0,0.0,0.0
১৭৯,0.0,0.0,0.0
পিজ্জাই,0.0,0.0,0.0
neoa,0.0,0.0,0.0
পল্লী,0.0,0.0,0.0
রিপোর্ট,0.0,0.0,0.0
motherboard,0.0,0.0,0.0
bashe,0.0,0.0,0.0
eshe,0.0,0.0,0.0
পাইয়া,0.0,0.0,0.0
suggesting,0.0,0.0,0.0
সাধারনত,0.0,0.0,0.0
patient,0.0,0.0,0.0
লিংকে,0.0,0.0,0.0
kineci,0.0,0.0,0.0
দেখব,0.0,0.0,0.0
এক্সপার্ট,0.0,0.0,0.0
heated,0.0,0.0,0.0
jaba,0.0,0.0,0.0
onusare,0.0,0.0,0.0
daya,0.0,0.0,0.0
biggest,0.0,0.0,0.0
somosa,0.0,0.0,0.0
আছিল,0.0,0.0,0.0
dekhacche,0.0,0.0,0.0
কিছুক্ষণের,0.0,0.0,0.0
বেঁকে,0.0,0.0,0.0
sobir,0.0,0.0,0.0
ফাও,0.0,0.0,0.0
background,0.0,0.0,0.0
রুটিটা,0.0,0.0,0.0
ছেলেরা,0.0,0.0,0.0
hoyca,0.0,0.0,0.0
কমপ্লিমেন্টারি,0.0,0.0,0.0
jano,0.0,0.0,0.0
পার্স,0.0,0.0,0.0
পরখ,0.0,0.0,0.0
কাউন্টারে,0.0,0.0,0.0
activity,0.0,0.0,0.0
পিসির,0.0,0.0,0.0
মাইনাস,0.0,0.0,0.0
frequency,0.0,0.0,0.0
steering,0.0,0.0,0.0
plater,0.0,0.0,0.0
খাইলেই,0.0,0.0,0.0
৩বার,0.0,0.0,0.0
jamela,0.0,0.0,0.0
lgce,0.0,0.0,0.0
chiloo,0.0,0.0,0.0
তারিখেই,0.0,0.0,0.0
fingerprint,0.0,0.0,0.0
১১৭,0.0,0.0,0.0
রকমটা,0.0,0.0,0.0
sand,0.0,0.0,0.0
veery,0.0,0.0,0.0
এপোলো,0.0,0.0,0.0
রাজ্জাকের,0.0,0.0,0.0
ঠিকআছে,0.0,0.0,0.0
নলি,0.0,0.0,0.0
৩৪৯,0.0,0.0,0.0
daki,0.0,0.0,0.0
niteparen,0.0,0.0,0.0
২৪৯,0.0,0.0,0.0
মহানগর,0.0,0.0,0.0
slippery,0.0,0.0,0.0
বিস্কিটের,0.0,0.0,0.0
guard,0.0,0.0,0.0
পড়,0.0,0.0,0.0
jama,0.0,0.0,0.0
finding,0.0,0.0,0.0
কাটানো,0.0,0.0,0.0
উঠাতে,-0.10435571915606362,0.0,0.0
onojaye,0.0,0.0,0.0
jevabe,-0.006380682706994512,0.0,0.0
এপ,0.0,0.0,0.0
এক্সপেয়ার,0.0,0.0,0.0
irritating,0.0,0.0,0.0
স্মেইল,0.0,0.0,0.0
ইয়ে,0.0,0.0,0.0
স্মুথলি,0.0,0.0,0.0
মিশন,0.0,0.0,0.0
dumbbells,0.0,0.0,0.0
hocchilo,0.0,0.0,0.0
rang,0.0,0.0,0.0
cuteee,0.0,0.0,0.0
neocare,0.0,0.0,0.0
ফাল্তু,0.0,0.0,0.0
frnd,0.0,0.0,0.0
burning,0.0,0.0,0.0
dichilam,0.0,0.0,0.0
ফেসওয়াশটা,0.0,0.0,0.0
recharge,0.0,0.0,0.0
কর্ণার,0.0,0.0,0.0
হচ্চে,0.0,0.0,0.0
জুড়িয়ে,0.0,0.0,0.0
পোলাওয়ের,0.0,0.0,0.0
লাভাররা,0.0,0.0,0.0
লাগাবেন,0.0,0.0,0.0
699,0.0,0.0,0.0
প্রডাক্টই,0.0,0.0,0.0
dundee,0.0,0.0,0.0
মানুষজন,0.0,0.0,0.0
৫৬,0.0,0.0,0.0
কতগুলো,0.0,0.0,0.0
octopus,0.0,0.0,0.0
৩পিস,0.0,0.0,0.0
২দিনের,0.0,0.0,0.0
ঢিলে,0.0,0.0,0.0
কোটিং,0.0,0.0,0.0
jaay,0.0,0.0,0.0
রেম,0.0,0.0,0.0
46,0.0,0.0,0.0
নীরব,0.0,0.0,0.0
replied,0.0,0.0,0.0
maker,0.0,0.0,0.0
দক্ষিন,0.0,0.0,0.0
মোটকথা,0.0,0.0,0.0
চাচ্ছে,0.0,0.0,0.0
takle,0.0,0.0,0.0
মেটালের,0.0,0.0,0.0
apner,0.0,0.0,0.0
লালমাটিয়া,0.0,0.0,0.0
adds,0.0,0.0,0.0
ডুবে,0.0,0.0,0.0
জমজম,0.0,0.0,0.0
pizzaology,0.0,0.0,0.0
luminous,0.0,0.0,0.0
ঝগড়া,0.0,0.0,0.0
depends,0.0,0.0,0.0
নিতো,0.0,0.0,0.0
৩মাস,0.0,0.0,0.0
invite,0.0,0.0,0.0
ধরন,0.0,0.0,0.0
মহিলা,0.0,0.0,0.0
jta,0.0,0.0,0.0
ইয়া,0.0,0.0,0.0
arrival,0.0,0.0,0.0
জ্যুসি,0.0,0.0,0.0
শংকর,0.0,0.0,0.0
catering,0.0,0.0,0.0
জোনে,-0.03829030242121352,0.0,0.0
smoothie,0.0,0.0,0.0
অনুজাই,0.0,0.0,0.0
পালন,0.0,0.0,0.0
উৎসব,-0.013821403111633938,0.0,0.0
145,0.0,0.0,0.0
ফুটপাত,0.0,0.0,0.0
ব্যাচ,0.0,0.0,0.0
স্টেডিয়াম,0.0,0.0,0.0
টোকেন,0.0,0.0,0.0
sey,0.0,0.0,0.0
সার্ভিসটা,0.0,0.0,0.0
গুলির,0.0,0.0,0.0
শুনেছেন,0.0,0.0,0.0
ছোটবেলার,0.0,0.0,0.0
radio,0.0,0.0,0.0
যুদ্ধ,0.0,0.0,0.0
drag,0.0,0.0,0.0
রায়তা,0.0,0.0,0.0
কয়েলের,0.0,0.0,0.0
লাউ,0.0,0.0,0.0
ঠিকমতই,0.0,0.0,0.0
caise,0.0,0.0,0.0
bolts,0.0,0.0,0.0
pointer,0.0,0.0,0.0
ঘুরাঘুরি,0.0,0.0,0.0
lame,0.0,0.0,0.0
toyota,0.0,0.0,0.0
হালিমে,0.0,0.0,0.0
peyasi,0.0,0.0,0.0
breast,0.0,0.0,0.0
bits,0.0,0.0,0.0
সেগুলা,0.0,0.0,0.0
precious,0.0,0.0,0.0
clone,0.0,0.0,0.0
পেয়েও,0.0,0.0,0.0
টাইপিং,0.022109784952324827,0.0,0.0
jewellery,0.0,0.0,0.0
mony,0.0,0.0,0.0
harassment,0.0,0.0,0.0
চললে,0.0,0.0,0.0
causes,0.0,0.0,0.0
methi,0.0,0.0,0.0
ডেলীভারী,0.0,0.0,0.0
উপচে,0.0,0.0,0.0
usa,0.0,0.0,0.0
তোলে,0.0,0.0,0.0
covering,0.0,0.0,0.0
vey,0.0,0.0,0.0
fav,0.0,0.0,0.0
ডিলিট,0.0,0.0,0.0
বোনকে,0.0,0.0,0.0
painful,0.0,0.0,0.0
ভালোলেগেছে,0.0,0.0,0.0
ঘ্রাণটাও,0.0,0.0,0.0
হাতেও,0.0,0.0,0.0
মুল্যঃ,0.0,0.0,0.0
রিফ্রেশ,0.0,0.0,0.0
বড়টা,0.0,0.0,0.0
kat,0.0,0.0,0.0
funbox,0.0,0.0,0.0
টিপস,0.0,0.0,0.0
এরমধ্যে,0.0,0.0,0.0
moyu,0.0,0.0,0.0
glam,0.0,0.0,0.0
প্যাকেটগুলো,0.0,0.0,0.0
স্বর্গ,0.0,0.0,0.0
দাবার,0.0,0.0,0.0
curl,0.0,0.0,0.0
185,0.0,0.0,0.0
থিকা,0.0,0.0,0.0
ফুডকোর্টে,0.0,0.0,0.0
toe,0.0,0.0,0.0
পচ্ছন্দ,0.0,0.0,0.0
jagay,0.0,0.0,0.0
দিলি,0.0,0.0,0.0
স্টার্টার,0.0,0.0,0.0
pods,0.0,0.0,0.0
এজেন্ট,0.0,0.0,0.0
খাসা,0.0,0.0,0.0
heavier,0.0,0.0,0.0
স্মুদ,0.0,0.0,0.0
সিলিকনের,0.0,0.0,0.0
জিবনে,0.0,0.0,0.0
category,0.0,0.0,0.0
শিউর,0.0,0.0,0.0
মুক্তি,0.0,0.0,0.0
পরিমানটা,0.0,0.0,0.0
পাঠাবে,0.0,0.0,0.0
hygiene,0.0,0.0,0.0
অনুষ্ঠান,0.0,0.0,0.0
নানঃ,0.0,0.0,0.0
টিন,0.0,0.0,0.0
গতবার,0.0,0.0,0.0
ডাননেস,0.0,0.0,0.0
hoyechi,0.0,0.0,0.0
leaks,0.0,0.0,0.0
দিল্লি,0.0,0.0,0.0
ক্যামেরাটি,0.0,0.0,0.0
custom,0.0,0.0,0.0
টাকারেটিংঃ,0.0,0.0,0.0
আমেরিকান,0.0,0.0,0.0
insert,0.0,0.0,0.0
promising,0.0,0.0,0.0
ফাইন,0.0,0.0,0.0
deowa,0.0,0.0,0.0
প্রডাক্টে,0.0,0.0,0.0
আন্ডার,0.0,0.0,0.0
dhaba,0.0,0.0,0.0
৫পিস,0.0,0.0,0.0
amder,0.0,0.0,0.0
tim,0.0,0.0,0.0
ব্যটারি,0.0,0.0,0.0
সিংগারা,0.0,0.0,0.0
unlike,0.0,0.0,0.0
euphoria,0.0,0.0,0.0
amazingly,0.0,0.0,0.0
ফুটপাতে,0.0,0.0,0.0
থাকত,0.0,0.0,0.0
qualified,0.0,0.0,0.0
ঠিকমতোই,0.0,0.0,0.0
kusi,0.0,0.0,0.0
dayok,0.0,0.0,0.0
ফ্রেঞ্চফ্রাই,0.0,0.0,0.0
শেষমেষ,0.0,0.0,0.0
ব্রাশের,0.0,0.0,0.0
vora,0.0,0.0,0.0
bcoz,0.0,0.0,0.0
mayad,0.0,0.0,0.0
পাথরের,0.0,0.0,0.0
৯৯টাকা,0.0,0.0,0.0
পেক,0.0,0.0,0.0
modes,0.0,0.0,0.0
ভাবতেছি,0.0,0.0,0.0
প্রোডাকশন,0.0,0.0,0.0
descriptions,0.0,0.0,0.0
certain,0.0,0.0,0.0
hasn,0.0,0.0,0.0
chele,0.0,0.0,0.0
ঘাটতি,0.0,0.0,0.0
pampers,0.0,0.0,0.0
ধনেপাতা,0.0,0.0,0.0
kalar,0.0,0.0,0.0
foil,0.0,0.0,0.0
নিচ্ছেন,0.0,0.0,0.0
ওয়েদারে,0.0,0.0,0.0
ইউনিট,0.0,0.0,0.0
মনকে,0.0,0.0,0.0
দোকানেই,0.0,0.0,0.0
নাজিমুদ্দিন,0.0,0.0,0.0
ফেব্রিকস,0.0,0.0,0.0
গ্রেড,0.0,0.0,0.0
daka,0.0,0.0,0.0
successful,0.0,0.0,0.0
সেরকমটাই,0.0,0.0,0.0
যায়৷,0.0,0.0,0.0
dew,0.0,0.0,0.0
পিঙ্ক,0.0,0.0,0.0
বিক্রির,0.0,0.0,0.0
রোদ,0.0,0.0,0.0
কনফিউশন,0.0,0.0,0.0
এক্ষেত্রে,0.0,0.0,0.0
exelent,0.0,0.0,0.0
চারদিকে,0.0,0.0,0.0
poli,0.0,0.0,0.0
inchi,0.0,0.0,0.0
হয়৷,0.0,0.0,0.0
softer,0.0,0.0,0.0
নদীর,0.0,0.0,0.0
khani,0.0,0.0,0.0
gotta,0.0,0.0,0.0
নোনতা,0.0,0.0,0.0
cross,0.0,0.0,0.0
ততই,0.0,0.0,0.0
রশি,0.0,0.0,0.0
ম্যানেজমেন্ট,0.0,0.0,0.0
অবলম্বন,0.0,0.0,0.0
যত্নে,0.0,0.0,0.0
দারাজই,0.0,0.0,0.0
versatile,0.0,0.0,0.0
স্টোরের,0.0,0.0,0.0
count,0.0,0.0,0.0
খেলনার,0.0,0.0,0.0
ডাইনের,0.0,0.0,0.0
pawya,0.0,0.0,0.0
ব্যাস্ত,0.0,0.0,0.0
তারতম্য,0.0,0.0,0.0
পরদিন,0.0,0.0,0.0
চীন,0.0,0.0,0.0
তেলতেলে,0.0,0.0,0.0
৫৪,0.0,0.0,0.0
225,0.0,0.0,0.0
owo,0.0,0.0,0.0
ড্রপ,0.0,0.0,0.0
ইসলামিক,0.0,0.0,0.0
নিশ্চয়তা,0.0,0.0,0.0
সোনার,0.0,0.0,0.0
disilo,0.0,0.0,0.0
sensitivity,0.0,0.0,0.0
ফিক্সড,0.0,0.0,0.0
modern,0.0,0.0,0.0
ভাইব,0.0,0.0,0.0
অব,0.0,0.0,0.0
operate,0.0,0.0,0.0
সটিক,0.0,0.0,0.0
realistic,0.0,0.0,0.0
কোনটার,0.0,0.0,0.0
pudding,0.0,0.0,0.0
১৮০০,0.0,0.0,0.0
tray,0.0,0.0,0.0
mattress,0.0,0.0,0.0
ছেলারের,0.0,0.0,0.0
diyesilam,0.0,0.0,0.0
্যাকেট,0.0,0.0,0.0
sewn,0.0,0.0,0.0
সুনামী,0.0,0.0,0.0
এতটুকু,0.0,0.0,0.0
krlam,0.0,0.0,0.0
লিমিটেড,0.0,0.0,0.0
jy,0.0,0.0,0.0
মিডিয়া,0.0,0.0,0.0
জাগায়,0.0,0.0,0.0
গ্রামীণ,0.0,0.0,0.0
মুলক,0.0,0.0,0.0
dekhsilam,0.0,0.0,0.0
yo,0.0,0.0,0.0
রাউটারটা,0.0,0.0,0.0
চিড়া,0.0,0.0,0.0
poket,0.0,0.0,0.0
bathroom,0.0,0.0,0.0
alhmdulillah,0.0,0.0,0.0
connectors,0.0,0.0,0.0
sitting,0.0,0.0,0.0
চাও,0.0,0.0,0.0
মাদারবোর্ড,0.0,0.0,0.0
পিক্সেল,0.0,0.0,0.0
ছাপ,0.0,0.0,0.0
বোবা,0.0,0.0,0.0
রেগুলেটর,0.0,0.0,0.0
পেপারনি,0.0,0.0,0.0
পায়না,0.0,0.0,0.0
dlvry,0.0,0.0,0.0
azure,0.0,0.0,0.0
ফর্সা,0.0,0.0,0.0
উঠেনি,0.0,0.0,0.0
১৮৫,0.0,0.0,0.0
পেকেটে,0.0,0.0,0.0
sathei,0.0,0.0,0.0
বিলম্ব,0.0,0.0,0.0
অকল্পনীয়,0.0,0.0,0.0
angul,0.0,0.0,0.0
জনসন,0.0,0.0,0.0
পরিমাণেই,0.0,0.0,0.0
আকিব,0.0,0.0,0.0
hyse,0.0,0.0,0.0
১কেজি,0.0,0.0,0.0
সীল,0.0,0.0,0.0
এইটায়,0.0,0.0,0.0
ইদুরে,0.0,0.0,0.0
hobo,0.0,0.0,0.0
vs,0.0,0.0,0.0
4000,0.0,0.0,0.0
রিসিভার,0.0,0.0,0.0
সহায়তা,0.0,0.0,0.0
বলায়,0.0,0.0,0.0
program,0.0,0.0,0.0
মিল্কশেক,0.0,0.0,0.0
ডেকো,0.0,0.0,0.0
dispenser,0.0,0.0,0.0
রিমোটের,0.0,0.0,0.0
onack,0.0,0.0,0.0
physically,0.0,0.0,0.0
sobsomoy,0.0,0.0,0.0
মনা,0.0,0.0,0.0
৪৯০,0.0,0.0,0.0
প্যাকজিং,0.0,0.0,0.0
aluminum,0.0,0.0,0.0
desire,0.0,0.0,0.0
পরিস্থিতি,0.0,0.0,0.0
দিসিলো,0.0,0.0,0.0
ধুলো,0.0,0.0,0.0
ordr,0.0,0.0,0.0
৫৯০,0.0,0.0,0.0
ইঁদুর,0.0,0.0,0.0
এমএল,0.0,0.0,0.0
পিয়াজের,0.0,0.0,0.0
চেয়েছিলেন,0.0,0.0,0.0
ensuring,0.0,0.0,0.0
লাগাবো,0.0,0.0,0.0
সত্যই,0.0,0.0,0.0
kolkata,0.0,0.0,0.0
vhabe,0.0,0.0,0.0
aar,0.0,0.0,0.0
ওয়াটের,0.0,0.0,0.0
boom,0.0,0.0,0.0
কদিন,0.0,0.0,0.0
অনলাইনের,0.0,0.0,0.0
কাচ্চিঃ,0.0,0.0,0.0
69,0.0,0.0,0.0
পুরির,0.0,0.0,0.0
1219,0.0,0.0,0.0
unless,0.0,0.0,0.0
সীফুড,0.0,0.0,0.0
পিৎজাটা,0.0,0.0,0.0
কারনেই,0.0,0.0,0.0
উঠবে,0.0,0.0,0.0
footpath,0.0,0.0,0.0
মানিব্যাগের,0.0,0.0,0.0
fluffy,0.0,0.0,0.0
মাঝখান,0.0,0.0,0.0
sarvice,0.0,0.0,0.0
handsome,0.0,0.0,0.0
জামাই,0.0,0.0,0.0
ত্বকের,0.0,0.0,0.0
elephant,0.0,0.0,0.0
তন্দুরি,0.0,0.0,0.0
blood,0.0,0.0,0.0
pusti,0.0,0.0,0.0
দুনিয়ার,0.0,0.0,0.0
চলো,0.0,0.0,0.0
circle,0.0,0.0,0.0
দোতলায়,0.0,0.0,0.0
ways,0.0,0.0,0.0
চালগুলো,0.0,0.0,0.0
gayer,0.0,0.0,0.0
মুখেই,0.0,0.0,0.0
মোহাম্মাদপুর,0.0,0.0,0.0
বিদেশ,0.0,0.0,0.0
kinchi,0.0,0.0,0.0
pise,0.0,0.0,0.0
উপস্থিত,0.0,0.0,0.0
বাধা,0.0,0.0,0.0
আলহামদুলিল্লা,0.0,0.0,0.0
লালচে,0.0,0.0,0.0
alert,0.0,0.0,0.0
খোব,0.0,0.0,0.0
specification,0.0,0.0,0.0
হচ্ছি,0.0,0.0,0.0
ভলিউম,0.0,0.0,0.0
complex,0.0,0.0,0.0
আলগা,0.0,0.0,0.0
moisture,0.0,0.0,0.0
আরজিনাল,0.0,0.0,0.0
পরিবেশনা,0.0,0.0,0.0
দরে,0.0,0.0,0.0
খাবসা,0.0,0.0,0.0
বৃহস্পতিবার,0.0,0.0,0.0
effects,0.0,0.0,0.0
jeye,0.0,0.0,0.0
sponge,0.0,0.0,0.0
প্যাটিটা,0.0,0.0,0.0
kemne,0.0,0.0,0.0
পারলেই,0.0,0.0,0.0
thinks,0.0,0.0,0.0
খাপ,0.0,0.0,0.0
secondly,0.0,0.0,0.0
পাবলিক,0.0,0.0,0.0
khele,0.0,0.0,0.0
নাম্বারের,0.0,0.0,0.0
সৃষ্টি,0.0,0.0,0.0
shahid,0.0,0.0,0.0
ডাকাতি,0.0,0.0,0.0
সেখানের,0.0,0.0,0.0
প্যান্টের,0.0,0.0,0.0
১১৯৯,0.0,0.0,0.0
eirokom,0.0,0.0,0.0
লেটে,0.0,0.0,0.0
assemble,0.0,0.0,0.0
জামের,0.0,0.0,0.0
ফ্রেন্চ,0.0,0.0,0.0
ভেজিটেবলস,0.0,0.0,0.0
লাইটটা,0.0,0.0,0.0
lime,0.0,0.0,0.0
আবহাওয়ায়,0.0,0.0,0.0
খাওয়াদাওয়া,0.0,0.0,0.0
যানি,0.0,0.0,0.0
পাসের,0.0,0.0,0.0
ওরকম,0.0,0.0,0.0
watts,0.0,0.0,0.0
সন্ধার,0.0,0.0,0.0
ক্ষতিগ্রস্ত,0.0,0.0,0.0
ডা,0.0,0.0,0.0
core,0.0,0.0,0.0
জাযাকুমুল্লাহু,0.0,0.0,0.0
guaranteed,0.0,0.0,0.0
কমপ্লেক্স,0.0,0.0,0.0
bother,0.0,0.0,0.0
vabai,0.0,0.0,0.0
thikase,0.0,0.0,0.0
মানিয়েছে,0.0,0.0,0.0
ektai,0.0,0.0,0.0
chic,0.0,0.0,0.0
van,0.0,0.0,0.0
ঝাপসা,0.0,0.0,0.0
জগতে,0.0,0.0,0.0
প্রোডাক্ট৷,0.0,0.0,0.0
বিয়েবাড়ী,0.0,0.0,0.0
হাসপাতাল,0.0,0.0,0.0
নড়াচড়া,0.0,0.0,0.0
almond,0.0,0.0,0.0
shelai,0.0,0.0,0.0
gloss,0.0,0.0,0.0
proud,0.0,0.0,0.0
সিলেট,0.0,0.0,0.0
ভিজা,0.0,0.0,0.0
drawer,0.0,0.0,0.0
পিউর,0.0,0.0,0.0
ফেব্রুয়ারী,0.0,0.0,0.0
professionalism,0.0,0.0,0.0
একার,0.0,0.0,0.0
jni,0.0,0.0,0.0
তিনটার,0.0,0.0,0.0
qualities,0.0,0.0,0.0
প্রাপ্য,0.0,0.0,0.0
সম্পর্ক,0.0,0.0,0.0
hae,0.0,0.0,0.0
অনেক্ষন,0.0,0.0,0.0
ব্যাড,0.0,0.0,0.0
কন্টেইনার,0.0,0.0,0.0
donno,0.0,0.0,0.0
eee,0.0,0.0,0.0
করেছিলেন,0.0,0.0,0.0
collar,0.0,0.0,0.0
buckle,0.0,0.0,0.0
aaa,0.0,0.0,0.0
sathy,0.0,0.0,0.0
শাপলা,0.0,0.0,0.0
বরিশাল,0.0,0.0,0.0
তারে,0.0,0.0,0.0
পেকেজিংটা,0.0,0.0,0.0
ঝালটা,0.0,0.0,0.0
অপজিট,0.0,0.0,0.0
সাইজটাও,0.0,0.0,0.0
desi,0.0,0.0,0.0
ভাইয়াটা,0.0,0.0,0.0
পুরাণ,0.0,0.0,0.0
নেওয়ায়,0.0,0.0,0.0
bolt,0.0,0.0,0.0
netflix,0.0,0.0,0.0
৭০টাকা,0.0,0.0,0.0
specifically,0.0,0.0,0.0
boys,0.0,0.0,0.0
সুবিধার্থে,0.0,0.0,0.0
লাগাইছে,0.0,0.0,0.0
freebie,0.0,0.0,0.0
managed,0.0,0.0,0.0
প্রকৃতির,0.0,0.0,0.0
lone,0.0,0.0,0.0
ক্যারামেল,0.0,0.0,0.0
marattok,0.0,0.0,0.0
সেকেন্ডের,0.0,0.0,0.0
haleem,0.0,0.0,0.0
খাচ্ছে,0.0,0.0,0.0
নহে,0.0,0.0,0.0
বাড়ানোর,0.0,0.0,0.0
লাইনের,0.0,0.0,0.0
specifications,0.0,0.0,0.0
কস্তুরি,0.0,0.0,0.0
katsu,0.0,0.0,0.0
bolechi,0.0,0.0,0.0
oppo,0.0,0.0,0.0
backside,0.0,0.0,0.0
hmmm,0.0,0.0,0.0
vinegar,0.0,0.0,0.0
এইখান,0.0,0.0,0.0
চলেন,0.0,0.0,0.0
নেশা,0.0,0.0,0.0
একসময়,0.0,0.0,0.0
সুসিদ্ধ,0.0,0.0,0.0
ঠকিনি,0.0,0.0,0.0
bunkers,0.0,0.0,0.0
default,0.0,0.0,0.0
আর্ডার,0.0,0.0,0.0
ঈদে,0.0,0.0,0.0
সাইনবোর্ড,0.0,0.0,0.0
চমক,0.0,0.0,0.0
ক্লাউড,0.0,0.0,0.0
appeliano,0.0,0.0,0.0
দোকানটির,0.0,0.0,0.0
কেসিং,0.0,0.0,0.0
৷৷,0.0,0.0,0.0
heard,0.0,0.0,0.0
ea,0.0,0.0,0.0
গতকালকে,0.0,0.0,0.0
jome,0.0,0.0,0.0
ওয়ার্ল্ড,0.0,0.0,0.0
যেয়েই,0.0,0.0,0.0
ডট,0.0,0.0,0.0
সিরাপ,0.0,0.0,0.0
hight,0.0,0.0,0.0
লোকের,0.0,0.0,0.0
সেরে,0.0,0.0,0.0
কভারেজ,0.0,0.0,0.0
song,0.0,0.0,0.0
কাঁটা,0.0,0.0,0.0
480,0.0,0.0,0.0
৩৭৫,0.0,0.0,0.0
ডিস্টার্ব,0.0,0.0,0.0
nagad,0.0,0.0,0.0
পরদিনই,0.0,0.0,0.0
কোয়েলের,0.0,0.0,0.0
ghonta,0.0,0.0,0.0
huawei,0.0,0.0,0.0
darazz,0.0,0.0,0.0
ব্যবসায়িক,0.0,0.0,0.0
chesse,0.0,0.0,0.0
তেলাপোকার,0.0,0.0,0.0
aage,0.0,0.0,0.0
dhorai,0.0,0.0,0.0
travelling,0.0,0.0,0.0
lately,0.0,0.0,0.0
অর্জন,0.0,0.0,0.0
ডিমার্ট,0.0,0.0,0.0
খিদে,0.0,0.0,0.0
older,0.0,0.0,0.0
উঁচু,0.0,0.0,0.0
korca,0.0,0.0,0.0
meters,0.0,0.0,0.0
কিছুতে,0.0,0.0,0.0
পড়ুন,0.0,0.0,0.0
লোকটা,0.0,0.0,0.0
police,0.0,0.0,0.0
পেকেটের,0.0,0.0,0.0
dis,0.0,0.0,0.0
অতোটা,0.0,0.0,0.0
বুঝিনি,0.0,0.0,0.0
niece,0.0,0.0,0.0
দিছিলো,0.0,0.0,0.0
darker,0.0,0.0,0.0
আনবক্স,0.0,0.0,0.0
survive,0.0,0.0,0.0
বৈশিষ্ট্য,0.0,0.0,0.0
বারিধারা,0.0,0.0,0.0
পড়তো,0.0,0.0,0.0
স্প্রাইট,0.0,0.0,0.0
সার্থক,0.0,0.0,0.0
গোসল,0.0,0.0,0.0
boxing,0.0,0.0,0.0
পন্ডস,0.0,0.0,0.0
ব্যাচেলর,0.0,0.0,0.0
অন্যায়,0.0,0.0,0.0
duration,0.0,0.0,0.0
একশো,0.0,0.0,0.0
sampoo,0.0,0.0,0.0
indoor,0.0,0.0,0.0
ponner,0.0,0.0,0.0
stated,0.0,0.0,0.0
beginner,0.0,0.0,0.0
ডেজার্টের,0.0,0.0,0.0
protarito,-0.049347021964886835,0.0,0.0
জাফরানি,0.0,0.0,0.0
গোদরেজ,0.0,0.0,0.0
চওমিন,0.0,0.0,0.0
সোল,0.0,0.0,0.0
tobu,0.0,0.0,0.0
৬১,0.0,0.0,0.0
sohoje,0.0,0.0,0.0
projector,0.0,0.0,0.0
onekk,0.0,0.0,0.0
carbon,0.0,0.0,0.0
chowdhury,0.0,0.0,0.0
সেন্ড,0.0,0.0,0.0
কার্টে,0.0,0.0,0.0
বুঝলে,0.0,0.0,0.0
dabur,0.0,0.0,0.0
ওখান,0.0,0.0,0.0
coffeelicious,0.0,0.0,0.0
ধানমণ্ডি,0.0,0.0,0.0
practice,0.0,0.0,0.0
imagined,0.0,0.0,0.0
লাইফের,0.0,0.0,0.0
aka,0.0,0.0,0.0
desh,0.0,0.0,0.0
panic,0.0,0.0,0.0
স্মল,0.0,0.0,0.0
intect,0.0,0.0,0.0
চলমান,0.0,0.0,0.0
আশার,0.0,0.0,0.0
batas,0.0,0.0,0.0
technician,0.0,0.0,0.0
পোলো,0.0,0.0,0.0
ঢুকলেই,0.0,0.0,0.0
ওনিয়ন,0.0,0.0,0.0
clips,0.0,0.0,0.0
নাহ্,0.0,0.0,0.0
কাপড়টি,0.0,0.0,0.0
ক্ষুধার,0.0,0.0,0.0
মুসলিম,0.0,0.0,0.0
কৌটার,0.0,0.0,0.0
পাতাল,0.0,0.0,0.0
deta,0.0,0.0,0.0
শওকত,0.0,0.0,0.0
মনোযোগ,0.0,0.0,0.0
ভাঁজ,0.0,0.0,0.0
burn,0.0,0.0,0.0
থাকেই,0.0,0.0,0.0
বেধে,0.0,0.0,0.0
স্যামসাং,0.0,0.0,0.0
চিয়া,0.0,0.0,0.0
mashed,0.0,0.0,0.0
ridiculous,0.0,0.0,0.0
বেশীই,0.0,0.0,0.0
amnite,0.0,0.0,0.0
bettery,0.0,0.0,0.0
importer,0.0,0.0,0.0
উপকারে,0.0,0.0,0.0
kane,0.0,0.0,0.0
মুহুর্তে,0.0,0.0,0.0
komale,0.0,0.0,0.0
হেপি,0.0,0.0,0.0
othe,0.0,0.0,0.0
অফিশিয়াল,0.0,0.0,0.0
manusher,0.0,0.0,0.0
cancellation,0.0,0.0,0.0
৬৬,0.0,0.0,0.0
বিন্দু,0.0,0.0,0.0
কালারফুল,0.0,0.0,0.0
লেয়ারে,0.0,0.0,0.0
দলা,0.0,0.0,0.0
prdct,0.0,0.0,0.0
bargarita,0.0,0.0,0.0
centre,0.0,0.0,0.0
ooo,0.0,0.0,0.0
sketch,0.0,0.0,0.0
lagiye,0.0,0.0,0.0
lane,0.0,0.0,0.0
tikbe,0.0,0.0,0.0
পিকের,0.0,0.0,0.0
delivers,0.0,0.0,0.0
newly,0.0,0.0,0.0
৯৮,0.0,0.0,0.0
পিনের,0.0,0.0,0.0
thailand,0.0,0.0,0.0
kin,0.0,0.0,0.0
চালালে,0.0,0.0,0.0
মাথাটা,0.0,0.0,0.0
জেলা,0.0,0.0,0.0
ফোর,0.0,0.0,0.0
কেয়ারে,0.0,0.0,0.0
ওয়াফেল,0.0,0.0,0.0
উপরেই,0.0,0.0,0.0
leebas,0.0,0.0,0.0
coins,0.0,0.0,0.0
আমর,0.0,0.0,0.0
figures,0.0,0.0,0.0
pathiyeche,0.0,0.0,0.0
stuffed,0.0,0.0,0.0
হাস্যকর,0.0,0.0,0.0
স্টেকটা,0.0,0.0,0.0
hardly,0.0,0.0,0.0
বিফলে,0.0,0.0,0.0
analog,0.0,0.0,0.0
একটুখানি,0.0,0.0,0.0
ত্বক,0.0,0.0,0.0
রিকোমেন্ডেড,0.0,0.0,0.0
আশানুরুপ,0.0,0.0,0.0
korechilm,0.0,0.0,0.0
nicer,0.0,0.0,0.0
processor,0.0,0.0,0.0
মার্কেটিং,0.0,0.0,0.0
কেকটা,0.0,0.0,0.0
৫স্টার,0.0,0.0,0.0
365,0.0,0.0,0.0
ইনার,0.0,0.0,0.0
faith,0.0,0.0,0.0
niyeche,0.0,0.0,0.0
ওখানকার,0.0,0.0,0.0
eatalia,0.0,0.0,0.0
সর্বপরি,0.0,0.0,0.0
shot,0.0,0.0,0.0
পুরাপুরি,0.0,0.0,0.0
340,0.0,0.0,0.0
ছড়ায়,0.0,0.0,0.0
পচন্দ,0.0,0.0,0.0
বিশ্বাসের,0.0,0.0,0.0
ইউনিভার্সিটির,0.0,0.0,0.0
designs,0.0,0.0,0.0
পাঠালো,0.0,0.0,0.0
lick,0.0,0.0,0.0
chains,0.0,0.0,0.0
tab,0.0,0.0,0.0
yarn,0.0,0.0,0.0
patience,0.0,0.0,0.0
ana,0.0,0.0,0.0
মুচড়ে,0.0,0.0,0.0
৫১,0.0,0.0,0.0
sunlight,0.0,0.0,0.0
units,0.0,0.0,0.0
deco,0.0,0.0,0.0
driving,0.0,0.0,0.0
পারার,0.0,0.0,0.0
দিতেও,0.0,0.0,0.0
tmni,0.0,0.0,0.0
দ্বিগুণ,0.0,0.0,0.0
কম্বোতে,0.0,0.0,0.0
joke,0.0,0.0,0.0
রওজা,0.0,0.0,0.0
শুনার,0.0,0.0,0.0
noisy,0.0,0.0,0.0
উপকরণ,0.0,0.0,0.0
মোবাইলটা,0.0,0.0,0.0
পরিশোধ,0.0,0.0,0.0
পাইতাম,0.0,0.0,0.0
উত্তীর্ণের,0.0,0.0,0.0
সবচে,0.0,0.0,0.0
priduct,0.0,0.0,0.0
ততো,0.0,0.0,0.0
তাহার,0.0,0.0,0.0
asar,0.0,0.0,0.0
vange,0.0,0.0,0.0
khichuri,0.0,0.0,0.0
পাঠাও,0.0,0.0,0.0
পৌঁছানোর,0.0,0.0,0.0
তেহারির,0.0,0.0,0.0
parchi,0.0,0.0,0.0
destroyed,0.0,0.0,0.0
baba,0.0,0.0,0.0
hooks,0.0,0.0,0.0
beboharer,0.0,0.0,0.0
greasy,0.0,0.0,0.0
৫৩,0.0,0.0,0.0
হানিফের,0.0,0.0,0.0
slot,0.0,0.0,0.0
মম,0.0,0.0,0.0
ফাংশন,0.0,0.0,0.0
গার্ডেন,0.0,0.0,0.0
dhoka,0.0,0.0,0.0
স্টোরে,0.0,0.0,0.0
popular,0.0,0.0,0.0
চলতেসে,0.0,0.0,0.0
হিউজ,0.0,0.0,0.0
border,0.0,0.0,0.0
১২১৯,0.0,0.0,0.0
ক্রাব,0.0,0.0,0.0
dhonobad,0.0,0.0,0.0
আকাশের,0.0,0.0,0.0
hishab,0.0,0.0,0.0
দ্বিধা,0.0,0.0,0.0
শীর্ষে,0.0,0.0,0.0
মেশিনটি,0.0,0.0,0.0
hurt,0.0,0.0,0.0
buffalo,0.0,0.0,0.0
মুড়ির,0.0,0.0,0.0
whenever,0.0,0.0,0.0
মাওয়া,0.0,0.0,0.0
দিমু,0.0,0.0,0.0
account,0.0,0.0,0.0
moisturizing,0.0,0.0,0.0
cozy,0.0,0.0,0.0
তাজা,0.0,0.0,0.0
etao,0.0,0.0,0.0
responded,0.0,0.0,0.0
পাসওয়ার্ড,0.0,0.0,0.0
umbrella,0.0,0.0,0.0
হয়েগেছে,0.0,0.0,0.0
foul,0.0,0.0,0.0
aitai,0.0,0.0,0.0
nyc,0.0,0.0,0.0
pizzaprice,0.0,0.0,0.0
গোসত,0.0,0.0,0.0
airokom,0.0,0.0,0.0
কুলার,0.0,0.0,0.0
এরকমই,0.0,0.0,0.0
ekn,0.0,0.0,0.0
bitter,0.0,0.0,0.0
এক্সটা,0.0,0.0,0.0
স্বাদই,0.0,0.0,0.0
ya,0.0,0.0,0.0
paying,0.0,0.0,0.0
পেজের,0.0,0.0,0.0
শিক্ষা,0.0,0.0,0.0
আবিষ্কার,0.0,0.0,0.0
benefits,0.0,0.0,0.0
ara,0.0,0.0,0.0
যেখানেই,0.0,0.0,0.0
havent,0.0,0.0,0.0
gamer,0.0,0.0,0.0
৪র্থ,0.0,0.0,0.0
ফিটের,0.0,0.0,0.0
এগুলি,0.0,0.0,0.0
foodblog,0.0,0.0,0.0
অস্তিত্ব,0.0,0.0,0.0
mad,0.0,0.0,0.0
লেন্স,0.0,0.0,0.0
1100,0.0,0.0,0.0
পুতুল,0.0,0.0,0.0
৪২৫,0.0,0.0,0.0
dented,0.0,0.0,0.0
ekbare,0.0,0.0,0.0
তাড়াতাড়িই,0.0,0.0,0.0
২৫৫,0.0,0.0,0.0
ir,0.0,0.0,0.0
মাশ,0.0,0.0,0.0
shada,0.0,0.0,0.0
shaving,0.0,0.0,0.0
gole,0.0,0.0,0.0
৯৯০,0.0,0.0,0.0
শে,0.0,0.0,0.0
জস,0.0,0.0,0.0
cera,0.0,0.0,0.0
university,0.0,0.0,0.0
সমস্যাটা,0.0,0.0,0.0
ম্যানটা,0.0,0.0,0.0
takarating,0.0,0.0,0.0
মাঝখানের,0.0,0.0,0.0
হইলেও,0.0,0.0,0.0
তেলাপিয়া,0.0,0.0,0.0
হাটলেই,0.0,0.0,0.0
ফ্রাইঃ,0.0,0.0,0.0
maroon,0.0,0.0,0.0
ইনভয়েস,0.0,0.0,0.0
pakki,0.0,0.0,0.0
volo,0.0,0.0,0.0
shobay,0.0,0.0,0.0
রিকমেন্ডেট,0.0,0.0,0.0
significantly,0.0,0.0,0.0
হাঁস,0.0,0.0,0.0
সবুজে,0.0,0.0,0.0
electricity,0.0,0.0,0.0
chess,0.0,0.0,0.0
export,0.0,0.0,0.0
gaca,0.0,0.0,0.0
tir,0.0,0.0,0.0
pathiye,0.0,0.0,0.0
মার্জিত,0.0,0.0,0.0
হেদায়েত,0.0,0.0,0.0
অত্যাধিক,0.0,0.0,0.0
setisfied,0.0,0.0,0.0
নেইল,0.0,0.0,0.0
ব্লেন্ড,0.0,0.0,0.0
dim,0.0,0.0,0.0
throw,0.0,0.0,0.0
domino,0.0,0.0,0.0
committed,0.0,0.0,0.0
source,0.0,0.0,0.0
ওয়াই,0.0,0.0,0.0
47,0.0,0.0,0.0
উৎপাদনের,0.0,0.0,0.0
kharaf,0.0,0.0,0.0
স্যুপটা,0.0,0.0,0.0
ভাল৷,0.0,0.0,0.0
স্যান্ডেল,0.0,0.0,0.0
lesser,0.0,0.0,0.0
gorita,0.0,0.0,0.0
হয়েই,0.0,0.0,0.0
সেনসিটিভ,0.0,0.0,0.0
জনকে,0.0,0.0,0.0
২০১৮,0.0,0.0,0.0
গোলাপী,0.0,0.0,0.0
manage,0.0,0.0,0.0
কার্টুনে,0.0,0.0,0.0
ডিসি,0.0,0.0,0.0
wires,0.0,0.0,0.0
sompurno,0.0,0.0,0.0
পরিবহনের,0.0,0.0,0.0
বইটির,0.0,0.0,0.0
washed,0.0,0.0,0.0
জমিয়ে,0.0,0.0,0.0
স্যুপের,0.0,0.0,0.0
শওকতের,0.0,0.0,0.0
করতেছেন,0.0,0.0,0.0
কয়লায়,0.0,0.0,0.0
major,0.0,0.0,0.0
বোখারী,0.0,0.0,0.0
lucky,0.0,0.0,0.0
hanger,0.0,0.0,0.0
৬৩০,0.0,0.0,0.0
mare,0.0,0.0,0.0
tite,0.0,0.0,0.0
সই,0.0,0.0,0.0
নেটের,0.0,0.0,0.0
salam,0.0,0.0,0.0
জান্নাত,0.0,0.0,0.0
hero,0.0,0.0,0.0
vetor,0.0,0.0,0.0
salty,0.0,0.0,0.0
রহমান,0.0,0.0,0.0
ব্যুফেতে,0.0,0.0,0.0
প্রিন্স,0.0,0.0,0.0
dhila,0.0,0.0,0.0
bepare,0.0,0.0,0.0
যেইরকম,0.0,0.0,0.0
holy,0.0,0.0,0.0
১০পরিমান,0.0,0.0,0.0
বাকীটা,0.0,0.0,0.0
bulk,0.0,0.0,0.0
অতএব,0.0,0.0,0.0
য,0.0,0.0,0.0
turkish,0.0,0.0,0.0
performs,0.0,0.0,0.0
dove,0.0,0.0,0.0
ক্যাপ্সিকাম,0.0,0.0,0.0
প্যাকেজটা,0.0,0.0,0.0
আধুনিক,0.0,0.0,0.0
প্রসেসিং,0.0,0.0,0.0
শক্তপোক্ত,0.0,0.0,0.0
গ্রাউন্ড,0.0,0.0,0.0
lobon,0.0,0.0,0.0
ordek,0.0,0.0,0.0
আয়টেম,0.0,0.0,0.0
অ্যান্ড্রয়েড,0.0,0.0,0.0
কম্ফোর্ট,0.0,0.0,0.0
ese,0.0,0.0,0.0
জদি,0.0,0.0,0.0
নিয়েছিলো,0.0,0.0,0.0
দ,0.0,0.0,0.0
wasnt,0.0,0.0,0.0
হোমমেড,0.0,0.0,0.0
meant,0.0,0.0,0.0
diyeo,0.0,0.0,0.0
কোনোটাই,0.0,0.0,0.0
পযর্ন্ত,0.0,0.0,0.0
judge,0.0,0.0,0.0
panir,0.0,0.0,0.0
doubts,0.0,0.0,0.0
দেয়াতে,0.0,0.0,0.0
bitesburg,0.0,0.0,0.0
অর,0.0,0.0,0.0
gechilo,0.0,0.0,0.0
কাঙ্ক্ষিত,0.0,0.0,0.0
jaben,0.0,0.0,0.0
সেটিসফাই,0.0,0.0,0.0
kasa,0.0,0.0,0.0
khelar,0.0,0.0,0.0
গায়েব,0.0,0.0,0.0
lack,0.0,0.0,0.0
চি,0.0,0.0,0.0
ptoduct,0.0,0.0,0.0
platinum,0.0,0.0,0.0
চেটে,0.0,0.0,0.0
esquire,0.0,0.0,0.0
খিচুড়ী,0.0,0.0,0.0
মূল্যবান,0.0,0.0,0.0
1216,0.0,0.0,0.0
doi,0.0,0.0,0.0
ama,0.0,0.0,0.0
তুলনামূলকভাবে,0.0,0.0,0.0
লেয়ারটা,0.0,0.0,0.0
কিন,0.0,0.0,0.0
mulle,0.0,0.0,0.0
কাজু,0.0,0.0,0.0
স্ট্রীট,0.0,0.0,0.0
valentine,0.0,0.0,0.0
kube,0.0,0.0,0.0
ব্রাশটা,0.0,0.0,0.0
dm,0.0,0.0,0.0
queries,0.0,0.0,0.0
vhlo,0.0,0.0,0.0
ditesi,0.0,0.0,0.0
চেনা,0.0,0.0,0.0
ইউজফুল,0.0,0.0,0.0
doors,0.0,0.0,0.0
মেনুটা,0.0,0.0,0.0
প্রশান্তি,0.0,0.0,0.0
মিরপুরেই,0.0,0.0,0.0
নেহারী,0.0,0.0,0.0
ব্যপারটা,0.0,0.0,0.0
বাজারমূল্য,0.0,0.0,0.0
কমান,0.0,0.0,0.0
জিনিষটা,0.0,0.0,0.0
netay,0.0,0.0,0.0
পিনাট,0.0,0.0,0.0
capsicum,0.0,0.0,0.0
৪০টাকা,0.0,0.0,0.0
সেলাকে,0.0,0.0,0.0
ওয়েটারকে,-0.054182405895098415,0.0,0.0
oils,0.0,0.0,0.0
dilan,0.0,0.0,0.0
smoothness,0.0,0.0,0.0
porece,0.0,0.0,0.0
bottol,0.0,0.0,0.0
169,0.0,0.0,0.0
এটুকু,0.0,0.0,0.0
cheeze,0.0,0.0,0.0
adjuster,0.0,0.0,0.0
atta,0.0,0.0,0.0
বেসিক,0.0,0.0,0.0
engine,0.0,0.0,0.0
কুজিন,0.0,0.0,0.0
felsi,0.0,0.0,0.0
পৃথিবীর,0.0,0.0,0.0
ষ্টার,0.0,0.0,0.0
বিশ্বস্ততার,0.0,0.0,0.0
saving,0.0,0.0,0.0
lo,0.0,0.0,0.0
প্রচলিত,0.0,0.0,0.0
nutella,0.0,0.0,0.0
স্পেশ্যাল,0.0,0.0,0.0
teste,0.0,0.0,0.0
পার্টস,0.0,0.0,0.0
শর্ত,0.0,0.0,0.0
agulo,0.0,0.0,0.0
alovera,0.0,0.0,0.0
prodack,0.0,0.0,0.0
প্রকৃত,0.0,0.0,0.0
সন্তষ্ট,0.0,0.0,0.0
নিম্বু,0.0,0.0,0.0
pac,0.0,0.0,0.0
রাইচ,-0.002915768837520676,0.0,0.0
স্যাম্পু,0.0,0.0,0.0
sala,-0.03142047472639574,0.0,0.0
দেখালেন,0.0,0.0,0.0
coral,0.0,0.0,0.0
যতদিন,0.0,0.0,0.0
স্থানীয়,0.0,0.0,0.0
সেন্টারে,0.0,0.0,0.0
ভ্যান,0.0,0.0,0.0
হার্ডডিস্ক,0.0,0.0,0.0
ভোল্টের,0.0,0.0,0.0
ঘণ,0.0,0.0,0.0
বয়কে,0.0,0.0,0.0
লোভে,0.0,0.0,0.0
৪৭,0.0,0.0,0.0
প্লান,0.0,0.0,0.0
cartridge,0.0,0.0,0.0
enterprise,0.0,0.0,0.0
ver,0.0,0.0,0.0
কলমটি,0.0,0.0,0.0
প্রত্যাশার,0.0,0.0,0.0
দিচ্ছিলো,0.0,0.0,0.0
sry,0.0,0.0,0.0
গ্যাং,0.0,0.0,0.0
আন,0.0,0.0,0.0
busy,0.0,0.0,0.0
alpo,0.0,0.0,0.0
candy,0.0,0.0,0.0
mobil,0.0,0.0,0.0
khai,0.04928509969500885,0.0,0.0
68,0.0,0.0,0.0
যতোটা,0.0,0.0,0.0
পলির,0.0,0.0,0.0
বিরিয়ানিটা,0.0,0.0,0.0
ঘুরিয়ে,0.0,0.0,0.0
এতেই,0.0,0.0,0.0
butterfly,0.0,0.0,0.0
apndr,0.0,0.0,0.0
জাক,0.0,0.0,0.0
ফুডব্যাংক,0.0,0.0,0.0
mood,0.0,0.0,0.0
তোমরা,0.0,0.0,0.0
zippers,0.0,0.0,0.0
ইদুর,0.0,0.0,0.0
টকের,0.0,0.0,0.0
ceyesi,0.0,0.0,0.0
pry,0.0,0.0,0.0
জেতে,0.0,0.0,0.0
ভালবাসার,0.0,0.0,0.0
north,0.0,0.0,0.0
dekhle,0.0,0.0,0.0
talking,0.0,0.0,0.0
বেনারসি,0.0,0.0,0.0
recieve,0.0,0.0,0.0
425,0.0,0.0,0.0
ঝালে,0.0,0.0,0.0
traditional,0.0,0.0,0.0
তেমনিই,0.0,0.0,0.0
parci,0.0,0.0,0.0
pori,0.0,0.0,0.0
কোথা,0.0,0.0,0.0
দেইনা,0.0,0.0,0.0
সুইটস,0.0,0.0,0.0
এরই,0.0,0.0,0.0
choi,0.0,0.0,0.0
korechen,0.0,0.0,0.0
ফেলেন,0.0,0.0,0.0
asolai,0.0,0.0,0.0
sottie,0.0,0.0,0.0
চুইগোশ,0.0,0.0,0.0
পেঁয়াজের,0.0,0.0,0.0
ধান্দা,0.0,0.0,0.0
bang,0.0,0.0,0.0
যেমটা,0.0,0.0,0.0
ফিন্নি,0.0,0.0,0.0
টাউজার,0.0,0.0,0.0
keycaps,0.0,0.0,0.0
রেস্পন্সিভ,0.0,0.0,0.0
খাটের,0.0,0.0,0.0
daron,0.0,0.0,0.0
ঠকতে,-0.020613488796995035,0.0,0.0
ga,0.0,0.0,0.0
pleasure,0.0,0.0,0.0
বানান,0.0,0.0,0.0
ফাঁকে,0.0,0.0,0.0
চকলেটের,0.0,0.0,0.0
blank,0.0,0.0,0.0
হলোনা,0.0,0.0,0.0
বিরানি,0.0,0.0,0.0
কেবলটি,0.0,0.0,0.0
bariye,0.0,0.0,0.0
মাইক,0.0,0.0,0.0
কম্পেয়ার,0.0,0.0,0.0
ছেয়ে,0.0,0.0,0.0
মিয়ার,0.0,0.0,0.0
তুলেছে,0.0,0.0,0.0
সিগ্নেচার,0.0,0.0,0.0
minit,0.0,0.0,0.0
মাগার,0.0,0.0,0.0
আরামে,0.0,0.0,0.0
কুইক,0.0,0.0,0.0
jabena,0.0,0.0,0.0
করে৷,0.0,0.0,0.0
টেস্টিং,0.0,0.0,0.0
apna,0.0,0.0,0.0
কাউন্টারের,0.0,0.0,0.0
nephew,0.0,0.0,0.0
রেনকিন,0.018457997658129645,0.0,0.0
লাম,0.0,0.0,0.0
বোতাম,0.0,0.0,0.0
breaking,0.0,0.0,0.0
harm,0.0,0.0,0.0
flawlessly,0.0,0.0,0.0
knew,0.0,0.0,0.0
বার্গারঃ,0.0,0.0,0.0
দেখ,0.0,0.0,0.0
balti,0.0,0.0,0.0
wrost,0.0,0.0,0.0
jajakallah,0.0,0.0,0.0
৫২,0.0,0.0,0.0
kushi,0.0,0.0,0.0
synthetic,0.0,0.0,0.0
roasted,0.0,0.0,0.0
longevity,0.0,0.0,0.0
হাটা,0.0,0.0,0.0
ইলেকট্রনিক,0.0,0.0,0.0
chotto,0.0,0.0,0.0
পরিবারকে,0.0,0.0,0.0
starting,0.0,0.0,0.0
chow,0.0,0.0,0.0
খা,0.0,0.0,0.0
paine,0.0,0.0,0.0
ধোকাবাজি,0.0,0.0,0.0
এলোভেরা,0.0,0.0,0.0
nos,0.0,0.0,0.0
supporting,0.0,0.0,0.0
হায়,0.0,0.0,0.0
hater,0.0,0.0,0.0
শাওয়ার,0.0,0.0,0.0
শোরুমে,0.0,0.0,0.0
প্যারাসুটের,0.0,0.0,0.0
ইটস,0.0,0.0,0.0
ফিল্টার,0.0,0.0,0.0
পুষ্টি,0.0,0.0,0.0
১০০তে,0.0,0.0,0.0
২দিনে,0.0,0.0,0.0
বার্ড,0.0,0.0,0.0
কারা,0.0,0.0,0.0
panda,0.0,0.0,0.0
385,0.0,0.0,0.0
consistent,0.0,0.0,0.0
handed,0.0,0.0,0.0
খাইনাই,0.0,0.0,0.0
একান্তই,0.0,0.0,0.0
কমিউনিটি,0.0,0.0,0.0
মারুফ,0.0,0.0,0.0
peyese,0.0,0.0,0.0
minister,0.0,0.0,0.0
কিচেনে,0.0,0.0,0.0
cira,0.0,0.0,0.0
১ঃ৩,0.0,0.0,0.0
justified,0.0,0.0,0.0
prints,0.0,0.0,0.0
sunny,0.0,0.0,0.0
jaito,0.0,0.0,0.0
আটকায়,0.0,0.0,0.0
payace,0.0,0.0,0.0
ভাগের,0.0,0.0,0.0
প্লেইটারে,0.0,0.0,0.0
los,0.0,0.0,0.0
origin,0.0,0.0,0.0
rules,0.0,0.0,0.0
সিডি,0.0,0.0,0.0
মাঠে,0.0,0.0,0.0
um,0.0,0.0,0.0
কার্ডের,0.0,0.0,0.0
adidas,0.0,0.0,0.0
54,0.0,0.0,0.0
jekhane,0.0,0.0,0.0
কিট,0.0,0.0,0.0
টে,0.0,0.0,0.0
1080,0.0,0.0,0.0
deadline,0.0,0.0,0.0
টেষ্টি,0.0,0.0,0.0
যতেষ্ট,0.0,0.0,0.0
passi,0.0,0.0,0.0
onnanno,0.0,0.0,0.0
expires,0.0,0.0,0.0
২৮৫,0.0,0.0,0.0
ঝোলটা,0.0,0.0,0.0
নেয়াই,0.0,0.0,0.0
হটাত,0.0,0.0,0.0
flawless,0.0,0.0,0.0
ukulele,0.0,0.0,0.0
vouchers,0.0,0.0,0.0
পিকাপ,0.0,0.0,0.0
৩১৫,0.0,0.0,0.0
2500,0.0,0.0,0.0
সাইটের,0.0,0.0,0.0
bear,0.0,0.0,0.0
thq,0.0,0.0,0.0
crushed,0.0,0.0,0.0
টপনচ,0.0,0.0,0.0
ইফেক্ট,0.0,0.0,0.0
ব্যাটারিটা,0.0,0.0,0.0
universal,0.0,0.0,0.0
dela,0.0,0.0,0.0
internal,0.0,0.0,0.0
ডেকোরেশনের,0.0,0.0,0.0
নিহারী,0.0,0.0,0.0
slower,0.0,0.0,0.0
গুড়ের,0.0,0.0,0.0
boita,0.0,0.0,0.0
mate,0.0,0.0,0.0
বিশ্রী,0.0,0.0,0.0
নামেই,0.0,0.0,0.0
amdr,0.0,0.0,0.0
নামিয়ে,0.0,0.0,0.0
তারগুলো,0.0,0.0,0.0
malaysia,0.0,0.0,0.0
গড়ি,0.0,0.0,0.0
latino,0.0,0.0,0.0
কেল্লা,0.0,0.0,0.0
দেড়ি,0.0,0.0,0.0
deben,0.0,0.0,0.0
শক্তি,0.0,0.0,0.0
prepayment,0.0,0.0,0.0
ashse,0.0,0.0,0.0
অনে,0.0,0.0,0.0
collected,0.0,0.0,0.0
lastly,0.0,0.0,0.0
tiffin,0.0,0.0,0.0
lg,0.0,0.0,0.0
bazarer,0.0,0.0,0.0
ওয়েস্ট,0.0,0.0,0.0
caichilam,0.0,0.0,0.0
barbeque,0.0,0.0,0.0
manufacture,0.0,0.0,0.0
কিলো,0.0,0.0,0.0
meritage,0.0,0.0,0.0
মেঘলা,0.0,0.0,0.0
tukra,0.0,0.0,0.0
রেস্টুরেন্টটির,0.0,0.0,0.0
ধন্যববাদ,0.0,0.0,0.0
করেনাই,0.0,0.0,0.0
milkshake,0.0,0.0,0.0
messaged,0.0,0.0,0.0
restaurants,0.0,0.0,0.0
৯৬,0.0,0.0,0.0
দুটিই,0.0,0.0,0.0
মেয়াদোত্তীর্ণের,0.0,0.0,0.0
সিগন্যাল,0.0,0.0,0.0
খারাপের,0.0,0.0,0.0
condoms,0.0,0.0,0.0
হাটে,0.0,0.0,0.0
measure,0.0,0.0,0.0
akber,0.0,0.0,0.0
কিউআর,0.0,0.0,0.0
shitty,0.0,0.0,0.0
কাজুবাদাম,0.0,0.0,0.0
থ্যাংক্স,0.0,0.0,0.0
৩৩৫,0.0,0.0,0.0
উপেক্ষা,0.0,0.0,0.0
ড্রিঙ্ক,0.0,0.0,0.0
আনি,0.0,0.0,0.0
soyabean,0.0,0.0,0.0
হাল,0.0,0.0,0.0
khilgon,0.0,0.0,0.0
dekhben,0.0,0.0,0.0
নোটিফিকেশন,0.0,0.0,0.0
nitea,0.0,0.0,0.0
গন্তব্য,0.0,0.0,0.0
১বার,0.0,0.0,0.0
nailpolish,0.0,0.0,0.0
অনেস্ট,0.0,0.0,0.0
rangs,0.0,0.0,0.0
বিনিময়ে,0.0,0.0,0.0
kop,0.0,0.0,0.0
ডিস্কাউন্টের,0.0,0.0,0.0
nobody,0.0,0.0,0.0
ব্যালেন্স,0.0,0.0,0.0
lagay,0.0,0.0,0.0
ওভারলোডেড,0.0,0.0,0.0
facility,0.0,0.0,0.0
sobkisu,0.0,0.0,0.0
পরিমানঃ,0.0,0.0,0.0
porbe,0.0,0.0,0.0
cumilla,0.0,0.0,0.0
ভালোলাগে,0.0,0.0,0.0
ব্যাতিক্রম,0.0,0.0,0.0
জিনিসটাও,0.0,0.0,0.0
মোডে,0.0,0.0,0.0
tuli,0.0,0.0,0.0
প্রতিজন,0.0,0.0,0.0
মেম্বার,0.0,0.0,0.0
দোকানগুলোর,0.0,0.0,0.0
শিফট,0.0,0.0,0.0
bsti,0.0,0.0,0.0
সেগুলোই,0.0,0.0,0.0
earth,0.0,0.0,0.0
পত্র,0.0,0.0,0.0
kothaw,0.0,0.0,0.0
প্রস্তুতি,0.0,0.0,0.0
jmnta,0.0,0.0,0.0
পরিবেশটাও,0.0,0.0,0.0
হাজীপাড়া,0.0,0.0,0.0
মান্জারের,0.0,0.0,0.0
কিঞ্চিৎ,0.0,0.0,0.0
মোজারেলা,0.0,0.0,0.0
ghost,0.0,0.0,0.0
দোস্ত,0.0,0.0,0.0
নামডাক,0.0,0.0,0.0
chaka,0.0,0.0,0.0
letters,0.0,0.0,0.0
কাংখিত,0.0,0.0,0.0
luv,0.0,0.0,0.0
৭১,0.0,0.0,0.0
সামলানো,0.0,0.0,0.0
payse,0.0,0.0,0.0
dae,0.0,0.0,0.0
করতেন,0.0,0.0,0.0
রামপুরার,0.0,0.0,0.0
jetar,0.0,0.0,0.0
ব্যবসায়ীদের,0.0,0.0,0.0
সার্বিস,0.0,0.0,0.0
স্টোন,0.0,0.0,0.0
slieez,0.0,0.0,0.0
noon,0.0,0.0,0.0
জোড়,0.0,0.0,0.0
asob,0.0,0.0,0.0
ঠাকই,0.0,0.0,0.0
bilis,0.0,0.0,0.0
registered,0.0,0.0,0.0
ম্যানেজ,0.0,0.0,0.0
সাবওয়ে,0.0,0.0,0.0
nature,0.0,0.0,0.0
chise,0.0,0.0,0.0
anujayi,0.0,0.0,0.0
জনপ্রিয়তা,0.0,0.0,0.0
দুল,0.0,0.0,0.0
luchi,0.0,0.0,0.0
vokta,0.0,0.0,0.0
digit,0.0,0.0,0.0
eigula,0.0,0.0,0.0
khejur,0.0,0.0,0.0
শাস্তি,0.0,0.0,0.0
একবারই,0.0,0.0,0.0
focus,0.0,0.0,0.0
বানিয়েছে,0.0,0.0,0.0
ক্রাশ,0.0,0.0,0.0
ইঞ্জিন,0.0,0.0,0.0
সবুজের,0.0,0.0,0.0
koshto,0.0,0.0,0.0
রাধুনী,0.0,0.0,0.0
prokar,0.0,0.0,0.0
অলমোস্ট,0.0,0.0,0.0
পাওয়াই,0.0,0.0,0.0
chalanor,0.0,0.0,0.0
narayanganj,0.0,0.0,0.0
diase,0.0,0.0,0.0
uniliver,0.0,0.0,0.0
ভালও,0.0,0.0,0.0
ভালোয়,0.0,0.0,0.0
gallery,0.0,0.0,0.0
ক্রেভিং,0.0,0.0,0.0
pastaprice,0.0,0.0,0.0
worries,0.0,0.0,0.0
মেট্রো,0.0,0.0,0.0
উল্লেখযোগ্য,0.0,0.0,0.0
kiam,0.0,0.0,0.0
worthless,0.0,0.0,0.0
স্যালারকে,0.0,0.0,0.0
স্টিম,0.0,0.0,0.0
crystal,0.0,0.0,0.0
গাদা,0.0,0.0,0.0
member,0.0,0.0,0.0
কয়লা,0.0,0.0,0.0
একধরনের,0.0,0.0,0.0
menthol,0.0,0.0,0.0
spin,0.0,0.0,0.0
sekhane,0.0,0.0,0.0
lagcha,0.0,0.0,0.0
winner,0.0,0.0,0.0
watery,0.0,0.0,0.0
মেনের,0.0,0.0,0.0
দিচ্ছিলাম,0.0,0.0,0.0
কার্টন,0.0,0.0,0.0
insane,0.0,0.0,0.0
practically,0.0,0.0,0.0
tast,0.0,0.0,0.0
রহস্য,0.0,0.0,0.0
nylon,0.0,0.0,0.0
মাইর,0.0,0.0,0.0
reset,0.0,0.0,0.0
ফ্ল্যাগশিপ,0.0,0.0,0.0
basil,0.0,0.0,0.0
আসায়,0.0,0.0,0.0
diyesi,0.0,0.0,0.0
উচ্চতা,0.0,0.0,0.0
ফুডব্যাংকের,0.0,0.0,0.0
পল্টনে,0.0,0.0,0.0
কেবলটা,0.0,0.0,0.0
সেভেন,0.0,0.0,0.0
২৬৫,0.0,0.0,0.0
মনিটরে,0.0,0.0,0.0
জাষ্ট,0.0,0.0,0.0
রসুনের,0.0,0.0,0.0
pressing,0.0,0.0,0.0
copper,0.0,0.0,0.0
পাল্টে,0.0,0.0,0.0
লেখে,0.0,0.0,0.0
modda,0.0,0.0,0.0
nelam,0.0,0.0,0.0
dhoray,0.0,0.0,0.0
problematic,0.0,0.0,0.0
ক্ষেত্রেই,0.0,0.0,0.0
মিথ্যে,0.0,0.0,0.0
sobrang,0.0,0.0,0.0
মগবাজার,0.0,0.0,0.0
coff,0.0,0.0,0.0
সবখানে,0.0,0.0,0.0
কার্টুনের,0.0,0.0,0.0
boost,0.0,0.0,0.0
গড়িটা,0.0,0.0,0.0
মেল্ট,0.0,0.0,0.0
বাইন্ডিং,0.0,0.0,0.0
koran,0.0,0.0,0.0
routine,0.0,0.0,0.0
ভয়ংকর,0.0,0.0,0.0
lense,0.0,0.0,0.0
initiated,0.0,0.0,0.0
নিদিষ্ট,0.0,0.0,0.0
জাতের,0.0,0.0,0.0
tacara,0.0,0.0,0.0
otirikto,0.0,0.0,0.0
podcast,0.0,0.0,0.0
দুবার,0.0,0.0,0.0
বিপরিত,0.0,0.0,0.0
ডেড,0.0,0.0,0.0
samner,0.0,0.0,0.0
গুলায়,0.0,0.0,0.0
mocha,0.0,0.0,0.0
sotto,0.0,0.0,0.0
painting,0.0,0.0,0.0
দারা,0.0,0.0,0.0
groceries,0.0,0.0,0.0
vag,0.0,0.0,0.0
boti,0.0,0.0,0.0
glued,0.0,0.0,0.0
pr,0.0,0.0,0.0
চলতাছে,0.0,0.0,0.0
pak,0.0,0.0,0.0
উপক্রম,0.0,0.0,0.0
নদী,0.0,0.0,0.0
78,0.0,0.0,0.0
pabe,0.0,0.0,0.0
chattogram,0.0,0.0,0.0
দুইদিনের,0.0,0.0,0.0
eikhane,0.0,0.0,0.0
পিম্পল,0.0,0.0,0.0
কোর্সে,0.0,0.0,0.0
চাউমিন,0.0,0.0,0.0
xxxl,0.0,0.0,0.0
polao,0.0,0.0,0.0
janen,0.0,0.0,0.0
force,0.0,0.0,0.0
iramon,0.0,0.0,0.0
হইনাই,0.0,0.0,0.0
nozzle,0.0,0.0,0.0
toffee,0.0,0.0,0.0
pie,0.0,0.0,0.0
branding,0.0,0.0,0.0
baccader,0.0,0.0,0.0
khuvi,0.0,0.0,0.0
পেষ্ট,0.0,0.0,0.0
ডিগ্রি,0.0,0.0,0.0
আয়,0.0,0.0,0.0
fellam,0.0,0.0,0.0
lifetime,0.0,0.0,0.0
ভিডিওটি,0.0,0.0,0.0
following,0.0,0.0,0.0
somewhere,0.0,0.0,0.0
sylhet,0.0,0.0,0.0
প্রেমি,0.0,0.0,0.0
ন্যায়,0.0,0.0,0.0
tax,0.0,0.0,0.0
holei,0.0,0.0,0.0
feast,0.0,0.0,0.0
আইসক্রিমের,0.0,0.0,0.0
১২৬,0.0,0.0,0.0
অসুস্থ,0.0,0.0,0.0
lollipop,0.0,0.0,0.0
একবারের,0.0,0.0,0.0
দরকারী,0.0,0.0,0.0
ডেলিভারিম্যানকে,0.0,0.0,0.0
muk,0.0,0.0,0.0
hoisay,0.0,0.0,0.0
৬৯০,0.0,0.0,0.0
amin,0.0,0.0,0.0
২৫০০,0.0,0.0,0.0
content,0.0,0.0,0.0
feeder,0.0,0.0,0.0
raping,0.0,0.0,0.0
সংরক্ষণ,0.0,0.0,0.0
সারভ,0.0,0.0,0.0
korto,0.0,0.0,0.0
ছানার,0.0,0.0,0.0
আরবান,0.0,0.0,0.0
neutral,0.0,0.0,0.0
roughly,0.0,0.0,0.0
ভর্তাভাত,0.0,0.0,0.0
নাভানা,0.0,0.0,0.0
৯০টাকা,0.0,0.0,0.0
pes,0.0,0.0,0.0
নিম,0.0,0.0,0.0
লিখব,0.0,0.0,0.0
sodo,0.0,0.0,0.0
vije,0.0,0.0,0.0
bokami,0.0,0.0,0.0
করাটাও,0.0,0.0,0.0
rpm,0.0,0.0,0.0
ভাইটি,0.0,0.0,0.0
পড়েছিলো,0.0,0.0,0.0
তরকারির,0.0,0.0,0.0
katha,0.0,0.0,0.0
recognized,0.0,0.0,0.0
বসেছে,0.0,0.0,0.0
গার্ড,0.0,0.0,0.0
রিজার্ভ,0.0,0.0,0.0
ali,0.0,0.0,0.0
নয়ত,0.0,0.0,0.0
gondo,0.0,0.0,0.0
emergency,0.0,0.0,0.0
ফ্যাশন,0.0,0.0,0.0
করণীয়,0.0,0.0,0.0
একদিনও,0.0,0.0,0.0
অর্থে,0.0,0.0,0.0
ontoto,0.0,0.0,0.0
বুঝতাম,0.0,0.0,0.0
স্ট্যান্ডটা,0.0,0.0,0.0
licked,0.0,0.0,0.0
generally,0.0,0.0,0.0
debe,0.0,0.0,0.0
mosha,0.0,0.0,0.0
সুতির,0.0,0.0,0.0
absorb,0.0,0.0,0.0
bas,0.0,0.0,0.0
truth,0.0,0.0,0.0
বেরে,0.0,0.0,0.0
৩০০০,0.0,0.0,0.0
অমিল,0.0,0.0,0.0
language,0.0,0.0,0.0
ltr,0.0,0.0,0.0
bunch,0.0,0.0,0.0
revised,0.0,0.0,0.0
টুলস,0.0,0.0,0.0
আশ্চর্য,0.0,0.0,0.0
ডুয়েল,0.0,0.0,0.0
১০০টাকায়,0.0,0.0,0.0
locks,0.0,0.0,0.0
শুকায়,0.0,0.0,0.0
stiff,0.0,0.0,0.0
pea,0.0,0.0,0.0
সুদু,0.0,0.0,0.0
drives,0.0,0.0,0.0
আমকে,0.0,0.0,0.0
possibility,0.008772299625446045,0.0,0.0
goj,0.0,0.0,0.0
ব্রন,0.0,0.0,0.0
এতবড়,0.0,0.0,0.0
১৫দিন,0.0,0.0,0.0
pathan,0.0,0.0,0.0
preferred,0.0,0.0,0.0
মিরিন্ডা,0.0,0.0,0.0
procedure,0.0,0.0,0.0
ashlam,0.0,0.0,0.0
প্রজেক্টর,0.0,0.0,0.0
hochche,0.0,0.0,0.0
আসছেন,0.0,0.0,0.0
সুযোগে,0.0,0.0,0.0
fragnance,0.0,0.0,0.0
পছন্দমতো,0.0,0.0,0.0
অবস্হিত,0.0,0.0,0.0
held,0.0,0.0,0.0
nisen,0.0,0.0,0.0
derma,0.0,0.0,0.0
hesaba,0.0,0.0,0.0
charcoal,0.0,0.0,0.0
মেমরি,0.0,0.0,0.0
চাকার,0.0,0.0,0.0
সেলে,0.0,0.0,0.0
বাসমতির,0.0,0.0,0.0
malta,0.0,0.0,0.0
land,0.0,0.0,0.0
তেজগাঁও,0.0,0.0,0.0
২৫টাকা,0.0,0.0,0.0
vbe,0.0,0.0,0.0
কালোজিরা,0.0,0.0,0.0
খাওয়াবো,0.0,0.0,0.0
অলটাইম,0.0,0.0,0.0
reaction,0.0,0.0,0.0
আপ্যায়ন,0.0,0.0,0.0
চেয়েচি,0.0,0.0,0.0
মাশাল্লাহ্,0.0,0.0,0.0
softness,0.0,0.0,0.0
dough,0.0,0.0,0.0
বেঁধে,0.0,0.0,0.0
ওয়ালে,0.0,0.0,0.0
৩দিনে,0.0,0.0,0.0
লোকদের,0.0,0.0,0.0
chrg,0.0,0.0,0.0
chillo,0.0,0.0,0.0
dishwashing,0.0,0.0,0.0
ছড়ানো,0.0,0.0,0.0
আড়াইশো,0.0,0.0,0.0
কারাপ,0.0,0.0,0.0
ইনফরমেশন,0.0,0.0,0.0
বিধি,0.0,0.0,0.0
নাস্তায়,0.0,0.0,0.0
টো,0.0,0.0,0.0
kala,0.0,0.0,0.0
সার্ফ,0.0,0.0,0.0
paylam,0.0,0.0,0.0
vitamin,0.0,0.0,0.0
alam,0.0,0.0,0.0
lagai,0.0,0.0,0.0
ইন্টেরিয়রের,0.0,0.0,0.0
মানসিকতা,0.0,0.0,0.0
ashbe,0.0,0.0,0.0
এয়ারফোন,0.0,0.0,0.0
শাকিলের,0.0,0.0,0.0
ভিষণ,0.0,0.0,0.0
সিটের,0.0,0.0,0.0
আদাবর,0.0,0.0,0.0
ম্যাশড,0.0,0.0,0.0
ডিশের,0.0,0.0,0.0
adding,0.0,0.0,0.0
চিকেনঃ,0.0,0.0,0.0
ট্রেডিশনাল,0.0,0.0,0.0
ক্ষেত্রেও,-0.08761598605372121,0.0,0.0
জ্ঞান,0.0,0.0,0.0
রেস্ট,0.0,0.0,0.0
119,0.0,0.0,0.0
ফেল্লাম,0.0,0.0,0.0
মামাকে,0.0,0.0,0.0
রসমালাই,0.0,0.0,0.0
চললো,0.0,0.0,0.0
পাতিল,0.0,0.0,0.0
নতুনত্ব,0.0,0.0,0.0
aikhane,0.0,0.0,0.0
মিড,0.0,0.0,0.0
decreased,0.0,0.0,0.0
stitches,0.0,0.0,0.0
মাখো,0.0,0.0,0.0
এখোনো,0.0,0.0,0.0
dr,0.0,0.0,0.0
দুনিয়া,0.0,0.0,0.0
bolcilam,0.0,0.0,0.0
ঘড়িগুলো,0.0,0.0,0.0
teo,0.0,0.0,0.0
বায়,0.0,0.0,0.0
খুশকি,0.0,0.0,0.0
mahal,0.0,0.0,0.0
মাথাই,0.0,0.0,0.0
জানালার,0.0,0.0,0.0
glance,0.0,0.0,0.0
projonto,0.0,0.0,0.0
complimentary,0.0,0.0,0.0
পুরন,0.0,0.0,0.0
গার্লফ্রেন্ড,0.0,0.0,0.0
downloaded,0.0,0.0,0.0
থিকনেস,0.0,0.0,0.0
korenai,0.0,0.0,0.0
ergonomic,0.0,0.0,0.0
lalbagh,0.0,0.0,0.0
ফুল্লি,0.0,0.0,0.0
ফেলবেন,0.0,0.0,0.0
intec,0.0,0.0,0.0
cousin,0.0,0.0,0.0
কম্পলিমেন্টারি,0.0,0.0,0.0
দেয়ে,0.0,0.0,0.0
ips,0.0,0.0,0.0
কিনেছে,0.0,0.0,0.0
দুর্গন্ধ,0.0,0.0,0.0
answers,0.0,0.0,0.0
950,0.0,0.0,0.0
্যে,0.0,0.0,0.0
সুলতান্স,-0.007735962693259022,0.0,0.0
আম্মা,0.0,0.0,0.0
স্ন্যাকস,0.0,0.0,0.0
জিনিসও,0.0,0.0,0.0
জমিদার,0.0,0.0,0.0
মূল্যায়ন,0.0,0.0,0.0
লোকমা,0.0,0.0,0.0
costed,0.0,0.0,0.0
porishkar,0.0,0.0,0.0
chilm,0.0,0.0,0.0
সুঘ্রান,0.0,0.0,0.0
মালগুলো,0.0,0.0,0.0
ক্যামেরায়,0.0,0.0,0.0
গাছের,0.0,0.0,0.0
লগো,0.0,0.0,0.0
redex,0.0,0.0,0.0
কোনোদিন,0.0,0.0,0.0
glows,0.0,0.0,0.0
pik,0.0,0.0,0.0
baji,0.0,0.0,0.0
ঠক,0.0,0.0,0.0
chitting,0.0,0.0,0.0
মডেলটা,0.0,0.0,0.0
structure,0.0,0.0,0.0
curved,0.0,0.0,0.0
terminal,0.0,0.0,0.0
deyer,0.0,0.0,0.0
huggies,0.0,0.0,0.0
করছেনা,0.0,0.0,0.0
পেড,0.0,0.0,0.0
ছাতা,0.0,0.0,0.0
রো,0.0,0.0,0.0
৮পিস,0.0,0.0,0.0
massive,0.0,0.0,0.0
তু,0.0,0.0,0.0
দেখেতো,0.0,0.0,0.0
kothar,0.0,0.0,0.0
hurts,0.0,0.0,0.0
breslet,0.0,0.0,0.0
850,0.0,0.0,0.0
আরেকজনের,0.0,0.0,0.0
বান্ধুবি,0.0,0.0,0.0
জের,0.0,0.0,0.0
তাং,0.0,0.0,0.0
nawa,0.0,0.0,0.0
airbuds,0.0,0.0,0.0
ঘাটে,0.0,0.0,0.0
বেসলেট,0.0,0.0,0.0
wished,0.0,0.0,0.0
opportunity,0.0,0.0,0.0
aslam,0.0,0.0,0.0
আমেজ,0.0,0.0,0.0
পরপরই,0.0,0.0,0.0
কেন্সেল,0.0,0.0,0.0
সম্প্রতি,0.0,0.0,0.0
জানালা,0.0,0.0,0.0
রিপিট,0.0,0.0,0.0
মিরপুরবাসী,0.0,0.0,0.0
রেডিয়াম,0.0,0.0,0.0
প্যাকেটই,0.0,0.0,0.0
ton,0.0,0.0,0.0
caite,0.0,0.0,0.0
cinema,0.0,0.0,0.0
wedding,0.0,0.0,0.0
onnnek,0.0,0.0,0.0
সেদিক,0.0,0.0,0.0
petroleum,0.0,0.0,0.0
ছাদে,0.0,0.0,0.0
freshner,0.0,0.0,0.0
স্বস্তি,0.0,0.0,0.0
হয়রানির,0.0,0.0,0.0
speakers,0.0,0.0,0.0
লেডিস,0.0,0.0,0.0
বুটের,0.0,0.0,0.0
৯৯টাকায়,0.0,0.0,0.0
lubricant,0.0,0.0,0.0
seating,0.0,0.0,0.0
ব্রাদার,0.0,0.0,0.0
sundur,0.0,0.0,0.0
অসাধরন,0.0,0.0,0.0
বল্ল,0.0,0.0,0.0
cam,0.0,0.0,0.0
থ,0.0,0.0,0.0
sallar,0.0,0.0,0.0
bedsheet,0.0,0.0,0.0
gali,0.0,0.0,0.0
archer,0.0,0.0,0.0
সাগর,0.0,0.0,0.0
ঘসা,0.0,0.0,0.0
ডেলিভারীতে,0.0,0.0,0.0
originality,0.0,0.0,0.0
impress,0.0,0.0,0.0
veet,0.0,0.0,0.0
bicycle,0.0,0.0,0.0
otai,0.0,0.0,0.0
প্যান্টি,0.0,0.0,0.0
ডাইরেক্ট,0.0,0.0,0.0
asi,0.0,0.0,0.0
লালটা,0.0,0.0,0.0
98,0.0,0.0,0.0
tore,0.0,0.0,0.0
restart,0.0,0.0,0.0
convention,0.0,0.0,0.0
taratri,0.0,0.0,0.0
firm,0.0,0.0,0.0
নিমিষেই,0.0,0.0,0.0
diameter,0.0,0.0,0.0
ফেইল,0.0,0.0,0.0
ইনাফ,0.0,0.0,0.0
গেজেট,0.0,0.0,0.0
vloo,0.0,0.0,0.0
করবেনা,0.0,0.0,0.0
সুখের,0.0,0.0,0.0
puray,0.0,0.0,0.0
আইটেমও,0.0,0.0,0.0
হালা,0.0,0.0,0.0
nevertheless,0.0,0.0,0.0
ভাবিনাই,0.0,0.0,0.0
দূর্দান্ত,0.0,0.0,0.0
tong,-0.0025263016891812007,0.0,0.0
পাউরুটি,0.0,0.0,0.0
খাইয়েন,0.0,0.0,0.0
controlled,0.0,0.0,0.0
semi,0.0,0.0,0.0
aisob,0.0,0.0,0.0
বলসিলাম,0.0,0.0,0.0
রাত্রে,0.0,0.0,0.0
ছাপড়া,0.0,0.0,0.0
wholesale,0.0,0.0,0.0
রেষ্টুরেন্টের,0.0,0.0,0.0
resturant,0.0,0.0,0.0
producer,0.0,0.0,0.0
কৃত,0.0,0.0,0.0
সাজিয়েছে,0.0,0.0,0.0
নির্ভরযোগ্য,0.0,0.0,0.0
সত্যিকারের,0.0,0.0,0.0
marka,0.0,0.0,0.0
odonil,0.0,0.0,0.0
ধৈর্য্য,0.0,0.0,0.0
mga,0.0,0.0,0.0
skinny,0.0,0.0,0.0
alhamdu,0.0,0.0,0.0
alhamduillah,0.0,0.0,0.0
moscow,0.0,0.0,0.0
হায়াত,0.0,0.0,0.0
diese,0.0,0.0,0.0
তাহা,0.0,0.0,0.0
উপলব্ধি,0.0,0.0,0.0
ডিভাইসটি,0.0,0.0,0.0
dekchi,0.0,0.0,0.0
নেকলেস,0.0,0.0,0.0
খিচুরী,0.0,0.0,0.0
১১৬,0.0,0.0,0.0
hoila,0.0,0.0,0.0
ফ্ল্যাশ,0.0,0.0,0.0
হাতিরঝিল,0.0,0.0,0.0
সেদিকে,0.0,0.0,0.0
অপছন্দ,0.0,0.0,0.0
borabor,0.0,0.0,0.0
haha,0.0,0.0,0.0
ট্রীট,0.0,0.0,0.0
দোতালায়,0.0,0.0,0.0
মধ,0.0,0.0,0.0
স্টাফড,0.0,0.0,0.0
বডিটা,0.0,0.0,0.0
locking,0.0,0.0,0.0
munchery,0.0,0.0,0.0
ছিড়তে,0.0,0.0,0.0
নিত,0.0,0.0,0.0
স্থায়িত্ব,0.0,0.0,0.0
thaika,0.0,0.0,0.0
perfumes,0.0,0.0,0.0
khular,0.0,0.0,0.0
kj,0.0,0.0,0.0
surprising,0.0,0.0,0.0
রহমানিয়ার,0.0,0.0,0.0
বিলিভ,0.0,0.0,0.0
৪টার,0.0,0.0,0.0
nishchinte,0.0,0.0,0.0
ঝটপট,0.0,0.0,0.0
dowa,0.0,0.0,0.0
349,0.0,0.0,0.0
amoled,0.0,0.0,0.0
cubes,0.0,0.0,0.0
uploaded,0.0,0.0,0.0
ট্রেন্ড,0.0,0.0,0.0
এক্সপায়ার্ড,0.0,0.0,0.0
develop,0.0,0.0,0.0
সুপটা,0.0,0.0,0.0
ডাকে,0.0,0.0,0.0
অাইটেম,0.0,0.0,0.0
আওয়ার,0.0,0.0,0.0
বুঝলামনা,0.0,0.0,0.0
249,0.0,0.0,0.0
রিভিউর,0.0,0.0,0.0
সুইচের,0.0,0.0,0.0
fu,0.0,0.0,0.0
আমাকেও,0.0,0.0,0.0
ভলোই,0.0,0.0,0.0
kheal,0.0,0.0,0.0
বড়া,0.0,0.0,0.0
পড়তেও,0.0,0.0,0.0
নেস,0.0,0.0,0.0
pureit,0.0,0.0,0.0
wa,0.0,0.0,0.0
ঘুড়ে,0.0,0.0,0.0
jawa,0.0,0.0,0.0
মিস্ট্রি,0.0,0.0,0.0
কিছুদিনের,0.0,0.0,0.0
বেশীরভাগ,0.0,0.0,0.0
পরতেও,0.0,0.0,0.0
ডিফেক্টিভ,0.0,0.0,0.0
গেঞ্জিটি,0.0,0.0,0.0
উক্ত,0.0,0.0,0.0
koro,0.0,0.0,0.0
cape,0.0,0.0,0.0
কে৷,0.0,0.0,0.0
jeans,0.0,0.0,0.0
grinder,0.0,0.0,0.0
প্রডাক্টটির,0.0,0.0,0.0
255,0.0,0.0,0.0
fudge,0.0,0.0,0.0
dhakna,0.0,0.0,0.0
এরপরেও,0.0,0.0,0.0
হারায়,0.0,0.0,0.0
fps,0.0,0.0,0.0
অংশটি,0.0,0.0,0.0
হওয়াই,0.0,0.0,0.0
সাট,0.0,0.0,0.0
expert,0.0,0.0,0.0
আয়না,0.0,0.0,0.0
podact,0.0,0.0,0.0
দামই,0.0,0.0,0.0
wallpaper,0.0,0.0,0.0
ধাবা,0.0,0.0,0.0
বৌ,0.0,0.0,0.0
ghore,0.0,0.0,0.0
পাইবেন,0.0,0.0,0.0
vablam,0.0,0.0,0.0
steal,0.0,0.0,0.0
dakhai,0.0,0.0,0.0
ability,0.0,0.0,0.0
osm,0.0,0.0,0.0
থাকব,0.0,0.0,0.0
চার্চ,0.0,0.0,0.0
অনেক,0.008775642887923154,0.0,0.0
sunsilk,0.0,0.0,0.0
বাটির,0.0,0.0,0.0
পোস্টটি,0.0,0.0,0.0
mukher,0.0,0.0,0.0
ইনক্লুড,0.0,0.0,0.0
মুইজ,0.0,0.0,0.0
boshe,0.0,0.0,0.0
গুলাতে,0.0,0.0,0.0
ওল্ড,0.0,0.0,0.0
ময়লার,0.0,0.0,0.0
হ্যান্ডওয়াশের,0.0,0.0,0.0
নলার,0.0,0.0,0.0
পৌছাতে,0.0,0.0,0.0
খে,0.0,0.0,0.0
barer,0.0,0.0,0.0
বালিশের,0.0,0.0,0.0
pacci,0.0,0.0,0.0
একখানা,0.0,0.0,0.0
scrubber,0.0,0.0,0.0
নগদে,0.0,0.0,0.0
মতিঝিলের,0.0,0.0,0.0
দেখালেও,0.0,0.0,0.0
therefore,0.0,0.0,0.0
creates,0.0,0.0,0.0
কেবাব,0.0,0.0,0.0
বিন্দুমাত্র,0.0,0.0,0.0
প্রতিনিয়ত,0.0,0.0,0.0
mannered,0.0,0.0,0.0
moderately,0.0,0.0,0.0
boxed,0.0,0.0,0.0
shad,0.0,0.0,0.0
lava,0.0,0.0,0.0
bajhe,0.0,0.0,0.0
emonta,0.0,0.0,0.0
চকলেটি,0.0,0.0,0.0
lamp,0.0,0.0,0.0
shampo,0.0,0.0,0.0
priyo,0.0,0.0,0.0
স্ট্রিপ,0.0,0.0,0.0
যায়গার,0.0,0.0,0.0
shoping,0.0,0.0,0.0
ঝিগাতলার,0.0,0.0,0.0
shampoos,0.0,0.0,0.0
রিডিং,0.0,0.0,0.0
পেটপুরে,0.0,0.0,0.0
পেয়ার,0.0,0.0,0.0
ওরজিনিয়াল,0.0,0.0,0.0
peysi,0.0,0.0,0.0
considered,0.0,0.0,0.0
পস্তাবেন,0.0,0.0,0.0
straightener,0.0,0.0,0.0
discolor,0.0,0.0,0.0
dar,0.0,0.0,0.0
hontinga,0.0,0.0,0.0
confusing,0.0,0.0,0.0
হাউজিং,0.0,0.0,0.0
buffer,0.0,0.0,0.0
সামনেও,0.0,0.0,0.0
ক্রস,0.0,0.0,0.0
আচারটা,0.0,0.0,0.0
firegrill,0.0,0.0,0.0
perechi,0.0,0.0,0.0
66,0.0,0.0,0.0
boleche,0.0,0.0,0.0
সচল,0.0,0.0,0.0
ektao,0.0,0.0,0.0
শিপমেন্ট,0.0,0.0,0.0
omn,0.0,0.0,0.0
চমচম,0.0,0.0,0.0
mice,0.0,0.0,0.0
গিফট্,0.0,0.0,0.0
kotay,0.0,0.0,0.0
kham,0.0,0.0,0.0
ctg,0.0,0.0,0.0
duck,0.0,0.0,0.0
lie,0.0,0.0,0.0
মেটেরিয়াল,0.0,0.0,0.0
ky,0.0,0.0,0.0
pomfret,0.0,0.0,0.0
বাঙালির,0.0,0.0,0.0
ডাইনে,0.0,0.0,0.0
8000,0.0,0.0,0.0
পিজার,0.0,0.0,0.0
poriborte,0.0,0.0,0.0
অন্যসব,0.0,0.0,0.0
রাখলেও,0.0,0.0,0.0
cautious,0.0,0.0,0.0
পড়বেন,0.0,0.0,0.0
pickles,0.0,0.0,0.0
tplink,0.0,0.0,0.0
কেবলের,0.0,0.0,0.0
ডাস্টবিন,0.0,0.0,0.0
মসল্লা,0.0,0.0,0.0
বেলুন,0.0,0.0,0.0
তুলনামুলক,0.0,0.0,0.0
রানিং,0.0,0.0,0.0
দ্বিধায়,-0.018274104473486374,0.0,0.0
১৮৯,0.0,0.0,0.0
khup,0.0,0.0,0.0
dakci,0.0,0.0,0.0
fulfill,0.0,0.0,0.0
patch,0.0,0.0,0.0
muche,0.0,0.0,0.0
দেউরীতে,0.0,0.0,0.0
এডভান্স,0.0,0.0,0.0
যত্তসব,0.0,0.0,0.0
টুনা,0.0,0.0,0.0
aromatic,0.0,0.0,0.0
oct,0.0,0.0,0.0
hats,0.0,0.0,0.0
understandable,0.0,0.0,0.0
kacha,0.0,0.0,0.0
pairing,0.0,0.0,0.0
হইছিল,0.0,0.0,0.0
মেরুন,0.0,0.0,0.0
তালতলার,0.0,0.0,0.0
skeptical,0.0,0.0,0.0
prove,0.0,0.0,0.0
টেস্টঃ৯,0.0,0.0,0.0
তেঁতুলের,0.0,0.0,0.0
বক্সার,0.0,0.0,0.0
hoicy,0.0,0.0,0.0
decker,0.0,0.0,0.0
moneybag,0.0,0.0,0.0
মসজিদে,0.0,0.0,0.0
samni,0.0,0.0,0.0
লিখছে,0.0,0.0,0.0
৭৮,0.0,0.0,0.0
মেটাতে,0.0,0.0,0.0
throughout,0.0,0.0,0.0
এইদিকে,0.0,0.0,0.0
একবারও,0.0,0.0,0.0
ghula,0.0,0.0,0.0
দেখাতেই,0.0,0.0,0.0
রাইস২,0.0,0.0,0.0
handover,0.0,0.0,0.0
স্কেন,0.0,0.0,0.0
adata,0.0,0.0,0.0
শি,0.0,0.0,0.0
ratio,0.0,0.0,0.0
কাজিন,0.0,0.0,0.0
duibar,0.0,0.0,0.0
bolechilo,0.0,0.0,0.0
সুদূর,0.0,0.0,0.0
বোম্বে,0.0,0.0,0.0
golap,0.0,0.0,0.0
born,0.0,0.0,0.0
ricebowl,0.0,0.0,0.0
chaichilam,0.0,0.0,0.0
রাখলেন,0.0,0.0,0.0
শোরুমের,0.0,0.0,0.0
হাইদ্রাবাদী,-0.04956457045816645,0.0,0.0
ফুডপান্ডা,0.0,0.0,0.0
yt,0.0,0.0,0.0
দরুন,0.0,0.0,0.0
পরিমাপ,0.0,0.0,0.0
leaving,0.0,0.0,0.0
গুর্দা,0.0,0.0,0.0
lipsticks,0.0,0.0,0.0
কষ্টসাধ্য,0.0,0.0,0.0
বন্দ,0.0,0.0,0.0
critical,0.0,0.0,0.0
sep,0.0,0.0,0.0
fades,0.0,0.0,0.0
করিমের,0.0,0.0,0.0
পোডাকটি,0.0,0.0,0.0
হোসনী,0.0,0.0,0.0
ghono,0.0,0.0,0.0
সার্ভিসকে,0.0,0.0,0.0
১৫৯,-0.009529134356608416,0.0,0.0
treadmill,0.0,0.0,0.0
সর্ব,0.0,0.0,0.0
দেখাবেন,0.0,0.0,0.0
পরাটা,0.0,0.0,0.0
stones,0.0,0.0,0.0
cars,0.0,0.0,0.0
expair,0.0,0.0,0.0
ভাগ্যে,0.0,0.0,0.0
asena,0.0,0.0,0.0
বসায়,0.0,0.0,0.0
মশলাটা,0.0,0.0,0.0
chule,0.0,0.0,0.0
পেরা,0.0,0.0,0.0
কোমরের,0.0,0.0,0.0
shwarma,0.0,0.0,0.0
moves,0.0,0.0,0.0
av,0.0,0.0,0.0
alfio,0.0,0.0,0.0
ঠিকভাবেই,0.0,0.0,0.0
সুপারিশ,0.0,0.0,0.0
কমবে,0.0,0.0,0.0
korsilm,0.0,0.0,0.0
completed,0.0,0.0,0.0
ক্যাবলটা,0.0,0.0,0.0
khair,0.0,0.0,0.0
spoiled,0.0,0.0,0.0
২নং,0.0,0.0,0.0
বাড়িয়েছে,0.0,0.0,0.0
cheyeo,0.0,0.0,0.0
সেকেন্ডে,0.0,0.0,0.0
exquisite,0.0,0.0,0.0
টাকালুচি,0.0,0.0,0.0
kentu,0.0,0.0,0.0
nb,0.0,0.0,0.0
কার্যকারী,0.0,0.0,0.0
ইনক্লুডিং,0.0,0.0,0.0
দুটির,0.0,0.0,0.0
প্লেটারটিতে,0.0,0.0,0.0
sn,0.0,0.0,0.0
deikha,0.0,0.0,0.0
corporate,0.0,0.0,0.0
saile,0.0,0.0,0.0
ভাইর,0.0,0.0,0.0
hoyasa,0.0,0.0,0.0
এলোমেলো,0.0,0.0,0.0
ভেজানোর,0.0,0.0,0.0
কোমল,0.0,0.0,0.0
wth,0.0,0.0,0.0
সেলারে,0.0,0.0,0.0
dorker,0.0,0.0,0.0
ore,0.0,0.0,0.0
অভিজাত,0.0,0.0,0.0
রিংটা,0.0,0.0,0.0
জনিত,0.0,0.0,0.0
লাচ্ছা,0.0,0.0,0.0
পাউডারটা,0.0,0.0,0.0
তৃপ্তির,0.0,0.0,0.0
disc,0.0,0.0,0.0
stretch,0.0,0.0,0.0
এইডা,0.0,0.0,0.0
bajarer,0.0,0.0,0.0
একপিস,0.0,0.0,0.0
ককটেল,0.0,0.0,0.0
vabchi,0.0,0.0,0.0
applicator,0.0,0.0,0.0
mein,0.0,0.0,0.0
রিমোটটা,0.0,0.0,0.0
খাইতেই,0.0,0.0,0.0
পেরেক,0.0,0.0,0.0
ফরাজী,0.0,0.0,0.0
fingers,0.0,0.0,0.0
kisuta,0.0,0.0,0.0
সপের,0.0,0.0,0.0
ঢুকছে,0.0,0.0,0.0
kokhonoi,0.0,0.0,0.0
sobgulo,0.0,0.0,0.0
বায়না,0.0,0.0,0.0
ব্যাটা,0.0,0.0,0.0
1205,0.015492462403793724,0.0,0.0
sauteed,0.0,0.0,0.0
beboher,0.0,0.0,0.0
এক্সচেঞ্জ,0.0,0.0,0.0
boka,0.0,0.0,0.0
mozzarella,0.0,0.0,0.0
foodcourt,0.0,0.0,0.0
১০খাবার,0.0,0.0,0.0
কমদামের,0.0,0.0,0.0
nila,0.0,0.0,0.0
চাইচি,0.0,0.0,0.0
ঝুলানোর,0.0,0.0,0.0
energy,0.0,0.0,0.0
হলুদের,0.0,0.0,0.0
neo,0.0,0.0,0.0
বুদ্ধি,0.0,0.0,0.0
আইটেমগুলোর,0.0,0.0,0.0
কাভারের,0.0,0.0,0.0
sart,0.0,0.0,0.0
ল্যাবে,0.0,0.0,0.0
assa,0.0,0.0,0.0
স্পেশালিটি,0.0,0.0,0.0
প্ল্যাটফর্ম,0.0,0.0,0.0
crap,0.0,0.0,0.0
eke,0.0,0.0,0.0
usd,0.0,0.0,0.0
পোক্ত,0.0,0.0,0.0
tr,0.0,0.0,0.0
গো,0.0,0.0,0.0
হেডফোনের,0.0,0.0,0.0
179,0.0,0.0,0.0
kill,0.0,0.0,0.0
pici,0.0,0.0,0.0
ফ্যাভারিট,0.0,0.0,0.0
মুন,0.0,0.0,0.0
lengthy,0.0,0.0,0.0
১০৬,0.0,0.0,0.0
gbps,0.0,0.0,0.0
এইবারের,0.0,0.0,0.0
চিন্তার,0.0,0.0,0.0
তোরা,0.0,0.0,0.0
misleading,0.0,0.0,0.0
বুফেট,0.0,0.0,0.0
increasing,0.0,0.0,0.0
puff,0.0,0.0,0.0
listen,0.0,0.0,0.0
টার্গেট,0.0,0.0,0.0
গেন্জিটা,0.0,0.0,0.0
প্যাকিংটা,0.0,0.0,0.0
285,0.017446358611143516,0.0,0.0
vaje,0.0,0.0,0.0
chocolates,0.0,0.0,0.0
revew,0.0,0.0,0.0
জেন,0.0,0.0,0.0
coriander,0.0,0.0,0.0
ভাইটাও,0.0,0.0,0.0
culinary,0.0,0.0,0.0
কয়টি,0.0,0.0,0.0
পেঁচিয়ে,0.0,0.0,0.0
কাপুর,0.0,0.0,0.0
একেকজনের,0.0,0.0,0.0
renowned,0.0,0.0,0.0
আগুনের,0.0,0.0,0.0
ঝকঝকে,-0.00377605449152747,0.0,0.0
ডিপেন্ড,0.0,0.0,0.0
thnxx,0.0,0.0,0.0
minimalist,0.0,0.0,0.0
আঘাত,0.0,0.0,0.0
রেটের,0.0,0.0,0.0
thoroughly,0.0,0.0,0.0
example,0.0,0.0,0.0
bhi,0.0,0.0,0.0
এমনেই,0.0,0.0,0.0
কোয়া,0.0,0.0,0.0
mittha,0.0,0.0,0.0
আবশ্যক,0.0,0.0,0.0
অভারওল,0.0,0.0,0.0
উপহারের,0.0,0.0,0.0
পিয্যা,0.0,0.0,0.0
ম্যাপে,0.0,0.0,0.0
pkt,0.0,0.0,0.0
heads,0.0,0.0,0.0
recive,0.0,0.0,0.0
ফেবারিট,0.0,0.0,0.0
সর্বপ্রথম,0.0,0.0,0.0
atu,0.0,0.0,0.0
শান্তির,0.0,0.0,0.0
yellowish,0.0,0.0,0.0
এলিফ্যান্ট,0.0,0.0,0.0
১৩০০,0.0,0.0,0.0
mfi,0.0,0.0,0.0
producti,0.0,0.0,0.0
একান্ত,0.0,0.0,0.0
aktai,0.0,0.0,0.0
nich,0.0,0.0,0.0
apnder,0.0,0.0,0.0
samna,0.0,0.0,0.0
লাভের,0.0,0.0,0.0
odor,0.0,0.0,0.0
অংশের,0.0615940763235811,0.0,0.0
stuffs,0.0,0.0,0.0
act,0.0,0.0,0.0
khat,0.0,0.0,0.0
orico,0.0,0.0,0.0
প্রাইজটা,0.0,0.0,0.0
readable,0.0,0.0,0.0
meatball,0.0,0.0,0.0
রাধুনি,0.0,0.0,0.0
১টার,0.0,0.0,0.0
বীজ,0.0,0.0,0.0
গ্লাসি,0.0,0.0,0.0
edesh,0.0,0.0,0.0
walton,0.0,0.0,0.0
এপ্স,0.0,0.0,0.0
ডাক্তার,0.0,0.0,0.0
চানখারপুলের,0.0,0.0,0.0
powerbank,0.0,0.0,0.0
basket,0.0,0.0,0.0
ফ্লেক্স,0.0,0.0,0.0
গ্রে,0.0,0.0,0.0
vhul,0.0,0.0,0.0
remover,0.0,0.0,0.0
opore,0.0,0.0,0.0
বুঝেশুনে,0.0,0.0,0.0
আমা,0.0,0.0,0.0
দিচ্ছিল,0.0,0.0,0.0
dieche,0.0,0.0,0.0
asking,0.0,0.0,0.0
dekhini,0.0,0.0,0.0
tarporo,0.0,0.0,0.0
cook,0.0,0.0,0.0
dauar,0.0,0.0,0.0
fool,0.0,0.0,0.0
ডেলিভারিত,0.0,0.0,0.0
mayonnaise,0.0,0.0,0.0
করতাছি,0.0,0.0,0.0
chini,0.0,0.0,0.0
মাশ্রুম,0.0,0.0,0.0
hasan,0.0,0.0,0.0
আসতেছিল,0.0,0.0,0.0
khaialamu,0.0,0.0,0.0
মেরিনেট,0.0,0.0,0.0
duper,0.0,0.0,0.0
eitai,0.0,0.0,0.0
rush,0.0,0.0,0.0
কমিটমেন্ট,0.0,0.0,0.0
কাচ্চিবিরিয়ানি,0.0,0.0,0.0
br,0.0,0.0,0.0
কলমটা,0.0,0.0,0.0
বুঝব,0.0,0.0,0.0
বস্তায়,0.0,0.0,0.0
ন্যাপকিন,0.0,0.0,0.0
এবারই,0.0,0.0,0.0
lizol,0.0,0.0,0.0
কইলাম,0.0,0.0,0.0
৩টার,0.0,0.0,0.0
মেমো,0.0,0.0,0.0
tremendous,0.0,0.0,0.0
alcohol,0.0,0.0,0.0
tae,0.0,0.0,0.0
ঠোঁটে,0.0,0.0,0.0
সৌভাগ্য,0.0,0.0,0.0
টেলিভিশন,0.0,0.0,0.0
dharaz,0.0,0.0,0.0
ঠিকে,0.0,0.0,0.0
stitched,0.0,0.0,0.0
পড়েও,0.0,0.0,0.0
লেগেছে৷,0.0,0.0,0.0
resistance,0.0,0.0,0.0
atleast,0.0,0.0,0.0
প্রোডাক্টিভ,0.0,0.0,0.0
tulte,0.0,0.0,0.0
ম্যানকেও,0.0,0.0,0.0
subidha,0.0,0.0,0.0
tule,0.0,0.0,0.0
ডিগ্রী,0.0,0.0,0.0
lather,0.0,0.0,0.0
prn,0.0,0.0,0.0
ইন্টারেস্টিং,0.0,0.0,0.0
dori,0.0,0.0,0.0
coloured,0.0,0.0,0.0
roof,0.0,0.0,0.0
diyecen,0.0,0.0,0.0
৮৭,0.0,0.0,0.0
played,0.0,0.0,0.0
onujayee,0.0,0.0,0.0
sleeping,0.0,0.0,0.0
মেলায়,0.0,0.0,0.0
ইন্টেক্ট,0.0,0.0,0.0
নাওয়া,0.0,0.0,0.0
বুঝায়,0.0,0.0,0.0
চিংড়ির,0.0,0.0,0.0
মিরপুরবাসীদের,0.0,0.0,0.0
অকেজো,0.0,0.0,0.0
floral,0.0,0.0,0.0
একত্রে,0.0,0.0,0.0
alone,0.0,0.0,0.0
সত্যিকার,0.0,0.0,0.0
এডিশন,0.0,0.0,0.0
ঠেলায়,0.0,0.0,0.0
প্যাকেজিংয়ে,0.0,0.0,0.0
jache,0.0,0.0,0.0
kgs,0.0,0.0,0.0
calamari,0.0,0.0,0.0
thakte,0.0,0.0,0.0
ওয়েদার,0.0,0.0,0.0
চাঃ,0.0,0.0,0.0
পৌছানোর,0.0,0.0,0.0
76,0.0,0.0,0.0
telling,0.008820853444966335,0.0,0.0
হিসেবেই,0.0,0.0,0.0
চকচক,0.0,0.0,0.0
বানাচ্ছে,0.0,0.0,0.0
সাজেশনে,0.0,0.0,0.0
সুন্দার,0.0,0.0,0.0
রসে,0.0,0.0,0.0
শালার,0.0,0.0,0.0
ইন্সটলেশন,0.0,0.0,0.0
marked,0.0,0.0,0.0
rag,0.0,0.0,0.0
যাচ্ছেনা,0.0,0.0,0.0
noice,0.0,0.0,0.0
রিকমেন্ডেশন,0.0,0.0,0.0
gear,0.0,0.0,0.0
matt,0.0,0.0,0.0
allhamdulilah,0.0,0.0,0.0
দৈনন্দিন,0.0,0.0,0.0
প্রিন্টের,0.0,0.0,0.0
রেসপন্সও,0.0,0.0,0.0
টাকাস্বাদঃ,0.0,0.0,0.0
shata,0.0,0.0,0.0
ভয়েড,0.0,0.0,0.0
toiri,0.0,0.0,0.0
access,0.0,0.0,0.0
dora,0.0,0.0,0.0
ফ্রিজে,0.0,0.0,0.0
মাইন্ড,0.0,0.0,0.0
রেলগেট,0.0,0.0,0.0
temonta,0.0,0.0,0.0
খাইছে,0.0,0.0,0.0
issa,0.0,0.0,0.0
intentionally,0.0,0.0,0.0
jafran,0.0,0.0,0.0
পট,0.0,0.0,0.0
delivari,0.0,0.0,0.0
effectively,0.0,0.0,0.0
prb,0.0,0.0,0.0
লবণের,0.0,0.0,0.0
agreed,0.0,0.0,0.0
koidin,0.0,0.0,0.0
বিপদে,0.0,0.0,0.0
পোড়ানো,0.0,0.0,0.0
vaike,0.0,0.0,0.0
chinigura,0.0,0.0,0.0
নর্থ,0.0,0.0,0.0
khati,0.0,0.0,0.0
dishes,0.0,0.0,0.0
hoped,0.0,0.0,0.0
উভয়,0.0,0.0,0.0
ফ,0.0,0.0,0.0
bolce,0.0,0.0,0.0
কমছে,0.0,0.0,0.0
থেক,0.0,0.0,0.0
সেলর,0.0,0.0,0.0
colar,0.0,0.0,0.0
বাতাসের,0.0,0.0,0.0
বুঝেছি,0.0,0.0,0.0
কন্টিনেন্টাল,0.0,0.0,0.0
দখল,0.0,0.0,0.0
galo,0.0,0.0,0.0
রাউটারে,0.0,0.0,0.0
এপস,0.0,0.0,0.0
dao,0.0,0.0,0.0
সঙ্গী,0.0,0.0,0.0
ঝর,0.0,0.0,0.0
প্রতিষ্ঠানের,0.0,0.0,0.0
সন্তুষ্টজনক,0.0,0.0,0.0
placement,0.0,0.0,0.0
কয়ালিটি,0.0,0.0,0.0
cuto,0.0,0.0,0.0
মাচ,0.0,0.0,0.0
nimbu,0.0,0.0,0.0
বাকিদের,0.0,0.0,0.0
ট্রি,0.0,0.0,0.0
marker,0.0,0.0,0.0
জিঞ্জার,0.0,0.0,0.0
ফার্নিচার,0.0,0.0,0.0
peychi,0.0,0.0,0.0
জটিল,0.0,0.0,0.0
tooth,0.0,0.0,0.0
jam,0.0,0.0,0.0
jdio,0.0,0.0,0.0
দিচি,0.0,0.0,0.0
স্পোর্টস,0.0,0.0,0.0
৯টা,0.0,0.0,0.0
bela,0.0,0.0,0.0
caring,0.0,0.0,0.0
কোমর,0.0,0.0,0.0
baddho,0.0,0.0,0.0
লিখবো,0.0,0.0,0.0
ট্রাভেল,0.0,0.0,0.0
unnoto,0.0,0.0,0.0
কিছুনা,0.0,0.0,0.0
biyebari,0.0,0.0,0.0
পলিথিনে,0.0,0.0,0.0
ঐটার,0.0,0.0,0.0
দিনটা,0.0,0.0,0.0
parents,0.0,0.0,0.0
কাঠি,0.0,0.0,0.0
relief,0.0,0.0,0.0
রিকোমেন্ড,0.0,0.0,0.0
বেনারশী,0.0,0.0,0.0
polashi,0.0,0.0,0.0
ধারাজকে,0.0,0.0,0.0
বইটার,0.0,0.0,0.0
gap,0.0,0.0,0.0
aspect,0.0,0.0,0.0
লাচ্ছির,0.0,0.0,0.0
দেখবে,0.0,0.0,0.0
cayle,0.0,0.0,0.0
000,0.0,0.0,0.0
৪৬,0.0,0.0,0.0
রবীন্দ্র,0.0,0.0,0.0
selection,0.0,0.0,0.0
আাশা,0.0,0.0,0.0
দেছে,0.0,0.0,0.0
জাওয়া,0.0,0.0,0.0
চৌধুরী,0.0,0.0,0.0
প্যাকেজটি,0.0,0.0,0.0
তাইনা,0.0,0.0,0.0
কাস্টমাইজ,0.0,0.0,0.0
moisturiser,0.0,0.0,0.0
থাকবেই,0.0,0.0,0.0
muslim,0.0,0.0,0.0
থুক্কু,0.0,0.0,0.0
cc,0.0,0.0,0.0
440,0.0,0.0,0.0
পাত্রে,0.0,0.0,0.0
bhv,0.0,0.0,0.0
pochonder,0.0,0.0,0.0
ভাইয়াও,0.0,0.0,0.0
বোরহানিও,0.0,0.0,0.0
enter,0.0,0.0,0.0
উভয়ই,0.0,0.0,0.0
ভাওচার,0.0,0.0,0.0
locally,0.0,0.0,0.0
দস্তরখানা,0.0,0.0,0.0
prone,0.0,0.0,0.0
profuct,0.0,0.0,0.0
ডিলেভারি,0.0,0.0,0.0
ওইরকম,0.0,0.0,0.0
মিনিটও,0.0,0.0,0.0
বিন,0.0,0.0,0.0
হয়তবা,0.0,0.0,0.0
adaptor,0.0,0.0,0.0
ফিক্স,0.0,0.0,0.0
বর্ননা,0.0,0.0,0.0
বোনাস,0.0,0.0,0.0
বুলেট,0.0,0.0,0.0
kettle,0.0,0.0,0.0
riding,0.0,0.0,0.0
যতসব,0.0,0.0,0.0
কেট,0.0,0.0,0.0
নড়ে,0.0,0.0,0.0
এতকিছু,0.0,0.0,0.0
দৃশ্য,0.0,0.0,0.0
peyechilam,0.0,0.0,0.0
১জনের,0.0,0.0,0.0
ভালোর,0.0,0.0,0.0
বস্তার,0.0,0.0,0.0
কাহিনি,0.0,0.0,0.0
ঝিনাইদহ,0.0,0.0,0.0
তৃতীয়বার,0.0,0.0,0.0
ফেলসে,0.0,0.0,0.0
চাচ্ছিলো,0.0,0.0,0.0
fortunately,0.0,0.0,0.0
বাডস,0.0,0.0,0.0
dakta,0.0,0.0,0.0
জানালাম,0.0,0.0,0.0
রবিবার,0.0,0.0,0.0
transportation,0.0,0.0,0.0
বিশ্বাসযোগ্য,0.0,0.0,0.0
৬৮০,0.0,0.0,0.0
document,0.0,0.0,0.0
62,0.0,0.0,0.0
ব্যবহারটাও,0.0,0.0,0.0
২১৫,0.0,0.0,0.0
feb,0.0,0.0,0.0
accuracy,0.0,0.0,0.0
disappointment,0.0,0.0,0.0
cilona,0.0,0.0,0.0
২০০টাকাতে,0.0,0.0,0.0
অনুগ্রহ,0.0,0.0,0.0
মাংসগুলা,0.0,0.0,0.0
omon,0.0,0.0,0.0
নাইছ,0.0,0.0,0.0
সেনা,0.0,0.0,0.0
equal,0.0,0.0,0.0
ইনবক্স,0.0,0.0,0.0
consumption,0.0,0.0,0.0
159,0.0,0.0,0.0
screwdriver,0.0,0.0,0.0
কমবেশি,0.0,0.0,0.0
মুহূর্তে,0.0,0.0,0.0
নারিন্দার,0.0,0.0,0.0
maintaining,0.0,0.0,0.0
তৈরির,0.0,0.0,0.0
গ্লো,0.0,0.0,0.0
খানিক,0.0,0.0,0.0
পরিবেশনের,0.0,0.0,0.0
whoever,0.0,0.0,0.0
গ্রাণ,0.0,0.0,0.0
শব্দটা,0.0,0.0,0.0
partam,0.0,0.0,0.0
adjustment,0.0,0.0,0.0
বালুর,0.0,0.0,0.0
pearl,0.0,0.0,0.0
টেকশই,0.0,0.0,0.0
67,0.0,0.0,0.0
ব্যগ,0.0,0.0,0.0
রেষ্টুরেন্টে,0.0,0.0,0.0
আমরাই,0.0,0.0,0.0
অপ্রত্যাশিত,0.0,0.0,0.0
bodywash,0.0,0.0,0.0
মানতে,0.0,0.0,0.0
ক্ষমার,0.0,0.0,0.0
২৫০টাকা,0.0,0.0,0.0
ghee,0.0,0.0,0.0
achi,0.0,0.0,0.0
transport,0.0,0.0,0.0
graphics,0.0,0.0,0.0
229,0.0,0.0,0.0
selller,0.0,0.0,0.0
jiboneo,0.0,0.0,0.0
পরিস্থিতিতে,0.0,0.0,0.0
কিনবেননা,0.0,0.0,0.0
dak,0.0,0.0,0.0
bastob,0.0,0.0,0.0
টোপ,0.0,0.0,0.0
৪দিন,0.0,0.0,0.0
moddei,0.0,0.0,0.0
stretchy,0.0,0.0,0.0
দাব়াজ,0.0,0.0,0.0
onekkk,0.0,0.0,0.0
অয়েলের,0.0,0.0,0.0
connects,0.0,0.0,0.0
ছনার,0.0,0.0,0.0
শেইক,0.0,0.0,0.0
kinban,0.0,0.0,0.0
মাধ্যম,0.0,0.0,0.0
claims,0.0,0.0,0.0
shopee,0.0,0.0,0.0
polyester,0.0,0.0,0.0
দেওয়ালে,0.0,0.0,0.0
দেখিয়া,0.0,0.0,0.0
বেকআপ,0.0,0.0,0.0
মূল্যটা,0.0,0.0,0.0
প্রথমটা,0.0,0.0,0.0
basundhara,0.0,0.0,0.0
rainbow,0.0,0.0,0.0
রিবানা,0.0,0.0,0.0
tightly,0.0,0.0,0.0
চিপায়,0.0,0.0,0.0
sheets,0.0,0.0,0.0
প্রচণ্ড,0.0,0.0,0.0
dat,0.0,0.0,0.0
নিরবের,0.0,0.0,0.0
tuk,0.0,0.0,0.0
ছেন,0.0,0.0,0.0
হাসপাতালে,0.0,0.0,0.0
ঝাঝ,0.0,0.0,0.0
ওতো,0.0,0.0,0.0
detect,0.0,0.0,0.0
bali,0.0,0.0,0.0
কিটক্যাট,0.0,0.0,0.0
১০টি,0.0,0.0,0.0
ছোটদের,0.0,0.0,0.0
১ঃ২,0.0,0.0,0.0
মাখনের,0.0,0.0,0.0
complementary,0.0,0.0,0.0
akno,0.0,0.0,0.0
মরা,0.0,0.0,0.0
ঢুকাতে,0.0,0.0,0.0
urgent,0.0,0.0,0.0
ইচ্ছামত,0.0,0.0,0.0
নম্বরে,0.0,0.0,0.0
cheaters,0.0,0.0,0.0
peice,0.0,0.0,0.0
আরএকটু,0.0,0.0,0.0
coupon,0.0,0.0,0.0
abt,0.0,0.0,0.0
কইলো,0.0,0.0,0.0
hum,0.0,0.0,0.0
litre,0.0,0.0,0.0
bin,0.0,0.0,0.0
hoicha,0.0,0.0,0.0
chuler,0.0,0.0,0.0
সাউথ,0.0,0.0,0.0
আউটলেটের,0.0,0.0,0.0
managing,0.0,0.0,0.0
চাউলের,0.0,0.0,0.0
rafi,0.0,0.0,0.0
ফোমের,0.0,0.0,0.0
১৬৯,0.0,0.0,0.0
চেরি,0.0,0.0,0.0
বিশেষত,0.0,0.0,0.0
মার্টকে,0.0,0.0,0.0
৫৭,0.0,0.0,0.0
এসবের,0.0,0.0,0.0
peoduct,0.0,0.0,0.0
sarita,0.0,0.0,0.0
চিজকেক,0.0,0.0,0.0
tmon,0.0,0.0,0.0
দালান,0.0,0.0,0.0
ট্রাইপড,0.0,0.0,0.0
understanding,0.0,0.0,0.0
ব্যাবসায়,0.0,0.0,0.0
84,0.0,0.0,0.0
girlfriend,0.0,0.0,0.0
somporke,0.0,0.0,0.0
eyelashes,0.0,0.0,0.0
প্লেটারটা,0.0,0.0,0.0
ব্লা,0.0,0.0,0.0
ট্যুর,0.0,0.0,0.0
রান্নায়,0.0,0.0,0.0
কুব,0.0,0.0,0.0
baaje,0.0,0.0,0.0
ader,0.0,0.0,0.0
customize,0.0,0.0,0.0
maal,0.0,0.0,0.0
rom,0.0,0.0,0.0
নিছেন,0.0,0.0,0.0
প্রলেপ,0.0,0.0,0.0
tracking,0.0,0.0,0.0
বান্ধবীকে,0.0,0.0,0.0
earring,0.0,0.0,0.0
mama,0.0,0.0,0.0
প্রোটেক্টর,0.0,0.0,0.0
কালাভুনাই,0.0,0.0,0.0
রেস্তোরাঁয়,0.0,0.0,0.0
লকডাউনে,0.0,0.0,0.0
আইস,0.0,0.0,0.0
চাচা,0.0,0.0,0.0
republic,0.0,0.0,0.0
প্লাস্টিকটা,0.0,0.0,0.0
paoar,0.0,0.0,0.0
প্রভাইড,0.0,0.0,0.0
koresen,0.0,0.0,0.0
fitness,0.0,0.0,0.0
জব,0.0,0.0,0.0
writes,0.0,0.0,0.0
economy,0.0,0.0,0.0
ওয়েব,0.0,0.0,0.0
বলাতে,0.0,0.0,0.0
ফিতাটা,0.0,0.0,0.0
ডেমরা,0.0,0.0,0.0
vabci,0.0,0.0,0.0
দুইজনে,0.0,0.0,0.0
থাকবেনা,0.0,0.0,0.0
chatting,0.0,0.0,0.0
জানিয়েছি,0.0,0.0,0.0
moddha,0.0,0.0,0.0
khulte,0.0,0.0,0.0
wallets,0.0,0.0,0.0
rainy,0.0,0.0,0.0
tee,0.0,0.0,0.0
তখনো,0.0,0.0,0.0
inc,0.0,0.0,0.0
ডেজার্টে,0.0,0.0,0.0
ঘেমে,0.0,0.0,0.0
থেমে,0.0,0.0,0.0
পণ্যও,0.0,0.0,0.0
ইংরেজি,-0.031065763604381808,0.0,0.0
পেরেছে,0.0,0.0,0.0
lik,0.0,0.0,0.0
বলেনি,0.0,0.0,0.0
জাদের,0.0,0.0,0.0
দিতেছে,0.0,0.0,0.0
silai,0.0,0.0,0.0
দেখাইছেন,0.0,0.0,0.0
বহুত,0.0,0.0,0.0
করিলাম,0.0,0.0,0.0
cleaned,0.0,0.0,0.0
scammer,0.0,0.0,0.0
১২৫০,0.0,0.0,0.0
আছো,0.0,0.0,0.0
chaina,0.0,0.0,0.0
rakse,0.0,0.0,0.0
চুবিয়ে,0.0,0.0,0.0
আসন,0.0,0.0,0.0
এরটা,0.0,0.0,0.0
torned,0.0,0.0,0.0
ডো,0.0,0.0,0.0
chairs,0.0,0.0,0.0
trigger,0.0,0.0,0.0
charai,0.0,0.0,0.0
balu,0.0,0.0,0.0
ung,0.0,0.0,0.0
মেহেদি,0.0,0.0,0.0
বারিয়ে,0.0,0.0,0.0
থ্যাঙ্কস,0.0,0.0,0.0
১০আর,0.0,0.0,0.0
চিঠির,0.0,0.0,0.0
রাউন্ড,0.0,0.0,0.0
৪৯৫,0.0,0.0,0.0
লাস্টে,0.0,0.0,0.0
স্ট্রিং,0.0,0.0,0.0
hehe,0.0,0.0,0.0
ডিনারের,0.0,0.0,0.0
পরেনি,0.0,0.0,0.0
million,0.0,0.0,0.0
genuinely,0.0,0.0,0.0
ডায়েট,0.0,0.0,0.0
জিন্স,0.0,0.0,0.0
initiative,0.0,0.0,0.0
কেপ,0.0,0.0,0.0
ক্যান্ডেল,0.0,0.0,0.0
excilent,0.0,0.0,0.0
পিং,0.0,0.0,0.0
vloy,0.0,0.0,0.0
ইউজুয়াল,0.0,0.0,0.0
randomly,0.0,0.0,0.0
ওয়েবসাইটে,0.0,0.0,0.0
harder,0.0,0.0,0.0
refused,0.0,0.0,0.0
পাড়ি,0.0,0.0,0.0
মেইড,0.0,0.0,0.0
স্মেলটাও,0.0,0.0,0.0
agew,0.0,0.0,0.0
বেলি,0.0,0.0,0.0
baburchi,0.0,0.0,0.0
alhamdolillah,0.0,0.0,0.0
vebesilam,0.0,0.0,0.0
মিশ্রন,0.0,0.0,0.0
essentials,0.0,0.0,0.0
পড়েছি,0.0,0.0,0.0
275,0.0,0.0,0.0
pailm,0.0,0.0,0.0
apnaro,0.0,0.0,0.0
sensation,0.0,0.0,0.0
অকে,0.0,0.0,0.0
lan,0.0,0.0,0.0
মেয়েরা,0.0,0.0,0.0
বিষয়গুলো,0.0,0.0,0.0
কপার,0.0,0.0,0.0
মাড,0.0,0.0,0.0
খাওয়ানোর,0.0,0.0,0.0
বিএফসি,0.0,0.0,0.0
htc,0.0,0.0,0.0
burgrillx,0.0,0.0,0.0
ওরকমই,0.0,0.0,0.0
প্রতিদিনই,0.0,0.0,0.0
formal,0.0,0.0,0.0
দ্রুততার,0.0,0.0,0.0
jel,0.0,0.0,0.0
খুজতেছিলাম,0.0,0.0,0.0
কোচিং,0.0,0.0,0.0
পারছেল,0.0,0.0,0.0
ভালোটাই,0.0,0.0,0.0
সবমিলে,0.0,0.0,0.0
গরিবের,0.0,0.0,0.0
switches,0.0,0.0,0.0
battary,0.0,0.0,0.0
beyblade,0.0,0.0,0.0
khota,0.0,0.0,0.0
vison,0.0,0.0,0.0
deo,0.0,0.0,0.0
moon,0.0,0.0,0.0
em,0.0,0.0,0.0
প্রোডাক্টগুলোর,0.0,0.0,0.0
ঝালফ্রাই,0.0,0.0,0.0
থানার,0.0,0.0,0.0
শীতল,0.0,0.0,0.0
irritation,0.0,0.0,0.0
1230,0.0,0.0,0.0
verify,0.0,0.0,0.0
মো,0.0,0.0,0.0
অপোজিটে,0.0,0.0,0.0
char,0.0,0.0,0.0
iced,0.0,0.0,0.0
sona,0.0,0.0,0.0
plot,0.0,0.0,0.0
স্পিকারের,0.0,0.0,0.0
exciting,0.0,0.0,0.0
পাঠাবো,0.0,0.0,0.0
বিশেষভাবে,0.0,0.0,0.0
স্লিপ,0.0,0.0,0.0
removes,0.0,0.0,0.0
uthano,0.0,0.0,0.0
রাখসে,0.0,0.0,0.0
সিসি,0.0,0.0,0.0
kate,0.0,0.0,0.0
বাটপারী,0.0,0.0,0.0
malibag,0.0,0.0,0.0
rooms,0.0,0.0,0.0
খুঁজছিলাম,0.0,0.0,0.0
দেখিনাই,0.0,0.0,0.0
thakai,0.0,0.0,0.0
রেটিংঃ৯,0.0,0.0,0.0
cloths,0.0,0.0,0.0
khabo,0.0,0.0,0.0
পরিমাণঃ,0.0,0.0,0.0
প্যানেল,0.0,0.0,0.0
কোকাকোলা,0.0,0.0,0.0
vhanga,0.0,0.0,0.0
ঠকছি,0.0,0.0,0.0
siddheshwari,0.0,0.0,0.0
হাতার,0.0,0.0,0.0
individual,0.0,0.0,0.0
vuleo,0.0,0.0,0.0
দাওয়াতে,0.0,0.0,0.0
finest,0.0,0.0,0.0
vua,0.0,0.0,0.0
সকালেই,0.0,0.0,0.0
payce,0.0,0.0,0.0
khane,0.0,0.0,0.0
পড়ি,0.0,0.0,0.0
hotline,0.0,0.0,0.0
firni,0.0,0.0,0.0
ল্যাবের,0.0,0.0,0.0
10000,0.0,0.0,0.0
ওয়ার,0.0,0.0,0.0
antenna,0.0,0.0,0.0
পায়েছি,0.0,0.0,0.0
তাড়া,0.0,0.0,0.0
clicky,0.0,0.0,0.0
filling,0.0,0.0,0.0
blocks,0.0,0.0,0.0
acy,0.0,0.0,0.0
congratulations,0.0,0.0,0.0
spare,0.0,0.0,0.0
zam,0.0,0.0,0.0
whom,0.0,0.0,0.0
ধ্বংস,0.0,0.0,0.0
onurodh,0.0,0.0,0.0
কোনভাবে,0.0,0.0,0.0
বেশিও,0.0,0.0,0.0
যুগ,0.0,0.0,0.0
জায়না,0.0,0.0,0.0
pathiyechen,0.0,0.0,0.0
জগন্য,0.0,0.0,0.0
সরিয়ে,0.0,0.0,0.0
পরবেন,0.0,0.0,0.0
নিসে,0.0,0.0,0.0
rezala,0.0,0.0,0.0
duitar,0.0,0.0,0.0
odd,0.0,0.0,0.0
পিসগুলো,0.0,0.0,0.0
tysm,0.0,0.0,0.0
sherokom,0.0,0.0,0.0
bose,0.0,0.0,0.0
paisa,0.0,0.0,0.0
ভাটের,0.0,0.0,0.0
পেয়েছেন,0.0,0.0,0.0
trendy,0.0,0.0,0.0
glowing,0.0,0.0,0.0
বান্ধবীর,0.0,0.0,0.0
ঠকি,0.0,0.0,0.0
nawabi,0.0,0.0,0.0
mia,0.0,0.0,0.0
report,0.0,0.0,0.0
naii,0.0,0.0,0.0
contain,0.0,0.0,0.0
sabroso,0.0,0.0,0.0
এপেক্স,0.0,0.0,0.0
এমবি,0.0,0.0,0.0
vlona,0.0,0.0,0.0
dumplings,0.0,0.0,0.0
৫দিন,0.0,0.0,0.0
glove,0.0,0.0,0.0
mejbani,0.0,0.0,0.0
totaly,0.0,0.0,0.0
আলুটা,0.0,0.0,0.0
ভেজিটাবল,0.0,0.0,0.0
নম্বরের,0.0,0.0,0.0
অসাধু,0.0,0.0,0.0
cart,0.0,0.0,0.0
puri,0.0,0.0,0.0
ফ্রম,0.0,0.0,0.0
কাদেরিয়া,0.0,0.0,0.0
খেতাম,0.0,0.0,0.0
qualitatively,0.0,0.0,0.0
ভবিষ্যৎ,0.0,0.0,0.0
গার্লস,0.0,0.0,0.0
chatni,0.0,0.0,0.0
দেয়াল,0.0,0.0,0.0
ওটাও,0.0,0.0,0.0
সালাত,0.0,0.0,0.0
বোঝাতে,0.0,0.0,0.0
কুলফি,0.0,0.0,0.0
hle,0.0,0.0,0.0
oni,0.0,0.0,0.0
কেয়ারফুল,0.0,0.0,0.0
kishu,0.0,0.0,0.0
যেটাকে,0.0,0.0,0.0
সান,0.0,0.0,0.0
মৌচাক,0.0,0.0,0.0
হ্যান্ডওয়াস,0.0,0.0,0.0
রমজানের,0.0,0.0,0.0
mistakenly,0.0,0.0,0.0
root,0.0,0.0,0.0
protects,0.0,0.0,0.0
জ্বী,0.0,0.0,0.0
ফিদা,0.0,0.0,0.0
রইলাম,0.0,0.0,0.0
ajob,0.0,0.0,0.0
agent,0.0,0.0,0.0
২৯৫,0.0,0.0,0.0
pabar,0.0,0.0,0.0
misti,0.0,0.0,0.0
দিবস,0.0,0.0,0.0
মাশালা,-0.010840423455218018,0.0,0.0
sov,0.0,0.0,0.0
যাওয়াতে,0.0,0.0,0.0
পার্সন,0.0,0.0,0.0
ojon,0.0,0.0,0.0
ভোজে,0.0,0.0,0.0
steamed,0.0,0.0,0.0
ঘষামাজা,0.0,0.0,0.0
গেস্ট,0.0,0.0,0.0
মশলায়,0.0,0.0,0.0
bhabsilam,0.0,0.0,0.0
ঝিল,0.0,0.0,0.0
ওয়েবসাইট,0.0,0.0,0.0
আরেকটার,0.0,0.0,0.0
গিগাহার্জ,0.0,0.0,0.0
থাকল,0.0,0.0,0.0
eh,0.0,0.0,0.0
interface,0.0,0.0,0.0
buck,0.0,0.0,0.0
775,0.0,0.0,0.0
হুটহাট,0.0,0.0,0.0
rokomer,0.0,0.0,0.0
asle,0.0,0.0,0.0
কাচামরিচ,0.0,0.0,0.0
sends,0.0,0.0,0.0
prouct,0.0,0.0,0.0
nin,0.0,0.0,0.0
ঠান্ডার,0.0,0.0,0.0
bolei,0.0,0.0,0.0
স্ট্রাপ,0.0,0.0,0.0
সতর্কতার,0.0,0.0,0.0
kalke,0.0,0.0,0.0
salesman,0.0,0.0,0.0
টাকা২,0.0,0.0,0.0
etay,0.0,0.0,0.0
capability,0.0,0.0,0.0
গতিতে,0.0,0.0,0.0
scammed,0.0,0.0,0.0
পার্টের,0.0,0.0,0.0
ম্যায়ো,0.0,0.0,0.0
mead,0.0,0.0,0.0
clothing,0.0,0.0,0.0
১০৯৯,0.0,0.0,0.0
percentage,0.0,0.0,0.0
কানেক্টর,0.0,0.0,0.0
nine,0.0,0.0,0.0
dayar,0.0,0.0,0.0
প্রাধান্য,0.0,0.0,0.0
৩১০,0.0,0.0,0.0
কিন্তে,0.0,0.0,0.0
কাজেও,0.0,0.0,0.0
kov,0.0,0.0,0.0
ব্লেন্ডার,0.0,0.0,0.0
newborn,0.0,0.0,0.0
salara,0.0,0.0,0.0
ভালোটা,0.0,0.0,0.0
ভরিয়ে,0.0,0.0,0.0
গিয়েও,0.0,0.0,0.0
smelled,0.0,0.0,0.0
নিষেধ,0.0,0.0,0.0
ঢিল,0.0,0.0,0.0
আশাই,0.0,0.0,0.0
একগাদা,0.0,0.0,0.0
পোশাক,0.0,0.0,0.0
থাকাই,0.0,0.0,0.0
কেইস,0.0,0.0,0.0
fog,0.0,0.0,0.0
লেকুশ,0.0,0.0,0.0
ডিওএইচএস,0.0,0.0,0.0
media,0.0,0.0,0.0
matka,0.0,0.0,0.0
ওয়াচের,0.0,0.0,0.0
এড্রেস,0.0,0.0,0.0
smoother,0.0,0.0,0.0
guiter,0.0,0.0,0.0
অনু্যায়ী,0.0,0.0,0.0
এক্টিভ,0.0,0.0,0.0
suited,0.0,0.0,0.0
খ্যাত,0.0,0.0,0.0
stain,0.0,0.0,0.0
pelm,0.0,0.0,0.0
স্ক্রীন,0.0,0.0,0.0
sobkicu,0.0,0.0,0.0
অতটাও,0.14110241541620644,0.0,0.0
agay,0.0,0.0,0.0
kesu,0.0,0.0,0.0
রিকমান্ড,0.0,0.0,0.0
এমনভাবে,0.0,0.0,0.0
nilen,0.0,0.0,0.0
বহুবার,0.0,0.0,0.0
horn,0.0,0.0,0.0
ধরলেই,0.0,0.0,0.0
cooperation,0.0,0.0,0.0
diyeci,0.0,0.0,0.0
pagla,0.0,0.0,0.0
shobi,0.0,0.0,0.0
দৈর্ঘ্য,0.0,0.0,0.0
বারোটা,0.0,0.0,0.0
চালাকি,0.0,0.0,0.0
peel,0.0,0.0,0.0
৫ম,0.0,0.0,0.0
protom,0.0,0.0,0.0
ত্রুটিপূর্ণ,0.0,0.0,0.0
যাওয়াটা,0.0,0.0,0.0
সিংগাড়া,0.0,0.0,0.0
দাতের,0.0,0.0,0.0
laa,0.0,0.0,0.0
মেশ,0.0,0.0,0.0
চিন্তাই,0.0,0.0,0.0
শেখ,0.0,0.0,0.0
ক্যাপের,0.0,0.0,0.0
পর্ব,0.0,0.0,0.0
লাভজনক,0.0,0.0,0.0
জেলখানা,0.0,0.0,0.0
strange,0.0,0.0,0.0
বেল্টা,0.0,0.0,0.0
bell,0.0,0.0,0.0
খারাফ,0.0,0.0,0.0
তেকে,0.0,0.0,0.0
rkm,0.0,0.0,0.0
বসিয়ে,0.0,0.0,0.0
মার্কা,0.0,0.0,0.0
চেইনের,0.0,0.0,0.0
সিলিকন,0.0,0.0,0.0
holes,0.0,0.0,0.0
১০লোকেশনঃ,0.0,0.0,0.0
solved,0.0,0.0,0.0
ইভেন,0.0,0.0,0.0
tie,0.0,0.0,0.0
hoiye,0.0,0.0,0.0
chiken,0.0,0.0,0.0
refunded,0.0,0.0,0.0
needles,0.0,0.0,0.0
রাবারের,0.0,0.0,0.0
ডাইপার,0.0,0.0,0.0
শখের,0.0,0.0,0.0
সেম্পু,0.0,0.0,0.0
thnk,0.0,0.0,0.0
ঝাঁঝালো,0.0,0.0,0.0
কুক,0.0,0.0,0.0
করসিলাম,0.0,0.0,0.0
প্লেটারটি,0.0,0.0,0.0
লেগেই,0.0,0.0,0.0
string,0.0,0.0,0.0
glossy,0.0,0.0,0.0
pop,0.0,0.0,0.0
কাবাবঃ,0.0,0.0,0.0
লকডাউনের,0.0,0.0,0.0
প্লানেট,0.0,0.0,0.0
পাড়েন,0.0,0.0,0.0
চেস্টা,0.0,0.0,0.0
কাট,0.0,0.0,0.0
po,0.0,0.0,0.0
worry,0.0,0.0,0.0
প্রাইভেসি,0.0,0.0,0.0
ফুটপাতের,0.0,0.0,0.0
fuchka,0.0,0.0,0.0
forks,0.0,0.0,0.0
calculator,0.0,0.0,0.0
বাংলাদেশী,0.0,0.0,0.0
protarona,0.0,0.0,0.0
deka,0.0,0.0,0.0
ধরায়,0.0,0.0,0.0
গ্রাহকদের,0.0,0.0,0.0
মনেই,0.0,0.0,0.0
nebo,0.0,0.0,0.0
আগ,0.0,0.0,0.0
chip,0.0,0.0,0.0
ktha,0.0,0.0,0.0
disconnect,0.0,0.0,0.0
peyeche,0.0,0.0,0.0
ম্যাচ,0.0,0.0,0.0
সিটিং,0.0,0.0,0.0
লোকেশনে,0.0,0.0,0.0
সহ্য,0.0,0.0,0.0
nilo,0.0,0.0,0.0
kal,0.0,0.0,0.0
অন্যের,0.0,0.0,0.0
সফল,0.0,0.0,0.0
jno,0.0,0.0,0.0
limit,0.0,0.0,0.0
এতগুলা,0.0,0.0,0.0
প্রাকৃতিক,0.0,0.0,0.0
মোড়ের,0.0,0.0,0.0
পাখির,0.0,0.0,0.0
tobuo,0.0,0.0,0.0
promotion,0.0,0.0,0.0
তখনি,0.0,0.0,0.0
covid,0.0,0.0,0.0
সেলাররা,0.0,0.0,0.0
আবেদন,0.0,0.0,0.0
ঢিলা,0.0,0.0,0.0
মেসেজের,-0.04350787259865503,0.0,0.0
intended,0.0,0.0,0.0
দুরে,0.0,0.0,0.0
rakhte,0.0,0.0,0.0
balls,0.0,0.0,0.0
টাকে,0.0,0.0,0.0
dalivary,0.0,0.0,0.0
cailam,0.0,0.0,0.0
দেয়না,0.0,0.0,0.0
funny,0.0,0.0,0.0
applying,0.0,0.0,0.0
ভিম,0.0,0.0,0.0
vala,0.0,0.0,0.0
daraaz,0.0,0.0,0.0
unader,0.0,0.0,0.0
korer,0.0,0.0,0.0
ঠকিয়ে,0.0,0.0,0.0
১০টেস্ট,0.0,0.0,0.0
protective,0.0,0.0,0.0
aktuo,0.0,0.0,0.0
্যাবহার,0.0,0.0,0.0
পারসন,0.0,0.0,0.0
করিনা,0.0,0.0,0.0
দল,0.0,0.0,0.0
১পিস,0.0,0.0,0.0
sole,0.0,0.0,0.0
650,0.0,0.0,0.0
সিরাজ,0.0,0.0,0.0
সার্ভিসে,0.0,0.0,0.0
আছে৷,0.0,0.0,0.0
ভিডিওতে,0.0,0.0,0.0
thika,0.0,0.0,0.0
টোনার,0.0,0.0,0.0
খেয়েছে,0.0,0.0,0.0
barely,0.0,0.0,0.0
duty,0.0,0.0,0.0
caicilam,0.0,0.0,0.0
kagoj,0.0,0.0,0.0
nicilam,0.0,0.0,0.0
দড়ি,0.0,0.0,0.0
মেইনলি,0.0,0.0,0.0
হঠাত,0.0,0.0,0.0
সুতার,0.0,0.0,0.0
spilled,0.0,0.0,0.0
৩০টাকা,0.0,0.0,0.0
batter,0.0,0.0,0.0
panthapath,0.0,0.0,0.0
ফ্লাই,0.0,0.0,0.0
ব্রাঞ্চের,0.0334200677301741,0.0,0.0
রোষ্ট,0.0,0.0,0.0
ফ্রেন্ডদের,0.0,0.0,0.0
জন্যেই,0.0,0.0,0.0
চাইতেও,0.0,0.0,0.0
rakhse,0.0,0.0,0.0
prodakt,0.0,0.0,0.0
explain,0.0,0.0,0.0
ধারে,0.0,0.0,0.0
rakhben,0.0,0.0,0.0
লাগেনাই,0.0,0.0,0.0
fulfilled,0.0,0.0,0.0
proyojon,0.0,0.0,0.0
হয়তোবা,0.0,0.0,0.0
দেরীতে,0.0,0.0,0.0
১৫৫,0.0,0.0,0.0
অনথন,0.0,0.0,0.0
বোম্বাই,0.0,0.0,0.0
শুনলেই,0.0,0.0,0.0
el,0.0,0.0,0.0
masaallah,0.0,0.0,0.0
sim,0.0,0.0,0.0
ব্যাপক,0.0,0.0,0.0
dated,0.0,0.0,0.0
মাপে,0.0,0.0,0.0
415,0.0,0.0,0.0
operation,0.0,0.0,0.0
লেক,0.0,0.0,0.0
ধুলা,0.0,0.0,0.0
প্রেসার,0.0,0.0,0.0
asy,0.0,0.0,0.0
rare,0.0,0.0,0.0
moment,0.0,0.0,0.0
honesty,0.0,0.0,0.0
কোনোভাবেই,0.0,0.0,0.0
রাজ্য,0.0,0.0,0.0
তাঁর,0.0,0.0,0.0
krsi,0.0,0.0,0.0
aksathe,0.0,0.0,0.0
নিজেরাই,0.0,0.0,0.0
প্রডাক্টা,0.0,0.0,0.0
পরিমাণের,0.0,0.0,0.0
achari,0.0,0.0,0.0
প্রমান,0.0,0.0,0.0
সেদ্ধ,0.0,0.0,0.0
কাছের,0.0,0.0,0.0
fele,0.0,0.0,0.0
চুমুক,0.0,0.0,0.0
অইটা,0.0,0.0,0.0
ছিরে,0.0,0.0,0.0
লেয়ারের,0.0,0.0,0.0
stays,0.0,0.0,0.0
ওরে,0.0,0.0,0.0
রেস্টুরেন্টটা,0.0,0.0,0.0
assalamu,0.0,0.0,0.0
dolna,0.0,0.0,0.0
porimane,0.0,0.0,0.0
ঠেলে,0.0,0.0,0.0
thaks,0.0,0.0,0.0
বোঝার,0.0,0.0,0.0
fittings,0.0,0.0,0.0
৪৪,0.0,0.0,0.0
অনুযায়,0.0,0.0,0.0
বিশেষত্ব,0.0,0.0,0.0
os,0.0,0.0,0.0
পন্যটির,0.0,0.0,0.0
settings,0.0,0.0,0.0
দুজনে,0.0,0.0,0.0
কুরিয়ারে,0.0,0.0,0.0
ক্রিমের,0.0,0.0,0.0
dito,0.0,0.0,0.0
wont,0.0,0.0,0.0
পাস্তায়,0.0,0.0,0.0
ফালুদার,0.0,0.0,0.0
mateyoyo,0.0,0.0,0.0
win,0.0,0.0,0.0
starts,0.0,0.0,0.0
সেন্টারের,0.0,0.0,0.0
সংগ্রহ,0.0,0.0,0.0
লাউঞ্জ,0.0,0.0,0.0
আপনেরা,0.0,0.0,0.0
meatbox,0.0,0.0,0.0
massage,0.0,0.0,0.0
authority,0.0,0.0,0.0
কলা,0.0,0.0,0.0
thikmoto,0.0,0.0,0.0
useable,0.0,0.0,0.0
ক্লান্ত,0.0,0.0,0.0
বাসে,0.0,0.0,0.0
amio,0.0,0.0,0.0
খুদা,0.0,0.0,0.0
thek,0.0,0.0,0.0
চারজনের,0.0,0.0,0.0
remember,0.0,0.0,0.0
tear,0.0,0.0,0.0
খুলনা,0.0,0.0,0.0
কীবোর্ড,0.0,0.0,0.0
গলার,0.0,0.0,0.0
dekhei,0.0,0.0,0.0
dinei,0.0,0.0,0.0
৮৫০,0.0,0.0,0.0
সেলসম্যান,0.0,0.0,0.0
জানলাম,0.0,0.0,0.0
deowar,0.0,0.0,0.0
তিলপাপাড়া,0.0,0.0,0.0
কোর্টের,0.0,0.0,0.0
ঘড়িটির,0.0,0.0,0.0
চিটারি,0.0,0.0,0.0
morning,0.0,0.0,0.0
cara,0.0,0.0,0.0
হায়ার,0.0,0.0,0.0
thiki,0.0,0.0,0.0
ফেসবুকে,0.0,0.0,0.0
করতো,0.0,0.0,0.0
লাইফবয়,0.0,0.0,0.0
shesh,0.0,0.0,0.0
joint,0.0,0.0,0.0
রোজা,0.0,0.0,0.0
diyesen,0.0,0.0,0.0
eksathe,0.0,0.0,0.0
vaba,0.0,0.0,0.0
nearly,0.0,0.0,0.0
jaiga,0.0,0.0,0.0
প্রাডাক্ট,0.0,0.0,0.0
ব্যাবহারও,0.0,0.0,0.0
72,0.0,0.0,0.0
প্যাকের,0.0,0.0,0.0
ডেটলের,0.0,0.0,0.0
বেয়াদব,0.0,0.0,0.0
ইফতারি,0.0,0.0,0.0
fade,0.0,0.0,0.0
ডিনারে,0.0,0.0,0.0
বাঝে,0.0,0.0,0.0
ইন্ডিকেটর,0.0,0.0,0.0
জমা,0.0,0.0,0.0
সলিমুল্লাহ,0.0,0.0,0.0
perfumed,0.0,0.0,0.0
cuz,0.0,0.0,0.0
akbare,0.0,0.0,0.0
faded,0.0,0.0,0.0
binding,0.0,0.0,0.0
ঠিকঠাকমতো,0.0,0.0,0.0
jacce,0.0,0.0,0.0
meril,0.0,0.0,0.0
রসিক,0.0,0.0,0.0
ekjon,0.0,0.0,0.0
paoya,0.0,0.0,0.0
গড়ে,0.0,0.0,0.0
সল্প,0.0,0.0,0.0
exclusive,0.0,0.0,0.0
tester,0.0,0.0,0.0
meets,0.0,0.0,0.0
easier,0.0,0.0,0.0
বলছেন,0.0,0.0,0.0
বাজ,0.0,0.0,0.0
rakhle,0.0,0.0,0.0
installing,0.0,0.0,0.0
পডাক,0.0,0.0,0.0
বাসাবো,0.0,0.0,0.0
rakhe,0.0,0.0,0.0
pre,0.0,0.0,0.0
faka,0.0,0.0,0.0
ভাউচারে,0.0,0.0,0.0
সম্মান,0.0,0.0,0.0
shouldn,0.0,0.0,0.0
পাচ্ছিনা,0.0,0.0,0.0
পাইছিলাম,0.0,0.0,0.0
চেপে,0.0,0.0,0.0
ekebare,0.0,0.0,0.0
অরিও,0.0,0.0,0.0
যতো,0.0,0.0,0.0
উঠিয়ে,0.0,0.0,0.0
turns,0.0,0.0,0.0
wala,0.0,0.0,0.0
ফেরার,0.0,0.0,0.0
seita,0.0,0.0,0.0
149,0.0,0.0,0.0
থার্ড,0.0,0.0,0.0
দারজকে,0.0,0.0,0.0
টুথপেস্ট,0.0,0.0,0.0
dilm,0.0,0.0,0.0
automatic,0.0,0.0,0.0
চাদর,0.0,0.0,0.0
craft,0.0,0.0,0.0
বুঝিনা,0.0,0.0,0.0
sam,0.0,0.0,0.0
stainless,0.0,0.0,0.0
awful,0.0,0.0,0.0
dekhesi,0.0,0.0,0.0
পন্যই,0.0,0.0,0.0
দিত,0.0,0.0,0.0
বুজা,0.0,0.0,0.0
আমরাও,0.0,0.0,0.0
somewhat,0.0,0.0,0.0
ভুলের,0.0,0.0,0.0
খাইদাই,0.0,0.0,0.0
এরিয়াতে,0.011922836130065177,0.0,0.0
advice,0.0,0.0,0.0
atha,0.0,0.0,0.0
বিঃ,0.0,0.0,0.0
আটকানো,0.0,0.0,0.0
wheels,0.0,0.0,0.0
students,0.0,0.0,0.0
ajkei,0.0,0.0,0.0
ট্রাস্টেড,0.0,0.0,0.0
ব্যপার,0.0,0.0,0.0
সার্ট,0.0,0.0,0.0
নিশ্চয়ই,0.0,0.0,0.0
verified,0.0,0.0,0.0
মাঠা,0.0,0.0,0.0
jate,0.0,0.0,0.0
গ্রেট,0.0,0.0,0.0
nescafe,0.0,0.0,0.0
bucket,0.0,0.0,0.0
মাসেই,0.0,0.0,0.0
একটির,0.0,0.0,0.0
দেয়াই,0.0,0.0,0.0
চাইসি,0.0,0.0,0.0
upokari,0.0,0.0,0.0
ভাবটা,0.0,0.0,0.0
টাকাস্বাদ,0.0,0.0,0.0
ছেলারকে,0.0,0.0,0.0
slowly,0.0,0.0,0.0
লোহার,0.0,0.0,0.0
unara,0.0,0.0,0.0
চাওয়া,0.0,0.0,0.0
ছিলোঃ,0.0,0.0,0.0
leaf,0.0,0.0,0.0
লাঞ্চে,0.0,0.0,0.0
রেটে,0.0,0.0,0.0
রীতিমত,0.0,0.0,0.0
ঠকানোর,0.0,0.0,0.0
recommanded,0.0,0.0,0.0
পড়েছিল,0.0,0.0,0.0
plain,0.0,0.0,0.0
পাওডার,0.0,0.0,0.0
অনায়েসে,0.0,0.0,0.0
silona,0.0,0.0,0.0
অামি,0.0,0.0,0.0
rust,0.0,0.0,0.0
মাই,0.0,0.0,0.0
tate,0.0,0.0,0.0
sepnil,0.0,0.0,0.0
hospital,0.0,0.0,0.0
dece,0.0,0.0,0.0
ammu,0.0,0.0,0.0
mp,0.0,0.0,0.0
জাযাকাল্লাহু,0.0,0.0,0.0
সমাহার,0.0,0.0,0.0
ghor,0.0,0.0,0.0
cellar,0.0,0.0,0.0
টিপ,0.0,0.0,0.0
সাথেও,0.0,0.0,0.0
্যান,0.0,0.0,0.0
কভারের,0.0,0.0,0.0
operative,0.0,0.0,0.0
হ্যালো,0.0,0.0,0.0
jabot,0.0,0.0,0.0
যেসব,0.0,0.0,0.0
সরবত,0.0,0.0,0.0
চে,0.0,0.0,0.0
165,0.0,0.0,0.0
opor,0.0,0.0,0.0
সাবানটি,0.0,0.0,0.0
পেয়েই,0.0,0.0,0.0
বাড়বে,0.0,0.0,0.0
গন্ধে,0.0,0.0,0.0
বলছিল,0.0,0.0,0.0
খাবারঃ,0.0,0.0,0.0
baccha,0.0,0.0,0.0
forever,0.0,0.0,0.0
vabte,0.0,0.0,0.0
আজব,0.0,0.0,0.0
weather,0.0,0.0,0.0
impression,-0.030142296386267663,0.0,0.0
koyekdin,0.0,0.0,0.0
কাচ্চিটা,0.0,0.0,0.0
febric,0.0,0.0,0.0
produt,0.0,0.0,0.0
ostir,0.0,0.0,0.0
গাড়িতে,0.0,0.0,0.0
displayed,0.0,0.0,0.0
ফ্যানটা,0.0,0.0,0.0
goo,0.0,0.0,0.0
vaseline,0.0,0.0,0.0
interesting,0.0,0.0,0.0
mot,0.0,0.0,0.0
dumbbell,0.0,0.0,0.0
সাশ্রয়,0.0,0.0,0.0
পরিমাণও,0.0,0.0,0.0
facing,0.0,0.0,0.0
পার্সেলটা,0.0,0.0,0.0
প্রজেক্ট,0.0,0.0,0.0
record,0.0,0.0,0.0
ঢেলে,0.0,0.0,0.0
আলহমদুলিল্লাহ,0.0,0.0,0.0
ভিন্নতা,0.0,0.0,0.0
mat,0.0,0.0,0.0
১১৫,0.0,0.0,0.0
uk,0.0,0.0,0.0
লাক্স,0.0,0.0,0.0
নড়বড়ে,0.0,0.0,0.0
ডাউন,0.0,0.0,0.0
bochor,0.0,0.0,0.0
পারা,0.0,0.0,0.0
একাধিক,0.0,0.0,0.0
dual,0.0,0.0,0.0
import,0.0,0.0,0.0
soby,0.0,0.0,0.0
শোনার,0.0,0.0,0.0
কারোর,0.0,0.0,0.0
প্রোডাকট,0.0,0.0,0.0
রেঞ্জে,0.0,0.0,0.0
scroll,0.0,0.0,0.0
hesitate,0.0,0.0,0.0
ahamori,0.0,0.0,0.0
দিয়েছিলেন,0.0,0.0,0.0
সল্ট,0.0,0.0,0.0
বোধহয়,0.0,0.0,0.0
পারচেজ,0.0,0.0,0.0
stunning,0.0,0.0,0.0
tank,0.0,0.0,0.0
পাপ,0.0,0.0,0.0
hoisilo,0.0,0.0,0.0
voye,0.0,0.0,0.0
পুদিনা,0.0,0.0,0.0
অভ্যস্ত,0.0,0.0,0.0
kuv,0.0,0.0,0.0
85,0.0,0.0,0.0
পুড়ে,0.0,0.0,0.0
mop,0.0,0.0,0.0
leave,0.0,0.0,0.0
disk,0.0,0.0,0.0
dakhi,0.0,0.0,0.0
এইগুলো,0.0,0.0,0.0
hotas,0.0,0.0,0.0
nitey,0.0,0.0,0.0
লাগলেই,0.0,0.0,0.0
khawa,0.0,0.0,0.0
ডুকে,0.0,0.0,0.0
স্বপ্নের,0.0,0.0,0.0
কোরমা,0.0,0.0,0.0
বিতরে,0.0,0.0,0.0
প্রাণ,0.0,0.0,0.0
aki,0.0,0.0,0.0
shotti,0.0,0.0,0.0
স্মৃতি,0.0,0.0,0.0
ক্ষমা,0.0,0.0,0.0
ekhno,0.0,0.0,0.0
ফোটা,0.0,0.0,0.0
১৪৫,0.0,0.0,0.0
pruduct,0.0,0.0,0.0
hunter,0.0,0.0,0.0
বুঝতেছি,0.0,0.0,0.0
childhood,0.0,0.0,0.0
ফেব্রুয়ারি,0.0,0.0,0.0
২বার,0.0,0.0,0.0
পায়েস,0.0,0.0,0.0
১১০০,0.0,0.0,0.0
tripod,0.0,0.0,0.0
ক্রেতার,0.0,0.0,0.0
maintained,0.0,0.0,0.0
replica,0.0,0.0,0.0
তেতুল,0.0,0.0,0.0
mist,0.0,0.0,0.0
ওপরের,0.0,0.0,0.0
অভিনন্দন,0.0,0.0,0.0
sbi,0.0,0.0,0.0
গ্রহন,0.0,0.0,0.0
চীজের,0.0,0.0,0.0
synapse,0.0,0.0,0.0
herbals,0.0,0.0,0.0
kharp,0.0,0.0,0.0
অংশটা,0.0,0.0,0.0
asay,0.0,0.0,0.0
seconds,0.0,0.0,0.0
পেয়েচি,0.0,0.0,0.0
রাজকীয়,0.0,0.0,0.0
১০প্রাইসঃ,0.0,0.0,0.0
নেবার,0.0,0.0,0.0
খুশির,0.0,0.0,0.0
park,0.0,0.0,0.0
ফ্রুটস,0.0,0.0,0.0
hotam,0.0,0.0,0.0
dure,0.0,0.0,0.0
বাতাসে,0.0,0.0,0.0
thread,0.0,0.0,0.0
beautifully,0.0,0.0,0.0
প্রসেস,0.0,0.0,0.0
paic,0.0,0.0,0.0
বাড,0.0,0.0,0.0
dream,0.0,0.0,0.0
মিনারেল,0.0,0.0,0.0
লেন,0.0,0.0,0.0
furniture,0.0,0.0,0.0
lagtese,0.0,0.0,0.0
holding,0.0,0.0,0.0
প্রোডাক্টসের,0.0,0.0,0.0
ব্রাউন,0.0,0.0,0.0
parn,0.0,0.0,0.0
ক্লেইম,0.0,0.0,0.0
ফান,0.0,0.0,0.0
নিয়েছিল,0.0,0.0,0.0
ব্রণ,0.0,0.0,0.0
takeout,0.0,0.0,0.0
কেই,0.0,0.0,0.0
128,0.0,0.0,0.0
টুকটাক,0.0,0.0,0.0
cleanser,0.0,0.0,0.0
ওয়ারি,0.0,0.0,0.0
তেলটি,0.0,0.0,0.0
দায়িত্বে,0.0,0.0,0.0
মিন,0.0,0.0,0.0
৩৭,0.0,0.0,0.0
বিহারি,0.0,0.0,0.0
instruction,0.0,0.0,0.0
বিকাশের,0.0,0.0,0.0
beginning,0.0,0.0,0.0
ছয়টা,0.0,0.0,0.0
shades,0.0,0.0,0.0
onader,0.0,0.0,0.0
mach,0.0,0.0,0.0
mati,0.0,0.0,0.0
ter,0.0,0.0,0.0
কষ্টে,0.0,0.0,0.0
স্ক্র্যাচ,0.0,0.0,0.0
describe,0.0,0.0,0.0
rechargeable,0.0,0.0,0.0
yrs,0.0,0.0,0.0
kinesi,0.0,0.0,0.0
bomb,0.0,0.0,0.0
girls,0.0,0.0,0.0
shobar,0.0,0.0,0.0
atai,0.0,0.0,0.0
joldi,0.0,0.0,0.0
বেল্টটা,0.0,0.0,0.0
১২০টাকা,0.0,0.0,0.0
টেক্সচার,0.0,0.0,0.0
রোমান্টিক,0.0,0.0,0.0
সল্টি,0.0,0.0,0.0
ডিসপ্লেতে,0.0,0.0,0.0
among,0.0,0.0,0.0
incredible,0.0,0.0,0.0
দুটোর,0.0,0.0,0.0
গুড়,0.0,0.0,0.0
mesh,0.0,0.0,0.0
ucc,0.0,0.0,0.0
rings,0.0,0.0,0.0
স্থায়ী,0.0,0.0,0.0
বোতলটা,0.0,0.0,0.0
হুবুহু,0.0,0.0,0.0
পার্সেলটি,0.0,0.0,0.0
সবগুলাই,0.0,0.0,0.0
ল্যাপটপের,0.0,0.0,0.0
ইতালিয়ান,0.0,0.0,0.0
khuje,0.0,0.0,0.0
অন্যটি,0.0,0.0,0.0
oneek,0.0,0.0,0.0
rat,0.0,0.0,0.0
পেয়াজের,0.0,0.0,0.0
কারণেই,0.0,0.0,0.0
রেখেছিলাম,0.0,0.0,0.0
suppose,0.0,0.0,0.0
আয়রন,0.0,0.0,0.0
গ্রিল্ড,0.0,0.0,0.0
মেম্বারশিপ,0.0,0.0,0.0
যত্নসহকারে,0.0,0.0,0.0
ধনিয়া,0.0,0.0,0.0
নিন্ম,0.0,0.0,0.0
sky,0.0,0.0,0.0
আউটডোর,0.0,0.0,0.0
২২৫,0.0,0.0,0.0
fashionable,0.0,0.0,0.0
credit,0.0,0.0,0.0
সেল্ফ,0.0,0.0,0.0
changes,0.0,0.0,0.0
breathable,0.0,0.0,0.0
recording,0.0,0.0,0.0
বিজ্ঞাপন,0.0,0.0,0.0
nischinte,0.0,0.0,0.0
peasi,0.0,0.0,0.0
charg,0.0,0.0,0.0
koreni,0.0,0.0,0.0
রিমুভ,0.0,0.0,0.0
mold,0.0,0.0,0.0
kmne,0.0,0.0,0.0
এতোটাই,0.0,0.0,0.0
এক্সপায়ারি,0.0,0.0,0.0
চুজ,0.0,0.0,0.0
ইজি,0.0,0.0,0.0
formula,0.0,0.0,0.0
burgerprice,0.0,0.0,0.0
হাঁটতে,0.0,0.0,0.0
hm,0.0,0.0,0.0
পারফর্মেন্স,0.0,0.0,0.0
bts,0.0,0.0,0.0
ঝড়ঝড়া,0.0,0.0,0.0
bolchi,0.0,0.0,0.0
ছিটিয়ে,0.0,0.0,0.0
everywhere,0.0,0.0,0.0
sharee,0.0,0.0,0.0
jaita,0.0,0.0,0.0
nov,0.0,0.0,0.0
ten,0.0,0.0,0.0
ambience,0.0,0.0,0.0
felse,0.0,0.0,0.0
৬৯,0.0,0.0,0.0
কর্তৃপক্ষের,0.0,0.0,0.0
ante,0.0,0.0,0.0
cookies,0.0,0.0,0.0
nitam,0.0,0.0,0.0
বুকে,0.0,0.0,0.0
স্টুডিও,0.0,0.0,0.0
competitive,0.0,0.0,0.0
শাড়ীটা,0.0,0.0,0.0
নান্নার,0.0,0.0,0.0
হোন,0.0,0.0,0.0
গা,0.0,0.0,0.0
মানিব্যাগটা,0.0,0.0,0.0
hoysa,0.0,0.0,0.0
প্যাটির,0.0,0.0,0.0
করো,0.0,0.0,0.0
vangga,0.0,0.0,0.0
হাবে,0.0,0.0,0.0
এক্সপিরিয়েন্স,0.0,0.0,0.0
beginners,0.0,0.0,0.0
আসলেও,0.0,0.0,0.0
কর্ণ,0.0,0.0,0.0
ক্যাবলের,0.0,0.0,0.0
handbag,0.0,0.0,0.0
লালবাগের,0.0,0.0,0.0
rahman,0.0,0.0,0.0
মানেও,0.0,0.0,0.0
reputation,0.0,0.0,0.0
fita,0.0,0.0,0.0
এক্সপেকটেশন,0.0,0.0,0.0
ozz,0.0,0.0,0.0
ঢোকার,0.0,0.0,0.0
কাপড়ও,0.0,0.0,0.0
টুথপেষ্ট,0.0,0.0,0.0
কভারটি,0.0,0.0,0.0
bailyroad,0.0,0.0,0.0
econo,0.0,0.0,0.0
নাহয়,0.0,0.0,0.0
plenty,0.0,0.0,0.0
mullo,0.0,0.0,0.0
bay,0.0,0.0,0.0
সার্ভিসিং,0.0,0.0,0.0
আচারী,0.0,0.0,0.0
দরজা,0.0,0.0,0.0
cheez,0.0,0.0,0.0
quarter,0.0,0.0,0.0
ঐরকম,0.0,0.0,0.0
ডিসকাউন্টের,0.0,0.0,0.0
ততোদিন,0.0,0.0,0.0
happen,0.0,0.0,0.0
দুদিন,0.0,0.0,0.0
দুটাই,0.0,0.0,0.0
সেলারকেও,0.0,0.0,0.0
ট্রিমারটি,0.0,0.0,0.0
film,0.0,0.0,0.0
২মাস,0.0,0.0,0.0
প্লাটফর্ম,0.0,0.0,0.0
কাষ্টমার,0.0,0.0,0.0
সিল্কি,0.0,0.0,0.0
variety,0.0,0.0,0.0
foodie,0.0,0.0,0.0
৪২০,0.0,0.0,0.0
jast,0.0,0.0,0.0
ফেন,0.0,0.0,0.0
কর্তৃপক্ষকে,0.0,0.0,0.0
ভির,0.0,0.0,0.0
চিপ্স,0.0,0.0,0.0
orderd,0.0,0.0,0.0
তেহেরি,0.0,0.0,0.0
ধোঁকা,0.0,0.0,0.0
৮টা,0.0,0.0,0.0
স্টারের,0.0,0.0,0.0
কম্ফোর্টেবল,0.0,0.0,0.0
ভিজিয়ে,0.0,0.0,0.0
কাহিনী,0.0,0.0,0.0
বলেছিলেন,0.0,0.0,0.0
sandal,0.0,0.0,0.0
270,-0.03963964878040883,0.0,0.0
art,0.0,0.0,0.0
শার্টটা,0.0,0.0,0.0
সুপ্রিম,0.0,0.0,0.0
সোনা,0.0,0.0,0.0
রিকুয়েস্ট,0.0,0.0,0.0
এক্সপেক্ট,0.0,0.0,0.0
প্রিন্টিং,0.0,0.0,0.0
সুখবর,0.0,0.0,0.0
ফুলে,0.0,0.0,0.0
ক্যাপাসিটি,0.0,0.0,0.0
থাকাতে,0.0,0.0,0.0
খবই,0.0,0.0,0.0
আজও,0.0,0.0,0.0
advance,0.0,0.0,0.0
helmet,0.0,0.0,0.0
ওইখানে,0.0,0.0,0.0
পানের,0.0,0.0,0.0
cell,0.0,0.0,0.0
হাটতে,0.0,0.0,0.0
basta,0.0,0.0,0.0
ডুবলিকেট,0.0,0.0,0.0
অনেকেরই,0.0,0.0,0.0
কন্ট্রোলার,0.0,0.0,0.0
ভাবসিলাম,0.0,0.0,0.0
ব্যাটারিতে,0.0,0.0,0.0
pd,0.0,0.0,0.0
eki,0.0,0.0,0.0
hoben,0.0,0.0,0.0
arekto,0.0,0.0,0.0
করতেও,0.0,0.0,0.0
পণ্যে,0.0,0.0,0.0
ব্যস্ততার,0.0,0.0,0.0
বাস্তবেও,0.0,0.0,0.0
গ্লাসটা,0.0,0.0,0.0
বস,0.0,0.0,0.0
dishonest,0.0,0.0,0.0
khubei,0.0,0.0,0.0
ভালোবাসেন,0.0,0.0,0.0
dohs,0.0,0.0,0.0
প্রেম,0.0,0.0,0.0
দৃষ্টিতে,0.0,0.0,0.0
বাতিল,0.0,0.0,0.0
basic,0.0,0.0,0.0
জুন,0.0,0.0,0.0
aangan,0.0,0.0,0.0
শরীরে,0.0,0.0,0.0
বয়স,-0.01245577459228839,0.0,0.0
mainly,0.0,0.0,0.0
অব্দি,0.0,0.0,0.0
গিপ্ট,0.0,0.0,0.0
কোয়ালিটিটা,0.0,0.0,0.0
yum,0.0,0.0,0.0
নচ,0.0,0.0,0.0
ghran,0.0,0.0,0.0
বাছাই,0.0,0.0,0.0
ফ্যানটি,0.0,0.0,0.0
পুলিশ,0.0,0.0,0.0
parfect,0.0,0.0,0.0
create,0.0,0.0,0.0
mehedi,0.0,0.0,0.0
2000,0.0,0.0,0.0
বিস্কুটের,0.0,0.0,0.0
দিচে,0.0,0.0,0.0
cheesecake,0.0,0.0,0.0
remaining,0.0,0.0,0.0
facial,0.0,0.0,0.0
চায়লে,0.0,0.0,0.0
পাসে,0.0,0.0,0.0
teriyaki,0.0,0.0,0.0
ignore,0.0,0.0,0.0
tablet,0.0,0.0,0.0
ফ্রড,0.0,0.0,0.0
চিনতে,0.0,0.0,0.0
ltd,0.0,0.0,0.0
নাই৷,0.0,0.0,0.0
choltese,0.0,0.0,0.0
ground,0.0,0.0,0.0
ex,0.0,0.0,0.0
নারায়ণগঞ্জ,0.0,0.0,0.0
অবধি,0.0,0.0,0.0
কয়েকজন,0.0,0.0,0.0
jana,0.0,0.0,0.0
ektuo,0.0,0.0,0.0
peachi,0.0,0.0,0.0
ওরজিনাল,0.0,0.0,0.0
dalivery,0.0,0.0,0.0
বাস্তবের,0.0,0.0,0.0
documents,0.0,0.0,0.0
hobena,0.0,0.0,0.0
পূর্বের,0.0,0.0,0.0
স্ট্যান্ডার্ড,0.0,0.0,0.0
নাকের,0.0,0.0,0.0
pants,0.0,0.0,0.0
sets,0.0,0.0,0.0
ধরলে,0.0,0.0,0.0
poorly,0.0,0.0,0.0
search,0.0,0.0,0.0
ultimate,0.0,0.0,0.0
often,0.0,0.0,0.0
guarantee,0.0,0.0,0.0
কমপক্ষে,0.0,0.0,0.0
searching,0.0,0.0,0.0
মাজার,0.0,0.0,0.0
১০চিকেন,0.0,0.0,0.0
onke,0.0,0.0,0.0
hz,0.0,0.0,0.0
একবারেই,0.0,0.0,0.0
dada,0.0,0.0,0.0
ইচ্ছাকৃত,0.0,0.0,0.0
প্রেমিক,0.0,0.0,0.0
ফুডব্লগ,0.0,0.0,0.0
যতোদিন,0.0,0.0,0.0
ci,0.0,0.0,0.0
অনুপযোগী,0.0,0.0,0.0
serving,0.0,0.0,0.0
ইনশা,0.0,0.0,0.0
জিরো,0.0,0.0,0.0
flat,0.0,0.0,0.0
gen,0.0,0.0,0.0
কম্পানির,0.0,0.0,0.0
dessert,0.0,0.0,0.0
সিঙ্গাড়া,0.0,0.0,0.0
রেশমি,0.0,0.0,0.0
wonthon,0.0,0.0,0.0
দেখিয়েছেন,0.0,0.0,0.0
105,0.0,0.0,0.0
ভক্ত,0.0,0.0,0.0
stitch,0.0,0.0,0.0
পিকে,0.0,0.0,0.0
lam,0.0,0.0,0.0
akhno,0.0,0.0,0.0
whereas,0.0,0.0,0.0
থাকছেই,0.0,0.0,0.0
টিফিন,0.0,0.0,0.0
ডিসপ্লের,0.0,0.0,0.0
জিজ্ঞাস,0.0,0.0,0.0
দিস,0.0,0.0,0.0
সম্মুখীন,0.0,0.0,0.0
্যাকেজিং,0.0,0.0,0.0
ip,0.0,0.0,0.0
ওনি,0.0,0.0,0.0
gym,0.0,0.0,0.0
কলেটি,0.0,0.0,0.0
ইনস্টল,0.0,0.0,0.0
hungrila,0.0,0.0,0.0
জানালে,0.0,0.0,0.0
হাতল,0.0,0.0,0.0
শুকিয়ে,0.0,0.0,0.0
ফেরৎ,0.08285217308328374,0.0,0.0
obak,0.0,0.0,0.0
যেতাম,0.0,0.0,0.0
বুঝানো,0.0,0.0,0.0
blueberry,0.0,0.0,0.0
flimsy,0.0,0.0,0.0
lube,0.0,0.0,0.0
hathe,0.0,0.0,0.0
enjoyed,0.0,0.0,0.0
bread,0.0,0.0,0.0
noi,0.0,0.0,0.0
decided,0.0,0.0,0.0
amare,0.0,0.0,0.0
ইকটু,0.0,0.0,0.0
alaikum,0.0,0.0,0.0
বিজ্ঞাপনে,0.0,0.0,0.0
nic,0.0,0.0,0.0
bere,0.0,0.0,0.0
ফাজিতাস,0.0,0.0,0.0
গরিব,0.0,0.0,0.0
ছবিও,0.0,0.0,0.0
ছিলঃ,0.0,0.0,0.0
কিনলেও,0.0,0.0,0.0
janabo,0.0,0.0,0.0
join,0.0,0.0,0.0
জারা,0.0,0.0,0.0
ডেটও,0.0,0.0,0.0
কর্তৃপক্ষ,0.0,0.0,0.0
ব্যক্তিগতভাবে,0.0,0.0,0.0
balm,0.0,0.0,0.0
korlei,0.0,0.0,0.0
hossain,0.0,0.0,0.0
টিভিটি,0.0,0.0,0.0
sobaike,0.0,0.0,0.0
panel,0.0,0.0,0.0
হেব্বি,0.0,0.0,0.0
ব্যপারে,0.0,0.0,0.0
pencil,0.0,0.0,0.0
জায়গাতে,0.0,0.0,0.0
তুই,0.0,0.0,0.0
cancelled,0.0,0.0,0.0
users,0.0,0.0,0.0
ছিলই,0.0,0.0,0.0
রয়ে,0.0,0.0,0.0
সংযোগ,0.0,0.0,0.0
khoti,0.0,0.0,0.0
state,0.0,0.0,0.0
গুলিস্তান,0.0,0.0,0.0
appropriate,0.0,0.0,0.0
কমফোর্ট,0.0,0.0,0.0
লিফটের,0.0,0.0,0.0
stronger,0.0,0.0,0.0
thermal,0.0,0.0,0.0
vibe,0.0,0.0,0.0
requesting,0.0,0.0,0.0
buje,0.0,0.0,0.0
neckband,0.0,0.0,0.0
koiren,-0.02660108590455646,0.0,0.0
cases,0.0,0.0,0.0
ইংলিশ,0.0,0.0,0.0
speak,0.0,0.0,0.0
ideal,0.0,0.0,0.0
gawsia,0.0,0.0,0.0
চেইনটা,0.0,0.0,0.0
৮০টাকা,0.0,0.0,0.0
বাজি,0.0,0.0,0.0
gud,0.0,0.0,0.0
ওটাই,0.0,0.0,0.0
ম্যাগনেট,0.0,0.0,0.0
বর,0.0,0.0,0.0
সোনালী,0.0,0.0,0.0
রিক্সা,0.0,0.0,0.0
অনবদ্য,0.0,0.0,0.0
কাবাবে,0.0,0.0,0.0
মধ্যেও,0.0,0.0,0.0
সেলস,0.0,0.0,0.0
রগ,0.0,0.0,0.0
জন্মদিনের,0.0,0.0,0.0
সক্ষম,0.0,0.0,0.0
ঝাঝালো,0.0,0.0,0.0
জিপার,0.0,0.0,0.0
39,0.0,0.0,0.0
badam,0.0,0.0,0.0
testing,0.0,0.0,0.0
happened,0.0,0.0,0.0
বলেছিলো,0.0,0.0,0.0
টাটকা,0.0,0.0,0.0
আম,0.0,0.0,0.0
মুড়িয়ে,0.0,0.0,0.0
নির্ভর,0.0,0.0,0.0
পলিতে,0.0,0.0,0.0
ইস্যু,0.0,0.0,0.0
টাতে,0.0,0.0,0.0
confirmed,0.0,0.0,0.0
thicker,0.0,0.0,0.0
লিফট,0.0,0.0,0.0
245,0.0,0.0,0.0
মুখটা,0.0,0.0,0.0
খসখসে,0.0,0.0,0.0
লিস্ট,0.0,0.0,0.0
charm,0.0,0.0,0.0
বডিতে,0.0,0.0,0.0
external,0.0,0.0,0.0
korteci,0.0,0.0,0.0
মিনিস্টার,0.0,0.0,0.0
ভীর,0.0,0.0,0.0
offered,0.0,0.0,0.0
ওয়েটারদের,0.0,0.0,0.0
মশল্লা,0.0,0.0,0.0
spacious,0.0,0.0,0.0
বিরিয়ানিতে,0.0,0.0,0.0
neyar,0.0,0.0,0.0
প্যাকেজের,0.0,0.0,0.0
ম্যারিকো,0.0,0.0,0.0
rs,0.0,0.0,0.0
মামলা,0.0,0.0,0.0
chefs,0.0,0.0,0.0
ভালোবাসি,0.0,0.0,0.0
cocktail,0.0,0.0,0.0
কোনদিন,0.0,0.0,0.0
গেছেন,0.0,0.0,0.0
ashole,0.0,0.0,0.0
লাইফ,0.0,0.0,0.0
purposes,0.0,0.0,0.0
খুলেছে,0.0,0.0,0.0
spoon,0.0,0.0,0.0
informed,0.0,0.0,0.0
মেশানো,0.0,0.0,0.0
নন,0.0,0.0,0.0
৪৯,0.0,0.0,0.0
kothao,0.0,0.0,0.0
gun,0.0,0.0,0.0
ভরবে,0.0,0.0,0.0
কালারও,0.0,0.0,0.0
sort,0.0,0.0,0.0
অসন্তুষ্ট,0.0,0.0,0.0
রাইট,0.0,0.0,0.0
somehow,0.0,0.0,0.0
সীমিত,0.0,0.0,0.0
seat,0.0,0.0,0.0
overloaded,0.0,0.0,0.0
চেয়ারের,0.0,0.0,0.0
হাস,0.0,0.0,0.0
silent,0.0,0.0,0.0
আরোও,0.0,0.0,0.0
চিরুনি,0.0,0.0,0.0
guli,0.0,0.0,0.0
lockdown,0.0,0.0,0.0
নির্ভয়ে,0.0,0.0,0.0
ful,0.0,0.0,0.0
tap,0.0,0.0,0.0
খুসি,0.0,0.0,0.0
শাড়ী,0.0,0.0,0.0
beat,0.0,0.0,0.0
jata,0.0,0.0,0.0
suits,0.0,0.0,0.0
irresponsible,0.0,0.0,0.0
asol,0.0,0.0,0.0
answer,0.0,0.0,0.0
সমস্যায়,0.0,0.0,0.0
bollo,0.0,0.0,0.0
এজন্যই,0.0,0.0,0.0
comparatively,0.0,0.0,0.0
tolsen,0.0,0.0,0.0
মারার,0.0,0.0,0.0
পরিবেশটা,0.0,0.0,0.0
livingtex,0.0,0.0,0.0
ধ্যনবাদ,0.0,0.0,0.0
খেজুরের,0.0,0.0,0.0
কমলা,0.0,0.0,0.0
টানে,0.0,0.0,0.0
১৭৫,0.0,0.0,0.0
ফ্লেভারফুল,0.0,0.0,0.0
pimple,0.0,0.0,0.0
২০টাকা,0.0,0.0,0.0
বনানীতে,0.0,0.0,0.0
কাপড়ে,0.0,0.0,0.0
বেল,0.0,0.0,0.0
sincere,0.0,0.0,0.0
সিম,0.0,0.0,0.0
sapore,0.0,0.0,0.0
importantly,0.0,0.0,0.0
ফিনিসিং,0.0,0.0,0.0
mayo,0.0,0.0,0.0
dawat,0.0,0.0,0.0
dec,0.0,0.0,0.0
helped,0.0,0.0,0.0
bissas,0.0,0.0,0.0
শরীর,0.0,0.0,0.0
সিরাম,0.0,0.0,0.0
smy,0.0,0.0,0.0
সাজিয়ে,0.0,0.0,0.0
হলের,0.0,0.0,0.0
মাউন্ট,0.0,0.0,0.0
বাংলাদেশকে,0.0,0.0,0.0
cartoon,0.0,0.0,0.0
প্রণ,0.0,0.0,0.0
গ্রান্ড,0.0,0.0,0.0
directly,0.0,0.0,0.0
এবারো,0.0,0.0,0.0
বাংলাদেশি,0.0,0.0,0.0
দিতেছি,0.0,0.0,0.0
তেলাপোকা,0.0,0.0,0.0
সেগুলোর,0.0,0.0,0.0
১০২,0.0,0.0,0.0
crab,0.0,0.0,0.0
সিক্স,0.0,0.0,0.0
টোস্ট,0.0,0.0,0.0
ছিলে,0.0,0.0,0.0
বিডি,0.0,0.0,0.0
ইতিহাস,0.0,0.0,0.0
cooked,0.0,0.0,0.0
bhabe,0.0,0.0,0.0
faul,0.0,0.0,0.0
সহযোগিতা,0.0,0.0,0.0
সাপ্লাই,0.0,0.0,0.0
ganda,0.0,0.0,0.0
ফেব্রিক্স,0.0,0.0,0.0
2026,0.0,0.0,0.0
রাইসবোল,0.0,0.0,0.0
পথ,0.0,0.0,0.0
ভুলবেন,0.0,0.0,0.0
sleeves,0.0,0.0,0.0
korean,0.0,0.0,0.0
accept,0.0,0.0,0.0
persons,0.0,0.0,0.0
কমপ্লেন,0.0,0.0,0.0
রোজ,0.0,0.0,0.0
vitorer,0.0,0.0,0.0
vim,0.0,0.0,0.0
বিনা,0.0,0.0,0.0
deserves,0.0,0.0,0.0
artificial,0.0,0.0,0.0
nicher,0.0,0.0,0.0
টেস্টও,0.0,0.0,0.0
jbe,0.0,0.0,0.0
input,0.0,0.0,0.0
connector,0.0,0.0,0.0
হোপ,0.0,0.0,0.0
বাটিতে,0.0,0.0,0.0
qc,0.0,0.0,0.0
পয়েন্টে,0.0,0.0,0.0
পড়েনি,0.0,0.0,0.0
পার্ক,0.0,0.0,0.0
এজ,0.0,0.0,0.0
যাচ্ছিলাম,0.0,0.0,0.0
paiche,0.0,0.0,0.0
tasara,0.0,0.0,0.0
hanging,0.0,0.0,0.0
bujhe,0.0,0.0,0.0
প্লেটের,0.0,0.0,0.0
মাংসটা,0.0,0.0,0.0
কমানোর,0.0,0.0,0.0
arokom,0.0,0.0,0.0
ডেলেভারি,0.0,0.0,0.0
সেহেতু,0.0,0.0,0.0
poco,0.0,0.0,0.0
বড়সড়,0.0,0.0,0.0
nor,0.0,0.0,0.0
potatoes,0.0,0.0,0.0
কন্ডিশনার,0.0,0.0,0.0
বলতেছে,0.0,0.0,0.0
complaint,0.0,0.0,0.0
pins,0.0,0.0,0.0
হ্যাং,0.0,0.0,0.0
পিজ্জায়,0.0,0.0,0.0
papers,0.0,0.0,0.0
promise,0.0,0.0,0.0
পাগলা,0.0,0.0,0.0
dum,0.0,0.0,0.0
ধারনা,0.0,0.0,0.0
coke,0.0,0.0,0.0
আসছিলো,0.0,0.0,0.0
ঘেরা,0.0,0.0,0.0
যিনি,0.0,0.0,0.0
valuable,0.0,0.0,0.0
ashte,0.0,0.0,0.0
bahire,0.0,0.0,0.0
banga,0.0,0.0,0.0
deshi,0.0,0.0,0.0
সটেড,0.0,0.0,0.0
রেজুলেশন,0.0,0.0,0.0
কুল,0.0,0.0,0.0
দেইখা,0.0,0.0,0.0
vebe,0.0,0.0,0.0
rejected,0.0,0.0,0.0
পেনড্রাইভ,0.0,0.0,0.0
শীঘ্রই,0.0,0.0,0.0
drops,0.0,0.0,0.0
cordial,0.0,0.0,0.0
bistro,0.0,0.0,0.0
দেখছেন,0.0,0.0,0.0
assalamualaikum,0.0,0.0,0.0
আপেল,0.0,0.0,0.0
দূরের,0.0,0.0,0.0
chola,0.0,0.0,0.0
koreo,0.0,0.0,0.0
alhamdullah,0.0,0.0,0.0
রাজা,0.0,0.0,0.0
lux,0.0,0.0,0.0
mathay,0.0,0.0,0.0
serokom,0.0,0.0,0.0
di,0.0,0.0,0.0
oirokom,0.0,0.0,0.0
sunscreen,0.0,0.0,0.0
ছুটির,0.0,0.0,0.0
risk,0.0,0.0,0.0
pblm,0.0,0.0,0.0
প্রিন্টার,0.0,0.0,0.0
মাফ,0.0,0.0,0.0
সন্তুষ্টি,-0.06970892288200951,0.0,0.0
মতোন,0.0,0.0,0.0
এইজন্য,0.0,0.0,0.0
instant,0.0,0.0,0.0
মুল্যে,0.0,0.0,0.0
suta,0.0,0.0,0.0
bud,0.0,0.0,0.0
carton,0.0,0.0,0.0
যমুনা,0.0,0.0,0.0
pashe,0.0,0.0,0.0
korese,0.0,0.0,0.0
chaice,0.0,0.0,0.0
islam,0.0,0.0,0.0
হারিয়ালি,0.0,0.0,0.0
payasi,0.0,0.0,0.0
chemical,0.0,0.0,0.0
এনভায়রনমেন্ট,0.0,0.0,0.0
লোডেড,0.0,0.0,0.0
ready,0.0,0.0,0.0
মোশন,0.0,0.0,0.0
প্রদান,0.0,0.0,0.0
পরিশেষে,0.0,0.0,0.0
হারাম,0.0,0.0,0.0
দেখাই,0.0,0.0,0.0
পেস্তা,0.0,0.0,0.0
এখনই,0.0,0.0,0.0
কাভারটা,0.0,0.0,0.0
beans,0.0,0.0,0.0
ঘষা,0.0,0.0,0.0
বসুন্ধরার,0.0,0.0,0.0
neck,0.0,0.0,0.0
বেপার,0.0,0.0,0.0
trying,0.0,0.0,0.0
term,0.0,0.0,0.0
fabulous,0.0,0.0,0.0
মোটর,0.0,0.0,0.0
কম্বিনেশনে,0.0,0.0,0.0
fridge,0.0,0.0,0.0
ধারাজ,0.0,0.0,0.0
spice,0.0,0.0,0.0
bfc,0.0,0.0,0.0
আদর্শ,0.0,0.0,0.0
এনেছে,0.0,0.0,0.0
paya,0.0,0.0,0.0
fena,0.0,0.0,0.0
তারটা,0.0,0.0,0.0
উঠানো,0.0,0.0,0.0
notes,0.0,0.0,0.0
kaporta,0.0,0.0,0.0
এরিয়ার,0.0,0.0,0.0
বহন,0.0,0.0,0.0
চাপা,0.0,0.0,0.0
ভালা,0.0,0.0,0.0
basilico,0.0,0.0,0.0
ইন্সটাগ্রামে,0.0,0.0,0.0
হে,0.0,0.0,0.0
টাকাটেস্ট,0.0,0.0,0.0
অরজিনিয়াল,0.0,0.0,0.0
buyers,0.0,0.0,0.0
bhaiya,0.0,0.0,0.0
পাচ্ছে,0.0,0.0,0.0
আবুল,0.0,0.0,0.0
মোহাম্মদপুরের,0.0,0.0,0.0
anymore,0.0,0.0,0.0
পেকেটিং,0.0,0.0,0.0
বিল্ট,0.0,0.0,0.0
চক,0.0,0.0,0.0
hungry,0.0,0.0,0.0
শুনা,0.0,0.0,0.0
মুজা,0.0,0.0,0.0
kortam,0.0,0.0,0.0
ghorir,0.0,0.0,0.0
ক্লাসি,0.0,0.0,0.0
nawab,0.0,0.0,0.0
debo,0.0,0.0,0.0
waited,0.0,0.0,0.0
taile,0.0,0.0,0.0
চিনে,0.0,0.0,0.0
গ্লাসে,0.0,0.0,0.0
বেশির,0.0,0.0,0.0
ওইটার,0.0,0.0,0.0
compatible,0.0,0.0,0.0
idk,0.0,0.0,0.0
কলমের,0.0,0.0,0.0
এবারে,0.0,0.0,0.0
গ্রুপের,0.0,0.0,0.0
upokar,0.0,0.0,0.0
jotota,0.0,0.0,0.0
বনশ্রীতে,0.0,0.0,0.0
শুনি,0.0,0.0,0.0
৯০০,0.0,0.0,0.0
invoice,0.0,0.0,0.0
aristocrat,0.0,0.0,0.0
৬০টাকা,0.0,0.0,0.0
gesilo,0.0,0.0,0.0
এভেইলেবল,0.0,0.0,0.0
ইয়াম্মি,0.0,0.0,0.0
সু,0.0,0.0,0.0
বেচে,0.0,0.0,0.0
পরীক্ষা,0.0,0.0,0.0
সর্বমোট,0.0,0.0,0.0
বেবির,0.0,0.0,0.0
mud,0.0,0.0,0.0
গ্যাস,0.0,0.0,0.0
prothome,0.0,0.0,0.0
আঠালো,0.0,0.0,0.0
উনাকে,0.0,0.0,0.0
প্রস্তুত,0.0,0.0,0.0
চার্জের,0.0,0.0,0.0
instructions,0.0,0.0,0.0
kalai,0.0,0.0,0.0
banano,0.0,0.0,0.0
improvement,0.0,0.0,0.0
মাসরুম,0.0,0.0,0.0
৩৯,0.0,0.0,0.0
পুরাটা,0.0,0.0,0.0
obossoi,0.0,0.0,0.0
secured,0.0,0.0,0.0
janai,0.0,0.0,0.0
বক্সটি,0.0,0.0,0.0
বিকেলের,0.0,0.0,0.0
সাহেবের,0.0,0.0,0.0
dekhaise,0.0,0.0,0.0
১৩৫,0.0,0.0,0.0
মাউসটা,0.0,0.0,0.0
পাইনা,0.0,0.0,0.0
flagship,0.0,0.0,0.0
সিটির,0.0,0.0,0.0
হানিফ,0.0,0.0,0.0
তাত্তারি,0.0,0.0,0.0
jane,0.0,0.0,0.0
সেফটি,0.0,0.0,0.0
বিউটির,0.0,0.0,0.0
ক্যারি,0.0,0.0,0.0
pran,0.0,0.0,0.0
wastage,0.0,0.0,0.0
ডিস্কাউন্টে,-0.009212583750876755,0.0,0.0
duitai,0.0,0.0,0.0
জিনিসই,0.0,0.0,0.0
recived,0.0,0.0,0.0
ভালভাবেই,0.0,0.0,0.0
ইদানিং,0.0,0.0,0.0
তীব্র,0.0,0.0,0.0
remains,0.0,0.0,0.0
munch,0.0,0.0,0.0
basically,0.0,0.0,0.0
smug,0.0,0.0,0.0
এমআরপি,0.0,0.0,0.0
্যা,0.0,0.0,0.0
gray,0.0,0.0,0.0
tamoni,0.0,0.0,0.0
op,0.0,0.0,0.0
sokto,0.0,0.0,0.0
hoite,0.0,0.0,0.0
rutir,0.0,0.0,0.0
ঠিকি,0.0,0.0,0.0
ব্যাবস্থা,0.0,0.0,0.0
angle,0.0,0.0,0.0
জেটা,0.0,0.0,0.0
প্লেইস,0.0,0.0,0.0
lag,0.0,0.0,0.0
tikka,0.0,0.0,0.0
করাও,0.0,0.0,0.0
ভাবাই,0.0,0.0,0.0
টেস্টে,0.0,0.0,0.0
multani,0.0,0.0,0.0
hr,0.009574736945642748,0.0,0.0
অনেকখানি,0.0,0.0,0.0
37,0.0,0.0,0.0
ম্যানুয়াল,0.0,0.0,0.0
ব্লাস্ট,0.0,0.0,0.0
এরিয়ায়,0.0,0.0,0.0
livon,0.0,0.0,0.0
চয়েস,0.0,0.0,0.0
তাকিয়ে,0.0,0.0,0.0
ঘ্রানটা,0.0,0.0,0.0
খাইসি,0.0,0.0,0.0
thankful,0.0,0.0,0.0
তেমনটিই,0.0,0.0,0.0
shoho,0.009650464355065187,0.0,0.0
silicon,0.0,0.0,0.0
বাইকের,0.0,0.0,0.0
২০২৬,0.0,0.0,0.0
বেলার,0.0,0.0,0.0
জাজাকাল্লাহ,0.0,0.0,0.0
এসেছিল,0.0,0.0,0.0
নর্মাল,0.0,0.0,0.0
detail,0.0,0.0,0.0
জাবে,0.0,0.0,0.0
smokey,0.0,0.0,0.0
brooch,0.0,0.0,0.0
টিও,0.0,0.0,0.0
ইঞ্চির,0.0,0.0,0.0
pa,0.0,0.0,0.0
আইটেমটি,0.0,0.0,0.0
label,0.0,0.0,0.0
ভেতরটা,0.0,0.0,0.0
ডুবিয়ে,0.0,0.0,0.0
রেয়ার,0.0,0.0,0.0
cutter,0.0,0.0,0.0
পুরাটাই,0.0,0.0,0.0
পাথর,0.0,0.0,0.0
রেপিং,0.0,0.0,0.0
শান্ত,0.0,0.0,0.0
হারপিক,0.0,0.0,0.0
টেনে,0.0,0.0,0.0
ekdin,0.0,0.0,0.0
chikon,0.0,0.0,0.0
জন্মদিন,0.0,0.0,0.0
কিনতাম,0.0,0.0,0.0
৫৮,0.0,0.0,0.0
ঘরোয়া,0.0,0.0,0.0
কলমগুলো,0.0,0.0,0.0
chittagong,0.0,0.0,0.0
মদ্ধে,0.0,0.0,0.0
এসেছিলাম,0.0,0.0,0.0
উপস্থিতি,0.0,0.0,0.0
মাশরুমের,0.0,0.0,0.0
আইডি,0.0,0.0,0.0
mostly,0.0,0.0,0.0
৩৪০,0.0,0.0,0.0
56,0.0,0.0,0.0
কোলকাতা,0.0,0.0,0.0
পাঞ্জাবি,0.0,0.0,0.0
স্টিলের,0.0,0.0,0.0
sleeve,0.0,0.0,0.0
পসিবল,0.0,0.0,0.0
strip,0.0,0.0,0.0
রাজি,0.0,0.0,0.0
extraordinary,0.0,0.0,0.0
ওঠা,0.0,0.0,0.0
attach,0.0,0.0,0.0
batash,0.0,0.0,0.0
careless,0.0,0.0,0.0
অরেঞ্জ,0.0,0.0,0.0
ব্যাস,0.0,0.0,0.0
krle,0.004787368472821374,0.0,0.0
tym,0.0,0.0,0.0
sense,0.0,0.0,0.0
চারজ,0.0,0.0,0.0
shera,0.0,0.0,0.0
আস,0.0,0.0,0.0
আকর্ষনীয়,0.0,0.0,0.0
সংলগ্ন,0.0,0.0,0.0
cloud,0.0,0.0,0.0
মুক্ত,0.0,0.0,0.0
বয়ের,0.0,0.0,0.0
টিকা,0.0,0.0,0.0
voi,0.0,0.0,0.0
bent,0.0,0.0,0.0
কষ্টকর,0.0,0.0,0.0
coin,0.0,0.0,0.0
dirt,0.0,0.0,0.0
anok,0.0,0.0,0.0
heating,0.0,0.0,0.0
নিতেপারেন,0.0,0.0,0.0
খুঁজতে,0.0,0.0,0.0
আহ,-0.05071920277054892,0.0,0.0
removed,0.0,0.0,0.0
পন্যগুলো,0.0,0.0,0.0
shocked,0.0,0.0,0.0
napkin,0.0,0.0,0.0
সেটআপ,0.0,0.0,0.0
ঝামেলার,0.0,0.0,0.0
koydin,0.0,0.0,0.0
রাখলাম,0.0,0.0,0.0
thickness,0.0,0.0,0.0
পিকচারে,0.0,0.0,0.0
এডাপ্টার,0.0,0.0,0.0
কাটাতে,0.0,0.0,0.0
ভিশন,0.0,0.0,0.0
মিনিপ্যাক,0.0,0.0,0.0
বেচারাম,0.0,0.0,0.0
slight,0.0,0.0,0.0
ওইটাই,0.0,0.0,0.0
casual,0.0,0.0,0.0
ডারাজের,0.0,0.0,0.0
selected,0.0,0.0,0.0
closed,0.0,0.0,0.0
male,0.0,0.0,0.0
খাসি,0.0,0.0,0.0
টাকারেটিং,0.0,0.0,0.0
jeto,0.0,0.0,0.0
প্রশংসনীয়,0.0,0.0,0.0
৩দিন,0.0,0.0,0.0
উপাদান,0.0,0.0,0.0
akono,0.0,0.0,0.0
গ্র্যান্ড,0.0,0.0,0.0
ট্রাস্ট,0.0,0.0,0.0
380,0.0,0.0,0.0
২০১৯,0.0,0.0,0.0
দরবার,0.0,0.0,0.0
আলাদাভাবে,0.0,0.0,0.0
রিচ,0.0,0.0,0.0
various,0.0,0.0,0.0
রোজার,0.0,0.0,0.0
তাতেই,0.0,0.0,0.0
blades,0.0,0.0,0.0
কমেছে,0.0,0.0,0.0
১০প্লেস,0.0,0.0,0.0
ayta,0.0,0.0,0.0
অ্যাড,0.0,0.0,0.0
hamdu,0.0,0.0,0.0
earphones,0.0,0.0,0.0
পরিপাটি,0.0,0.0,0.0
অতঃপর,0.0,0.0,0.0
এখানেও,0.0,0.0,0.0
গ্রাহকের,0.0,0.0,0.0
মেজবান,0.0,0.0,0.0
caila,0.0,0.0,0.0
মিষ্টান্ন,0.0,0.0,0.0
mid,0.0,0.0,0.0
সারভিস,0.0,0.0,0.0
badly,0.0,0.0,0.0
palta,0.0,0.0,0.0
আপন,0.0,0.0,0.0
separately,0.0,0.0,0.0
pala,0.0,0.0,0.0
৩জন,0.0,0.0,0.0
deklam,0.0,0.0,0.0
notice,0.0,0.0,0.0
খানেক,0.0,0.0,0.0
কর্নার,0.0,0.0,0.0
ব্যাংকে,0.0,0.0,0.0
ভাইটা,0.0,0.0,0.0
সুলভ,0.0,0.0,0.0
pot,0.0,0.0,0.0
এন,0.0,0.0,0.0
recomend,0.0,0.0,0.0
বেড,0.0,0.0,0.0
আলীর,0.0,0.0,0.0
moving,0.0,0.0,0.0
packages,0.0,0.0,0.0
মালামাল,0.0,0.0,0.0
মেইনটেইন,0.0,0.0,0.0
measurements,0.0,0.0,0.0
এখনি,0.0,0.0,0.0
ড্রাইভার,0.0,0.0,0.0
দিবার,0.0,0.0,0.0
পার্সোনালি,0.0,0.0,0.0
protected,0.0,0.0,0.0
স্ট্রবেরি,0.0,0.0,0.0
hoynai,0.0,0.0,0.0
রক্ষা,0.0,0.0,0.0
paysi,0.0,0.0,0.0
absolute,0.0,0.0,0.0
গ্লাসের,0.0,0.0,0.0
২০০০,0.0,0.0,0.0
পাঠাইছেন,0.0,0.0,0.0
dairy,0.0,0.0,0.0
prai,0.0,0.0,0.0
১৯৫,0.0,0.0,0.0
reviewed,0.0,0.0,0.0
ধোঁকাবাজি,0.0,0.0,0.0
minor,0.0,0.0,0.0
কাউন্টার,0.0,0.0,0.0
edge,0.0,0.0,0.0
kmon,0.0,0.0,0.0
distance,0.0,0.0,0.0
যাহা,0.0,0.0,0.0
জানুয়ারি,0.0,0.0,0.0
জিনিসটার,0.0,0.0,0.0
letter,0.0,0.0,0.0
রিবিউ,0.0,0.0,0.0
radhuni,0.0,0.0,0.0
একাকার,0.0,0.0,0.0
porai,0.0,0.0,0.0
খানে,0.0,0.0,0.0
remain,0.0,0.0,0.0
bulky,0.0,0.0,0.0
joghonno,0.0,0.0,0.0
anik,0.0,0.0,0.0
বাতি,0.0,0.0,0.0
সবায়,0.0,0.0,0.0
প্রো,0.0,0.0,0.0
বুঝবো,0.0,0.0,0.0
onnak,0.0,0.0,0.0
কামাল,0.0,0.0,0.0
আসতেছে,0.0,0.0,0.0
june,0.0,0.0,0.0
বসলে,0.0,0.0,0.0
যখনই,0.0,0.0,0.0
bean,0.0,0.0,0.0
এম্বিয়েন্স,0.0,0.0,0.0
akebare,0.0,0.0,0.0
একটায়,0.0,0.0,0.0
tanks,0.0,0.0,0.0
che,0.0,0.0,0.0
আরামসে,0.0,0.0,0.0
চকবাজারের,0.0,0.0,0.0
মাস্তান,0.0,0.0,0.0
চান্স,0.0,0.0,0.0
এরকমটা,0.0,0.0,0.0
ডিজিটাল,0.0,0.0,0.0
outer,0.0,0.0,0.0
কথাটা,0.0,0.0,0.0
bun,0.0,0.0,0.0
রংয়ের,0.0,0.0,0.0
পারলামনা,0.0,0.0,0.0
koyek,0.0,0.0,0.0
technology,0.0,0.0,0.0
৪পিস,0.0,0.0,0.0
eder,0.0,0.0,0.0
rm,0.0,0.0,0.0
maxfit,0.0,0.0,0.0
plaza,0.0,0.0,0.0
pathanor,0.0,0.0,0.0
ইউটিউবে,0.0,0.0,0.0
বাশমতি,0.0,0.0,0.0
nijer,0.0,0.0,0.0
unsatisfied,0.0,0.0,0.0
দেখেশুনে,0.0,0.0,0.0
মাউসের,0.0,0.0,0.0
কমপ্লিট,0.0,0.0,0.0
মুভি,0.0,0.0,0.0
খোলামেলা,0.0,0.0,0.0
wind,0.0,0.0,0.0
hoyche,0.0,0.0,0.0
বুঝতেই,0.0,0.0,0.0
অযোগ্য,0.0,0.0,0.0
aware,0.0,0.0,0.0
krar,0.0,0.0,0.0
রেঞ্জের,0.0,0.0,0.0
ব্যুফের,0.0,0.0,0.0
goodgood,0.0,0.0,0.0
কাঙ্খিত,0.0,0.0,0.0
contacted,0.0,0.0,0.0
ম্যানেজার,0.0,0.0,0.0
অামার,0.0,0.0,0.0
লম্বায়,0.0,0.0,0.0
১০টাকা,0.0,0.0,0.0
position,0.0,0.0,0.0
হাজীর,0.0,0.0,0.0
ken,0.0,0.0,0.0
চলছিল,0.0,0.0,0.0
ধোঁয়া,0.0,0.0,0.0
carnival,0.0,0.0,0.0
amp,0.0,0.0,0.0
contains,0.0,0.0,0.0
dakha,0.0,0.0,0.0
scratched,0.0,0.0,0.0
রিকুয়েষ্ট,0.0,0.0,0.0
ম্যানও,0.0,0.0,0.0
ধরাই,0.0,0.0,0.0
সফলতা,0.0,0.0,0.0
kico,0.0,0.0,0.0
yr,0.0,0.0,0.0
thakena,0.0,0.0,0.0
আবহাওয়া,0.0,0.0,0.0
onekta,0.0,0.0,0.0
bend,0.0,0.0,0.0
আইডিয়া,0.0,0.0,0.0
korla,-0.030913943324738003,0.0,0.0
dila,0.0,0.0,0.0
aa,0.0,0.0,0.0
past,0.0,0.0,0.0
workable,0.0,0.0,0.0
freshener,0.0,0.0,0.0
দরকারি,0.0,0.0,0.0
জ্বি,0.0,0.0,0.0
peanut,0.0,0.0,0.0
তেহারীর,0.0,0.0,0.0
ক্যাম্পেইন,0.0,0.0,0.0
goog,0.0,0.0,0.0
seafood,0.0,0.0,0.0
ঢাকাতে,0.0,0.0,0.0
হক,0.0,0.0,0.0
অডিও,0.0,0.0,0.0
সেলাইয়ের,0.0,0.0,0.0
ভাবনা,0.0,0.0,0.0
গুণ,0.0,0.0,0.0
valoe,0.0,0.0,0.0
প্রটেকশন,0.0,0.0,0.0
ছেলেদের,0.0,0.0,0.0
ashche,0.0,0.0,0.0
faced,0.0,0.0,0.0
cheated,0.0,0.0,0.0
দায়িত্ব,0.0,0.0,0.0
সালাম,0.0,0.0,0.0
babe,0.0,0.0,0.0
হ্যান্ডেল,0.0,0.0,0.0
আচারের,0.0,0.0,0.0
thokben,0.0,0.0,0.0
শিওর,0.0,0.0,0.0
sirloin,0.0,0.0,0.0
kor,0.0,0.0,0.0
মাপের,0.0,0.0,0.0
চ্যালেঞ্জ,0.0,0.0,0.0
ব্রেকফাস্ট,0.0,0.0,0.0
bishoy,0.0,0.0,0.0
bacon,0.0,0.0,0.0
kavan,0.0,0.0,0.0
nuts,0.0,0.0,0.0
ahmed,0.0,0.0,0.0
রাইডারকে,0.0,0.0,0.0
বলতেছি,0.0,0.0,0.0
তৈল,0.0,0.0,0.0
schedule,0.0,0.0,0.0
dazar,0.0,0.0,0.0
alot,0.0,0.0,0.0
বুঝার,0.0,0.0,0.0
আনলাম,0.0,0.0,0.0
cholbe,0.0,0.0,0.0
sweetsin,0.0,0.0,0.0
dilei,0.0,0.0,0.0
টের,0.0,0.0,0.0
shaa,0.0,0.0,0.0
ধুয়ে,0.0,0.0,0.0
ক্লাসিক,0.0,0.0,0.0
সম্পুর্ণ,0.0,0.0,0.0
advertising,0.0,0.0,0.0
কাজও,0.0,0.0,0.0
gf,0.0,0.0,0.0
ii,0.0,0.0,0.0
chaite,0.0,0.0,0.0
kan,0.0,0.0,0.0
dekhchi,0.0,0.0,0.0
satmasjid,0.0,0.0,0.0
dore,0.0,0.0,0.0
delightful,0.0,0.0,0.0
মুড,0.0,0.0,0.0
hoche,0.0,0.0,0.0
vga,0.0,0.0,0.0
আলাউদ্দিন,0.0,0.0,0.0
যাত্রা,0.0,0.0,0.0
gas,0.0,0.0,0.0
melt,0.0,0.0,0.0
outlet,0.0,0.0,0.0
spots,0.0,0.0,0.0
চ্যাপ্টা,0.0,0.0,0.0
false,0.0,0.0,0.0
০৪,0.0,0.0,0.0
exceptional,0.0,0.0,0.0
এও,0.0,0.0,0.0
exceeded,0.0,0.0,0.0
ব্রিজ,0.0,0.0,0.0
কাটানোর,0.0,0.0,0.0
বেটারি,0.0,0.0,0.0
ফ্রেম,0.0,0.0,0.0
sold,0.0,0.0,0.0
deals,0.0,0.0,0.0
গ্রিপ,0.0,0.0,0.0
চলনসই,0.0,0.0,0.0
জামুন,0.0,0.0,0.0
trouble,0.0,0.0,0.0
toto,0.0,0.0,0.0
৭৬,0.0,0.0,0.0
হালুয়া,0.0,0.0,0.0
মুল,0.0,0.0,0.0
নেবো,0.0,0.0,0.0
উন্নতমানের,0.0,0.0,0.0
valovabe,0.0,0.0,0.0
portion,0.0,0.0,0.0
pictured,0.0,0.0,0.0
গাম,0.0,0.0,0.0
মডিউল,0.0,0.0,0.0
text,0.0,0.0,0.0
kobe,0.0,0.0,0.0
aramdayok,0.0,0.0,0.0
coil,0.0,0.0,0.0
বনশ্রীর,0.0,0.0,0.0
cpu,0.0,0.0,0.0
ইন্টারন্যাশনাল,0.0,0.0,0.0
জানান,0.0,0.0,0.0
ম্যাটেরিয়াল,0.0,0.0,0.0
soaps,0.0,0.0,0.0
yourself,0.0,0.0,0.0
সুইস,0.0,0.0,0.0
নিজেরা,0.0,0.0,0.0
হাট,0.0,0.0,0.0
casing,0.0,0.0,0.0
dari,0.0,0.0,0.0
স্যাটিসফাই,0.0,0.0,0.0
অয়েলি,0.0,0.0,0.0
jehetu,0.0,0.0,0.0
বরফ,0.0,0.0,0.0
কালোটা,0.0,0.0,0.0
যাইতে,0.0,0.0,0.0
স্কিনের,0.0,0.0,0.0
চেয়ারটা,0.0,0.0,0.0
nestle,0.0,0.0,0.0
retail,0.0,0.0,0.0
১৫০০,0.0,0.0,0.0
boxer,0.0,0.0,0.0
fruit,0.0,0.0,0.0
offline,0.0,0.0,0.0
attitude,0.0,0.0,0.0
ছিলো৷,0.0,0.0,0.0
leaves,0.0,0.0,0.0
যত্নবান,0.0,0.0,0.0
aci,0.0,0.0,0.0
pata,0.0,0.0,0.0
রাখছি,0.0,0.0,0.0
fiesta,0.0,0.0,0.0
পেন্টি,0.0,0.0,0.0
খাবারটি,0.0,0.0,0.0
prochur,0.0,0.0,0.0
লুচির,0.0,0.0,0.0
ekhan,0.0,0.0,0.0
কমার্স,0.0,0.0,0.0
অাছে,0.0,0.0,0.0
somvob,0.0,0.0,0.0
hence,0.0,0.0,0.0
bolle,0.0,0.0,0.0
মিহি,0.0,0.0,0.0
ব্যাক্তিগত,0.0,0.0,0.0
নাইলে,0.0,0.0,0.0
দারাজমল,0.0,0.0,0.0
include,0.0,0.0,0.0
jazakallahu,0.0,0.0,0.0
ঘোলা,0.0,0.0,0.0
যতই,0.0,0.0,0.0
general,0.0,0.0,0.0
নেটওয়ার্ক,0.0,0.0,0.0
boss,0.0,0.0,0.0
চামড়ার,0.0,0.0,0.0
নিই,0.0,0.0,0.0
ক্রিমটা,0.0,0.0,0.0
মশলাদার,0.0,0.0,0.0
জুতাটা,0.0,0.0,0.0
suddenly,0.0,0.0,0.0
কাপরটা,0.0,0.0,0.0
সাইজেও,0.0,0.0,0.0
উপকারি,0.0,0.0,0.0
ভালনা,0.0,0.0,0.0
trash,0.0,0.0,0.0
correctly,0.0,0.0,0.0
onujaie,0.0,0.0,0.0
মেশিনের,0.0,0.0,0.0
ম্যাজিক,0.0,0.0,0.0
বুফের,0.0,0.0,0.0
কা,0.0,0.0,0.0
বাকিগুলো,0.0,0.0,0.0
কেউই,0.0,0.0,0.0
jack,0.0,0.0,0.0
derite,0.0,0.0,0.0
lid,0.0,0.0,0.0
ভেবেই,0.0,0.0,0.0
ইউএসবি,0.0,0.0,0.0
parle,0.0,0.0,0.0
modhu,0.0,0.0,0.0
josh,0.0,0.0,0.0
step,0.0,0.0,0.0
pairs,0.0,0.0,0.0
দিই,0.0,0.0,0.0
kinci,0.0,0.0,0.0
series,0.0,0.0,0.0
pathano,0.0,0.0,0.0
পাইপ,0.0,0.0,0.0
পলিসি,0.0,0.0,0.0
onojayi,0.0,0.0,0.0
ইন্টারনেট,0.0,0.0,0.0
strength,0.0,0.0,0.0
লোটোর,0.0,0.0,0.0
bon,0.0,0.0,0.0
fill,0.0,0.0,0.0
direct,0.0,0.0,0.0
aren,0.0,0.0,0.0
অপচয়,0.0,0.0,0.0
locket,0.0,0.0,0.0
রংটা,0.0,0.0,0.0
increased,0.0,0.0,0.0
bitore,0.0,0.0,0.0
নিচ,0.0,0.0,0.0
none,0.0,0.0,0.0
গ্লাভস,0.0,0.0,0.0
শুরুতেই,0.0,0.0,0.0
zoo,0.0,0.0,0.0
porer,0.0,0.0,0.0
ভূল,0.0,0.0,0.0
অভারল,0.0,0.0,0.0
sndr,0.0,0.0,0.0
fragile,0.0,0.0,0.0
tip,0.0,0.0,0.0
কফিটা,0.0,0.0,0.0
এপ্রিল,0.0,0.0,0.0
গোল্ড,0.0,0.0,0.0
ঘরির,0.0,0.0,0.0
raider,0.0,0.0,0.0
আধিক্য,0.0,0.0,0.0
সুশি,0.0,0.0,0.0
টিকটাক,0.0,0.0,0.0
খাওয়ায়,0.0,0.0,0.0
সফটওয়্যার,0.0,0.0,0.0
পার্সেলের,0.0,0.0,0.0
clay,0.0,0.0,0.0
ভাইকেও,0.0,0.0,0.0
শালারা,0.0,0.0,0.0
পিছের,0.0,0.0,0.0
purano,0.0,0.0,0.0
বাবার,0.0,0.0,0.0
মরে,0.0,0.0,0.0
খেলেই,0.0,0.0,0.0
onkdin,0.0,0.0,0.0
damages,0.0,0.0,0.0
army,0.0,0.0,0.0
একটানা,0.0,0.0,0.0
১০ব্যবহার,0.0,0.0,0.0
dekheci,0.0,0.0,0.0
মাত্রা,0.0,0.0,0.0
বেকন,0.0,0.0,0.0
ডিটেইলস,0.0,0.0,0.0
gulao,0.0,0.0,0.0
moderate,0.0,0.0,0.0
cherry,0.0,0.0,0.0
দিসিলাম,0.0,0.0,0.0
সালাদটা,0.0,0.0,0.0
আসতেই,0.0,0.0,0.0
moonlight,0.0,0.0,0.0
বারই,0.0,0.0,0.0
অক্টোবর,0.0,0.0,0.0
৭৯,0.0,0.0,0.0
putting,0.0,0.0,0.0
সেটাপ,0.0,0.0,0.0
কতক্ষণ,0.0,0.0,0.0
গোস্তের,0.0,0.0,0.0
consistency,0.0,0.0,0.0
কথাও,0.0,0.0,0.0
স্যুট,0.0,0.0,0.0
রক্ত,0.0,0.0,0.0
একশ,0.0,0.0,0.0
কালাভূনা,0.0,0.0,0.0
foreign,0.0,0.0,0.0
kapoor,0.0,0.0,0.0
ফ্যাক্টরি,0.0,0.0,0.0
secret,0.0,0.0,0.0
shetai,0.0,0.0,0.0
lashes,0.0,0.0,0.0
ছবিগুলো,0.0,0.0,0.0
বিগত,0.0,0.0,0.0
দেখাতে,0.0,0.0,0.0
ছেয়েছিলাম,0.0,0.0,0.0
প্রশ্নের,0.0,0.0,0.0
tb,0.0,0.0,0.0
thike,0.0,0.0,0.0
kortase,0.0,0.0,0.0
ভার,0.0,0.0,0.0
ফাজলামি,0.0,0.0,0.0
dakte,0.0,0.0,0.0
vivo,0.0,0.0,0.0
পিসিতে,0.0,0.0,0.0
নামাজ,0.0,0.0,0.0
আরেকদিন,0.0,0.0,0.0
ব্যববহার,0.0,0.0,0.0
ashar,0.0,0.0,0.0
লগিন,0.0,0.0,0.0
colorful,0.0,0.0,0.0
এগুলার,0.0,0.0,0.0
daoar,0.0,0.0,0.0
maxican,0.0,0.0,0.0
ওনাকে,0.0,0.0,0.0
মায়া,0.0,0.0,0.0
ডিউ,0.0,0.0,0.0
padding,0.0,0.0,0.0
payase,0.0,0.0,0.0
রিবানার,0.0,0.0,0.0
notification,0.0,0.0,0.0
obosthay,0.0,0.0,0.0
গাঢ়,0.0,0.0,0.0
sample,0.0,0.0,0.0
symphony,0.0,0.0,0.0
caramel,0.0,0.0,0.0
final,0.0,0.0,0.0
freeze,0.0,0.0,0.0
seed,0.0,0.0,0.0
দূরত্ব,0.0,0.0,0.0
jotno,0.0,0.0,0.0
insallah,0.0,0.0,0.0
লবনের,0.0,0.0,0.0
্যটি,0.0,0.0,0.0
একদমি,0.0,0.0,0.0
শুনলে,0.0,0.0,0.0
সাইকেল,0.0,0.0,0.0
memo,0.0,0.0,0.0
কলিজার,0.0,0.0,0.0
চাষী,0.0,0.0,0.0
ফটোজেনিক,0.0,0.0,0.0
batch,0.0,0.0,0.0
লাউড,0.0,0.0,0.0
korun,0.0,0.0,0.0
manik,0.0,0.0,0.0
আতরটি,0.0,0.0,0.0
niyesilam,0.0,0.0,0.0
দুনিয়ায়,0.0,0.0,0.0
স্কুইড,0.0,0.0,0.0
আন্তরিকভাবে,0.0,0.0,0.0
pigmented,0.0,0.0,0.0
শশা,0.0,0.0,0.0
ঔষধ,0.0,0.0,0.0
originally,0.0,0.0,0.0
mosla,0.0,0.0,0.0
মেড,0.0,0.0,0.0
দেখবো,0.0,0.0,0.0
৩৯০,0.0,0.0,0.0
মাটনের,0.0,0.0,0.0
সাভিস,0.0,0.0,0.0
error,0.0,0.0,0.0
370,0.0,0.0,0.0
মাখামাখা,0.0,0.0,0.0
ড্রাইভ,0.0,0.0,0.0
এট,0.0,0.0,0.0
লিপ,0.0,0.0,0.0
disse,0.0,0.0,0.0
পডাক্ট,0.0,0.0,0.0
compliments,0.0,0.0,0.0
ফেলবে,0.0,0.0,0.0
kfc,0.0,0.0,0.0
cracked,0.0,0.0,0.0
বছরে,0.0,0.0,0.0
desk,0.0,0.0,0.0
রাখছেন,0.0,0.0,0.0
চকচকে,0.0,0.0,0.0
korsen,0.0,0.0,0.0
ক্যাশব্যাকে,0.0,0.0,0.0
ups,0.0,0.0,0.0
freebies,0.0,0.0,0.0
latency,0.0,0.0,0.0
জরিমানা,0.0,0.0,0.0
jekono,0.0,0.0,0.0
ধনে,0.0,0.0,0.0
palm,0.0,0.0,0.0
কোয়ান্টিটির,0.0,0.0,0.0
confidence,0.0,0.0,0.0
ছিঃ,0.0,0.0,0.0
৭দিন,0.0,0.0,0.0
সেটাকে,0.0,0.0,0.0
মাশআল্লাহ,0.0,0.0,0.0
স্ক্রিনশট,0.0,0.0,0.0
quicker,0.0,0.0,0.0
ইলেকট্রনিক্স,0.0,0.0,0.0
lge,0.0,0.0,0.0
বেমানান,0.0,0.0,0.0
অধিকাংশ,0.0,0.0,0.0
ethernet,0.0,0.0,0.0
tissu,0.0,0.0,0.0
রিসেট,0.0,0.0,0.0
bundle,0.0,0.0,0.0
downside,0.0,0.0,0.0
punch,0.0,0.0,0.0
89,0.0,0.0,0.0
pepper,0.0,0.0,0.0
fogg,0.0,0.0,0.0
চ্যাটিং,0.0,0.0,0.0
ইসলাম,0.0,0.0,0.0
অল্পতেই,0.0,0.0,0.0
ম্যাক্সিমাম,0.0,0.0,0.0
growth,0.0,0.0,0.0
ভেসে,0.0,0.0,0.0
ধার,0.0,0.0,0.0
ইম্প্রুভ,0.0,0.0,0.0
ডেইলি,0.005560790756239343,0.0,0.0
জেমনটা,0.0,0.0,0.0
chamber,0.0,0.0,0.0
আজাইরা,0.0,0.0,0.0
sticks,0.0,0.0,0.0
cashew,0.0,0.0,0.0
ফ্যাট,0.0,0.0,0.0
bhul,0.0,0.0,0.0
pubg,0.0,0.0,0.0
freshness,0.0,0.0,0.0
বহুল,0.0,0.0,0.0
ভোগান্তি,0.0,0.0,0.0
চারদিন,0.0,0.0,0.0
garbage,0.0,0.0,0.0
consumer,0.0,0.0,0.0
ফ্রেন্ডস,0.0,0.0,0.0
dhonno,0.0,0.0,0.0
ট,0.0,0.0,0.0
গুনগতমান,0.0,0.0,0.0
লকডাউন,0.0,0.0,0.0
jos,0.0,0.0,0.0
তায়,0.0,0.0,0.0
রাইসে,0.0,0.0,0.0
pathay,0.0,0.0,0.0
কেনাকাটার,0.0,0.0,0.0
বালিশ,0.0,0.0,0.0
boycott,0.0,0.0,0.0
ডাম্বেল,0.0,0.0,0.0
পারছে,0.0,0.0,0.0
packging,0.0,0.0,0.0
১৪০০,0.0,0.0,0.0
ড্রামস,0.0,0.0,0.0
শোষণ,0.0,0.0,0.0
কিছুতেই,0.0,0.0,0.0
silk,0.0,0.0,0.0
হইছিলো,0.0,0.0,0.0
football,0.0,0.0,0.0
রিসেন্ট,-0.005469454909451115,0.0,0.0
maganda,0.0,0.0,0.0
স্কোয়ার,0.0,0.0,0.0
বমি,0.0,0.0,0.0
মটকা,0.0,0.0,0.0
virgin,0.0,0.0,0.0
vallagse,0.0,0.0,0.0
দাবিদার,0.0,0.0,0.0
ঝাঁজ,0.0,0.0,0.0
onnota,0.0,0.0,0.0
৬৭,0.0,0.0,0.0
resistant,0.0,0.0,0.0
surf,0.0,0.0,0.0
শাড়িটি,0.0,0.0,0.0
parchina,0.0,0.0,0.0
পেন্ট,0.0,0.0,0.0
মেরিকো,0.0,0.0,0.0
মূলক,0.0,0.0,0.0
পেইজের,0.0,0.0,0.0
hoyechilo,0.0,0.0,0.0
155,0.0,0.0,0.0
bringing,0.0,0.0,0.0
মালিকের,0.0,0.0,0.0
unar,0.0,0.0,0.0
দেখেও,0.0,0.0,0.0
rusty,0.0,0.0,0.0
compartments,0.0,0.0,0.0
হাতিরপুল,0.0,0.0,0.0
akhane,0.0,0.0,0.0
tw,0.0,0.0,0.0
টাকাচিকেন,0.0,0.0,0.0
দাঁত,0.0,0.0,0.0
অলওয়েজ,0.0,0.0,0.0
kinen,0.0,0.0,0.0
সেফ,0.0,0.0,0.0
দর,0.0,0.0,0.0
পায়ার,0.0,0.0,0.0
হামদুলিল্লাহ,0.0,0.0,0.0
fst,0.0,0.0,0.0
অস্তির,0.0,0.0,0.0
sometime,0.0,0.0,0.0
কতোদিন,0.0,0.0,0.0
politely,0.0,0.0,0.0
vinno,0.0,0.0,0.0
করবার,0.0,0.0,0.0
ল্যাপটপে,0.0,0.0,0.0
একদিকে,0.0,0.0,0.0
সিওর,0.0,0.0,0.0
যথারীতি,0.0,0.0,0.0
vanilla,0.0,0.0,0.0
মানায়,0.0,0.0,0.0
jantam,-0.029850184730507903,0.0,0.0
মনমতো,0.0,0.0,0.0
borhani,0.0,0.0,0.0
দোকানটি,0.0,0.0,0.0
পেটির,0.0,0.0,0.0
akdomi,0.0,0.0,0.0
wi,0.0,0.0,0.0
fol,0.0,0.0,0.0
তিনজনের,0.0,0.0,0.0
bake,0.0,0.0,0.0
১বছর,0.0,0.0,0.0
তালায়,0.0,0.0,0.0
swift,0.0,0.0,0.0
মুজ,0.0,0.0,0.0
sotik,0.0,0.0,0.0
স্বাদেও,0.0,0.0,0.0
ক্যামেরাটা,0.0,0.0,0.0
medicine,0.0,0.0,0.0
ইনডোর,0.0,0.0,0.0
মেশিনে,0.0,0.0,0.0
অন্ধকারে,0.0,0.0,0.0
keychain,0.0,0.0,0.0
blo,0.0,0.0,0.0
রসগোল্লা,0.0,0.0,0.0
তাঁরা,0.0,0.0,0.0
আকারের,0.0,0.0,0.0
ইচ্ছুক,0.0,0.0,0.0
কোনটি,0.0,0.0,0.0
accepted,0.0,0.0,0.0
cheyecilam,0.0,0.0,0.0
হাতেই,0.0,0.0,0.0
joydbiswas,0.0,0.0,0.0
ভালোছিলো,0.0,0.0,0.0
ফ্রাইটা,0.0,0.0,0.0
প্রান,0.0,0.0,0.0
chose,0.0,0.0,0.0
brilliant,0.0,0.0,0.0
সহিত,0.0,0.0,0.0
mail,0.0,0.0,0.0
সাদামাটা,0.0,0.0,0.0
বলের,0.0,0.0,0.0
জানামতে,0.0,0.0,0.0
dusty,0.0,0.0,0.0
কার্যকারিতা,0.0,0.0,0.0
৳,0.0,0.0,0.0
doya,0.0,0.0,0.0
নিচেই,0.0,0.0,0.0
মেথি,0.0,0.0,0.0
কাকে,0.0,0.0,0.0
mara,0.0,0.0,0.0
resonable,0.0,0.0,0.0
চিলক্স,0.0,0.0,0.0
alfredo,0.0,0.0,0.0
chere,0.0,0.0,0.0
mehfil,0.0,0.0,0.0
ডেসক্রিপশন,0.0,0.0,0.0
চ্যানেলে,0.0,0.0,0.0
বাটপারের,0.0,0.0,0.0
utha,0.0,0.0,0.0
লোফা,0.0,0.0,0.0
চুলায়,0.0,0.0,0.0
পলিথিনের,0.0,0.0,0.0
বল্লো,0.0,0.0,0.0
রাসেল,-0.03534269007872944,0.0,0.0
১০১,0.0,0.0,0.0
পুরু,0.0,0.0,0.0
চকো,0.0,0.0,0.0
vibrant,0.0,0.0,0.0
learning,0.0,0.0,0.0
পন্ন,0.0,0.0,0.0
জারে,0.0,0.0,0.0
ছড়াছড়ি,0.0,0.0,0.0
আনছি,0.0,0.0,0.0
কবার,0.0,0.0,0.0
দেওয়াই,0.0,0.0,0.0
steps,0.0,0.0,0.0
করত,0.0,0.0,0.0
সত্বেও,0.0,0.0,0.0
প্রেস,0.0,0.0,0.0
ji,0.0,0.0,0.0
চিপা,0.0,0.0,0.0
আমদানি,0.0,0.0,0.0
চিতই,0.0,0.0,0.0
কিনাই,0.0,0.0,0.0
speedy,0.0,0.0,0.0
গলায়,0.0,0.0,0.0
rash,0.0,0.0,0.0
dorado,0.0,0.0,0.0
আঙুল,0.0,0.0,0.0
shock,0.0,0.0,0.0
ট্রিমারের,0.0,0.0,0.0
এড়িয়ে,0.0,0.0,0.0
boja,0.0,0.0,0.0
unacceptable,0.0,0.0,0.0
bala,0.0,0.0,0.0
পার্কের,0.0,0.0,0.0
liter,0.0,0.0,0.0
স্পেসাল,0.0,0.0,0.0
raw,0.0,0.0,0.0
kitkat,0.0,0.0,0.0
বিদায়,0.0,0.0,0.0
bolci,0.0,0.0,0.0
গুল,0.0,0.0,0.0
cholse,0.0,0.0,0.0
ঘাম,0.0,0.0,0.0
রোলার,0.0,0.0,0.0
fear,0.0,0.0,0.0
এটিও,0.0,0.0,0.0
tune,0.0,0.0,0.0
জমজমাট,0.0,0.0,0.0
runs,0.0,0.0,0.0
kicho,0.0,0.0,0.0
tana,0.0,0.0,0.0
jaihok,0.0,0.0,0.0
প্রেমী,0.0,0.0,0.0
মাইল্ড,0.0,0.0,0.0
রোডসাইড,0.0,0.0,0.0
সন্দেশ,0.0,0.0,0.0
falling,0.0,0.0,0.0
exercise,0.0,0.0,0.0
legs,0.0,0.0,0.0
receipt,0.0,0.0,0.0
ফিরিয়ে,0.0,0.0,0.0
caf,0.0,0.0,0.0
cholar,0.0,0.0,0.0
ততটাই,0.0,0.0,0.0
এক্সিলেন্ট,0.0,0.0,0.0
ঐটাই,0.0,0.0,0.0
success,0.0,0.0,0.0
নাগালে,0.0,0.0,0.0
woow,0.0,0.0,0.0
আশাবাদী,0.0,0.0,0.0
পাও,0.0,0.0,0.0
repeated,0.0,0.0,0.0
somoyer,0.0,0.0,0.0
390,0.0,0.0,0.0
পরিসরে,0.0,0.0,0.0
upon,0.0,0.0,0.0
ladies,0.0,0.0,0.0
bee,0.0,0.0,0.0
কমিক,0.0,0.0,0.0
পেন্সিল,0.0,0.0,0.0
status,0.0,0.0,0.0
bairer,0.0,0.0,0.0
mfg,0.0,0.0,0.0
checking,0.0,0.0,0.0
রেসিডেনশিয়াল,0.0,0.0,0.0
ছ,0.0,0.0,0.0
শ,0.0,0.0,0.0
কাটলেট,0.0,0.0,0.0
skincare,0.0,0.0,0.0
তেতুলের,0.0,0.0,0.0
blurry,0.0,0.0,0.0
kharab,0.0,0.0,0.0
২৭৫,0.0,0.0,0.0
এলার্জি,0.0,0.0,0.0
ocean,0.0,0.0,0.0
মিলায়ে,0.0,0.0,0.0
pros,0.0,0.0,0.0
স্বাস্থ্য,0.0,0.0,0.0
ওয়ারেন্টির,0.0,0.0,0.0
ইনস্টাগ্রাম,0.0,0.0,0.0
experienced,0.0,0.0,0.0
মামুন,0.0,0.0,0.0
ক্যাফেতে,0.0,0.0,0.0
বসানো,0.0,0.0,0.0
দাও,0.0,0.0,0.0
পিকচারের,0.0,0.0,0.0
ডারাজে,0.0,0.0,0.0
লিটারের,0.0,0.0,0.0
serial,0.0,0.0,0.0
peak,0.0,0.0,0.0
প্যাকে,0.0,0.0,0.0
ভার্সিটির,0.0,0.0,0.0
কলিগ,0.0,0.0,0.0
handled,0.0,0.0,0.0
asbe,0.0,0.0,0.0
crack,0.0,0.0,0.0
টেস্টবাড,0.0,0.0,0.0
থালি,0.0,0.0,0.0
arm,0.0,0.0,0.0
জায়গাটি,0.0,0.0,0.0
shahi,0.0,0.0,0.0
দেখেছে,0.0,0.0,0.0
লিপস্টিক,0.0,0.0,0.0
স্ট্রিটফুড,0.0,0.0,0.0
যত্নের,0.0,0.0,0.0
মাঝের,0.0,0.0,0.0
valu,0.0,0.0,0.0
mismatch,0.0,0.0,0.0
অষ্টব্যঞ্জন,0.0,0.0,0.0
১০আইটেম,0.0,0.0,0.0
tan,0.0,0.0,0.0
সেক,0.0,0.0,0.0
195,0.0,0.0,0.0
offering,0.0,0.0,0.0
সাওয়ার,0.0,0.0,0.0
width,0.0,0.0,0.0
pathai,0.0,0.0,0.0
edges,0.0,0.0,0.0
কথাবার্তা,0.0,0.0,0.0
হাইট,0.0,0.0,0.0
উল্টাপাশে,0.0,0.0,0.0
পোহাতে,0.0,0.0,0.0
কালের,0.0,0.0,0.0
gotten,0.0,0.0,0.0
hairfall,0.0,0.0,0.0
দয়াকরে,0.0,0.0,0.0
desay,0.0,0.0,0.0
মেয়বি,0.0,0.0,0.0
ক্র্যাব,0.0,0.0,0.0
২৪৫,0.0,0.0,0.0
rope,0.0,0.0,0.0
প্যকেট,0.0,0.0,0.0
লুচিঃ,0.0,0.0,0.0
mechanism,0.0,0.0,0.0
রাজশাহী,0.0,0.0,0.0
comfortably,0.0,0.0,0.0
sadly,0.0,0.0,0.0
নেভি,0.0,0.0,0.0
peyece,0.0,0.0,0.0
zero,0.0,0.0,0.0
tx,0.0,0.0,0.0
সাদাটা,0.0,0.0,0.0
হানা,0.0,0.0,0.0
রঙ্গন,0.0,0.0,0.0
balance,0.0,0.0,0.0
জাদু,0.0,0.0,0.0
্যাক,0.0,0.0,0.0
vetore,0.0,0.0,0.0
জয়েন্ট,0.0,0.0,0.0
thaki,0.0,0.0,0.0
ডেকরেশন,0.0,0.0,0.0
othocho,0.0,0.0,0.0
কাপড়টাও,0.0,0.0,0.0
grateful,0.0,0.0,0.0
সালারা,0.0,0.0,0.0
কম্পিউটারে,0.0,0.0,0.0
মাংশ,0.0,0.0,0.0
bacchader,0.0,0.0,0.0
পদক্ষেপ,0.0,0.0,0.0
কুলিং,0.0,0.0,0.0
কাবাবটা,0.0,0.0,0.0
লিখলাম,0.0,0.0,0.0
আপুকে,0.0,0.0,0.0
জিতে,0.0,0.0,0.0
তারচেয়ে,0.0,0.0,0.0
১০মূল্য,0.0,0.0,0.0
শেষমেশ,0.0,0.0,0.0
সুন্দরী,0.0,0.0,0.0
চিন্তাও,0.0,0.0,0.0
pickle,0.0,0.0,0.0
খানাপিনা,0.0,0.0,0.0
মোটামটি,0.0,0.0,0.0
সেলফি,0.0,0.0,0.0
আসব,0.0,0.0,0.0
বেজে,0.0,0.0,0.0
nxt,0.0,0.0,0.0
রাজ্যে,0.0,0.0,0.0
unbox,0.0,0.0,0.0
tang,0.0,0.0,0.0
আসছিলাম,0.0,0.0,0.0
ভাইজান,0.0,0.0,0.0
কলিং,0.0,0.0,0.0
শাখার,0.0,0.0,0.0
listening,0.0,0.0,0.0
ব্যবহারযোগ্য,0.0,0.0,0.0
ওয়ার্ডার,0.0,0.0,0.0
টুল,0.0,0.0,0.0
ডেলিভারীর,0.0,0.0,0.0
গে,0.0,0.0,0.0
janle,0.0,0.0,0.0
ono,0.0,0.0,0.0
chargers,0.0,0.0,0.0
iteam,0.0,0.0,0.0
যথার্থ,0.0,0.0,0.0
গোলা,0.0,0.0,0.0
chick,0.0,0.0,0.0
বাকিসব,0.0,0.0,0.0
envelope,0.0,0.0,0.0
bajet,0.0,0.0,0.0
কোনোরকম,0.0,0.0,0.0
bast,0.0,0.0,0.0
replaced,0.0,0.0,0.0
nki,0.0,0.0,0.0
বসুন্ধরায়,0.0,0.0,0.0
নিবেনা,0.0,0.0,0.0
yours,0.0,0.0,0.0
নীচে,0.028014559778261772,0.0,0.0
লাগেছে,0.0,0.0,0.0
skirt,0.0,0.0,0.0
কর্ন,0.0,0.0,0.0
miya,0.0,0.0,0.0
ft,0.0,0.0,0.0
ঝোলে,0.0,0.0,0.0
echara,0.0,0.0,0.0
সেলিম,0.0,0.0,0.0
limonana,0.0,0.0,0.0
taef,0.0,0.0,0.0
ট্রে,0.0,0.0,0.0
ভর্তাটা,0.0,0.0,0.0
49,0.0,0.0,0.0
bubbles,0.0,0.0,0.0
বারি,0.0,0.0,0.0
daraze,0.0,0.0,0.0
কিলোমিটার,0.0,0.0,0.0
ঘ্রাণে,0.0,0.0,0.0
tote,0.0,0.0,0.0
এটিই,0.0,0.0,0.0
ah,0.0,0.0,0.0
মাক্স,0.0,0.0,0.0
roast,0.0,0.0,0.0
crg,0.0,0.0,0.0
তাপমাত্রা,0.0,0.0,0.0
কাচ্ছি,0.0,0.0,0.0
veja,0.0,0.0,0.0
উচু,0.0,0.0,0.0
ed,0.0,0.0,0.0
ইনটেক্ট,0.0,0.0,0.0
compromise,0.0,0.0,0.0
neem,0.0,0.0,0.0
সালা,0.0,0.0,0.0
খাদকের,0.0,0.0,0.0
ইটালিয়ান,0.0,0.0,0.0
চিটাগাং,0.0,0.0,0.0
কিচেনের,0.0,0.0,0.0
লুস,0.0,0.0,0.0
recommendations,0.0,0.0,0.0
hudai,0.0,0.0,0.0
remarkable,0.0,0.0,0.0
bujhbo,0.0,0.0,0.0
এইটাতে,0.0,0.0,0.0
সুট,0.0,0.0,0.0
টাওয়ারের,0.0,0.0,0.0
ভাববেন,0.0,0.0,0.0
জিনিসপত্র,0.0,0.0,0.0
daame,0.0,0.0,0.0
related,0.0,0.0,0.0
৮৯,0.0,0.0,0.0
খামু,0.0,0.0,0.0
desktop,0.0,0.0,0.0
separate,0.0,0.0,0.0
গানের,0.0,0.0,0.0
track,0.0,0.0,0.0
rated,0.0,0.0,0.0
আইটেমস,0.0,0.0,0.0
পার্টির,0.0,0.0,0.0
norms,0.0,0.0,0.0
caice,0.0,0.0,0.0
লেখাটা,0.0,0.0,0.0
63,0.0,0.0,0.0
bolche,0.0,0.0,0.0
কো,0.0,0.0,0.0
oky,0.0,0.0,0.0
currently,0.0,0.0,0.0
চার্জারটা,0.0,0.0,0.0
পাচ,0.0,0.0,0.0
ফ্লেভারে,0.0,0.0,0.0
থালা,0.0,0.0,0.0
bonus,0.0,0.0,0.0
advertise,0.0,0.0,0.0
cleanzy,0.0,0.0,0.0
রমজানে,0.0,0.0,0.0
বডির,0.0,0.0,0.0
scheduled,0.0,0.0,0.0
সদরঘাট,0.0,0.0,0.0
গুলাব,0.0,0.0,0.0
fe,0.0,0.0,0.0
sosta,0.0,0.0,0.0
জান,0.0,0.0,0.0
feelings,0.0,0.0,0.0
ক্রেব,0.0,0.0,0.0
সীমান্ত,0.0,0.0,0.0
ramadan,0.0,0.0,0.0
শেম্পু,0.0,0.0,0.0
স্ক্র,0.0,0.0,0.0
হায়দ্রাবাদী,0.0,0.0,0.0
চাটনী,0.0,0.0,0.0
basai,0.0,0.0,0.0
চাইনি,0.0,0.0,0.0
মিশানো,0.0,0.0,0.0
ফয়েল,0.0,0.0,0.0
apnake,0.0,0.0,0.0
angry,0.0,0.0,0.0
কাজি,0.0,0.0,0.0
টাকাগুলো,0.0,0.0,0.0
misty,0.0,0.0,0.0
সবসময়ের,0.0,0.0,0.0
crunchy,0.0,0.0,0.0
সেসব,0.0,0.0,0.0
উড়ে,0.0,0.0,0.0
স্যুপে,0.0,0.0,0.0
অধিকারে,0.0,0.0,0.0
পোডাক্টটি,0.0,0.0,0.0
প্লাটারে,0.0,0.0,0.0
bati,0.0,0.0,0.0
ফেলেছিলাম,0.0,0.0,0.0
kay,0.0,0.0,0.0
হারবাল,0.0,0.0,0.0
dents,0.0,0.0,0.0
ভার্সিটি,0.0,0.0,0.0
ওয়ারীর,0.0,0.0,0.0
ঝোলের,0.0,0.0,0.0
কাওকে,0.0,0.0,0.0
কুইন,0.0,0.0,0.0
garden,0.0,0.0,0.0
দায়,0.0,0.0,0.0
কট,0.0,0.0,0.0
বেকে,0.0,0.0,0.0
হাফেজ,0.0,0.0,0.0
শুরুর,0.0,0.0,0.0
তখনও,0.0,0.0,0.0
continuously,0.0,0.0,0.0
frustrated,0.0,0.0,0.0
securely,0.0,0.0,0.0
চালায়,0.0,0.0,0.0
সময়ও,0.0,0.0,0.0
ভাজে,0.0,0.0,0.0
কেজিতে,0.0,0.0,0.0
লেস,0.0,0.0,0.0
korleo,0.0,0.0,0.0
সিগনাল,0.0,0.0,0.0
কোয়ালেটি,0.0,0.0,0.0
vabsi,0.0,0.0,0.0
ভালমানের,0.0,0.0,0.0
bashay,0.0,0.0,0.0
স্টান্ড,0.0,0.0,0.0
খানাস,0.0,0.0,0.0
korselam,0.0,0.0,0.0
ড্রামস্টিক,0.0,0.0,0.0
everytime,0.0,0.0,0.0
খাওয়াটা,0.0,0.0,0.0
তাঁদের,0.0,0.0,0.0
লাগাইছি,0.0,0.0,0.0
খুলার,0.0,0.0,0.0
প্লাজা,0.0,0.0,0.0
গেলেন,0.0,0.0,0.0
kisudin,0.0,0.0,0.0
আগমন,0.0,0.0,0.0
cheddar,0.0,0.0,0.0
gonta,0.0,0.0,0.0
abroad,0.0,0.0,0.0
warehouse,0.0,0.0,0.0
২টার,0.0,0.0,0.0
bracelets,0.0,0.0,0.0
sells,0.0,0.0,0.0
houa,0.0,0.0,0.0
এসেই,0.0,0.0,0.0
সেটাতে,0.0,0.0,0.0
uv,0.0,0.0,0.0
vibration,0.0,0.0,0.0
prise,0.0,0.0,0.0
pressed,0.0,0.0,0.0
বল্লেই,0.0,0.0,0.0
clicking,0.0,0.0,0.0
fancy,0.0,0.0,0.0
জিনিসটাই,0.0,0.0,0.0
সন্ধানে,0.0,0.0,0.0
fishing,0.0,0.0,0.0
manner,0.0,0.0,0.0
agey,0.0,0.0,0.0
crush,0.0,0.0,0.0
বেইলী,0.0,0.0,0.0
খেলেও,0.0,0.0,0.0
rapping,0.0,0.0,0.0
ভূতের,0.0,0.0,0.0
beard,0.0,0.0,0.0
fanda,0.0,0.0,0.0
ডেসক্রিপশনে,0.0,0.0,0.0
আলোচিত,0.0,0.0,0.0
amd,0.0,0.0,0.0
shamne,0.0,0.0,0.0
ফ্লোরে,0.0,0.0,0.0
রাশ,0.0,0.0,0.0
আপত্তি,0.0,0.0,0.0
ভুড়ি,0.0,0.0,0.0
calendar,0.0,0.0,0.0
কেকের,0.0,0.0,0.0
বেপারটা,0.0,0.0,0.0
specified,0.0,0.0,0.0
টেন্ডার,0.0,0.0,0.0
ডিজাইনটা,0.0,0.0,0.0
পারেনঃ,0.0,0.0,0.0
kotai,0.0,0.0,0.0
নিউমার্কেট,0.0,0.0,0.0
পাখি,0.0,0.0,0.0
khun,0.0,0.0,0.0
dhakaiya,0.0,0.0,0.0
ডরি,0.0,0.0,0.0
egulo,0.0,0.0,0.0
পন্যর,0.0,0.0,0.0
্যান্ডের,0.0,0.0,0.0
hv,0.0,0.0,0.0
বাড়ায়,0.0,0.0,0.0
সুইমিং,0.0,0.0,0.0
ডজন,0.0,0.0,0.0
customs,0.0,0.0,0.0
basar,0.0,0.0,0.0
করেছিলামঃ,0.0,0.0,0.0
চিন্তে,0.0,0.0,0.0
পারসোনালি,0.0,0.0,0.0
pricy,0.0,0.0,0.0
common,0.0,0.0,0.0
দাত,0.0,0.0,0.0
মেশিনটা,0.0,0.0,0.0
বিলের,0.0,0.0,0.0
degree,0.0,0.0,0.0
করিয়া,0.0,0.0,0.0
toothbrush,0.0,0.0,0.0
passed,0.0,0.0,0.0
paychi,0.0,0.0,0.0
এক্সপেক্টেশন,0.0,0.0,0.0
বানিয়েছি,0.0,0.0,0.0
ছোঁয়া,0.0,0.0,0.0
জুসের,0.0,0.0,0.0
লাড্ডু,0.0,0.0,0.0
নয়া,0.0,0.0,0.0
পরিমানের,0.0,0.0,0.0
৭টা,0.0,0.0,0.0
carefull,0.0,0.0,0.0
প্রডাক্টগুলো,0.0,0.0,0.0
jante,0.0,0.0,0.0
এনেছিলাম,0.0,0.0,0.0
ammur,0.0,0.0,0.0
দিনও,0.0,0.0,0.0
mineral,0.0,0.0,0.0
drz,0.0,0.0,0.0
মুচমুচে,0.0,0.0,0.0
geci,0.0,0.0,0.0
খুজছেন,0.0,0.0,0.0
সবটুকু,0.0,0.0,0.0
commerce,0.0,0.0,0.0
nilm,0.0,0.0,0.0
প্রেমীদের,0.0,0.0,0.0
বাপের,0.0,0.0,0.0
উচ্চ,0.0,0.0,0.0
vlw,0.0,0.0,0.0
ইন্ট্যাক্ট,0.0,0.0,0.0
বিবরণ,0.0,0.0,0.0
রুমালি,0.0,0.0,0.0
gotokal,0.0,0.0,0.0
গ্রেভিটা,0.0,0.0,0.0
ক্ষুদা,0.0,0.0,0.0
খরাপ,0.0,0.0,0.0
১০৪,0.0,0.0,0.0
hear,0.0,0.0,0.0
fr,0.0,0.0,0.0
মেকার,0.0,0.0,0.0
mere,0.0,0.0,0.0
parinai,0.0,0.0,0.0
bron,0.0,0.0,0.0
ঘনত্ব,0.0,0.0,0.0
neben,0.0,0.0,0.0
baboher,0.0,0.0,0.0
imagine,0.0,0.0,0.0
স্কুপ,0.0,0.0,0.0
falls,0.0,0.0,0.0
ওয়ারলেস,0.0,0.0,0.0
nib,0.0,0.0,0.0
ডায়াল,0.0,0.0,0.0
jonnoi,0.0,0.0,0.0
সিন,0.0,0.0,0.0
ড্রিল,0.0,0.0,0.0
ঐতিহ্য,0.0,0.0,0.0
দশটা,0.0,0.0,0.0
ব্যক্তি,0.0,0.0,0.0
পার্টনার,0.0,0.0,0.0
tree,0.0,0.0,0.0
অনেকদিনের,-0.04049588668664642,0.0,0.0
পাকেজিং,0.0,0.0,0.0
dete,0.0,0.0,0.0
dekhen,0.0,0.0,0.0
রুফটপে,0.0,0.0,0.0
balanced,0.0,0.0,0.0
লেবেল,0.0,0.0,0.0
avabe,0.0,0.0,0.0
লিস্টে,0.0,0.0,0.0
এতোই,0.0,0.0,0.0
310,0.0,0.0,0.0
excel,0.0,0.0,0.0
ceyechilam,0.0,0.0,0.0
চুম্বক,0.0,0.0,0.0
নিহারি,0.0,0.0,0.0
gari,0.0,0.0,0.0
কালারটি,0.0,0.0,0.0
বইলা,0.0,0.0,0.0
কোয়ালিটিতে,0.0,0.0,0.0
ভাগে,0.0,0.0,0.0
পাইকারি,0.0,0.0,0.0
দেওয়াতে,0.0,0.0,0.0
বসি,0.0,0.0,0.0
আগেরটা,0.0,0.0,0.0
প্রকারের,0.0,0.0,0.0
lagale,0.0,0.0,0.0
wishing,0.0,0.0,0.0
স্টুডেন্টদের,0.0,0.0,0.0
extended,0.0,0.0,0.0
সেও,0.0,0.0,0.0
কোলাহল,0.0,0.0,0.0
মাইরা,0.0,0.0,0.0
fountain,0.0,0.0,0.0
hundred,0.0,0.0,0.0
সালামু,0.0,0.0,0.0
বোর্ডের,0.0,0.0,0.0
টাহ,0.0,0.0,0.0
ripped,0.0,0.0,0.0
শর্মার,0.0,0.0,0.0
বাসিন্দা,0.0,0.0,0.0
bili,0.0,0.0,0.0
বিহীন,0.0,0.0,0.0
ফাস্টফুড,0.0,0.0,0.0
বলসে,0.0,0.0,0.0
সেইটাই,0.0,0.0,0.0
কম্বিনেশনটা,0.0,0.0,0.0
১০৯,0.0,0.0,0.0
catch,0.0,0.0,0.0
mor,0.0,0.0,0.0
york,0.0,0.0,0.0
লাঞ্চের,0.0,0.0,0.0
দ্বারাজ,0.0,0.0,0.0
dryer,0.0,0.0,0.0
প্রসঙ্গে,0.0,0.0,0.0
কম্ব,0.0,0.0,0.0
বাসিদের,0.0,0.0,0.0
বাসী,0.0,0.0,0.0
kinds,0.0,0.0,0.0
্যাম,0.0,0.0,0.0
ফলের,0.0,0.0,0.0
57,0.0,0.0,0.0
লিল্লাহ,0.0,0.0,0.0
আনবক্সিং,0.0,0.0,0.0
prouduct,0.0,0.0,0.0
৭২,0.0,0.0,0.0
ঢুকতে,0.0,0.0,0.0
কাজেরই,0.0,0.0,0.0
্যাব,0.0,0.0,0.0
পেমেন্টে,0.0,0.0,0.0
দুমড়ে,0.0,0.0,0.0
shari,0.0,0.0,0.0
traveling,0.0,0.0,0.0
উল্লেখ্য,0.0,0.0,0.0
corona,0.0,0.0,0.0
কৃতজ্ঞ,0.0,0.0,0.0
fail,0.0,0.0,0.0
জাপানিজ,0.0,0.0,0.0
variant,0.0,0.0,0.0
ফিউশন,0.0,0.0,0.0
শাহি,0.0,0.0,0.0
receiver,0.0,0.0,0.0
আকার,0.0,0.0,0.0
bazare,0.0,0.0,0.0
আর্টিফিশিয়াল,0.0,0.0,0.0
ওয়াশের,0.0,0.0,0.0
বাসীদের,0.0,0.0,0.0
প্যাকেটটি,0.0,0.0,0.0
asap,0.0,0.0,0.0
রীতিমতো,0.0,0.0,0.0
সেরার,0.0,0.0,0.0
101,0.0,0.0,0.0
ভয়াবহ,0.0,0.0,0.0
অনেকক্ষন,0.0,0.0,0.0
চেইঞ্জ,0.0,0.0,0.0
জার্সির,0.0,0.0,0.0
বাংলায়,0.0,0.0,0.0
মিলায়,0.0,0.0,0.0
setar,0.0,0.0,0.0
boli,0.0,0.0,0.0
পানীয়,0.0,0.0,0.0
ধৈর্য,0.0,0.0,0.0
grass,0.0,0.0,0.0
খিচুড়িটা,0.0,0.0,0.0
qulity,0.0,0.0,0.0
smoked,0.0,0.0,0.0
jong,0.0,0.0,0.0
কারও,0.0,0.0,0.0
কাস্টোমার,0.0,0.0,0.0
shared,0.0,0.0,0.0
marketing,0.0,0.0,0.0
bah,0.0,0.0,0.0
সিউর,0.0,0.0,0.0
বেড়েছে,0.0,0.0,0.0
pet,0.0,0.0,0.0
ধারালো,0.0,0.0,0.0
ক্রীম,0.0,0.0,0.0
polythene,0.0,0.0,0.0
mana,0.0,0.0,0.0
ব্যবহারঃ,0.0,0.0,0.0
poriskar,0.0,0.0,0.0
বেশিক্ষন,0.0,0.0,0.0
certainly,0.0,0.0,0.0
halal,0.0,0.0,0.0
পাঠালে,0.0,0.0,0.0
১০স্থান,0.0,0.0,0.0
ঘন্টাও,0.0,0.0,0.0
রেটিংঃ৮,0.0,0.0,0.0
কেহ,0.0,0.0,0.0
peket,0.0,0.0,0.0
ডেলিভারীও,0.0,0.0,0.0
asta,0.0,0.0,0.0
cokh,0.0,0.0,0.0
krci,0.0,0.0,0.0
ক্রাঞ্চি,0.0,0.0,0.0
cups,0.0,0.0,0.0
jabo,0.0,0.0,0.0
sya,0.0,0.0,0.0
uncommon,0.0,0.0,0.0
alternative,0.0,0.0,0.0
krlm,0.0,0.0,0.0
স্টোরেজ,0.0,0.0,0.0
download,0.0,0.0,0.0
পারলেও,0.0,0.0,0.0
ধন্নবাদ,0.0,0.0,0.0
bosor,0.0,0.0,0.0
gache,0.0,0.0,0.0
১০স্বাদ,0.0,0.0,0.0
blender,0.0,0.0,0.0
স্থানে,0.0,0.0,0.0
ati,0.0,0.0,0.0
কয়েকমাস,0.0,0.0,0.0
harsh,0.0,0.0,0.0
chila,0.0,0.0,0.0
ss,-0.003920868756701079,0.0,0.0
harmful,0.0,0.0,0.0
থাকলেই,0.0,0.0,0.0
ঘাট,0.0,0.0,0.0
লেদারের,0.0,0.0,0.0
বুঝাই,0.0,0.0,0.0
মেজারমেন্ট,0.0,0.0,0.0
initially,0.0,0.0,0.0
hamdulillah,0.0,0.0,0.0
shuru,0.0,0.0,0.0
টিনের,0.0,0.0,0.0
amaka,0.0,0.0,0.0
shorter,0.0,0.0,0.0
বেঁচে,0.0,0.0,0.0
parson,-0.007603467608984882,0.0,0.0
amne,0.0,0.0,0.0
রিস্ক,0.0,0.0,0.0
oitar,0.0,0.0,0.0
অশেষ,0.0,0.0,0.0
মিশ্রণ,0.0,0.0,0.0
dongle,0.0,0.0,0.0
eats,0.0,0.0,0.0
উজ্জ্বল,0.0,0.0,0.0
thokano,0.0,0.0,0.0
unable,0.0,0.0,0.0
আকর্ষন,0.0,0.0,0.0
গতি,0.0,0.0,0.0
designed,0.0,0.0,0.0
pass,0.0,0.0,0.0
বেন,0.0,0.0,0.0
defects,0.0,0.0,0.0
জুসিনেস,0.0,0.0,0.0
৫টি,0.0,0.0,0.0
tha,0.0,0.0,0.0
রাইছ,0.0,0.0,0.0
আমারও,0.0,0.0,0.0
claimed,0.0,0.0,0.0
কাপলদের,0.0,0.0,0.0
বোরকা,0.0,0.0,0.0
পেটুক,0.0,0.0,0.0
korlm,0.0,0.0,0.0
প্ল্যাটারে,0.0,0.0,0.0
দূর্বল,0.0,0.0,0.0
কাঁকড়া,0.0,0.0,0.0
এন্ড্রয়েড,0.0,0.0,0.0
dara,0.0,0.0,0.0
format,0.0,0.0,0.0
লোকেশান,0.0,0.0,0.0
saved,0.0,0.0,0.0
cycle,0.0,0.0,0.0
lace,0.0,0.0,0.0
52,0.0,0.0,0.0
brightening,0.0,0.0,0.0
known,0.0,0.0,0.0
ব্রাইট,0.0,0.0,0.0
অব্যাহত,0.0,0.0,0.0
ম্যানফেয়ার,0.0,0.0,0.0
bolechilam,0.0,0.0,0.0
স্পিডে,0.0,0.0,0.0
উৎপাদিত,0.0,0.0,0.0
চৌরাস্তা,0.0,0.0,0.0
ingredients,0.0,0.0,0.0
দিয়ার,0.0,0.0,0.0
lightning,0.0,0.0,0.0
স্টাইলিশ,0.0,0.0,0.0
বুকের,0.0,0.0,0.0
বিরক্তি,0.0,0.0,0.0
নের,0.0,0.0,0.0
frist,0.0,0.0,0.0
ওয়ারীতে,0.0,0.0,0.0
মার,0.0,0.0,0.0
এসএমএস,0.0,0.0,0.0
৪জন,0.0,0.0,0.0
রেন,0.0,0.0,0.0
ক্লাব,0.0,0.0,0.0
rod,0.0,0.0,0.0
paite,0.0,0.0,0.0
lavender,0.0,0.0,0.0
সোনায়,0.0,0.0,0.0
benefit,0.0,0.0,0.0
এটিকে,0.0,0.0,0.0
রোদে,0.0,0.0,0.0
kinsilam,0.0,0.0,0.0
dakhe,0.0,0.0,0.0
দেখতেছি,0.0,0.0,0.0
বাফেটে,0.0,0.0,0.0
payesi,0.0,0.0,0.0
চায়ে,0.0,0.0,0.0
কিরকম,0.0,0.0,0.0
respect,0.0,0.0,0.0
জানানো,0.0,0.0,0.0
spent,0.0,0.0,0.0
knock,0.0,0.0,0.0
নওয়াব,0.0,0.0,0.0
accordingly,0.0,0.0,0.0
স্ট্র,0.0,0.0,0.0
akdin,0.0,0.0,0.0
টপিং,0.0,0.0,0.0
কম্পানি,0.0,0.0,0.0
মাল্টিপ্লাগ,0.0,0.0,0.0
attack,0.0,0.0,0.0
ভরপেট,0.0,0.0,0.0
ধাক্কা,0.0,0.0,0.0
বস্তা,0.0,0.0,0.0
helpfull,0.0,0.0,0.0
শক্তিশালী,0.0,0.0,0.0
উদ্বোধন,0.0,0.0,0.0
inn,0.0,0.0,0.0
smile,0.0,0.0,0.0
মতিঝিল,0.0,0.0,0.0
ফেলার,0.0,0.0,0.0
নারকেল,0.0,0.0,0.0
আমিই,0.0,0.0,0.0
blindly,0.0,0.0,0.0
ভোজের,0.0,0.0,0.0
অভিজ্ঞতার,0.0,0.0,0.0
তুলি,0.0,0.0,0.0
পিঠার,0.0,0.0,0.0
ম্যাট,0.0,0.0,0.0
রান,0.0,0.0,0.0
coffe,0.0,0.0,0.0
কলকাতা,0.0,0.0,0.0
kinta,0.0,0.0,0.0
হইলাম,0.0,0.0,0.0
hoeche,0.0,0.0,0.0
sooooo,0.0,0.0,0.0
ইজিলি,0.0,0.0,0.0
kar,0.0,0.0,0.0
polo,0.0,0.0,0.0
৫৯,0.0,0.0,0.0
লাগবেই,0.0,0.0,0.0
ব্যাংকের,0.0,0.0,0.0
mousse,0.0,0.0,0.0
earbud,0.0,0.0,0.0
addition,0.0,0.0,0.0
panjabi,0.0,0.0,0.0
cutest,0.0,0.0,0.0
কারণটা,0.0,0.0,0.0
আদৌ,0.0,0.0,0.0
মেসেজে,0.0,0.0,0.0
পাঠাই,0.0,0.0,0.0
১০৩,0.0,0.0,0.0
ইফতারে,0.0,0.0,0.0
স্বীকার,0.0,0.0,0.0
sign,0.0,0.0,0.0
বিশ,0.0,0.0,0.0
পাঁচটি,0.0,0.0,0.0
এখনকার,0.0,0.0,0.0
masks,0.0,0.0,0.0
চলছিলো,0.0,0.0,0.0
movement,0.0,0.0,0.0
মিনিটেই,0.0,0.0,0.0
nazma,0.0,0.0,0.0
plugs,0.0,0.0,0.0
upgrade,0.0,0.0,0.0
ধোকাবাজ,0.0,0.0,0.0
উফফ,0.0,0.0,0.0
মদিনা,0.0,0.0,0.0
প্যান,0.0,0.0,0.0
কোনা,0.0,0.0,0.0
dano,0.0,0.0,0.0
হইতেছে,0.0,0.0,0.0
চার্জারের,0.0,0.0,0.0
বলছিলো,0.0,0.0,0.0
তফাৎ,0.0,0.0,0.0
bikri,0.0,0.0,0.0
পরেন,0.0,0.0,0.0
96,0.0,0.0,0.0
jdi,0.0,0.0,0.0
প্রবেশ,0.0,0.0,0.0
frustrating,0.0,0.0,0.0
আস্থার,0.0,0.0,0.0
সেবার,0.0,0.0,0.0
ছিঁড়া,0.0,0.0,0.0
প্রতিবারের,0.0,0.0,0.0
মহান,0.0,0.0,0.0
ফিলিংস,0.0,0.0,0.0
anar,0.0,0.0,0.0
গুলশানে,0.0,0.0,0.0
mins,0.0,0.0,0.0
nya,0.0,0.0,0.0
sune,0.0,0.0,0.0
জমাট,0.0,0.0,0.0
ranna,0.0,0.0,0.0
টুইন,0.0,0.0,0.0
smc,0.0,0.0,0.0
chinta,0.0,0.0,0.0
ইদানীং,0.0,0.0,0.0
metro,0.0,0.0,0.0
আসাধারন,0.0,0.0,0.0
aponara,0.0,0.0,0.0
disconnected,0.0,0.0,0.0
appreciable,0.0,0.0,0.0
thakto,0.0,0.0,0.0
পরল,0.0,0.0,0.0
deye,0.0,0.0,0.0
fusion,0.0,0.0,0.0
প্লেন,0.0,0.0,0.0
এইটাও,0.0,0.0,0.0
bites,0.0,0.0,0.0
উভয়কেই,0.0,0.0,0.0
চকবাজার,0.0,0.0,0.0
আরেকজন,0.0,0.0,0.0
ashol,0.0,0.0,0.0
স্কোয়ারে,0.0,0.0,0.0
khov,0.0,0.0,0.0
firstly,0.0,0.0,0.0
thinner,0.0,0.0,0.0
আনকমন,0.0,0.0,0.0
অর্ধেকের,0.0,0.0,0.0
ঝামেলায়,0.0,0.0,0.0
পুরানা,0.0,0.0,0.0
pickup,0.0,0.0,0.0
tooo,0.0,0.0,0.0
কেল্লার,0.0,0.0,0.0
চৌধুরীপাড়া,0.0,0.0,0.0
সম্পূর্ন,0.0,0.0,0.0
একপাশে,0.0,0.0,0.0
সিরিয়াসলি,0.0,0.0,0.0
রেসিপি,0.0,0.0,0.0
dewyar,0.0,0.0,0.0
thanku,0.0,0.0,0.0
কালেক্ট,0.0,0.0,0.0
গাড়ির,0.0,0.0,0.0
হটাৎ,0.0,0.0,0.0
কাঁচের,0.0,0.0,0.0
টেকে,0.0,0.0,0.0
neither,0.0,0.0,0.0
তুলনাই,0.0,0.0,0.0
বোরহানির,0.0,0.0,0.0
vab,0.0,0.0,0.0
হার,0.0,0.0,0.0
দ্বিতীয়বারের,0.0,0.0,0.0
luckily,0.0,0.0,0.0
পরিমাণেও,0.0,0.0,0.0
চাপটা,0.0,0.0,0.0
রেডেক্স,0.0,0.0,0.0
forget,0.0,0.0,0.0
foot,0.0,0.0,0.0
effort,0.0,0.0,0.0
koyekta,0.0,0.0,0.0
মনটাই,0.0,0.0,0.0
ফোনটি,0.0,0.0,0.0
biryani,0.0,0.0,0.0
আনন্দের,0.0,0.0,0.0
রিসেন্টলি,0.0,0.0,0.0
cholche,0.0,0.0,0.0
প্যাকেজিংয়ের,0.0,0.0,0.0
প্রডাকট,0.0,0.0,0.0
sec,0.0,0.0,0.0
ঠকায়,0.0,0.0,0.0
cons,0.0,0.0,0.0
onujae,0.0,0.0,0.0
কালির,0.0,0.0,0.0
করোনা,0.0,0.0,0.0
unusable,0.0,0.0,0.0
malai,0.0,0.0,0.0
পরি,0.0,0.0,0.0
deynai,0.0,0.0,0.0
dileo,0.0,0.0,0.0
সিম্পলের,0.0,0.0,0.0
বাদবাকি,0.0,0.0,0.0
ডবল,0.0,0.0,0.0
গিয়া,0.0,0.0,0.0
পরিবহন,0.0,0.0,0.0
konta,0.0,0.0,0.0
compartment,0.0,0.0,0.0
কাপে,0.0,0.0,0.0
janaben,0.0,0.0,0.0
এটিতে,0.0,0.0,0.0
শমসের,0.0,0.0,0.0
guloi,0.0,0.0,0.0
গ্লোবাল,0.0,0.0,0.0
ভেজ,0.0,0.0,0.0
খেতাপুরি,0.0,0.0,0.0
অনেকগুলা,0.0,0.0,0.0
khata,0.0,0.0,0.0
peyaci,0.0,0.0,0.0
আগামীকাল,0.0,0.0,0.0
লকেট,0.0,0.0,0.0
বুঝাতে,0.0,0.0,0.0
female,0.0,0.0,0.0
ঠকলাম,0.0,0.0,0.0
shundr,0.0,0.0,0.0
পেচিয়ে,0.0,0.0,0.0
noticed,0.0,0.0,0.0
cappuccino,0.0,0.0,0.0
দিকেই,0.0,0.0,0.0
আলোচনা,0.0,0.0,0.0
comments,0.0,0.0,0.0
গোটা,0.0,0.0,0.0
কোরিয়ান,0.0,0.0,0.0
৪৮০,0.0,0.0,0.0
turning,0.0,0.0,0.0
চেয়ারটি,0.0,0.0,0.0
চাপঃ,0.0,0.0,0.0
aibar,0.0,0.0,0.0
shave,0.0,0.0,0.0
79,0.0,0.0,0.0
সৌন্দর্য,0.0,0.0,0.0
এক্টা,0.0,0.0,0.0
lgse,0.0,0.0,0.0
airpod,0.0,0.0,0.0
মিশ্রিত,0.0,0.0,0.0
panite,0.0,0.0,0.0
subway,0.0,0.0,0.0
তৈলাক্ত,0.0,0.0,0.0
বিকালের,0.0,0.0,0.0
মুঘল,0.0,0.0,0.0
nivea,0.0,0.0,0.0
cheyesilam,0.0,0.0,0.0
মধুটা,0.0,0.0,0.0
নির্দিধায়,0.0,0.0,0.0
ব্যাট,0.0,0.0,0.0
টিউব,0.0,0.0,0.0
relatively,0.0,0.0,0.0
thk,0.0,0.0,0.0
ভালোও,0.0,0.0,0.0
জাই,0.0,0.0,0.0
ফ্রেন্ডরা,0.0,0.0,0.0
খুলা,0.0,0.0,0.0
korece,0.0,0.0,0.0
thakay,0.0,0.0,0.0
promptly,0.0,0.0,0.0
prodect,0.0,0.0,0.0
অভাবে,0.0,0.0,0.0
desert,0.0,0.0,0.0
questions,0.0,0.0,0.0
সাতে,0.0,0.0,0.0
মেজ্জান,0.0,0.0,0.0
ওভারওল,0.0,0.0,0.0
আচরন,0.0,0.0,0.0
অন্যদিকে,0.0,0.0,0.0
ডাউনলোড,0.0,0.0,0.0
tuku,0.0,0.0,0.0
undamaged,0.0,0.0,0.0
ফ্যামিলির,0.0,0.0,0.0
takataste,0.0,0.0,0.0
ডার্ক,0.0,0.0,0.0
extreme,0.0,0.0,0.0
চর্বি,0.0,0.0,0.0
চুলার,0.0,0.0,0.0
darazer,0.0,0.0,0.0
ekon,0.0,0.0,0.0
সেলের,0.0,0.0,0.0
রাফ,0.0,0.0,0.0
কৃতজ্ঞতা,0.0,0.0,0.0
diyar,0.0,0.0,0.0
একজনকে,0.0,0.0,0.0
drkr,0.0,0.0,0.0
গুণে,0.0,0.0,0.0
সবি,0.0,0.0,0.0
নবাবপুর,0.0,0.0,0.0
১২০৫,0.0,0.0,0.0
college,0.0,0.0,0.0
khoob,0.0,0.0,0.0
মাস্টার,0.0,0.0,0.0
আড়াই,0.0,0.0,0.0
cod,0.0,0.0,0.0
যাচ্ছেন,0.0,0.0,0.0
arki,0.0,0.0,0.0
ইউনিলিভারের,0.0,0.0,0.0
ব্রেন,0.0,0.0,0.0
তোহ,0.0,0.0,0.0
objection,0.0,0.0,0.0
রাজধানী,0.0,0.0,0.0
নাইচ,0.0,0.0,0.0
welcome,0.0,0.0,0.0
বাস্তা,0.0,0.0,0.0
নল্লি,0.0,0.0,0.0
দরজার,0.0,0.0,0.0
par,0.0,0.0,0.0
communicate,0.0,0.0,0.0
বলেও,0.0,0.0,0.0
laser,0.0,0.0,0.0
timeline,0.0,0.0,0.0
আচে,0.0,0.0,0.0
caisilam,0.0,0.0,0.0
অর্থ,0.0,0.0,0.0
এক্টু,0.0,0.0,0.0
comic,0.0,0.0,0.0
চেটেপুটে,0.0,0.0,0.0
ততোটা,0.0,0.0,0.0
নইলে,0.0,0.0,0.0
ossam,0.0,0.0,0.0
এসেছিলো,0.0,0.0,0.0
নানের,0.0,0.0,0.0
চাইলো,0.0,0.0,0.0
একদিনেই,0.0,0.0,0.0
avonee,0.0,0.0,0.0
subscribe,0.0,0.0,0.0
hoinai,0.0,0.0,0.0
foundation,0.0,0.0,0.0
মোড,0.0,0.0,0.0
ফেলুন,0.0,0.0,0.0
পরিমানও,0.0,0.0,0.0
মুটা,0.0,0.0,0.0
কার্ডে,0.0,0.0,0.0
ডিসকানেক্ট,0.0,0.0,0.0
journal,0.0,0.0,0.0
aii,0.0,0.0,0.0
আফটার,0.0,0.0,0.0
herbal,0.0,0.0,0.0
workmanship,0.0,0.0,0.0
woww,0.0,0.0,0.0
ফাই,0.0,0.0,0.0
তেও,0.0,0.0,0.0
thus,0.0,0.0,0.0
330,0.0,0.0,0.0
thakleo,0.0,0.0,0.0
ঠকাবেন,0.0,0.0,0.0
vendor,0.0,0.0,0.0
shopkeeper,0.0,0.0,0.0
মনোমুগ্ধকর,0.0,0.0,0.0
obsessed,0.0,0.0,0.0
ig,0.0,0.0,0.0
রাখবো,0.0,0.0,0.0
কালারই,0.0,0.0,0.0
fruits,0.0,0.0,0.0
dse,0.0,0.0,0.0
নিত্য,0.0,0.0,0.0
জ্যুস,0.0,0.0,0.0
কমন,0.0,0.0,0.0
ওগুলো,0.0,0.0,0.0
beast,0.0,0.0,0.0
bulb,0.0,0.0,0.0
শান্তিনগর,0.0,0.0,0.0
cola,0.0,0.0,0.0
জিনিসে,0.0,0.0,0.0
khawar,0.0,0.0,0.0
লেজার,0.0,0.0,0.0
সাধ,0.0,0.0,0.0
onara,0.0,0.0,0.0
gravy,0.0,0.0,0.0
কমেন্টে,0.0,0.0,0.0
ধন্যাবাদ,0.0,0.0,0.0
kory,0.0,0.0,0.0
entire,0.0,0.0,0.0
flower,0.0,0.0,0.0
কালারটাও,0.0,0.0,0.0
likhe,0.0,0.0,0.0
ছাইলে,0.0,0.0,0.0
অক্টোপাস,0.0,0.0,0.0
সিস্টেমটা,0.0,0.0,0.0
রেসিডেন্সিয়াল,0.0,0.0,0.0
রোস্টেড,0.0,0.0,0.0
একেকটা,0.0,0.0,0.0
ইনট্যাক্ট,0.0,0.0,0.0
135,0.0,0.0,0.0
dull,0.0,0.0,0.0
mega,0.0,0.0,0.0
নয়ন,0.0,0.0,0.0
cooking,0.0,0.0,0.0
perform,0.0,0.0,0.0
আপনা,0.0,0.0,0.0
colgate,0.0,0.0,0.0
সাইন্স,0.0,0.0,0.0
চালে,0.0,0.0,0.0
চারিদিকে,0.0,0.0,0.0
335,0.0,0.0,0.0
মাল্টি,0.0,0.0,0.0
samanno,0.0,0.0,0.0
অধিকার,0.0,0.0,0.0
eii,0.0,0.0,0.0
কাগজে,0.0,0.0,0.0
গতানুগতিক,0.0,0.0,0.0
কমায়,0.0,0.0,0.0
অ্যাপস,0.0,0.0,0.0
টানাটানি,0.0,0.0,0.0
হার্ট,0.0,0.0,0.0
rock,0.0,0.0,0.0
ডেকার,0.0,0.0,0.0
পারবেনা,0.0,0.0,0.0
korey,0.0,0.0,0.0
জলপাই,0.0,0.0,0.0
জুতো,0.0,0.0,0.0
khelna,0.0,0.0,0.0
assured,0.02383265652055194,0.0,0.0
সর্বশেষ,0.0,0.0,0.0
instantly,0.0,0.0,0.0
কাস্টার্ড,0.0,0.0,0.0
dekhechilam,0.0,0.0,0.0
coffees,0.0,0.0,0.0
valoii,0.0,0.0,0.0
টুপি,0.0,0.0,0.0
সাড়া,0.0,0.0,0.0
জারের,0.0,0.0,0.0
মানিয়ে,0.0,0.0,0.0
কজ,0.0,0.0,0.0
বাংলার,0.0,0.0,0.0
বাস্তব,0.0,0.0,0.0
pathetic,0.0,0.0,0.0
বন্ধুবান্ধব,0.0,0.0,0.0
সেপ্টেম্বর,0.0,0.0,0.0
ইনপুট,0.0,0.0,0.0
সেইলর,0.0,0.0,0.0
৪জনের,0.0,0.0,0.0
প্রডাকটি,0.0,0.0,0.0
ডিলে,0.0,0.0,0.0
102,0.0,0.0,0.0
বল্লাম,0.0,0.0,0.0
nahole,0.0,0.0,0.0
নিচু,0.0,0.0,0.0
images,0.0,0.0,0.0
stains,0.0,0.0,0.0
title,0.0,0.0,0.0
নখ,0.0,0.0,0.0
rb,0.0,0.0,0.0
স্টার্ট,0.0,0.0,0.0
sharing,0.0,0.0,0.0
পিনগুলো,0.0,0.0,0.0
ঢুকার,0.0,0.0,0.0
আসসালামুয়ালাইকুম,0.0,0.0,0.0
চাচ্ছিলাম,0.0,0.0,0.0
বেলটা,0.0,0.0,0.0
kichudin,0.0,0.0,0.0
নতুনের,0.0,0.0,0.0
রিপ্লে,0.0,0.0,0.0
দ্য,0.0,0.0,0.0
ruined,0.0,0.0,0.0
এইখানের,0.0,0.0,0.0
lenuo,0.0,0.0,0.0
আরেকবার,0.0,0.0,0.0
album,0.0,0.0,0.0
জানালো,0.0,0.0,0.0
দায়িত্বশীল,0.0,0.0,0.0
পিজ্জাটি,0.0,0.0,0.0
হাইলে,0.0,0.0,0.0
performing,0.0,0.0,0.0
naman,0.0,0.0,0.0
৬২,0.0,0.0,0.0
lego,0.0,0.0,0.0
চওড়া,0.0,0.0,0.0
louis,0.0,0.0,0.0
এক্সট্রিম,0.0,0.0,0.0
attempt,0.0,0.0,0.0
চারজন,0.0,0.0,0.0
worn,0.0,0.0,0.0
গেটে,0.0,0.0,0.0
coating,0.0,0.0,0.0
কেমিক্যাল,0.0,0.0,0.0
bolben,0.0,0.0,0.0
শীতকালে,0.0,0.0,0.0
ekdomi,0.0,0.0,0.0
ফিরত,0.0,0.0,0.0
ক্ষুধার্ত,0.0,0.0,0.0
দেশীয়,0.0,0.0,0.0
ম্যাংগো,0.0,0.0,0.0
মেন্যুর,0.0,0.0,0.0
হয়েও,0.0,0.0,0.0
এমাউন্ট,0.0,0.0,0.0
vule,0.0,0.0,0.0
slip,0.0,0.0,0.0
দেখানোর,0.0,0.0,0.0
hakka,0.0,0.0,0.0
lagate,0.0,0.0,0.0
ওয়াজ,0.0,0.0,0.0
প্যাচ,0.0,0.0,0.0
peace,0.0,0.0,0.0
vry,0.0,0.0,0.0
parten,0.0,0.0,0.0
vintage,0.0,0.0,0.0
ponnoti,0.0,0.0,0.0
অন্যথায়,0.0,0.0,0.0
জরুরী,0.0,0.0,0.0
chart,0.0,0.0,0.0
boya,0.0,0.0,0.0
sondeho,0.0,0.0,0.0
bese,0.0,0.0,0.0
adjusted,0.0,0.0,0.0
kortechi,0.0,0.0,0.0
আটার,0.0,0.0,0.0
maggi,0.0,0.0,0.0
ফ্রাইয়েড,0.0,0.0,0.0
le,0.0,0.0,0.0
প্ল্যাটারের,0.0,0.0,0.0
খানি,0.0,0.0,0.0
শাড়ির,0.0,0.0,0.0
পারসেল,0.0,0.0,0.0
অনকে,0.0,0.0,0.0
রাখুন,0.0,0.0,0.0
বস্তু,-0.05839569357961415,0.0,0.0
পনির,0.0,0.0,0.0
অপোসিটে,0.0,0.0,0.0
ইলেকট্রিক,0.0,0.0,0.0
aigula,0.0,0.0,0.0
batper,0.0,0.0,0.0
daoa,0.0,0.0,0.0
onujaiye,0.0,0.0,0.0
১১১,0.0,0.0,0.0
হয়েছে৷,0.0,0.0,0.0
পছন্দসই,0.0,0.0,0.0
বোনলেস,0.0,0.0,0.0
ফেইসবুক,0.0,0.0,0.0
polarized,0.0,0.0,0.0
কন,0.0,0.0,0.0
দেখালো,0.0,0.0,0.0
চাট,0.0,0.0,0.0
kapur,0.0,0.0,0.0
টিতে,0.0,0.0,0.0
shokto,0.0,0.0,0.0
shaban,0.0,0.0,0.0
গ্র,0.0,0.0,0.0
suna,0.0,0.0,0.0
delo,0.0,0.0,0.0
missed,0.0,0.0,0.0
মোস্তাকিমের,0.0,0.0,0.0
nan,0.0,0.0,0.0
বেকার,0.0,0.0,0.0
করেননি,0.0,0.0,0.0
২৩৫,0.0,0.0,0.0
চলেছে,0.0,0.0,0.0
ceyecilam,0.0,0.0,0.0
naaa,0.0,0.0,0.0
নিন্মমানের,0.0,0.0,0.0
নান্দনিক,0.0,0.0,0.0
সুলতানের,0.0,0.0,0.0
বাড়াতে,0.0,0.0,0.0
নাস্তার,0.0,0.0,0.0
akjon,0.0,0.0,0.0
বউয়ের,0.0,0.0,0.0
কেমেরা,0.0,0.0,0.0
demand,0.0,0.0,0.0
ছিলোই,0.0,0.0,0.0
diy,0.0,0.0,0.0
restock,0.0,0.0,0.0
মাছি,0.0,0.0,0.0
সন্ধায়,0.0,0.0,0.0
bajar,0.0,0.0,0.0
processing,0.0,0.0,0.0
পয়েছি,0.0,0.0,0.0
tips,0.0,0.0,0.0
স্টেপ,0.0,0.0,0.0
jst,0.0,0.0,0.0
আগেরবার,0.0,0.0,0.0
গিটার,0.0,0.0,0.0
লাচ্চি,0.0,0.0,0.0
নেয়নি,0.0,0.0,0.0
ফুডি,0.0,0.0,0.0
চার্জটা,0.0,0.0,0.0
পণ্যর,0.0,0.0,0.0
গুছিয়ে,0.0,0.0,0.0
koy,0.0,0.0,0.0
braided,0.0,0.0,0.0
lageche,0.0,0.0,0.0
চট্টগ্রামের,0.0,0.0,0.0
বসেন,0.0,0.0,0.0
59,0.0,0.0,0.0
chesta,0.0,0.0,0.0
typing,0.0,0.0,0.0
veg,0.0,0.0,0.0
তরল,0.0,0.0,0.0
অনুয়ায়ী,0.0,0.0,0.0
লুফা,0.0,0.0,0.0
রের,0.0,0.0,0.0
vaj,0.0,0.0,0.0
কাটিং,0.0,0.0,0.0
রুফ,0.0,0.0,0.0
ট্রায়,0.0,0.0,0.0
ছেলেটা,0.0,0.0,0.0
krse,0.0,0.0,0.0
jawar,0.0,0.0,0.0
jnne,0.0,0.0,0.0
টং,0.0,0.0,0.0
সাইটে,0.0,0.0,0.0
সাতরওজা,0.0,0.0,0.0
750,0.0,0.0,0.0
তাছারা,0.0,0.0,0.0
bhitore,0.0,0.0,0.0
bath,0.0,0.0,0.0
detailed,0.0,0.0,0.0
strips,0.0,0.0,0.0
শেপ,0.0,0.0,0.0
অন্যরা,0.0,0.0,0.0
crumpled,0.0,0.0,0.0
xs,0.0,0.0,0.0
প্রাইসটা,0.0,0.0,0.0
করতেসে,0.0,0.0,0.0
ব্রাঞ্চেই,-0.023338540266166323,0.0,0.0
চারপাশে,0.0,0.0,0.0
shall,0.0,0.0,0.0
ফাইজলামি,0.0,0.0,0.0
প্রোগ্রাম,0.0,0.0,0.0
filled,0.0,0.0,0.0
paltu,0.0,0.0,0.0
পেকেজ,0.0,0.0,0.0
পাস,0.0,0.0,0.0
তিনটাই,0.0,0.0,0.0
decision,0.0,0.0,0.0
শাক,0.0,0.0,0.0
প্রেমিদের,0.0,0.0,0.0
প্রি,0.0,0.0,0.0
poro,0.0,0.0,0.0
vabini,0.0,0.0,0.0
messages,0.0,0.0,0.0
আন্তরিকতার,0.0,0.0,0.0
পর্যায়ে,0.0,0.0,0.0
sp,0.0,0.0,0.0
স্লিম,0.0,0.0,0.0
মশার,0.0,0.0,0.0
জাম,0.0,0.0,0.0
কন্ডিশনে,0.0,0.0,0.0
dropped,0.0,0.0,0.0
পাখা,0.0,0.0,0.0
bade,0.0,0.0,0.0
উঠছে,0.0,0.0,0.0
stores,0.0,0.0,0.0
যেগুলা,0.0,0.0,0.0
flame,0.0,0.0,0.0
hydrabadi,0.0,0.0,0.0
gt,0.0,0.0,0.0
nichilam,0.0,0.0,0.0
spend,0.0,0.0,0.0
ঝিগাতলা,0.0,0.0,0.0
শালা,0.0,0.0,0.0
খোঁজে,0.0,0.0,0.0
ডেকোরেটেড,0.0,0.0,0.0
ফুটবল,0.0,0.0,0.0
impossible,0.0,0.0,0.0
needle,0.0,0.0,0.0
599,0.0,0.0,0.0
কানেক্টেড,0.0,0.0,0.0
fi,0.0,0.0,0.0
অর্ডারটি,0.0,0.0,0.0
goto,0.0,0.0,0.0
পিছে,0.0,0.0,0.0
আগ্রহী,0.0,0.0,0.0
prodak,0.0,0.0,0.0
specific,0.0,0.0,0.0
খুলনার,0.0,0.0,0.0
টিস্যুগুলো,0.0,0.0,0.0
fold,0.0,0.0,0.0
ওয়েলকাম,0.0,0.0,0.0
কোর্টে,0.0,0.0,0.0
যাওয়াই,0.0,0.0,0.0
tnxxx,0.0,0.0,0.0
চাইবে,0.0,0.0,0.0
deca,0.0,0.0,0.0
interested,0.0,0.0,0.0
খারাপও,0.0,0.0,0.0
চাচার,0.0,0.0,0.0
একটিভ,0.0,0.0,0.0
গন্ধটাও,0.0,0.0,0.0
মাউসটি,0.0,0.0,0.0
সেখানকার,0.0,0.0,0.0
গুঁড়ো,0.0,0.0,0.0
mosquito,0.0,0.0,0.0
ইনশাআল্লাহ্,0.0,0.0,0.0
happiness,0.0,0.0,0.0
১দিন,0.0,0.0,0.0
cast,0.0,0.0,0.0
nibe,0.0,0.0,0.0
peyachi,0.0,0.0,0.0
minimal,0.0,0.0,0.0
mechanical,0.0,0.0,0.0
bhuna,0.0,0.0,0.0
কখনই,0.0,0.0,0.0
ব্রাইটনেস,0.0,0.0,0.0
ফাইনালি,0.0,0.0,0.0
seeds,0.0,0.0,0.0
হাউজের,0.0,0.0,0.0
ল্যাব,0.0,0.0,0.0
emne,0.0,0.0,0.0
dried,0.0,0.0,0.0
প্রশংসার,0.0,0.0,0.0
korsa,0.0,0.0,0.0
ফিডব্যাক,0.0,0.0,0.0
workout,0.0,0.0,0.0
অর্ডারটা,0.0,0.0,0.0
লাগবেনা,0.0,0.0,0.0
onar,0.0,0.0,0.0
cleans,0.0,0.0,0.0
গেন্জি,0.0,0.0,0.0
speaking,0.0,0.0,0.0
বেগুনি,0.0,0.0,0.0
যেটাই,0.0,0.0,0.0
সংযুক্ত,0.0,0.0,0.0
বৃথা,0.0,0.0,0.0
চলা,0.0,0.0,0.0
ে,0.0,0.0,0.0
kolom,0.0,0.0,0.0
vali,0.0,0.0,0.0
সুবিধাজনক,0.0,0.0,0.0
ভাইব্রেশন,0.0,0.0,0.0
আসবো,0.0,0.0,0.0
wooden,0.0,0.0,0.0
krp,0.0,0.0,0.0
eu,0.0,0.0,0.0
চেয়েছে,0.0,0.0,0.0
sit,0.0,0.0,0.0
accurately,0.0,0.0,0.0
গফ,0.0,0.0,0.0
পন্যে,0.0,0.0,0.0
gh,0.0,0.0,0.0
sira,0.0,0.0,0.0
ল,0.0,0.0,0.0
chay,0.0,0.0,0.0
বুফ্যে,0.0,0.0,0.0
ধণ্যবাদ,0.0,0.0,0.0
সুঘ্রাণ,0.0,0.0,0.0
115,0.0,0.0,0.0
রসালো,0.0,0.0,0.0
chaap,0.0,0.0,0.0
decorated,0.0,0.0,0.0
poka,0.0,0.0,0.0
sleep,0.0,0.0,0.0
marvelous,0.0,0.0,0.0
সুস্থ,0.0,0.0,0.0
এটাতো,0.0,0.0,0.0
reject,0.0,0.0,0.0
bone,0.0,0.0,0.0
ইন্ডিয়া,0.0,0.0,0.0
yung,0.0,0.0,0.0
parsi,0.0,0.0,0.0
স্ত্রী,0.0,0.0,0.0
frappe,0.0,0.0,0.0
concerned,0.0,0.0,0.0
dokane,0.0,0.0,0.0
দেখাযাক,0.0,0.0,0.0
বাপ,0.0,0.0,0.0
নামি,0.0,0.0,0.0
রাইটার,0.0,0.0,0.0
dissapointed,0.0,0.0,0.0
smartphone,0.0,0.0,0.0
resolution,0.0,0.0,0.0
ছবিতেই,0.0,0.0,0.0
khrap,0.0,0.0,0.0
কমদামি,0.0,0.0,0.0
হেডফোনটা,0.0,0.0,0.0
melted,0.0,0.0,0.0
লাগাই,0.0,0.0,0.0
blouse,0.0,0.0,0.0
শুভেচ্ছা,0.0,0.0,0.0
holud,0.0,0.0,0.0
pase,0.0,0.0,0.0
bollei,0.0,0.0,0.0
functionality,0.0,0.0,0.0
এদিক,0.0,0.0,0.0
deini,0.0,0.0,0.0
peaci,0.0,0.0,0.0
বাচ্চাকে,0.0,0.0,0.0
vore,0.0,0.0,0.0
bullshit,0.0,0.0,0.0
certified,0.0,0.0,0.0
dhonnobaad,0.0,0.0,0.0
মমো,0.0,0.0,0.0
সালার,0.0,0.0,0.0
মিটবল,0.0,0.0,0.0
transaction,0.0,0.0,0.0
মাঝামাঝি,0.0,0.0,0.0
পেলেই,0.0,0.0,0.0
info,0.0,0.0,0.0
outdoor,0.0,0.0,0.0
খোর,0.0,0.0,0.0
আবদার,0.0,0.0,0.0
hoie,0.0,0.0,0.0
lifebuoy,0.0,0.0,0.0
fly,0.0,0.0,0.0
তোদের,0.0,0.0,0.0
লেটেস্ট,0.0,0.0,0.0
লার্জ,0.0,0.0,0.0
চালটা,0.0,0.0,0.0
val,0.0,0.0,0.0
পাকা,0.0,0.0,0.0
ইদগাহ,0.0,0.0,0.0
cooker,0.0,0.0,0.0
parking,0.0,0.0,0.0
পাউচ,0.0,0.0,0.0
logistics,0.0,0.0,0.0
geyser,0.0,0.0,0.0
cord,0.0,0.0,0.0
বাটনে,0.0,0.0,0.0
fantasy,0.0,0.0,0.0
মোলায়েম,0.0,0.0,0.0
ফাষ্ট,0.0,0.0,0.0
pastry,0.0,0.0,0.0
আদা,0.0,0.0,0.0
হউক,0.0,0.0,0.0
রাখেনি,0.0,0.0,0.0
met,0.0,0.0,0.0
ans,0.0,0.0,0.0
enclosure,0.0,0.0,0.0
সোহাগা,0.0,0.0,0.0
বড়দের,0.0,0.0,0.0
ভরার,0.0,0.0,0.0
হইছি,0.0,0.0,0.0
দন্যবাদ,0.0,0.0,0.0
doorstep,0.0,0.0,0.0
files,0.0,0.0,0.0
steakhouse,0.0,0.0,0.0
latte,0.0,0.0,0.0
মসলাদার,0.0,0.0,0.0
কালে,0.0,0.0,0.0
বাড়ে,0.0,0.0,0.0
videos,0.0,0.0,0.0
অনুজায়ি,0.0,0.0,0.0
উল্টাপাল্টা,0.0,0.0,0.0
sovai,0.0,0.0,0.0
musk,0.0,0.0,0.0
jamonta,0.0,0.0,0.0
faluda,0.0,0.0,0.0
বলো,0.0,0.0,0.0
inform,0.0,0.0,0.0
এলইডি,0.0,0.0,0.0
কক্সবাজার,0.0,0.0,0.0
prevent,0.0,0.0,0.0
আজমপুর,0.0,0.0,0.0
খিঁলগাও,0.0,0.0,0.0
ফিলিং,0.0,0.0,0.0
রেখেই,0.0,0.0,0.0
random,0.0,0.0,0.0
দাঁড়ায়,0.0,0.0,0.0
