[{"stream_name":"stderr","time":7.377083714,"data":"0.00s - Debugger warning: It seems that frozen modules are being used, which may\n"}
,{"stream_name":"stderr","time":7.377154622,"data":"0.00s - make the debugger miss breakpoints. Please pass -Xfrozen_modules=off\n"}
,{"stream_name":"stderr","time":7.377158712,"data":"0.00s - to python to disable frozen modules.\n"}
,{"stream_name":"stderr","time":7.377161242,"data":"0.00s - Note: Debugging will proceed. Set PYDEVD_DISABLE_FILE_VALIDATION=1 to disable this validation.\n"}
,{"stream_name":"stderr","time":7.977112866,"data":"0.00s - Debugger warning: It seems that frozen modules are being used, which may\n"}
,{"stream_name":"stderr","time":7.977148124,"data":"0.00s - make the debugger miss breakpoints. Please pass -Xfrozen_modules=off\n"}
,{"stream_name":"stderr","time":7.977154043,"data":"0.00s - to python to disable frozen modules.\n"}
,{"stream_name":"stderr","time":7.977158083,"data":"0.00s - Note: Debugging will proceed. Set PYDEVD_DISABLE_FILE_VALIDATION=1 to disable this validation.\n"}
,{"stream_name":"stderr","time":13.757106522,"data":"WARNING: Using incubator modules: jdk.incubator.vector\n"}
,{"stream_name":"stderr","time":13.960218728,"data":"WARNING: Using incubator modules: jdk.incubator.vector\n"}
,{"stream_name":"stderr","time":13.960270234,"data":"\n"}
,{"stream_name":"stderr","time":13.960277865,"data":"WARNING: Using incubator modules: jdk.incubator.vector\n"}
,{"stream_name":"stderr","time":16.237403048,"data":"Using Spark's default log4j profile: org/apache/spark/log4j2-defaults.properties\n"}
,{"stream_name":"stderr","time":16.238041532,"data":"Setting default log level to \"WARN\".\n"}
,{"stream_name":"stderr","time":16.238061125,"data":"To adjust logging level use sc.setLogLevel(newLevel). For SparkR, use setLogLevel(newLevel).\n"}
,{"stream_name":"stderr","time":16.486169046,"data":"Using Spark's default log4j profile: org/apache/spark/log4j2-defaults.properties\n"}
,{"stream_name":"stderr","time":16.48625426,"data":"Setting default log level to \"WARN\".\n"}
,{"stream_name":"stderr","time":16.486265902,"data":"To adjust logging level use sc.setLogLevel(newLevel). For SparkR, use setLogLevel(newLevel).\n"}
,{"stream_name":"stderr","time":16.486271141,"data":"\n"}
,{"stream_name":"stderr","time":16.486275448,"data":"Using Spark's default log4j profile: org/apache/spark/log4j2-defaults.properties\n"}
,{"stream_name":"stderr","time":16.486281467,"data":"Setting default log level to \"WARN\".\n"}
,{"stream_name":"stderr","time":16.486286431,"data":"To adjust logging level use sc.setLogLevel(newLevel). For SparkR, use setLogLevel(newLevel).\n"}
,{"stream_name":"stderr","time":17.01019721,"data":"26/09/21 05:57:29 WARN NativeCodeLoader: Unable to load native-hadoop library for your platform... using builtin-java classes where applicable\n"}
,{"stream_name":"stderr","time":17.212633488,"data":"26/09/21 05:57:29 WARN NativeCodeLoader: Unable to load native-hadoop library for your platform... using builtin-java classes where applicable\n"}
,{"stream_name":"stderr","time":17.212674891,"data":"\n"}
,{"stream_name":"stderr","time":17.212680599,"data":"26/09/21 05:57:29 WARN NativeCodeLoader: Unable to load native-hadoop library for your platform... using builtin-java classes where applicable\n"}
,{"stream_name":"stdout","time":22.645475218,"data":"Reading notebook 03 data from /kaggle/input/notebooks/borshon47/featureengi/bangla_fake_review/processed\n"}
,{"stream_name":"stdout","time":22.645564438,"data":"Reading notebook 03 feature models from /kaggle/input/notebooks/borshon47/featureengi/bangla_fake_review/models\n"}
,{"stream_name":"stdout","time":22.645572046,"data":"Reading notebook 04 models from /kaggle/input/notebooks/borshon47/goldtrain/bangla_fake_review/models\n"}
,{"stream_name":"stdout","time":22.645590872,"data":"Reading notebook 05 models from /kaggle/input/notebooks/borshon47/pseudol/bangla_fake_review/models\n"}
,{"stream_name":"stderr","time":25.802479662,"data":"\r[Stage 0:\u003e                                                          (0 + 1) / 1]\r\r                                                                                \r\r[Stage 0:\u003e                                                          (0 + 1) / 1]\r\r                                                                                \r\n"}
,{"stream_name":"stderr","time":27.597126328,"data":"\r[Stage 0:\u003e                                                          (0 + 1) / 1]\r\r                                                                                \r\r[Stage 2:\u003e                                                          (0 + 1) / 1]\r\r[Stage 2:\u003e                                                          (0 + 1) / 1]\r\n"}
,{"stream_name":"stderr","time":28.093757154,"data":"\r[Stage 2:\u003e                                                          (0 + 1) / 1]\r\r                                                                                \r\r                                                                                \r\n"}
,{"stream_name":"stderr","time":29.594838046,"data":"\r                                                                                \r\r[Stage 6:\u003e                                                          (0 + 1) / 1]\r\r[Stage 6:\u003e                                                          (0 + 1) / 1]\r\n"}
,{"stream_name":"stderr","time":30.973969192,"data":"\r[Stage 6:\u003e                                                          (0 + 1) / 1]\r\r                                                                                \r\r                                                                                \r\n"}
,{"stream_name":"stderr","time":33.594656654,"data":"\r                                                                                \r\r[Stage 14:\u003e                                                         (0 + 1) / 1]\r\r[Stage 14:\u003e                                                         (0 + 1) / 1]\r\n"}
,{"stream_name":"stderr","time":34.795039996,"data":"\r[Stage 14:\u003e                                                         (0 + 1) / 1]\r\r[Stage 15:\u003e                                                         (0 + 1) / 1]\r\r                                                                                \r\r[Stage 15:\u003e                                                         (0 + 1) / 1]\r\r                                                                                \r\n"}
,{"stream_name":"stderr","time":36.195086866,"data":"\r[Stage 15:\u003e                                                         (0 + 1) / 1]\r\r                                                                                \r\r[Stage 16:\u003e                                                         (0 + 1) / 1]\r\r[Stage 16:\u003e                                                         (0 + 1) / 1]\r\n"}
,{"stream_name":"stderr","time":36.448621188,"data":"\r[Stage 16:\u003e                                                         (0 + 1) / 1]\r\r                                                                                \r\r                                                                                \r\n"}
,{"stream_name":"stderr","time":38.922122266,"data":"\r                                                                                \r26/09/21 05:57:51 WARN DAGScheduler: Broadcasting large task binary with size 1762.3 KiB\n"}
,{"stream_name":"stderr","time":39.127728123,"data":"26/09/21 05:57:51 WARN DAGScheduler: Broadcasting large task binary with size 1762.3 KiB\n"}
,{"stream_name":"stderr","time":39.1278081,"data":"\n"}
,{"stream_name":"stderr","time":39.127828943,"data":"26/09/21 05:57:51 WARN DAGScheduler: Broadcasting large task binary with size 1762.3 KiB\n"}
,{"stream_name":"stderr","time":39.599030695,"data":"\r[Stage 19:\u003e                                                         (0 + 4) / 4]\r\r                                                                                \r\r[Stage 19:\u003e                                                         (0 + 4) / 4]\r\r                                                                                \r\n"}
,{"stream_name":"stderr","time":40.17093574,"data":"\r[Stage 19:\u003e                                                         (0 + 4) / 4]\r\r                                                                                \r26/09/21 05:57:52 WARN DAGScheduler: Broadcasting large task binary with size 2.2 MiB\n"}
,{"stream_name":"stderr","time":40.378736373,"data":"26/09/21 05:57:52 WARN DAGScheduler: Broadcasting large task binary with size 2.2 MiB\n"}
,{"stream_name":"stderr","time":40.378791114,"data":"\n"}
,{"stream_name":"stderr","time":40.381710252,"data":"26/09/21 05:57:52 WARN DAGScheduler: Broadcasting large task binary with size 2.2 MiB\n"}
,{"stream_name":"stderr","time":41.097385258,"data":"26/09/21 05:57:53 WARN DAGScheduler: Broadcasting large task binary with size 1983.6 KiB\n"}
,{"stream_name":"stderr","time":41.300145985,"data":"26/09/21 05:57:53 WARN DAGScheduler: Broadcasting large task binary with size 1983.6 KiB\n"}
,{"stream_name":"stderr","time":41.300203891,"data":"\n"}
,{"stream_name":"stderr","time":41.30021005,"data":"26/09/21 05:57:53 WARN DAGScheduler: Broadcasting large task binary with size 1983.6 KiB\n"}
,{"stream_name":"stderr","time":41.797396911,"data":"\r[Stage 21:\u003e                                                         (0 + 4) / 4]\r\r[Stage 21:\u003e                                                         (0 + 4) / 4]\r\n"}
,{"stream_name":"stderr","time":42.043132214,"data":"\r[Stage 21:\u003e                                                         (0 + 4) / 4]\r\r                                                                                \r\r                                                                                \r\n"}
,{"stream_name":"stderr","time":42.166982202,"data":"\r                                                                                \r26/09/21 05:57:54 WARN DAGScheduler: Broadcasting large task binary with size 2.4 MiB\n"}
,{"stream_name":"stderr","time":42.373775061,"data":"26/09/21 05:57:54 WARN DAGScheduler: Broadcasting large task binary with size 2.4 MiB\n"}
,{"stream_name":"stderr","time":42.373821589,"data":"\n"}
,{"stream_name":"stderr","time":42.373827011,"data":"26/09/21 05:57:54 WARN DAGScheduler: Broadcasting large task binary with size 2.4 MiB\n"}
,{"stream_name":"stdout","time":42.727905696,"data":"       condition         model  macro_f1  fake_pr_auc  fake_f1  accuracy\n"}
,{"stream_name":"stdout","time":42.727935932,"data":"       gold_only random_forest  0.919361     0.921334 0.860963  0.961652\n"}
,{"stream_name":"stdout","time":42.727941432,"data":"gold_plus_pseudo random_forest  0.909775     0.903278 0.843836  0.957965\n"}
,{"stream_name":"stderr","time":42.729019648,"data":"\r[Stage 22:==============\u003e                                           (1 + 3) / 4]\r\r                                                                                \r\r[Stage 22:==============\u003e                                           (1 + 3) / 4]\r\r                                                                                \r\n"}
,{"stream_name":"stderr","time":43.518660655,"data":"\r[Stage 22:==============\u003e                                           (1 + 3) / 4]\r\r                                                                                \r26/09/21 05:57:56 WARN DAGScheduler: Broadcasting large task binary with size 2.2 MiB\n"}
,{"stream_name":"stderr","time":43.725271144,"data":"26/09/21 05:57:56 WARN DAGScheduler: Broadcasting large task binary with size 2.2 MiB\n"}
,{"stream_name":"stderr","time":43.72532067,"data":"\n"}
,{"stream_name":"stderr","time":43.725325838,"data":"26/09/21 05:57:56 WARN DAGScheduler: Broadcasting large task binary with size 2.2 MiB\n"}
,{"stream_name":"stderr","time":47.995188495,"data":"\r[Stage 39:\u003e                                                         (0 + 1) / 1]\r\r[Stage 39:\u003e                                                         (0 + 1) / 1]\r\n"}
,{"stream_name":"stderr","time":49.160117004,"data":"\r[Stage 39:\u003e                                                         (0 + 1) / 1]\r\r                                                                                \r\r                                                                                \r\n"}
,{"stream_name":"stderr","time":53.165647776,"data":"\r                                                                                \r26/09/21 05:58:05 WARN DAGScheduler: Broadcasting large task binary with size 2.2 MiB\n"}
,{"stream_name":"stderr","time":53.27647291,"data":"26/09/21 05:58:05 WARN DAGScheduler: Broadcasting large task binary with size 2.2 MiB\n"}
,{"stream_name":"stderr","time":53.373187632,"data":"26/09/21 05:58:05 WARN DAGScheduler: Broadcasting large task binary with size 2.2 MiB\n"}
,{"stream_name":"stderr","time":53.373275541,"data":"26/09/21 05:58:05 WARN DAGScheduler: Broadcasting large task binary with size 2.2 MiB\n"}
,{"stream_name":"stderr","time":53.373284278,"data":"\n"}
,{"stream_name":"stderr","time":53.373288694,"data":"26/09/21 05:58:05 WARN DAGScheduler: Broadcasting large task binary with size 2.2 MiB\n"}
,{"stream_name":"stderr","time":53.373292895,"data":"26/09/21 05:58:05 WARN DAGScheduler: Broadcasting large task binary with size 2.2 MiB\n"}
,{"stream_name":"stderr","time":53.994566954,"data":"\r[Stage 56:\u003e                                                         (0 + 4) / 4]\r\r[Stage 56:\u003e                                                         (0 + 4) / 4]\r\n"}
,{"stream_name":"stderr","time":53.99770113,"data":"\r[Stage 56:\u003e                                                         (0 + 4) / 4]\r26/09/21 05:58:06 WARN DAGScheduler: Broadcasting large task binary with size 2.2 MiB\n"}
,{"stream_name":"stderr","time":54.202485655,"data":"26/09/21 05:58:06 WARN DAGScheduler: Broadcasting large task binary with size 2.2 MiB\n"}
,{"stream_name":"stderr","time":54.202546903,"data":"\n"}
,{"stream_name":"stderr","time":54.202564941,"data":"26/09/21 05:58:06 WARN DAGScheduler: Broadcasting large task binary with size 2.2 MiB\n"}
,{"stream_name":"stderr","time":54.511014986,"data":"\r                                                                                \r\r                                                                                \r\n"}
,{"stream_name":"stderr","time":54.901547859,"data":"\r                                                                                \r26/09/21 05:58:07 WARN DAGScheduler: Broadcasting large task binary with size 2.2 MiB\n"}
,{"stream_name":"stderr","time":55.103960362,"data":"26/09/21 05:58:07 WARN DAGScheduler: Broadcasting large task binary with size 2.2 MiB\n"}
,{"stream_name":"stderr","time":55.104008538,"data":"\n"}
,{"stream_name":"stderr","time":55.104211773,"data":"26/09/21 05:58:07 WARN DAGScheduler: Broadcasting large task binary with size 2.2 MiB\n"}
,{"stream_name":"stderr","time":55.599635387,"data":"\r[Stage 62:\u003e                                                         (0 + 4) / 5]\r\r[Stage 62:\u003e                                                         (0 + 4) / 5]\r\n"}
,{"stream_name":"stderr","time":61.994949333,"data":"\r[Stage 62:\u003e                                                         (0 + 4) / 5]\r\r[Stage 62:===========\u003e                                              (1 + 4) / 5]\r\r[Stage 62:=======================\u003e                                  (2 + 3) / 5]\r\r[Stage 62:===========\u003e                                              (1 + 4) / 5]\r\r[Stage 62:=======================\u003e                                  (2 + 3) / 5]\r\n"}
,{"stream_name":"stderr","time":62.794251294,"data":"\r[Stage 62:===========\u003e                                              (1 + 4) / 5]\r\r[Stage 62:=======================\u003e                                  (2 + 3) / 5]\r\r[Stage 62:==================================\u003e                       (3 + 2) / 5]\r\r[Stage 62:==============================================\u003e           (4 + 1) / 5]\r\r[Stage 62:==================================\u003e                       (3 + 2) / 5]\r\r[Stage 62:==============================================\u003e           (4 + 1) / 5]\r\n"}
,{"stream_name":"stderr","time":63.333117518,"data":"\r[Stage 62:==================================\u003e                       (3 + 2) / 5]\r\r[Stage 62:==============================================\u003e           (4 + 1) / 5]\r\r                                                                                \r\r                                                                                \r\n"}
,{"stream_name":"stderr","time":63.637647077,"data":"\r                                                                                \r26/09/21 05:58:16 WARN DAGScheduler: Broadcasting large task binary with size 2.2 MiB\n"}
,{"stream_name":"stderr","time":63.706731479,"data":"26/09/21 05:58:16 WARN DAGScheduler: Broadcasting large task binary with size 2.2 MiB\n"}
,{"stream_name":"stderr","time":63.840825651,"data":"26/09/21 05:58:16 WARN DAGScheduler: Broadcasting large task binary with size 2.2 MiB\n"}
,{"stream_name":"stderr","time":63.840901929,"data":"26/09/21 05:58:16 WARN DAGScheduler: Broadcasting large task binary with size 2.2 MiB\n"}
,{"stream_name":"stderr","time":63.840909096,"data":"\n"}
,{"stream_name":"stderr","time":63.842844305,"data":"26/09/21 05:58:16 WARN DAGScheduler: Broadcasting large task binary with size 2.2 MiB\n"}
,{"stream_name":"stderr","time":63.84287809,"data":"26/09/21 05:58:16 WARN DAGScheduler: Broadcasting large task binary with size 2.2 MiB\n"}
,{"stream_name":"stderr","time":64.34474775,"data":"\r[Stage 64:\u003e                                                         (0 + 4) / 4]\r26/09/21 05:58:17 WARN DAGScheduler: Broadcasting large task binary with size 2.2 MiB\n"}
,{"stream_name":"stderr","time":64.39954529,"data":"\r[Stage 64:\u003e                                                         (0 + 4) / 4]\r26/09/21 05:58:17 WARN DAGScheduler: Broadcasting large task binary with size 2.2 MiB\n"}
,{"stream_name":"stderr","time":64.399601912,"data":"\n"}
,{"stream_name":"stderr","time":64.399609267,"data":"\r[Stage 64:\u003e                                                         (0 + 4) / 4]\r26/09/21 05:58:17 WARN DAGScheduler: Broadcasting large task binary with size 2.2 MiB\n"}
,{"stream_name":"stderr","time":64.615427649,"data":"\r                                                                                \r\r                                                                                \r\n"}
,{"stream_name":"stderr","time":65.594294847,"data":"\r                                                                                \r\r[Stage 66:\u003e                                                         (0 + 1) / 1]\r\r[Stage 66:\u003e                                                         (0 + 1) / 1]\r\n"}
,{"stream_name":"stderr","time":66.071336618,"data":"\r[Stage 66:\u003e                                                         (0 + 1) / 1]\r\r                                                                                \r\r                                                                                \r\n"}
,{"stream_name":"stderr","time":66.175348397,"data":"\r                                                                                \r26/09/21 05:58:18 WARN DAGScheduler: Broadcasting large task binary with size 2.2 MiB\n"}
,{"stream_name":"stderr","time":66.378158424,"data":"26/09/21 05:58:18 WARN DAGScheduler: Broadcasting large task binary with size 2.2 MiB\n"}
,{"stream_name":"stderr","time":66.378190741,"data":"\n"}
,{"stream_name":"stderr","time":66.378195543,"data":"26/09/21 05:58:18 WARN DAGScheduler: Broadcasting large task binary with size 2.2 MiB\n"}
,{"stream_name":"stderr","time":66.994133062,"data":"\r[Stage 67:\u003e                                                         (0 + 4) / 4]\r\r[Stage 67:\u003e                                                         (0 + 4) / 4]\r\n"}
,{"stream_name":"stderr","time":68.059074722,"data":"\r[Stage 67:\u003e                                                         (0 + 4) / 4]\r\r                                                                                \r26/09/21 05:58:20 WARN DAGScheduler: Broadcasting large task binary with size 2.2 MiB\n"}
,{"stream_name":"stderr","time":68.177169487,"data":"\r                                                                                \r26/09/21 05:58:20 WARN DAGScheduler: Broadcasting large task binary with size 2.2 MiB\n"}
,{"stream_name":"stderr","time":68.177208283,"data":"\n"}
,{"stream_name":"stderr","time":68.180673599,"data":"\r                                                                                \r26/09/21 05:58:20 WARN DAGScheduler: Broadcasting large task binary with size 2.2 MiB\n"}
,{"stream_name":"stderr","time":68.794414473,"data":"\r[Stage 68:\u003e                                                         (0 + 4) / 4]\r\r[Stage 68:\u003e                                                         (0 + 4) / 4]\r\n"}
,{"stream_name":"stderr","time":68.907453795,"data":"\r[Stage 68:\u003e                                                         (0 + 4) / 4]\r26/09/21 05:58:21 WARN DAGScheduler: Broadcasting large task binary with size 2.2 MiB\n"}
,{"stream_name":"stderr","time":69.126386236,"data":"\r                                                                                \r26/09/21 05:58:21 WARN DAGScheduler: Broadcasting large task binary with size 2.2 MiB\n"}
,{"stream_name":"stderr","time":69.126438419,"data":"\r                                                                                \r\n"}
,{"stream_name":"stderr","time":69.126445376,"data":"26/09/21 05:58:21 WARN DAGScheduler: Broadcasting large task binary with size 2.2 MiB\n"}
,{"stream_name":"stderr","time":69.834329219,"data":"\r                                                                                \r26/09/21 05:58:22 WARN DAGScheduler: Broadcasting large task binary with size 2.2 MiB\n"}
,{"stream_name":"stderr","time":70.042638309,"data":"26/09/21 05:58:22 WARN DAGScheduler: Broadcasting large task binary with size 2.2 MiB\n"}
,{"stream_name":"stderr","time":70.042675866,"data":"\n"}
,{"stream_name":"stderr","time":70.043090256,"data":"26/09/21 05:58:22 WARN DAGScheduler: Broadcasting large task binary with size 2.2 MiB\n"}
,{"stream_name":"stderr","time":70.598190338,"data":"\r[Stage 72:\u003e                                                         (0 + 4) / 4]\r\r                                                                                \r\r[Stage 72:\u003e                                                         (0 + 4) / 4]\r\r                                                                                \r\n"}
,{"stream_name":"stderr","time":70.63675868,"data":"\r[Stage 72:\u003e                                                         (0 + 4) / 4]\r\r                                                                                \r26/09/21 05:58:23 WARN DAGScheduler: Broadcasting large task binary with size 2.2 MiB\n"}
,{"stream_name":"stderr","time":70.843013563,"data":"26/09/21 05:58:23 WARN DAGScheduler: Broadcasting large task binary with size 2.2 MiB\n"}
,{"stream_name":"stderr","time":70.843058055,"data":"\n"}
,{"stream_name":"stderr","time":70.843404123,"data":"26/09/21 05:58:23 WARN DAGScheduler: Broadcasting large task binary with size 2.2 MiB\n"}
,{"stream_name":"stderr","time":71.395590807,"data":"\r[Stage 73:==============\u003e                                           (1 + 3) / 4]\r\r[Stage 73:==============\u003e                                           (1 + 3) / 4]\r\n"}
,{"stream_name":"stderr","time":71.476431281,"data":"\r[Stage 73:==============\u003e                                           (1 + 3) / 4]\r26/09/21 05:58:24 WARN DAGScheduler: Broadcasting large task binary with size 2.2 MiB\n"}
,{"stream_name":"stderr","time":71.6796176,"data":"\r                                                                                \r26/09/21 05:58:24 WARN DAGScheduler: Broadcasting large task binary with size 2.2 MiB\n"}
,{"stream_name":"stderr","time":71.680558379,"data":"\r                                                                                \r\n"}
,{"stream_name":"stderr","time":71.680574756,"data":"26/09/21 05:58:24 WARN DAGScheduler: Broadcasting large task binary with size 2.2 MiB\n"}
,{"stream_name":"stderr","time":72.41531863,"data":"\r                                                                                \r26/09/21 05:58:25 WARN DAGScheduler: Broadcasting large task binary with size 2.2 MiB\n"}
,{"stream_name":"stderr","time":72.619696864,"data":"26/09/21 05:58:25 WARN DAGScheduler: Broadcasting large task binary with size 2.2 MiB\n"}
,{"stream_name":"stderr","time":72.61973374,"data":"\n"}
,{"stream_name":"stderr","time":72.619738479,"data":"26/09/21 05:58:25 WARN DAGScheduler: Broadcasting large task binary with size 2.2 MiB\n"}
,{"stream_name":"stderr","time":72.982877161,"data":"26/09/21 05:58:25 WARN DAGScheduler: Broadcasting large task binary with size 2.2 MiB\n"}
,{"stream_name":"stderr","time":73.189971873,"data":"26/09/21 05:58:25 WARN DAGScheduler: Broadcasting large task binary with size 2.2 MiB\n"}
,{"stream_name":"stderr","time":73.190011045,"data":"\n"}
,{"stream_name":"stderr","time":73.190016379,"data":"26/09/21 05:58:25 WARN DAGScheduler: Broadcasting large task binary with size 2.2 MiB\n"}
,{"stream_name":"stderr","time":73.742734151,"data":"26/09/21 05:58:26 WARN DAGScheduler: Broadcasting large task binary with size 2.2 MiB\n"}
,{"stream_name":"stderr","time":73.945451813,"data":"26/09/21 05:58:26 WARN DAGScheduler: Broadcasting large task binary with size 2.2 MiB\n"}
,{"stream_name":"stderr","time":73.945577999,"data":"\n"}
,{"stream_name":"stderr","time":73.945584937,"data":"26/09/21 05:58:26 WARN DAGScheduler: Broadcasting large task binary with size 2.2 MiB\n"}
,{"stream_name":"stderr","time":74.422837674,"data":"26/09/21 05:58:27 WARN DAGScheduler: Broadcasting large task binary with size 2.2 MiB\n"}
,{"stream_name":"stderr","time":74.625595777,"data":"26/09/21 05:58:27 WARN DAGScheduler: Broadcasting large task binary with size 2.2 MiB\n"}
,{"stream_name":"stderr","time":74.625779933,"data":"\n"}
,{"stream_name":"stderr","time":74.625792365,"data":"26/09/21 05:58:27 WARN DAGScheduler: Broadcasting large task binary with size 2.2 MiB\n"}
,{"stream_name":"stderr","time":74.998062348,"data":"26/09/21 05:58:27 WARN DAGScheduler: Broadcasting large task binary with size 2.2 MiB\n"}
,{"stream_name":"stderr","time":75.209351102,"data":"26/09/21 05:58:27 WARN DAGScheduler: Broadcasting large task binary with size 2.2 MiB\n"}
,{"stream_name":"stderr","time":75.209396865,"data":"\n"}
,{"stream_name":"stderr","time":75.211627646,"data":"26/09/21 05:58:27 WARN DAGScheduler: Broadcasting large task binary with size 2.2 MiB\n"}
,{"stream_name":"stderr","time":75.794819873,"data":"\r[Stage 83:==============\u003e                                           (1 + 3) / 4]\r\r[Stage 83:==============\u003e                                           (1 + 3) / 4]\r\n"}
,{"stream_name":"stderr","time":75.864101378,"data":"\r[Stage 83:==============\u003e                                           (1 + 3) / 4]\r26/09/21 05:58:28 WARN DAGScheduler: Broadcasting large task binary with size 2.2 MiB\n"}
,{"stream_name":"stderr","time":76.066702773,"data":"\r                                                                                \r26/09/21 05:58:28 WARN DAGScheduler: Broadcasting large task binary with size 2.2 MiB\n"}
,{"stream_name":"stderr","time":76.066746767,"data":"\r                                                                                \r\n"}
,{"stream_name":"stderr","time":76.066750874,"data":"26/09/21 05:58:28 WARN DAGScheduler: Broadcasting large task binary with size 2.2 MiB\n"}
,{"stream_name":"stderr","time":76.486841809,"data":"\r                                                                                \r26/09/21 05:58:29 WARN DAGScheduler: Broadcasting large task binary with size 2.2 MiB\n"}
,{"stream_name":"stderr","time":76.69800143,"data":"26/09/21 05:58:29 WARN DAGScheduler: Broadcasting large task binary with size 2.2 MiB\n"}
,{"stream_name":"stderr","time":76.698038461,"data":"\n"}
,{"stream_name":"stderr","time":76.699656997,"data":"26/09/21 05:58:29 WARN DAGScheduler: Broadcasting large task binary with size 2.2 MiB\n"}
,{"stream_name":"stderr","time":77.151048861,"data":"\r[Stage 87:\u003e                                                         (0 + 4) / 4]\r\r                                                                                \r26/09/21 05:58:29 WARN DAGScheduler: Broadcasting large task binary with size 2.2 MiB\n"}
,{"stream_name":"stderr","time":77.201565209,"data":"\r[Stage 87:\u003e                                                         (0 + 4) / 4]\r\r                                                                                \r26/09/21 05:58:29 WARN DAGScheduler: Broadcasting large task binary with size 2.2 MiB\n"}
,{"stream_name":"stderr","time":77.201646514,"data":"\n"}
,{"stream_name":"stderr","time":77.201652667,"data":"\r[Stage 87:\u003e                                                         (0 + 4) / 4]\r\r                                                                                \r26/09/21 05:58:29 WARN DAGScheduler: Broadcasting large task binary with size 2.2 MiB\n"}
,{"stream_name":"stderr","time":77.94657737,"data":"\r[Stage 88:===========================================\u003e              (3 + 1) / 4]\r26/09/21 05:58:30 WARN DAGScheduler: Broadcasting large task binary with size 2.2 MiB\n"}
,{"stream_name":"stderr","time":77.994669363,"data":"\r[Stage 88:===========================================\u003e              (3 + 1) / 4]\r26/09/21 05:58:30 WARN DAGScheduler: Broadcasting large task binary with size 2.2 MiB\n"}
,{"stream_name":"stderr","time":77.994704141,"data":"\n"}
,{"stream_name":"stderr","time":77.994708301,"data":"\r[Stage 88:===========================================\u003e              (3 + 1) / 4]\r26/09/21 05:58:30 WARN DAGScheduler: Broadcasting large task binary with size 2.2 MiB\n"}
,{"stream_name":"stderr","time":78.198678148,"data":"\r                                                                                \r\r                                                                                \r\n"}
,{"stream_name":"stderr","time":78.697202627,"data":"\r                                                                                \r26/09/21 05:58:31 WARN DAGScheduler: Broadcasting large task binary with size 2.2 MiB\n"}
,{"stream_name":"stderr","time":78.905151587,"data":"26/09/21 05:58:31 WARN DAGScheduler: Broadcasting large task binary with size 2.2 MiB\n"}
,{"stream_name":"stderr","time":78.905190095,"data":"\n"}
,{"stream_name":"stderr","time":78.907664024,"data":"26/09/21 05:58:31 WARN DAGScheduler: Broadcasting large task binary with size 2.2 MiB\n"}
,{"stream_name":"stderr","time":79.371048253,"data":"\r[Stage 92:\u003e                                                         (0 + 4) / 4]\r\r                                                                                \r26/09/21 05:58:32 WARN DAGScheduler: Broadcasting large task binary with size 2.2 MiB\n"}
,{"stream_name":"stderr","time":79.399578306,"data":"\r[Stage 92:\u003e                                                         (0 + 4) / 4]\r\r                                                                                \r26/09/21 05:58:32 WARN DAGScheduler: Broadcasting large task binary with size 2.2 MiB\n"}
,{"stream_name":"stderr","time":79.399617772,"data":"\n"}
,{"stream_name":"stderr","time":79.399623728,"data":"\r[Stage 92:\u003e                                                         (0 + 4) / 4]\r\r                                                                                \r26/09/21 05:58:32 WARN DAGScheduler: Broadcasting large task binary with size 2.2 MiB\n"}
,{"stream_name":"stderr","time":80.154223494,"data":"26/09/21 05:58:32 WARN DAGScheduler: Broadcasting large task binary with size 2.2 MiB\n"}
,{"stream_name":"stderr","time":80.356319463,"data":"26/09/21 05:58:32 WARN DAGScheduler: Broadcasting large task binary with size 2.2 MiB\n"}
,{"stream_name":"stderr","time":80.356369592,"data":"\n"}
,{"stream_name":"stderr","time":80.35637638,"data":"26/09/21 05:58:32 WARN DAGScheduler: Broadcasting large task binary with size 2.2 MiB\n"}
,{"stream_name":"stderr","time":80.829863182,"data":"26/09/21 05:58:33 WARN DAGScheduler: Broadcasting large task binary with size 2.2 MiB\n"}
,{"stream_name":"stderr","time":81.033136478,"data":"26/09/21 05:58:33 WARN DAGScheduler: Broadcasting large task binary with size 2.2 MiB\n"}
,{"stream_name":"stderr","time":81.033172499,"data":"\n"}
,{"stream_name":"stderr","time":81.035649565,"data":"26/09/21 05:58:33 WARN DAGScheduler: Broadcasting large task binary with size 2.2 MiB\n"}
,{"stream_name":"stderr","time":81.461104522,"data":"\r[Stage 97:==============\u003e                                           (1 + 3) / 4]\r\r                                                                                \r26/09/21 05:58:34 WARN DAGScheduler: Broadcasting large task binary with size 2.2 MiB\n"}
,{"stream_name":"stderr","time":81.597652917,"data":"\r[Stage 97:==============\u003e                                           (1 + 3) / 4]\r\r                                                                                \r26/09/21 05:58:34 WARN DAGScheduler: Broadcasting large task binary with size 2.2 MiB\n"}
,{"stream_name":"stderr","time":81.597694926,"data":"\n"}
,{"stream_name":"stderr","time":81.600700016,"data":"\r[Stage 97:==============\u003e                                           (1 + 3) / 4]\r\r                                                                                \r26/09/21 05:58:34 WARN DAGScheduler: Broadcasting large task binary with size 2.2 MiB\n"}
,{"stream_name":"stderr","time":82.196034221,"data":"\r[Stage 98:\u003e                                                         (0 + 4) / 4]\r\r[Stage 98:==============\u003e                                           (1 + 3) / 4]\r\r[Stage 98:\u003e                                                         (0 + 4) / 4]\r\n"}
,{"stream_name":"stderr","time":82.363969289,"data":"\r[Stage 98:\u003e                                                         (0 + 4) / 4]\r26/09/21 05:58:35 WARN DAGScheduler: Broadcasting large task binary with size 2.2 MiB\n"}
,{"stream_name":"stderr","time":82.406239849,"data":"\r[Stage 98:==============\u003e                                           (1 + 3) / 4]\r26/09/21 05:58:35 WARN DAGScheduler: Broadcasting large task binary with size 2.2 MiB\n"}
,{"stream_name":"stderr","time":82.4062879,"data":"\n"}
,{"stream_name":"stderr","time":82.406293492,"data":"\r[Stage 98:==============\u003e                                           (1 + 3) / 4]\r26/09/21 05:58:35 WARN DAGScheduler: Broadcasting large task binary with size 2.2 MiB\n"}
,{"stream_name":"stderr","time":82.621668983,"data":"\r                                                                                \r\r                                                                                \r\n"}
,{"stream_name":"stderr","time":83.056742127,"data":"\r                                                                                \r26/09/21 05:58:35 WARN DAGScheduler: Broadcasting large task binary with size 2.2 MiB\n"}
,{"stream_name":"stderr","time":83.261112919,"data":"26/09/21 05:58:35 WARN DAGScheduler: Broadcasting large task binary with size 2.2 MiB\n"}
,{"stream_name":"stderr","time":83.261165112,"data":"\n"}
,{"stream_name":"stderr","time":83.26116984,"data":"26/09/21 05:58:35 WARN DAGScheduler: Broadcasting large task binary with size 2.2 MiB\n"}
,{"stream_name":"stderr","time":83.646686426,"data":"\r[Stage 102:============================\u003e                            (2 + 2) / 4]\r\r                                                                                \r26/09/21 05:58:36 WARN DAGScheduler: Broadcasting large task binary with size 2.2 MiB\n"}
,{"stream_name":"stderr","time":83.797477344,"data":"\r[Stage 102:============================\u003e                            (2 + 2) / 4]\r\r                                                                                \r26/09/21 05:58:36 WARN DAGScheduler: Broadcasting large task binary with size 2.2 MiB\n"}
,{"stream_name":"stderr","time":83.797536998,"data":"\n"}
,{"stream_name":"stderr","time":83.797542529,"data":"\r[Stage 102:============================\u003e                            (2 + 2) / 4]\r\r                                                                                \r26/09/21 05:58:36 WARN DAGScheduler: Broadcasting large task binary with size 2.2 MiB\n"}
,{"stream_name":"stderr","time":84.394674025,"data":"\r[Stage 103:\u003e                                                        (0 + 4) / 4]\r\r[Stage 103:\u003e                                                        (0 + 4) / 4]\r\n"}
,{"stream_name":"stderr","time":84.508939975,"data":"\r[Stage 103:\u003e                                                        (0 + 4) / 4]\r26/09/21 05:58:37 WARN DAGScheduler: Broadcasting large task binary with size 2.2 MiB\n"}
,{"stream_name":"stderr","time":84.711445929,"data":"\r                                                                                \r26/09/21 05:58:37 WARN DAGScheduler: Broadcasting large task binary with size 2.2 MiB\n"}
,{"stream_name":"stderr","time":84.711522048,"data":"\r                                                                                \r\n"}
,{"stream_name":"stderr","time":84.711531962,"data":"26/09/21 05:58:37 WARN DAGScheduler: Broadcasting large task binary with size 2.2 MiB\n"}
,{"stream_name":"stderr","time":85.118450314,"data":"\r                                                                                \r26/09/21 05:58:37 WARN DAGScheduler: Broadcasting large task binary with size 2.2 MiB\n"}
,{"stream_name":"stderr","time":85.324973788,"data":"26/09/21 05:58:37 WARN DAGScheduler: Broadcasting large task binary with size 2.2 MiB\n"}
,{"stream_name":"stderr","time":85.325150393,"data":"\n"}
,{"stream_name":"stderr","time":85.32662515,"data":"26/09/21 05:58:37 WARN DAGScheduler: Broadcasting large task binary with size 2.2 MiB\n"}
,{"stream_name":"stderr","time":85.720474024,"data":"\r[Stage 107:==============\u003e                                          (1 + 3) / 4]\r\r                                                                                \r26/09/21 05:58:38 WARN DAGScheduler: Broadcasting large task binary with size 2.2 MiB\n"}
,{"stream_name":"stderr","time":85.796153977,"data":"\r[Stage 107:==============\u003e                                          (1 + 3) / 4]\r\r                                                                                \r26/09/21 05:58:38 WARN DAGScheduler: Broadcasting large task binary with size 2.2 MiB\n"}
,{"stream_name":"stderr","time":85.796192049,"data":"\n"}
,{"stream_name":"stderr","time":85.797681612,"data":"\r[Stage 107:==============\u003e                                          (1 + 3) / 4]\r\r                                                                                \r26/09/21 05:58:38 WARN DAGScheduler: Broadcasting large task binary with size 2.2 MiB\n"}
,{"stream_name":"stderr","time":86.395150312,"data":"\r[Stage 108:\u003e                                                        (0 + 4) / 4]\r\r[Stage 108:\u003e                                                        (0 + 4) / 4]\r\n"}
,{"stream_name":"stderr","time":86.526984188,"data":"\r[Stage 108:\u003e                                                        (0 + 4) / 4]\r26/09/21 05:58:39 WARN DAGScheduler: Broadcasting large task binary with size 2.2 MiB\n"}
,{"stream_name":"stderr","time":86.729374261,"data":"\r                                                                                \r26/09/21 05:58:39 WARN DAGScheduler: Broadcasting large task binary with size 2.2 MiB\n"}
,{"stream_name":"stderr","time":86.729414124,"data":"\r                                                                                \r\n"}
,{"stream_name":"stderr","time":86.729417881,"data":"26/09/21 05:58:39 WARN DAGScheduler: Broadcasting large task binary with size 2.2 MiB\n"}
,{"stream_name":"stderr","time":87.139069454,"data":"\r                                                                                \r26/09/21 05:58:39 WARN DAGScheduler: Broadcasting large task binary with size 2.2 MiB\n"}
,{"stream_name":"stderr","time":87.355024064,"data":"26/09/21 05:58:39 WARN DAGScheduler: Broadcasting large task binary with size 2.2 MiB\n"}
,{"stream_name":"stderr","time":87.355059647,"data":"\n"}
,{"stream_name":"stderr","time":87.355421786,"data":"26/09/21 05:58:39 WARN DAGScheduler: Broadcasting large task binary with size 2.2 MiB\n"}
,{"stream_name":"stderr","time":87.741663806,"data":"26/09/21 05:58:40 WARN DAGScheduler: Broadcasting large task binary with size 2.2 MiB\n"}
,{"stream_name":"stderr","time":87.944075506,"data":"26/09/21 05:58:40 WARN DAGScheduler: Broadcasting large task binary with size 2.2 MiB\n"}
,{"stream_name":"stderr","time":87.944118036,"data":"\n"}
,{"stream_name":"stderr","time":87.944123231,"data":"26/09/21 05:58:40 WARN DAGScheduler: Broadcasting large task binary with size 2.2 MiB\n"}
,{"stream_name":"stderr","time":88.603480724,"data":"26/09/21 05:58:41 WARN DAGScheduler: Broadcasting large task binary with size 2.2 MiB\n"}
,{"stream_name":"stderr","time":88.806148522,"data":"26/09/21 05:58:41 WARN DAGScheduler: Broadcasting large task binary with size 2.2 MiB\n"}
,{"stream_name":"stderr","time":88.806212088,"data":"\n"}
,{"stream_name":"stderr","time":88.806216572,"data":"26/09/21 05:58:41 WARN DAGScheduler: Broadcasting large task binary with size 2.2 MiB\n"}
,{"stream_name":"stderr","time":89.238466859,"data":"26/09/21 05:58:41 WARN DAGScheduler: Broadcasting large task binary with size 2.2 MiB\n"}
,{"stream_name":"stderr","time":89.450073924,"data":"26/09/21 05:58:41 WARN DAGScheduler: Broadcasting large task binary with size 2.2 MiB\n"}
,{"stream_name":"stderr","time":89.450114587,"data":"\n"}
,{"stream_name":"stderr","time":89.450119343,"data":"26/09/21 05:58:41 WARN DAGScheduler: Broadcasting large task binary with size 2.2 MiB\n"}
,{"stream_name":"stderr","time":89.765753256,"data":"26/09/21 05:58:42 WARN DAGScheduler: Broadcasting large task binary with size 2.2 MiB\n"}
,{"stream_name":"stderr","time":89.973053973,"data":"26/09/21 05:58:42 WARN DAGScheduler: Broadcasting large task binary with size 2.2 MiB\n"}
,{"stream_name":"stderr","time":89.973097065,"data":"\n"}
,{"stream_name":"stderr","time":89.973103786,"data":"26/09/21 05:58:42 WARN DAGScheduler: Broadcasting large task binary with size 2.2 MiB\n"}
,{"stream_name":"stderr","time":90.597254109,"data":"\r[Stage 118:==============\u003e                                          (1 + 3) / 4]\r\r[Stage 118:==============\u003e                                          (1 + 3) / 4]\r\n"}
,{"stream_name":"stderr","time":90.65155487,"data":"\r[Stage 118:==============\u003e                                          (1 + 3) / 4]\r26/09/21 05:58:43 WARN DAGScheduler: Broadcasting large task binary with size 2.2 MiB\n"}
,{"stream_name":"stderr","time":90.852487981,"data":"\r                                                                                \r26/09/21 05:58:43 WARN DAGScheduler: Broadcasting large task binary with size 2.2 MiB\n"}
,{"stream_name":"stderr","time":90.852552985,"data":"\r                                                                                \r\n"}
,{"stream_name":"stderr","time":90.85256767,"data":"26/09/21 05:58:43 WARN DAGScheduler: Broadcasting large task binary with size 2.2 MiB\n"}
,{"stream_name":"stderr","time":91.334823377,"data":"\r                                                                                \r26/09/21 05:58:44 WARN DAGScheduler: Broadcasting large task binary with size 2.2 MiB\n"}
,{"stream_name":"stderr","time":91.543134542,"data":"26/09/21 05:58:44 WARN DAGScheduler: Broadcasting large task binary with size 2.2 MiB\n"}
,{"stream_name":"stderr","time":91.543173338,"data":"\n"}
,{"stream_name":"stderr","time":91.54317977,"data":"26/09/21 05:58:44 WARN DAGScheduler: Broadcasting large task binary with size 2.2 MiB\n"}
,{"stream_name":"stderr","time":91.865769833,"data":"26/09/21 05:58:44 WARN DAGScheduler: Broadcasting large task binary with size 2.2 MiB\n"}
,{"stream_name":"stderr","time":92.075112219,"data":"26/09/21 05:58:44 WARN DAGScheduler: Broadcasting large task binary with size 2.2 MiB\n"}
,{"stream_name":"stderr","time":92.075159321,"data":"\n"}
,{"stream_name":"stderr","time":92.075166327,"data":"26/09/21 05:58:44 WARN DAGScheduler: Broadcasting large task binary with size 2.2 MiB\n"}
,{"stream_name":"stderr","time":92.60252544,"data":"\r[Stage 123:\u003e                                                        (0 + 4) / 4]\r\r[Stage 123:\u003e                                                        (0 + 4) / 4]\r\n"}
,{"stream_name":"stderr","time":92.719194941,"data":"\r[Stage 123:\u003e                                                        (0 + 4) / 4]\r26/09/21 05:58:45 WARN DAGScheduler: Broadcasting large task binary with size 2.2 MiB\n"}
,{"stream_name":"stderr","time":92.922036296,"data":"\r                                                                                \r26/09/21 05:58:45 WARN DAGScheduler: Broadcasting large task binary with size 2.2 MiB\n"}
,{"stream_name":"stderr","time":92.922106075,"data":"\r                                                                                \r\n"}
,{"stream_name":"stderr","time":92.922113306,"data":"26/09/21 05:58:45 WARN DAGScheduler: Broadcasting large task binary with size 2.2 MiB\n"}
,{"stream_name":"stderr","time":93.334670806,"data":"\r                                                                                \r26/09/21 05:58:46 WARN DAGScheduler: Broadcasting large task binary with size 2.2 MiB\n"}
,{"stream_name":"stderr","time":93.544454076,"data":"26/09/21 05:58:46 WARN DAGScheduler: Broadcasting large task binary with size 2.2 MiB\n"}
,{"stream_name":"stderr","time":93.544519299,"data":"\n"}
,{"stream_name":"stderr","time":93.544528144,"data":"26/09/21 05:58:46 WARN DAGScheduler: Broadcasting large task binary with size 2.2 MiB\n"}
,{"stream_name":"stderr","time":93.901899656,"data":"26/09/21 05:58:46 WARN DAGScheduler: Broadcasting large task binary with size 2.2 MiB\n"}
,{"stream_name":"stderr","time":94.113559109,"data":"26/09/21 05:58:46 WARN DAGScheduler: Broadcasting large task binary with size 2.2 MiB\n"}
,{"stream_name":"stderr","time":94.113627854,"data":"\n"}
,{"stream_name":"stderr","time":94.113633442,"data":"26/09/21 05:58:46 WARN DAGScheduler: Broadcasting large task binary with size 2.2 MiB\n"}
,{"stream_name":"stderr","time":94.599360678,"data":"\r[Stage 128:\u003e                                                        (0 + 4) / 4]\r\r[Stage 128:\u003e                                                        (0 + 4) / 4]\r\n"}
,{"stream_name":"stderr","time":94.778800936,"data":"\r[Stage 128:\u003e                                                        (0 + 4) / 4]\r26/09/21 05:58:47 WARN DAGScheduler: Broadcasting large task binary with size 2.2 MiB\n"}
,{"stream_name":"stderr","time":94.981569624,"data":"\r                                                                                \r26/09/21 05:58:47 WARN DAGScheduler: Broadcasting large task binary with size 2.2 MiB\n"}
,{"stream_name":"stderr","time":94.981622985,"data":"\r                                                                                \r\n"}
,{"stream_name":"stderr","time":94.981630103,"data":"26/09/21 05:58:47 WARN DAGScheduler: Broadcasting large task binary with size 2.2 MiB\n"}
,{"stream_name":"stderr","time":95.412471874,"data":"\r                                                                                \r26/09/21 05:58:48 WARN DAGScheduler: Broadcasting large task binary with size 2.2 MiB\n"}
,{"stream_name":"stderr","time":95.628038577,"data":"26/09/21 05:58:48 WARN DAGScheduler: Broadcasting large task binary with size 2.2 MiB\n"}
,{"stream_name":"stderr","time":95.628099399,"data":"\n"}
,{"stream_name":"stderr","time":95.62861384,"data":"26/09/21 05:58:48 WARN DAGScheduler: Broadcasting large task binary with size 2.2 MiB\n"}
,{"stream_name":"stderr","time":95.96413659,"data":"26/09/21 05:58:48 WARN DAGScheduler: Broadcasting large task binary with size 2.2 MiB\n"}
,{"stream_name":"stderr","time":96.1699011,"data":"26/09/21 05:58:48 WARN DAGScheduler: Broadcasting large task binary with size 2.2 MiB\n"}
,{"stream_name":"stderr","time":96.169938854,"data":"\n"}
,{"stream_name":"stderr","time":96.169944687,"data":"26/09/21 05:58:48 WARN DAGScheduler: Broadcasting large task binary with size 2.2 MiB\n"}
,{"stream_name":"stderr","time":96.794843404,"data":"\r[Stage 133:============================\u003e                            (2 + 2) / 4]\r\r[Stage 133:============================\u003e                            (2 + 2) / 4]\r\n"}
,{"stream_name":"stderr","time":96.817556525,"data":"\r[Stage 133:============================\u003e                            (2 + 2) / 4]\r26/09/21 05:58:49 WARN DAGScheduler: Broadcasting large task binary with size 2.2 MiB\n"}
,{"stream_name":"stderr","time":97.019934442,"data":"\r                                                                                \r26/09/21 05:58:49 WARN DAGScheduler: Broadcasting large task binary with size 2.2 MiB\n"}
,{"stream_name":"stderr","time":97.020164495,"data":"\r                                                                                \r\n"}
,{"stream_name":"stderr","time":97.020497001,"data":"26/09/21 05:58:49 WARN DAGScheduler: Broadcasting large task binary with size 2.2 MiB\n"}
,{"stream_name":"stderr","time":97.45283752,"data":"\r                                                                                \r26/09/21 05:58:50 WARN DAGScheduler: Broadcasting large task binary with size 2.2 MiB\n"}
,{"stream_name":"stderr","time":97.661913026,"data":"26/09/21 05:58:50 WARN DAGScheduler: Broadcasting large task binary with size 2.2 MiB\n"}
,{"stream_name":"stderr","time":97.661958763,"data":"\n"}
,{"stream_name":"stderr","time":97.661964151,"data":"26/09/21 05:58:50 WARN DAGScheduler: Broadcasting large task binary with size 2.2 MiB\n"}
,{"stream_name":"stderr","time":98.049332365,"data":"26/09/21 05:58:50 WARN DAGScheduler: Broadcasting large task binary with size 2.2 MiB\n"}
,{"stream_name":"stderr","time":98.254606105,"data":"26/09/21 05:58:50 WARN DAGScheduler: Broadcasting large task binary with size 2.2 MiB\n"}
,{"stream_name":"stderr","time":98.254641221,"data":"\n"}
,{"stream_name":"stderr","time":98.255457172,"data":"26/09/21 05:58:50 WARN DAGScheduler: Broadcasting large task binary with size 2.2 MiB\n"}
,{"stream_name":"stderr","time":98.795603993,"data":"\r[Stage 138:\u003e                                                        (0 + 4) / 4]\r\r[Stage 138:\u003e                                                        (0 + 4) / 4]\r\n"}
,{"stream_name":"stderr","time":98.893639836,"data":"\r[Stage 138:\u003e                                                        (0 + 4) / 4]\r26/09/21 05:58:51 WARN DAGScheduler: Broadcasting large task binary with size 2.2 MiB\n"}
,{"stream_name":"stderr","time":99.096116946,"data":"\r                                                                                \r26/09/21 05:58:51 WARN DAGScheduler: Broadcasting large task binary with size 2.2 MiB\n"}
,{"stream_name":"stderr","time":99.096176887,"data":"\r                                                                                \r\n"}
,{"stream_name":"stderr","time":99.096183823,"data":"26/09/21 05:58:51 WARN DAGScheduler: Broadcasting large task binary with size 2.2 MiB\n"}
,{"stream_name":"stderr","time":99.502843602,"data":"\r                                                                                \r26/09/21 05:58:52 WARN DAGScheduler: Broadcasting large task binary with size 2.2 MiB\n"}
,{"stream_name":"stderr","time":99.710636845,"data":"26/09/21 05:58:52 WARN DAGScheduler: Broadcasting large task binary with size 2.2 MiB\n"}
,{"stream_name":"stderr","time":99.710672439,"data":"\n"}
,{"stream_name":"stderr","time":99.713639555,"data":"26/09/21 05:58:52 WARN DAGScheduler: Broadcasting large task binary with size 2.2 MiB\n"}
,{"stream_name":"stderr","time":100.112864003,"data":"\r[Stage 142:\u003e                                                        (0 + 4) / 4]\r\r                                                                                \r26/09/21 05:58:52 WARN DAGScheduler: Broadcasting large task binary with size 2.2 MiB\n"}
,{"stream_name":"stderr","time":100.194438988,"data":"\r[Stage 142:\u003e                                                        (0 + 4) / 4]\r\r                                                                                \r26/09/21 05:58:52 WARN DAGScheduler: Broadcasting large task binary with size 2.2 MiB\n"}
,{"stream_name":"stderr","time":100.194646343,"data":"\n"}
,{"stream_name":"stderr","time":100.194659742,"data":"\r[Stage 142:\u003e                                                        (0 + 4) / 4]\r\r                                                                                \r26/09/21 05:58:52 WARN DAGScheduler: Broadcasting large task binary with size 2.2 MiB\n"}
,{"stream_name":"stderr","time":100.797462889,"data":"\r[Stage 143:\u003e                                                        (0 + 4) / 4]\r\r[Stage 143:\u003e                                                        (0 + 4) / 4]\r\n"}
,{"stream_name":"stderr","time":100.842509159,"data":"\r[Stage 143:\u003e                                                        (0 + 4) / 4]\r26/09/21 05:58:53 WARN DAGScheduler: Broadcasting large task binary with size 2.2 MiB\n"}
,{"stream_name":"stderr","time":101.044986432,"data":"\r                                                                                \r26/09/21 05:58:53 WARN DAGScheduler: Broadcasting large task binary with size 2.2 MiB\n"}
,{"stream_name":"stderr","time":101.045028341,"data":"\r                                                                                \r\n"}
,{"stream_name":"stderr","time":101.045034993,"data":"26/09/21 05:58:53 WARN DAGScheduler: Broadcasting large task binary with size 2.2 MiB\n"}
,{"stream_name":"stderr","time":101.500915768,"data":"\r                                                                                \r26/09/21 05:58:54 WARN DAGScheduler: Broadcasting large task binary with size 2.2 MiB\n"}
,{"stream_name":"stderr","time":101.712983913,"data":"26/09/21 05:58:54 WARN DAGScheduler: Broadcasting large task binary with size 2.2 MiB\n"}
,{"stream_name":"stderr","time":101.713019776,"data":"\n"}
,{"stream_name":"stderr","time":101.713025226,"data":"26/09/21 05:58:54 WARN DAGScheduler: Broadcasting large task binary with size 2.2 MiB\n"}
,{"stream_name":"stderr","time":102.033706985,"data":"26/09/21 05:58:54 WARN DAGScheduler: Broadcasting large task binary with size 2.2 MiB\n"}
,{"stream_name":"stderr","time":102.24103056,"data":"26/09/21 05:58:54 WARN DAGScheduler: Broadcasting large task binary with size 2.2 MiB\n"}
,{"stream_name":"stderr","time":102.241065595,"data":"\n"}
,{"stream_name":"stderr","time":102.241604263,"data":"26/09/21 05:58:54 WARN DAGScheduler: Broadcasting large task binary with size 2.2 MiB\n"}
,{"stream_name":"stderr","time":102.7993164,"data":"\r[Stage 148:==============\u003e                                          (1 + 3) / 4]\r\r[Stage 148:==============\u003e                                          (1 + 3) / 4]\r\n"}
,{"stream_name":"stderr","time":102.926548101,"data":"\r[Stage 148:==============\u003e                                          (1 + 3) / 4]\r26/09/21 05:58:55 WARN DAGScheduler: Broadcasting large task binary with size 2.2 MiB\n"}
,{"stream_name":"stderr","time":103.129272931,"data":"\r                                                                                \r26/09/21 05:58:55 WARN DAGScheduler: Broadcasting large task binary with size 2.2 MiB\n"}
,{"stream_name":"stderr","time":103.129340879,"data":"\r                                                                                \r\n"}
,{"stream_name":"stderr","time":103.129353645,"data":"26/09/21 05:58:55 WARN DAGScheduler: Broadcasting large task binary with size 2.2 MiB\n"}
,{"stream_name":"stderr","time":103.612916824,"data":"\r                                                                                \r26/09/21 05:58:56 WARN DAGScheduler: Broadcasting large task binary with size 2.2 MiB\n"}
,{"stream_name":"stderr","time":103.825616362,"data":"26/09/21 05:58:56 WARN DAGScheduler: Broadcasting large task binary with size 2.2 MiB\n"}
,{"stream_name":"stderr","time":103.82569874,"data":"\n"}
,{"stream_name":"stderr","time":103.826145891,"data":"26/09/21 05:58:56 WARN DAGScheduler: Broadcasting large task binary with size 2.2 MiB\n"}
,{"stream_name":"stderr","time":104.164468507,"data":"26/09/21 05:58:56 WARN DAGScheduler: Broadcasting large task binary with size 2.2 MiB\n"}
,{"stream_name":"stderr","time":104.375069072,"data":"26/09/21 05:58:56 WARN DAGScheduler: Broadcasting large task binary with size 2.2 MiB\n"}
,{"stream_name":"stderr","time":104.375109428,"data":"\n"}
,{"stream_name":"stderr","time":104.377640296,"data":"26/09/21 05:58:56 WARN DAGScheduler: Broadcasting large task binary with size 2.2 MiB\n"}
,{"stream_name":"stderr","time":104.997021956,"data":"\r[Stage 153:\u003e                                                        (0 + 4) / 4]\r\r[Stage 153:\u003e                                                        (0 + 4) / 4]\r\n"}
,{"stream_name":"stderr","time":105.060442725,"data":"\r[Stage 153:\u003e                                                        (0 + 4) / 4]\r26/09/21 05:58:57 WARN DAGScheduler: Broadcasting large task binary with size 2.2 MiB\n"}
,{"stream_name":"stderr","time":105.263167777,"data":"\r                                                                                \r26/09/21 05:58:57 WARN DAGScheduler: Broadcasting large task binary with size 2.2 MiB\n"}
,{"stream_name":"stderr","time":105.263240349,"data":"\r                                                                                \r\n"}
,{"stream_name":"stderr","time":105.263246948,"data":"26/09/21 05:58:57 WARN DAGScheduler: Broadcasting large task binary with size 2.2 MiB\n"}
,{"stream_name":"stderr","time":105.653962289,"data":"\r                                                                                \r26/09/21 05:58:58 WARN DAGScheduler: Broadcasting large task binary with size 2.2 MiB\n"}
,{"stream_name":"stderr","time":105.862646046,"data":"26/09/21 05:58:58 WARN DAGScheduler: Broadcasting large task binary with size 2.2 MiB\n"}
,{"stream_name":"stderr","time":105.862699188,"data":"\n"}
,{"stream_name":"stderr","time":105.863652287,"data":"26/09/21 05:58:58 WARN DAGScheduler: Broadcasting large task binary with size 2.2 MiB\n"}
,{"stream_name":"stderr","time":106.182650513,"data":"26/09/21 05:58:58 WARN DAGScheduler: Broadcasting large task binary with size 2.2 MiB\n"}
,{"stream_name":"stderr","time":106.392099173,"data":"26/09/21 05:58:58 WARN DAGScheduler: Broadcasting large task binary with size 2.2 MiB\n"}
,{"stream_name":"stderr","time":106.392134699,"data":"\n"}
,{"stream_name":"stderr","time":106.395646217,"data":"26/09/21 05:58:58 WARN DAGScheduler: Broadcasting large task binary with size 2.2 MiB\n"}
,{"stream_name":"stderr","time":107.002306859,"data":"\r[Stage 158:==============\u003e                                          (1 + 3) / 4]\r\r[Stage 158:==============\u003e                                          (1 + 3) / 4]\r\n"}
,{"stream_name":"stderr","time":107.026454606,"data":"\r[Stage 158:==============\u003e                                          (1 + 3) / 4]\r26/09/21 05:58:59 WARN DAGScheduler: Broadcasting large task binary with size 2.2 MiB\n"}
,{"stream_name":"stderr","time":107.228653585,"data":"\r                                                                                \r26/09/21 05:58:59 WARN DAGScheduler: Broadcasting large task binary with size 2.2 MiB\n"}
,{"stream_name":"stderr","time":107.228695025,"data":"\r                                                                                \r\n"}
,{"stream_name":"stderr","time":107.228702333,"data":"26/09/21 05:58:59 WARN DAGScheduler: Broadcasting large task binary with size 2.2 MiB\n"}
,{"stream_name":"stderr","time":107.620607817,"data":"\r                                                                                \r26/09/21 05:59:00 WARN DAGScheduler: Broadcasting large task binary with size 2.2 MiB\n"}
,{"stream_name":"stderr","time":107.833069961,"data":"26/09/21 05:59:00 WARN DAGScheduler: Broadcasting large task binary with size 2.2 MiB\n"}
,{"stream_name":"stderr","time":107.833113195,"data":"\n"}
,{"stream_name":"stderr","time":107.835636968,"data":"26/09/21 05:59:00 WARN DAGScheduler: Broadcasting large task binary with size 2.2 MiB\n"}
,{"stream_name":"stderr","time":108.206313884,"data":"26/09/21 05:59:00 WARN DAGScheduler: Broadcasting large task binary with size 2.2 MiB\n"}
,{"stream_name":"stderr","time":108.409845506,"data":"26/09/21 05:59:00 WARN DAGScheduler: Broadcasting large task binary with size 2.2 MiB\n"}
,{"stream_name":"stderr","time":108.40988848,"data":"\n"}
,{"stream_name":"stderr","time":108.409893548,"data":"26/09/21 05:59:00 WARN DAGScheduler: Broadcasting large task binary with size 2.2 MiB\n"}
,{"stream_name":"stderr","time":108.994573717,"data":"\r[Stage 163:\u003e                                                        (0 + 4) / 4]\r\r[Stage 163:\u003e                                                        (0 + 4) / 4]\r\n"}
,{"stream_name":"stderr","time":109.080913059,"data":"\r[Stage 163:\u003e                                                        (0 + 4) / 4]\r26/09/21 05:59:01 WARN DAGScheduler: Broadcasting large task binary with size 2.2 MiB\n"}
,{"stream_name":"stderr","time":109.283618259,"data":"\r                                                                                \r26/09/21 05:59:01 WARN DAGScheduler: Broadcasting large task binary with size 2.2 MiB\n"}
,{"stream_name":"stderr","time":109.283697792,"data":"\r                                                                                \r\n"}
,{"stream_name":"stderr","time":109.28370436,"data":"26/09/21 05:59:01 WARN DAGScheduler: Broadcasting large task binary with size 2.2 MiB\n"}
,{"stream_name":"stderr","time":109.650740429,"data":"\r                                                                                \r26/09/21 05:59:02 WARN DAGScheduler: Broadcasting large task binary with size 2.2 MiB\n"}
,{"stream_name":"stderr","time":109.856658863,"data":"26/09/21 05:59:02 WARN DAGScheduler: Broadcasting large task binary with size 2.2 MiB\n"}
,{"stream_name":"stderr","time":109.85672357,"data":"\n"}
,{"stream_name":"stderr","time":109.856995798,"data":"26/09/21 05:59:02 WARN DAGScheduler: Broadcasting large task binary with size 2.2 MiB\n"}
,{"stream_name":"stderr","time":110.281486792,"data":"\r[Stage 167:==============\u003e                                          (1 + 3) / 4]\r\r                                                                                \r26/09/21 05:59:02 WARN DAGScheduler: Broadcasting large task binary with size 2.2 MiB\n"}
,{"stream_name":"stderr","time":110.398411898,"data":"\r[Stage 167:==============\u003e                                          (1 + 3) / 4]\r\r                                                                                \r26/09/21 05:59:02 WARN DAGScheduler: Broadcasting large task binary with size 2.2 MiB\n"}
,{"stream_name":"stderr","time":110.398469324,"data":"\n"}
,{"stream_name":"stderr","time":110.398474305,"data":"\r[Stage 167:==============\u003e                                          (1 + 3) / 4]\r\r                                                                                \r26/09/21 05:59:02 WARN DAGScheduler: Broadcasting large task binary with size 2.2 MiB\n"}
,{"stream_name":"stderr","time":111.000055046,"data":"\r[Stage 168:\u003e                                                        (0 + 4) / 4]\r\r[Stage 168:\u003e                                                        (0 + 4) / 4]\r\n"}
,{"stream_name":"stderr","time":111.050778044,"data":"\r[Stage 168:\u003e                                                        (0 + 4) / 4]\r26/09/21 05:59:03 WARN DAGScheduler: Broadcasting large task binary with size 2.2 MiB\n"}
,{"stream_name":"stderr","time":111.253297297,"data":"\r                                                                                \r26/09/21 05:59:03 WARN DAGScheduler: Broadcasting large task binary with size 2.2 MiB\n"}
,{"stream_name":"stderr","time":111.253355422,"data":"\r                                                                                \r\n"}
,{"stream_name":"stderr","time":111.253361265,"data":"26/09/21 05:59:03 WARN DAGScheduler: Broadcasting large task binary with size 2.2 MiB\n"}
,{"stream_name":"stderr","time":111.69605767,"data":"\r                                                                                \r26/09/21 05:59:04 WARN DAGScheduler: Broadcasting large task binary with size 2.2 MiB\n"}
,{"stream_name":"stderr","time":111.912571723,"data":"26/09/21 05:59:04 WARN DAGScheduler: Broadcasting large task binary with size 2.2 MiB\n"}
,{"stream_name":"stderr","time":111.912607309,"data":"\n"}
,{"stream_name":"stderr","time":111.912611885,"data":"26/09/21 05:59:04 WARN DAGScheduler: Broadcasting large task binary with size 2.2 MiB\n"}
,{"stream_name":"stderr","time":112.394614041,"data":"\r[Stage 172:\u003e                                                        (0 + 4) / 4]\r\r                                                                                \r\r[Stage 172:\u003e                                                        (0 + 4) / 4]\r\r                                                                                \r\n"}
,{"stream_name":"stderr","time":112.431048971,"data":"\r[Stage 172:\u003e                                                        (0 + 4) / 4]\r\r                                                                                \r26/09/21 05:59:05 WARN DAGScheduler: Broadcasting large task binary with size 2.2 MiB\n"}
,{"stream_name":"stderr","time":112.689803636,"data":"26/09/21 05:59:05 WARN DAGScheduler: Broadcasting large task binary with size 2.2 MiB\n"}
,{"stream_name":"stderr","time":112.689835673,"data":"\n"}
,{"stream_name":"stderr","time":112.689841522,"data":"26/09/21 05:59:05 WARN DAGScheduler: Broadcasting large task binary with size 2.2 MiB\n"}
,{"stream_name":"stderr","time":113.131982995,"data":"26/09/21 05:59:05 WARN DAGScheduler: Broadcasting large task binary with size 2.2 MiB\n"}
,{"stream_name":"stderr","time":113.334418418,"data":"26/09/21 05:59:05 WARN DAGScheduler: Broadcasting large task binary with size 2.2 MiB\n"}
,{"stream_name":"stderr","time":113.33446669,"data":"\n"}
,{"stream_name":"stderr","time":113.334480661,"data":"26/09/21 05:59:05 WARN DAGScheduler: Broadcasting large task binary with size 2.2 MiB\n"}
,{"stream_name":"stderr","time":113.738562364,"data":"26/09/21 05:59:06 WARN DAGScheduler: Broadcasting large task binary with size 2.2 MiB\n"}
,{"stream_name":"stderr","time":113.944593088,"data":"26/09/21 05:59:06 WARN DAGScheduler: Broadcasting large task binary with size 2.2 MiB\n"}
,{"stream_name":"stderr","time":113.944658101,"data":"\n"}
,{"stream_name":"stderr","time":113.944664293,"data":"26/09/21 05:59:06 WARN DAGScheduler: Broadcasting large task binary with size 2.2 MiB\n"}
,{"stream_name":"stderr","time":114.471072189,"data":"\r[Stage 177:============================\u003e                            (2 + 2) / 4]\r\r                                                                                \r26/09/21 05:59:07 WARN DAGScheduler: Broadcasting large task binary with size 2.2 MiB\n"}
,{"stream_name":"stderr","time":114.623999065,"data":"\r[Stage 177:============================\u003e                            (2 + 2) / 4]\r\r                                                                                \r26/09/21 05:59:07 WARN DAGScheduler: Broadcasting large task binary with size 2.2 MiB\n"}
,{"stream_name":"stderr","time":114.624059382,"data":"\n"}
,{"stream_name":"stderr","time":114.624422454,"data":"\r[Stage 177:============================\u003e                            (2 + 2) / 4]\r\r                                                                                \r26/09/21 05:59:07 WARN DAGScheduler: Broadcasting large task binary with size 2.2 MiB\n"}
,{"stream_name":"stderr","time":115.137469285,"data":"26/09/21 05:59:07 WARN DAGScheduler: Broadcasting large task binary with size 2.2 MiB\n"}
,{"stream_name":"stderr","time":115.339857226,"data":"26/09/21 05:59:07 WARN DAGScheduler: Broadcasting large task binary with size 2.2 MiB\n"}
,{"stream_name":"stderr","time":115.33989989,"data":"\n"}
,{"stream_name":"stderr","time":115.339904209,"data":"26/09/21 05:59:07 WARN DAGScheduler: Broadcasting large task binary with size 2.2 MiB\n"}
,{"stream_name":"stderr","time":115.739572415,"data":"26/09/21 05:59:08 WARN DAGScheduler: Broadcasting large task binary with size 2.2 MiB\n"}
,{"stream_name":"stderr","time":115.948079908,"data":"26/09/21 05:59:08 WARN DAGScheduler: Broadcasting large task binary with size 2.2 MiB\n"}
,{"stream_name":"stderr","time":115.948257285,"data":"\n"}
,{"stream_name":"stderr","time":115.948265374,"data":"26/09/21 05:59:08 WARN DAGScheduler: Broadcasting large task binary with size 2.2 MiB\n"}
,{"stream_name":"stderr","time":116.460343205,"data":"26/09/21 05:59:09 WARN DAGScheduler: Broadcasting large task binary with size 2.2 MiB\n"}
,{"stream_name":"stderr","time":116.664643907,"data":"26/09/21 05:59:09 WARN DAGScheduler: Broadcasting large task binary with size 2.2 MiB\n"}
,{"stream_name":"stderr","time":116.664688325,"data":"\n"}
,{"stream_name":"stderr","time":116.664958089,"data":"26/09/21 05:59:09 WARN DAGScheduler: Broadcasting large task binary with size 2.2 MiB\n"}
,{"stream_name":"stderr","time":117.156677223,"data":"\r[Stage 183:==========================================\u003e              (3 + 1) / 4]\r26/09/21 05:59:09 WARN DAGScheduler: Broadcasting large task binary with size 2.2 MiB\n"}
,{"stream_name":"stderr","time":117.194441598,"data":"\r[Stage 183:==========================================\u003e              (3 + 1) / 4]\r26/09/21 05:59:09 WARN DAGScheduler: Broadcasting large task binary with size 2.2 MiB\n"}
,{"stream_name":"stderr","time":117.194516959,"data":"\n"}
,{"stream_name":"stderr","time":117.194526444,"data":"\r[Stage 183:==========================================\u003e              (3 + 1) / 4]\r26/09/21 05:59:09 WARN DAGScheduler: Broadcasting large task binary with size 2.2 MiB\n"}
,{"stream_name":"stderr","time":117.407217691,"data":"\r                                                                                \r\r                                                                                \r\n"}
,{"stream_name":"stderr","time":117.766447292,"data":"\r                                                                                \r26/09/21 05:59:10 WARN DAGScheduler: Broadcasting large task binary with size 2.2 MiB\n"}
,{"stream_name":"stderr","time":117.971075059,"data":"26/09/21 05:59:10 WARN DAGScheduler: Broadcasting large task binary with size 2.2 MiB\n"}
,{"stream_name":"stderr","time":117.971126921,"data":"\n"}
,{"stream_name":"stderr","time":117.974799256,"data":"26/09/21 05:59:10 WARN DAGScheduler: Broadcasting large task binary with size 2.2 MiB\n"}
,{"stream_name":"stderr","time":118.505037108,"data":"\r[Stage 187:============================\u003e                            (2 + 2) / 4]\r\r                                                                                \r26/09/21 05:59:11 WARN DAGScheduler: Broadcasting large task binary with size 2.2 MiB\n"}
,{"stream_name":"stderr","time":118.607054383,"data":"\r[Stage 187:============================\u003e                            (2 + 2) / 4]\r\r                                                                                \r26/09/21 05:59:11 WARN DAGScheduler: Broadcasting large task binary with size 2.2 MiB\n"}
,{"stream_name":"stderr","time":118.607095451,"data":"\n"}
,{"stream_name":"stderr","time":118.607100154,"data":"\r[Stage 187:============================\u003e                            (2 + 2) / 4]\r\r                                                                                \r26/09/21 05:59:11 WARN DAGScheduler: Broadcasting large task binary with size 2.2 MiB\n"}
,{"stream_name":"stderr","time":119.196852441,"data":"\r[Stage 188:==============\u003e                                          (1 + 3) / 4]\r26/09/21 05:59:11 WARN DAGScheduler: Broadcasting large task binary with size 2.2 MiB\n"}
,{"stream_name":"stderr","time":119.198287147,"data":"\r[Stage 188:==============\u003e                                          (1 + 3) / 4]\r\n"}
,{"stream_name":"stderr","time":119.40044575,"data":"\r[Stage 188:==============\u003e                                          (1 + 3) / 4]\r\r                                                                                \r26/09/21 05:59:11 WARN DAGScheduler: Broadcasting large task binary with size 2.2 MiB\n"}
,{"stream_name":"stderr","time":119.400488626,"data":"\r                                                                                \r\n"}
,{"stream_name":"stderr","time":119.400492228,"data":"26/09/21 05:59:11 WARN DAGScheduler: Broadcasting large task binary with size 2.2 MiB\n"}
,{"stream_name":"stderr","time":119.804946662,"data":"\r                                                                                \r26/09/21 05:59:12 WARN DAGScheduler: Broadcasting large task binary with size 2.2 MiB\n"}
,{"stream_name":"stderr","time":120.020072223,"data":"26/09/21 05:59:12 WARN DAGScheduler: Broadcasting large task binary with size 2.2 MiB\n"}
,{"stream_name":"stderr","time":120.020108152,"data":"\n"}
,{"stream_name":"stderr","time":120.020112603,"data":"26/09/21 05:59:12 WARN DAGScheduler: Broadcasting large task binary with size 2.2 MiB\n"}
,{"stream_name":"stderr","time":120.50470652999999,"data":"\r[Stage 192:==============\u003e                                          (1 + 3) / 4]\r\r                                                                                \r26/09/21 05:59:13 WARN DAGScheduler: Broadcasting large task binary with size 2.2 MiB\n"}
,{"stream_name":"stderr","time":120.598606721,"data":"\r[Stage 192:==============\u003e                                          (1 + 3) / 4]\r\r                                                                                \r26/09/21 05:59:13 WARN DAGScheduler: Broadcasting large task binary with size 2.2 MiB\n"}
,{"stream_name":"stderr","time":120.598685599,"data":"\n"}
,{"stream_name":"stderr","time":120.598696234,"data":"\r[Stage 192:==============\u003e                                          (1 + 3) / 4]\r\r                                                                                \r26/09/21 05:59:13 WARN DAGScheduler: Broadcasting large task binary with size 2.2 MiB\n"}
,{"stream_name":"stderr","time":121.200635534,"data":"\r[Stage 193:\u003e                                                        (0 + 4) / 4]\r\r[Stage 193:\u003e                                                        (0 + 4) / 4]\r\n"}
,{"stream_name":"stderr","time":121.375867819,"data":"\r[Stage 193:\u003e                                                        (0 + 4) / 4]\r26/09/21 05:59:14 WARN DAGScheduler: Broadcasting large task binary with size 2.2 MiB\n"}
,{"stream_name":"stderr","time":121.578881984,"data":"\r                                                                                \r26/09/21 05:59:14 WARN DAGScheduler: Broadcasting large task binary with size 2.2 MiB\n"}
,{"stream_name":"stderr","time":121.578955379,"data":"\r                                                                                \r\n"}
,{"stream_name":"stderr","time":121.578961638,"data":"26/09/21 05:59:14 WARN DAGScheduler: Broadcasting large task binary with size 2.2 MiB\n"}
,{"stream_name":"stderr","time":122.056424365,"data":"\r                                                                                \r26/09/21 05:59:14 WARN DAGScheduler: Broadcasting large task binary with size 2.2 MiB\n"}
,{"stream_name":"stderr","time":122.260859621,"data":"26/09/21 05:59:14 WARN DAGScheduler: Broadcasting large task binary with size 2.2 MiB\n"}
,{"stream_name":"stderr","time":122.260922784,"data":"\n"}
,{"stream_name":"stderr","time":122.260928158,"data":"26/09/21 05:59:14 WARN DAGScheduler: Broadcasting large task binary with size 2.2 MiB\n"}
,{"stream_name":"stderr","time":122.758677144,"data":"\r[Stage 197:\u003e                                                        (0 + 4) / 4]\r\r                                                                                \r26/09/21 05:59:15 WARN DAGScheduler: Broadcasting large task binary with size 2.2 MiB\n"}
,{"stream_name":"stderr","time":122.797672503,"data":"\r[Stage 197:\u003e                                                        (0 + 4) / 4]\r\r                                                                                \r26/09/21 05:59:15 WARN DAGScheduler: Broadcasting large task binary with size 2.2 MiB\n"}
,{"stream_name":"stderr","time":122.797736646,"data":"\n"}
,{"stream_name":"stderr","time":122.797742079,"data":"\r[Stage 197:\u003e                                                        (0 + 4) / 4]\r\r                                                                                \r26/09/21 05:59:15 WARN DAGScheduler: Broadcasting large task binary with size 2.2 MiB\n"}
,{"stream_name":"stderr","time":123.465659235,"data":"26/09/21 05:59:16 WARN DAGScheduler: Broadcasting large task binary with size 2.2 MiB\n"}
,{"stream_name":"stderr","time":123.668334649,"data":"26/09/21 05:59:16 WARN DAGScheduler: Broadcasting large task binary with size 2.2 MiB\n"}
,{"stream_name":"stderr","time":123.668407435,"data":"\n"}
,{"stream_name":"stderr","time":123.668432462,"data":"26/09/21 05:59:16 WARN DAGScheduler: Broadcasting large task binary with size 2.2 MiB\n"}
,{"stream_name":"stderr","time":124.116878832,"data":"26/09/21 05:59:16 WARN DAGScheduler: Broadcasting large task binary with size 2.2 MiB\n"}
,{"stream_name":"stderr","time":124.325055975,"data":"26/09/21 05:59:16 WARN DAGScheduler: Broadcasting large task binary with size 2.2 MiB\n"}
,{"stream_name":"stderr","time":124.325101944,"data":"\n"}
,{"stream_name":"stderr","time":124.329634108,"data":"26/09/21 05:59:16 WARN DAGScheduler: Broadcasting large task binary with size 2.2 MiB\n"}
,{"stream_name":"stderr","time":124.774219829,"data":"\r[Stage 202:==============\u003e                                          (1 + 3) / 4]\r\r                                                                                \r26/09/21 05:59:17 WARN DAGScheduler: Broadcasting large task binary with size 2.2 MiB\n"}
,{"stream_name":"stderr","time":124.798220906,"data":"\r[Stage 202:==============\u003e                                          (1 + 3) / 4]\r\r                                                                                \r26/09/21 05:59:17 WARN DAGScheduler: Broadcasting large task binary with size 2.2 MiB\n"}
,{"stream_name":"stderr","time":124.798267752,"data":"\n"}
,{"stream_name":"stderr","time":124.798568784,"data":"\r[Stage 202:==============\u003e                                          (1 + 3) / 4]\r\r                                                                                \r26/09/21 05:59:17 WARN DAGScheduler: Broadcasting large task binary with size 2.2 MiB\n"}
,{"stream_name":"stderr","time":125.480978164,"data":"26/09/21 05:59:18 WARN DAGScheduler: Broadcasting large task binary with size 2.2 MiB\n"}
,{"stream_name":"stderr","time":125.68808948,"data":"26/09/21 05:59:18 WARN DAGScheduler: Broadcasting large task binary with size 2.2 MiB\n"}
,{"stream_name":"stderr","time":125.68812938,"data":"\n"}
,{"stream_name":"stderr","time":125.688134339,"data":"26/09/21 05:59:18 WARN DAGScheduler: Broadcasting large task binary with size 2.2 MiB\n"}
,{"stream_name":"stderr","time":126.160449955,"data":"26/09/21 05:59:18 WARN DAGScheduler: Broadcasting large task binary with size 2.2 MiB\n"}
,{"stream_name":"stderr","time":126.373962077,"data":"26/09/21 05:59:18 WARN DAGScheduler: Broadcasting large task binary with size 2.2 MiB\n"}
,{"stream_name":"stderr","time":126.374014569,"data":"\n"}
,{"stream_name":"stderr","time":126.374413873,"data":"26/09/21 05:59:18 WARN DAGScheduler: Broadcasting large task binary with size 2.2 MiB\n"}
,{"stream_name":"stderr","time":126.933568952,"data":"\r[Stage 207:==============\u003e                                          (1 + 3) / 4]\r\r                                                                                \r26/09/21 05:59:19 WARN DAGScheduler: Broadcasting large task binary with size 2.2 MiB\n"}
,{"stream_name":"stderr","time":127.027583385,"data":"\r[Stage 207:==============\u003e                                          (1 + 3) / 4]\r\r                                                                                \r26/09/21 05:59:19 WARN DAGScheduler: Broadcasting large task binary with size 2.2 MiB\n"}
,{"stream_name":"stderr","time":127.027620485,"data":"\n"}
,{"stream_name":"stderr","time":127.027625806,"data":"\r[Stage 207:==============\u003e                                          (1 + 3) / 4]\r\r                                                                                \r26/09/21 05:59:19 WARN DAGScheduler: Broadcasting large task binary with size 2.2 MiB\n"}
,{"stream_name":"stderr","time":127.59436156,"data":"\r[Stage 208:==============\u003e                                          (1 + 3) / 4]\r\r[Stage 208:==============\u003e                                          (1 + 3) / 4]\r\n"}
,{"stream_name":"stderr","time":127.597682469,"data":"\r[Stage 208:==============\u003e                                          (1 + 3) / 4]\r26/09/21 05:59:20 WARN DAGScheduler: Broadcasting large task binary with size 2.2 MiB\n"}
,{"stream_name":"stderr","time":127.800337739,"data":"\r                                                                                \r26/09/21 05:59:20 WARN DAGScheduler: Broadcasting large task binary with size 2.2 MiB\n"}
,{"stream_name":"stderr","time":127.80038306,"data":"\r                                                                                \r\n"}
,{"stream_name":"stderr","time":127.800390264,"data":"26/09/21 05:59:20 WARN DAGScheduler: Broadcasting large task binary with size 2.2 MiB\n"}
,{"stream_name":"stderr","time":128.177997383,"data":"\r                                                                                \r26/09/21 05:59:20 WARN DAGScheduler: Broadcasting large task binary with size 2.2 MiB\n"}
,{"stream_name":"stderr","time":128.391003273,"data":"26/09/21 05:59:20 WARN DAGScheduler: Broadcasting large task binary with size 2.2 MiB\n"}
,{"stream_name":"stderr","time":128.391084891,"data":"\n"}
,{"stream_name":"stderr","time":128.393669905,"data":"26/09/21 05:59:20 WARN DAGScheduler: Broadcasting large task binary with size 2.2 MiB\n"}
,{"stream_name":"stderr","time":128.909232662,"data":"\r[Stage 212:==============\u003e                                          (1 + 3) / 4]\r\r                                                                                \r26/09/21 05:59:21 WARN DAGScheduler: Broadcasting large task binary with size 2.2 MiB\n"}
,{"stream_name":"stderr","time":129.002568113,"data":"\r[Stage 212:==============\u003e                                          (1 + 3) / 4]\r\r                                                                                \r26/09/21 05:59:21 WARN DAGScheduler: Broadcasting large task binary with size 2.2 MiB\n"}
,{"stream_name":"stderr","time":129.002635776,"data":"\n"}
,{"stream_name":"stderr","time":129.002643521,"data":"\r[Stage 212:==============\u003e                                          (1 + 3) / 4]\r\r                                                                                \r26/09/21 05:59:21 WARN DAGScheduler: Broadcasting large task binary with size 2.2 MiB\n"}
,{"stream_name":"stderr","time":129.576577865,"data":"\r[Stage 213:============================\u003e                            (2 + 2) / 4]\r26/09/21 05:59:22 WARN DAGScheduler: Broadcasting large task binary with size 2.2 MiB\n"}
,{"stream_name":"stderr","time":129.594446848,"data":"\r[Stage 213:============================\u003e                            (2 + 2) / 4]\r26/09/21 05:59:22 WARN DAGScheduler: Broadcasting large task binary with size 2.2 MiB\n"}
,{"stream_name":"stderr","time":129.594508573,"data":"\n"}
,{"stream_name":"stderr","time":129.594516995,"data":"\r[Stage 213:============================\u003e                            (2 + 2) / 4]\r26/09/21 05:59:22 WARN DAGScheduler: Broadcasting large task binary with size 2.2 MiB\n"}
,{"stream_name":"stderr","time":129.826263109,"data":"\r                                                                                \r\r                                                                                \r\n"}
,{"stream_name":"stderr","time":130.209314327,"data":"\r                                                                                \r26/09/21 05:59:22 WARN DAGScheduler: Broadcasting large task binary with size 2.2 MiB\n"}
,{"stream_name":"stderr","time":130.422171472,"data":"26/09/21 05:59:22 WARN DAGScheduler: Broadcasting large task binary with size 2.2 MiB\n"}
,{"stream_name":"stderr","time":130.422251377,"data":"\n"}
,{"stream_name":"stderr","time":130.425627049,"data":"26/09/21 05:59:22 WARN DAGScheduler: Broadcasting large task binary with size 2.2 MiB\n"}
,{"stream_name":"stderr","time":130.929195273,"data":"\r[Stage 217:==============\u003e                                          (1 + 3) / 4]\r\r                                                                                \r26/09/21 05:59:23 WARN DAGScheduler: Broadcasting large task binary with size 2.2 MiB\n"}
,{"stream_name":"stderr","time":130.996615128,"data":"\r[Stage 217:==============\u003e                                          (1 + 3) / 4]\r\r                                                                                \r26/09/21 05:59:23 WARN DAGScheduler: Broadcasting large task binary with size 2.2 MiB\n"}
,{"stream_name":"stderr","time":130.996647775,"data":"\n"}
,{"stream_name":"stderr","time":130.998664114,"data":"\r[Stage 217:==============\u003e                                          (1 + 3) / 4]\r\r                                                                                \r26/09/21 05:59:23 WARN DAGScheduler: Broadcasting large task binary with size 2.2 MiB\n"}
,{"stream_name":"stderr","time":131.596891206,"data":"\r[Stage 218:\u003e                                                        (0 + 4) / 4]\r\r[Stage 218:\u003e                                                        (0 + 4) / 4]\r\n"}
,{"stream_name":"stderr","time":131.721109962,"data":"\r[Stage 218:\u003e                                                        (0 + 4) / 4]\r26/09/21 05:59:24 WARN DAGScheduler: Broadcasting large task binary with size 2.2 MiB\n"}
,{"stream_name":"stderr","time":131.924118532,"data":"\r                                                                                \r26/09/21 05:59:24 WARN DAGScheduler: Broadcasting large task binary with size 2.2 MiB\n"}
,{"stream_name":"stderr","time":131.924166334,"data":"\r                                                                                \r\n"}
,{"stream_name":"stderr","time":131.924171256,"data":"26/09/21 05:59:24 WARN DAGScheduler: Broadcasting large task binary with size 2.2 MiB\n"}
,{"stream_name":"stderr","time":132.326685972,"data":"\r                                                                                \r26/09/21 05:59:25 WARN DAGScheduler: Broadcasting large task binary with size 2.2 MiB\n"}
,{"stream_name":"stderr","time":132.536053195,"data":"26/09/21 05:59:25 WARN DAGScheduler: Broadcasting large task binary with size 2.2 MiB\n"}
,{"stream_name":"stderr","time":132.536087638,"data":"\n"}
,{"stream_name":"stderr","time":132.536432182,"data":"26/09/21 05:59:25 WARN DAGScheduler: Broadcasting large task binary with size 2.2 MiB\n"}
,{"stream_name":"stderr","time":132.996630527,"data":"\r[Stage 222:\u003e                                                        (0 + 4) / 4]\r\r[Stage 222:============================\u003e                            (2 + 2) / 4]\r\r[Stage 222:\u003e                                                        (0 + 4) / 4]\r\r[Stage 222:============================\u003e                            (2 + 2) / 4]\r\n"}
,{"stream_name":"stderr","time":133.116943735,"data":"\r[Stage 222:\u003e                                                        (0 + 4) / 4]\r\r[Stage 222:============================\u003e                            (2 + 2) / 4]\r\r                                                                                \r26/09/21 05:59:25 WARN DAGScheduler: Broadcasting large task binary with size 2.2 MiB\n"}
,{"stream_name":"stderr","time":133.258646145,"data":"\r                                                                                \r26/09/21 05:59:25 WARN DAGScheduler: Broadcasting large task binary with size 2.2 MiB\n"}
,{"stream_name":"stderr","time":133.258714808,"data":"\n"}
,{"stream_name":"stderr","time":133.259667675,"data":"\r                                                                                \r26/09/21 05:59:25 WARN DAGScheduler: Broadcasting large task binary with size 2.2 MiB\n"}
,{"stream_name":"stderr","time":133.796228636,"data":"\r[Stage 223:\u003e                                                        (0 + 4) / 4]\r\r[Stage 223:\u003e                                                        (0 + 4) / 4]\r\n"}
,{"stream_name":"stderr","time":133.869710362,"data":"\r[Stage 223:\u003e                                                        (0 + 4) / 4]\r26/09/21 05:59:26 WARN DAGScheduler: Broadcasting large task binary with size 2.2 MiB\n"}
,{"stream_name":"stderr","time":134.072489644,"data":"\r                                                                                \r26/09/21 05:59:26 WARN DAGScheduler: Broadcasting large task binary with size 2.2 MiB\n"}
,{"stream_name":"stderr","time":134.072567255,"data":"\r                                                                                \r\n"}
,{"stream_name":"stderr","time":134.072572755,"data":"26/09/21 05:59:26 WARN DAGScheduler: Broadcasting large task binary with size 2.2 MiB\n"}
,{"stream_name":"stderr","time":134.473008044,"data":"\r                                                                                \r26/09/21 05:59:27 WARN DAGScheduler: Broadcasting large task binary with size 2.2 MiB\n"}
,{"stream_name":"stderr","time":134.688968832,"data":"26/09/21 05:59:27 WARN DAGScheduler: Broadcasting large task binary with size 2.2 MiB\n"}
,{"stream_name":"stderr","time":134.689032947,"data":"\n"}
,{"stream_name":"stderr","time":134.689393356,"data":"26/09/21 05:59:27 WARN DAGScheduler: Broadcasting large task binary with size 2.2 MiB\n"}
,{"stream_name":"stderr","time":135.179871504,"data":"\r[Stage 227:\u003e                                                        (0 + 4) / 4]\r\r                                                                                \r26/09/21 05:59:27 WARN DAGScheduler: Broadcasting large task binary with size 2.2 MiB\n"}
,{"stream_name":"stderr","time":135.194640606,"data":"\r[Stage 227:\u003e                                                        (0 + 4) / 4]\r\r                                                                                \r26/09/21 05:59:27 WARN DAGScheduler: Broadcasting large task binary with size 2.2 MiB\n"}
,{"stream_name":"stderr","time":135.194681268,"data":"\n"}
,{"stream_name":"stderr","time":135.194686258,"data":"\r[Stage 227:\u003e                                                        (0 + 4) / 4]\r\r                                                                                \r26/09/21 05:59:27 WARN DAGScheduler: Broadcasting large task binary with size 2.2 MiB\n"}
,{"stream_name":"stderr","time":135.894187415,"data":"26/09/21 05:59:28 WARN DAGScheduler: Broadcasting large task binary with size 2.2 MiB\n"}
,{"stream_name":"stderr","time":136.096661161,"data":"26/09/21 05:59:28 WARN DAGScheduler: Broadcasting large task binary with size 2.2 MiB\n"}
,{"stream_name":"stderr","time":136.096697844,"data":"\n"}
,{"stream_name":"stderr","time":136.096702033,"data":"26/09/21 05:59:28 WARN DAGScheduler: Broadcasting large task binary with size 2.2 MiB\n"}
,{"stream_name":"stderr","time":136.462862767,"data":"26/09/21 05:59:29 WARN DAGScheduler: Broadcasting large task binary with size 2.2 MiB\n"}
,{"stream_name":"stderr","time":136.671644371,"data":"26/09/21 05:59:29 WARN DAGScheduler: Broadcasting large task binary with size 2.2 MiB\n"}
,{"stream_name":"stderr","time":136.671708288,"data":"\n"}
,{"stream_name":"stderr","time":136.674641254,"data":"26/09/21 05:59:29 WARN DAGScheduler: Broadcasting large task binary with size 2.2 MiB\n"}
,{"stream_name":"stderr","time":137.155030491,"data":"\r[Stage 232:\u003e                                                        (0 + 4) / 4]\r\r                                                                                \r26/09/21 05:59:29 WARN DAGScheduler: Broadcasting large task binary with size 2.2 MiB\n"}
,{"stream_name":"stderr","time":137.195417655,"data":"\r[Stage 232:\u003e                                                        (0 + 4) / 4]\r\r                                                                                \r26/09/21 05:59:29 WARN DAGScheduler: Broadcasting large task binary with size 2.2 MiB\n"}
,{"stream_name":"stderr","time":137.195528352,"data":"\n"}
,{"stream_name":"stderr","time":137.195536277,"data":"\r[Stage 232:\u003e                                                        (0 + 4) / 4]\r\r                                                                                \r26/09/21 05:59:29 WARN DAGScheduler: Broadcasting large task binary with size 2.2 MiB\n"}
,{"stream_name":"stderr","time":137.844458195,"data":"26/09/21 05:59:30 WARN DAGScheduler: Broadcasting large task binary with size 2.2 MiB\n"}
,{"stream_name":"stderr","time":138.046876134,"data":"26/09/21 05:59:30 WARN DAGScheduler: Broadcasting large task binary with size 2.2 MiB\n"}
,{"stream_name":"stderr","time":138.046919593,"data":"\n"}
,{"stream_name":"stderr","time":138.046923905,"data":"26/09/21 05:59:30 WARN DAGScheduler: Broadcasting large task binary with size 2.2 MiB\n"}
,{"stream_name":"stderr","time":138.416056238,"data":"26/09/21 05:59:31 WARN DAGScheduler: Broadcasting large task binary with size 2.2 MiB\n"}
,{"stream_name":"stderr","time":138.625060364,"data":"26/09/21 05:59:31 WARN DAGScheduler: Broadcasting large task binary with size 2.2 MiB\n"}
,{"stream_name":"stderr","time":138.625096314,"data":"\n"}
,{"stream_name":"stderr","time":138.625100903,"data":"26/09/21 05:59:31 WARN DAGScheduler: Broadcasting large task binary with size 2.2 MiB\n"}
,{"stream_name":"stderr","time":139.122610621,"data":"\r[Stage 237:\u003e                                                        (0 + 4) / 4]\r\r                                                                                \r26/09/21 05:59:31 WARN DAGScheduler: Broadcasting large task binary with size 2.2 MiB\n"}
,{"stream_name":"stderr","time":139.201388113,"data":"\r[Stage 237:\u003e                                                        (0 + 4) / 4]\r\r                                                                                \r26/09/21 05:59:31 WARN DAGScheduler: Broadcasting large task binary with size 2.2 MiB\n"}
,{"stream_name":"stderr","time":139.201431515,"data":"\n"}
,{"stream_name":"stderr","time":139.201441283,"data":"\r[Stage 237:\u003e                                                        (0 + 4) / 4]\r\r                                                                                \r26/09/21 05:59:31 WARN DAGScheduler: Broadcasting large task binary with size 2.2 MiB\n"}
,{"stream_name":"stderr","time":139.798276273,"data":"\r[Stage 238:\u003e                                                        (0 + 4) / 4]\r\r[Stage 238:\u003e                                                        (0 + 4) / 4]\r\n"}
,{"stream_name":"stderr","time":139.821719692,"data":"\r[Stage 238:\u003e                                                        (0 + 4) / 4]\r26/09/21 05:59:32 WARN DAGScheduler: Broadcasting large task binary with size 2.2 MiB\n"}
,{"stream_name":"stderr","time":140.023921777,"data":"\r                                                                                \r26/09/21 05:59:32 WARN DAGScheduler: Broadcasting large task binary with size 2.2 MiB\n"}
,{"stream_name":"stderr","time":140.023967589,"data":"\r                                                                                \r\n"}
,{"stream_name":"stderr","time":140.023974203,"data":"26/09/21 05:59:32 WARN DAGScheduler: Broadcasting large task binary with size 2.2 MiB\n"}
,{"stream_name":"stderr","time":140.385320668,"data":"\r                                                                                \r26/09/21 05:59:33 WARN DAGScheduler: Broadcasting large task binary with size 2.2 MiB\n"}
,{"stream_name":"stderr","time":140.597061925,"data":"26/09/21 05:59:33 WARN DAGScheduler: Broadcasting large task binary with size 2.2 MiB\n"}
,{"stream_name":"stderr","time":140.597105335,"data":"\n"}
,{"stream_name":"stderr","time":140.597111403,"data":"26/09/21 05:59:33 WARN DAGScheduler: Broadcasting large task binary with size 2.2 MiB\n"}
,{"stream_name":"stderr","time":141.100549877,"data":"\r[Stage 242:\u003e                                                        (0 + 4) / 4]\r\r                                                                                \r26/09/21 05:59:33 WARN DAGScheduler: Broadcasting large task binary with size 2.2 MiB\n"}
,{"stream_name":"stderr","time":141.201904016,"data":"\r[Stage 242:\u003e                                                        (0 + 4) / 4]\r\r                                                                                \r26/09/21 05:59:33 WARN DAGScheduler: Broadcasting large task binary with size 2.2 MiB\n"}
,{"stream_name":"stderr","time":141.201938028,"data":"\n"}
,{"stream_name":"stderr","time":141.201944621,"data":"\r[Stage 242:\u003e                                                        (0 + 4) / 4]\r\r                                                                                \r26/09/21 05:59:33 WARN DAGScheduler: Broadcasting large task binary with size 2.2 MiB\n"}
,{"stream_name":"stderr","time":141.800218767,"data":"\r[Stage 243:\u003e                                                        (0 + 4) / 4]\r\r[Stage 243:\u003e                                                        (0 + 4) / 4]\r\n"}
,{"stream_name":"stderr","time":141.886703047,"data":"\r[Stage 243:\u003e                                                        (0 + 4) / 4]\r26/09/21 05:59:34 WARN DAGScheduler: Broadcasting large task binary with size 2.2 MiB\n"}
,{"stream_name":"stderr","time":142.089042932,"data":"\r                                                                                \r26/09/21 05:59:34 WARN DAGScheduler: Broadcasting large task binary with size 2.2 MiB\n"}
,{"stream_name":"stderr","time":142.089081055,"data":"\r                                                                                \r\n"}
,{"stream_name":"stderr","time":142.089086594,"data":"26/09/21 05:59:34 WARN DAGScheduler: Broadcasting large task binary with size 2.2 MiB\n"}
,{"stream_name":"stderr","time":142.465305536,"data":"\r                                                                                \r26/09/21 05:59:35 WARN DAGScheduler: Broadcasting large task binary with size 2.2 MiB\n"}
,{"stream_name":"stderr","time":142.671040229,"data":"26/09/21 05:59:35 WARN DAGScheduler: Broadcasting large task binary with size 2.2 MiB\n"}
,{"stream_name":"stderr","time":142.671080523,"data":"\n"}
,{"stream_name":"stderr","time":142.673649687,"data":"26/09/21 05:59:35 WARN DAGScheduler: Broadcasting large task binary with size 2.2 MiB\n"}
,{"stream_name":"stderr","time":143.214919231,"data":"\r[Stage 247:\u003e                                                        (0 + 4) / 4]\r\r                                                                                \r\r[Stage 247:\u003e                                                        (0 + 4) / 4]\r\r                                                                                \r\n"}
,{"stream_name":"stderr","time":143.220784923,"data":"\r[Stage 247:\u003e                                                        (0 + 4) / 4]\r\r                                                                                \r26/09/21 05:59:35 WARN DAGScheduler: Broadcasting large task binary with size 2.2 MiB\n"}
,{"stream_name":"stderr","time":143.427753103,"data":"26/09/21 05:59:35 WARN DAGScheduler: Broadcasting large task binary with size 2.2 MiB\n"}
,{"stream_name":"stderr","time":143.427932548,"data":"\n"}
,{"stream_name":"stderr","time":143.427941153,"data":"26/09/21 05:59:35 WARN DAGScheduler: Broadcasting large task binary with size 2.2 MiB\n"}
,{"stream_name":"stderr","time":143.954773045,"data":"\r[Stage 248:============================\u003e                            (2 + 2) / 4]\r26/09/21 05:59:36 WARN DAGScheduler: Broadcasting large task binary with size 2.2 MiB\n"}
,{"stream_name":"stderr","time":143.994517697,"data":"\r[Stage 248:============================\u003e                            (2 + 2) / 4]\r26/09/21 05:59:36 WARN DAGScheduler: Broadcasting large task binary with size 2.2 MiB\n"}
,{"stream_name":"stderr","time":143.994577778,"data":"\n"}
,{"stream_name":"stderr","time":143.994583399,"data":"\r[Stage 248:============================\u003e                            (2 + 2) / 4]\r26/09/21 05:59:36 WARN DAGScheduler: Broadcasting large task binary with size 2.2 MiB\n"}
,{"stream_name":"stderr","time":144.203351296,"data":"\r                                                                                \r\r                                                                                \r\n"}
,{"stream_name":"stderr","time":144.538587147,"data":"\r                                                                                \r26/09/21 05:59:37 WARN DAGScheduler: Broadcasting large task binary with size 2.2 MiB\n"}
,{"stream_name":"stderr","time":144.742369216,"data":"26/09/21 05:59:37 WARN DAGScheduler: Broadcasting large task binary with size 2.2 MiB\n"}
,{"stream_name":"stderr","time":144.742407087,"data":"\n"}
,{"stream_name":"stderr","time":144.746666517,"data":"26/09/21 05:59:37 WARN DAGScheduler: Broadcasting large task binary with size 2.2 MiB\n"}
,{"stream_name":"stderr","time":145.266153217,"data":"\r[Stage 252:\u003e                                                        (0 + 4) / 4]\r\r                                                                                \r26/09/21 05:59:37 WARN DAGScheduler: Broadcasting large task binary with size 2.2 MiB\n"}
,{"stream_name":"stderr","time":145.405064434,"data":"\r[Stage 252:\u003e                                                        (0 + 4) / 4]\r\r                                                                                \r26/09/21 05:59:37 WARN DAGScheduler: Broadcasting large task binary with size 2.2 MiB\n"}
,{"stream_name":"stderr","time":145.405133222,"data":"\n"}
,{"stream_name":"stderr","time":145.405141054,"data":"\r[Stage 252:\u003e                                                        (0 + 4) / 4]\r\r                                                                                \r26/09/21 05:59:37 WARN DAGScheduler: Broadcasting large task binary with size 2.2 MiB\n"}
,{"stream_name":"stderr","time":145.958500707,"data":"\r[Stage 253:==============\u003e                                          (1 + 3) / 4]\r26/09/21 05:59:38 WARN DAGScheduler: Broadcasting large task binary with size 2.2 MiB\n"}
,{"stream_name":"stderr","time":145.994412612,"data":"\r[Stage 253:==============\u003e                                          (1 + 3) / 4]\r26/09/21 05:59:38 WARN DAGScheduler: Broadcasting large task binary with size 2.2 MiB\n"}
,{"stream_name":"stderr","time":145.994474703,"data":"\n"}
,{"stream_name":"stderr","time":145.994482102,"data":"\r[Stage 253:==============\u003e                                          (1 + 3) / 4]\r26/09/21 05:59:38 WARN DAGScheduler: Broadcasting large task binary with size 2.2 MiB\n"}
,{"stream_name":"stderr","time":146.208968597,"data":"\r                                                                                \r\r                                                                                \r\n"}
,{"stream_name":"stderr","time":146.5488227,"data":"\r                                                                                \r26/09/21 05:59:39 WARN DAGScheduler: Broadcasting large task binary with size 2.2 MiB\n"}
,{"stream_name":"stderr","time":146.764110204,"data":"26/09/21 05:59:39 WARN DAGScheduler: Broadcasting large task binary with size 2.2 MiB\n"}
,{"stream_name":"stderr","time":146.764147308,"data":"\n"}
,{"stream_name":"stderr","time":146.766713221,"data":"26/09/21 05:59:39 WARN DAGScheduler: Broadcasting large task binary with size 2.2 MiB\n"}
,{"stream_name":"stderr","time":147.31771853,"data":"\r[Stage 257:\u003e                                                        (0 + 4) / 4]\r\r                                                                                \r26/09/21 05:59:40 WARN DAGScheduler: Broadcasting large task binary with size 2.2 MiB\n"}
,{"stream_name":"stderr","time":147.399101763,"data":"\r[Stage 257:\u003e                                                        (0 + 4) / 4]\r\r                                                                                \r26/09/21 05:59:40 WARN DAGScheduler: Broadcasting large task binary with size 2.2 MiB\n"}
,{"stream_name":"stderr","time":147.399177829,"data":"\n"}
,{"stream_name":"stderr","time":147.401665061,"data":"\r[Stage 257:\u003e                                                        (0 + 4) / 4]\r\r                                                                                \r26/09/21 05:59:40 WARN DAGScheduler: Broadcasting large task binary with size 2.2 MiB\n"}
,{"stream_name":"stderr","time":147.994621908,"data":"\r[Stage 258:\u003e                                                        (0 + 4) / 4]\r\r[Stage 258:\u003e                                                        (0 + 4) / 4]\r\n"}
,{"stream_name":"stderr","time":148.033646293,"data":"\r[Stage 258:\u003e                                                        (0 + 4) / 4]\r26/09/21 05:59:40 WARN DAGScheduler: Broadcasting large task binary with size 2.2 MiB\n"}
,{"stream_name":"stderr","time":148.236326685,"data":"\r                                                                                \r26/09/21 05:59:40 WARN DAGScheduler: Broadcasting large task binary with size 2.2 MiB\n"}
,{"stream_name":"stderr","time":148.236373108,"data":"\r                                                                                \r\n"}
,{"stream_name":"stderr","time":148.236380483,"data":"26/09/21 05:59:40 WARN DAGScheduler: Broadcasting large task binary with size 2.2 MiB\n"}
,{"stream_name":"stderr","time":148.608006226,"data":"\r                                                                                \r26/09/21 05:59:41 WARN DAGScheduler: Broadcasting large task binary with size 2.2 MiB\n"}
,{"stream_name":"stderr","time":148.82402816,"data":"26/09/21 05:59:41 WARN DAGScheduler: Broadcasting large task binary with size 2.2 MiB\n"}
,{"stream_name":"stderr","time":148.824062614,"data":"\n"}
,{"stream_name":"stderr","time":148.824067049,"data":"26/09/21 05:59:41 WARN DAGScheduler: Broadcasting large task binary with size 2.2 MiB\n"}
,{"stream_name":"stderr","time":149.302498618,"data":"\r[Stage 262:==============\u003e                                          (1 + 3) / 4]\r\r                                                                                \r26/09/21 05:59:42 WARN DAGScheduler: Broadcasting large task binary with size 2.2 MiB\n"}
,{"stream_name":"stderr","time":149.394605635,"data":"\r[Stage 262:==============\u003e                                          (1 + 3) / 4]\r\r                                                                                \r26/09/21 05:59:42 WARN DAGScheduler: Broadcasting large task binary with size 2.2 MiB\n"}
,{"stream_name":"stderr","time":149.394648124,"data":"\n"}
,{"stream_name":"stderr","time":149.394652789,"data":"\r[Stage 262:==============\u003e                                          (1 + 3) / 4]\r\r                                                                                \r26/09/21 05:59:42 WARN DAGScheduler: Broadcasting large task binary with size 2.2 MiB\n"}
,{"stream_name":"stderr","time":149.983176957,"data":"\r[Stage 263:\u003e                                                        (0 + 4) / 4]\r26/09/21 05:59:42 WARN DAGScheduler: Broadcasting large task binary with size 2.2 MiB\n"}
,{"stream_name":"stderr","time":149.999045831,"data":"\r[Stage 263:\u003e                                                        (0 + 4) / 4]\r26/09/21 05:59:42 WARN DAGScheduler: Broadcasting large task binary with size 2.2 MiB\n"}
,{"stream_name":"stderr","time":149.999088067,"data":"\n"}
,{"stream_name":"stderr","time":149.999093248,"data":"\r[Stage 263:\u003e                                                        (0 + 4) / 4]\r26/09/21 05:59:42 WARN DAGScheduler: Broadcasting large task binary with size 2.2 MiB\n"}
,{"stream_name":"stderr","time":150.23273721,"data":"\r                                                                                \r\r                                                                                \r\n"}
,{"stream_name":"stderr","time":150.538165326,"data":"\r                                                                                \r26/09/21 05:59:43 WARN DAGScheduler: Broadcasting large task binary with size 2.2 MiB\n"}
,{"stream_name":"stderr","time":150.747276206,"data":"26/09/21 05:59:43 WARN DAGScheduler: Broadcasting large task binary with size 2.2 MiB\n"}
,{"stream_name":"stderr","time":150.747325267,"data":"\n"}
,{"stream_name":"stderr","time":150.747847333,"data":"26/09/21 05:59:43 WARN DAGScheduler: Broadcasting large task binary with size 2.2 MiB\n"}
,{"stream_name":"stderr","time":151.331301963,"data":"\r[Stage 267:\u003e                                                        (0 + 4) / 4]\r\r                                                                                \r26/09/21 05:59:44 WARN DAGScheduler: Broadcasting large task binary with size 2.2 MiB\n"}
,{"stream_name":"stderr","time":151.39956479,"data":"\r[Stage 267:\u003e                                                        (0 + 4) / 4]\r\r                                                                                \r26/09/21 05:59:44 WARN DAGScheduler: Broadcasting large task binary with size 2.2 MiB\n"}
,{"stream_name":"stderr","time":151.399623166,"data":"\n"}
,{"stream_name":"stderr","time":151.399629587,"data":"\r[Stage 267:\u003e                                                        (0 + 4) / 4]\r\r                                                                                \r26/09/21 05:59:44 WARN DAGScheduler: Broadcasting large task binary with size 2.2 MiB\n"}
,{"stream_name":"stderr","time":151.998787316,"data":"\r[Stage 268:\u003e                                                        (0 + 4) / 4]\r\r[Stage 268:\u003e                                                        (0 + 4) / 4]\r\n"}
,{"stream_name":"stderr","time":152.04155497,"data":"\r[Stage 268:\u003e                                                        (0 + 4) / 4]\r26/09/21 05:59:44 WARN DAGScheduler: Broadcasting large task binary with size 2.2 MiB\n"}
,{"stream_name":"stderr","time":152.244251202,"data":"\r                                                                                \r26/09/21 05:59:44 WARN DAGScheduler: Broadcasting large task binary with size 2.2 MiB\n"}
,{"stream_name":"stderr","time":152.244303047,"data":"\r                                                                                \r\n"}
,{"stream_name":"stderr","time":152.244329743,"data":"26/09/21 05:59:44 WARN DAGScheduler: Broadcasting large task binary with size 2.2 MiB\n"}
,{"stream_name":"stderr","time":152.673233378,"data":"\r                                                                                \r26/09/21 05:59:45 WARN DAGScheduler: Broadcasting large task binary with size 2.2 MiB\n"}
,{"stream_name":"stderr","time":152.880950422,"data":"26/09/21 05:59:45 WARN DAGScheduler: Broadcasting large task binary with size 2.2 MiB\n"}
,{"stream_name":"stderr","time":152.880995984,"data":"\n"}
,{"stream_name":"stderr","time":152.881002087,"data":"26/09/21 05:59:45 WARN DAGScheduler: Broadcasting large task binary with size 2.2 MiB\n"}
,{"stream_name":"stderr","time":153.395310762,"data":"\r[Stage 272:\u003e                                                        (0 + 4) / 4]\r\r                                                                                \r\r[Stage 272:\u003e                                                        (0 + 4) / 4]\r\r                                                                                \r\n"}
,{"stream_name":"stderr","time":153.400234542,"data":"\r[Stage 272:\u003e                                                        (0 + 4) / 4]\r\r                                                                                \r26/09/21 05:59:46 WARN DAGScheduler: Broadcasting large task binary with size 2.2 MiB\n"}
,{"stream_name":"stderr","time":153.606036061,"data":"26/09/21 05:59:46 WARN DAGScheduler: Broadcasting large task binary with size 2.2 MiB\n"}
,{"stream_name":"stderr","time":153.606096535,"data":"\n"}
,{"stream_name":"stderr","time":153.608624099,"data":"26/09/21 05:59:46 WARN DAGScheduler: Broadcasting large task binary with size 2.2 MiB\n"}
,{"stream_name":"stderr","time":154.082790952,"data":"26/09/21 05:59:46 WARN DAGScheduler: Broadcasting large task binary with size 2.2 MiB\n"}
,{"stream_name":"stderr","time":154.285438078,"data":"26/09/21 05:59:46 WARN DAGScheduler: Broadcasting large task binary with size 2.2 MiB\n"}
,{"stream_name":"stderr","time":154.285499354,"data":"\n"}
,{"stream_name":"stderr","time":154.28550541,"data":"26/09/21 05:59:46 WARN DAGScheduler: Broadcasting large task binary with size 2.2 MiB\n"}
,{"stream_name":"stderr","time":154.638520692,"data":"26/09/21 05:59:47 WARN DAGScheduler: Broadcasting large task binary with size 2.2 MiB\n"}
,{"stream_name":"stderr","time":154.84798513,"data":"26/09/21 05:59:47 WARN DAGScheduler: Broadcasting large task binary with size 2.2 MiB\n"}
,{"stream_name":"stderr","time":154.848025748,"data":"\n"}
,{"stream_name":"stderr","time":154.848343002,"data":"26/09/21 05:59:47 WARN DAGScheduler: Broadcasting large task binary with size 2.2 MiB\n"}
,{"stream_name":"stderr","time":155.352370075,"data":"\r[Stage 277:\u003e                                                        (0 + 4) / 4]\r\r                                                                                \r26/09/21 05:59:48 WARN DAGScheduler: Broadcasting large task binary with size 2.2 MiB\n"}
,{"stream_name":"stderr","time":155.39807254,"data":"\r[Stage 277:\u003e                                                        (0 + 4) / 4]\r\r                                                                                \r26/09/21 05:59:48 WARN DAGScheduler: Broadcasting large task binary with size 2.2 MiB\n"}
,{"stream_name":"stderr","time":155.398115102,"data":"\n"}
,{"stream_name":"stderr","time":155.398430679,"data":"\r[Stage 277:\u003e                                                        (0 + 4) / 4]\r\r                                                                                \r26/09/21 05:59:48 WARN DAGScheduler: Broadcasting large task binary with size 2.2 MiB\n"}
,{"stream_name":"stderr","time":156.060604317,"data":"26/09/21 05:59:48 WARN DAGScheduler: Broadcasting large task binary with size 2.2 MiB\n"}
,{"stream_name":"stderr","time":156.262942267,"data":"26/09/21 05:59:48 WARN DAGScheduler: Broadcasting large task binary with size 2.2 MiB\n"}
,{"stream_name":"stderr","time":156.262984052,"data":"\n"}
,{"stream_name":"stderr","time":156.262989811,"data":"26/09/21 05:59:48 WARN DAGScheduler: Broadcasting large task binary with size 2.2 MiB\n"}
,{"stream_name":"stderr","time":156.638440846,"data":"26/09/21 05:59:49 WARN DAGScheduler: Broadcasting large task binary with size 2.2 MiB\n"}
,{"stream_name":"stderr","time":156.848147933,"data":"26/09/21 05:59:49 WARN DAGScheduler: Broadcasting large task binary with size 2.2 MiB\n"}
,{"stream_name":"stderr","time":156.848182886,"data":"\n"}
,{"stream_name":"stderr","time":156.849989543,"data":"26/09/21 05:59:49 WARN DAGScheduler: Broadcasting large task binary with size 2.2 MiB\n"}
,{"stream_name":"stderr","time":157.336611838,"data":"\r[Stage 282:\u003e                                                        (0 + 4) / 4]\r\r                                                                                \r26/09/21 05:59:50 WARN DAGScheduler: Broadcasting large task binary with size 2.2 MiB\n"}
,{"stream_name":"stderr","time":157.395340766,"data":"\r[Stage 282:\u003e                                                        (0 + 4) / 4]\r\r                                                                                \r26/09/21 05:59:50 WARN DAGScheduler: Broadcasting large task binary with size 2.2 MiB\n"}
,{"stream_name":"stderr","time":157.395397622,"data":"\n"}
,{"stream_name":"stderr","time":157.395403551,"data":"\r[Stage 282:\u003e                                                        (0 + 4) / 4]\r\r                                                                                \r26/09/21 05:59:50 WARN DAGScheduler: Broadcasting large task binary with size 2.2 MiB\n"}
,{"stream_name":"stderr","time":158.068290556,"data":"26/09/21 05:59:50 WARN DAGScheduler: Broadcasting large task binary with size 2.2 MiB\n"}
,{"stream_name":"stderr","time":158.27079902,"data":"26/09/21 05:59:50 WARN DAGScheduler: Broadcasting large task binary with size 2.2 MiB\n"}
,{"stream_name":"stderr","time":158.2708556,"data":"\n"}
,{"stream_name":"stderr","time":158.270864419,"data":"26/09/21 05:59:50 WARN DAGScheduler: Broadcasting large task binary with size 2.2 MiB\n"}
,{"stream_name":"stderr","time":158.658788733,"data":"26/09/21 05:59:51 WARN DAGScheduler: Broadcasting large task binary with size 2.2 MiB\n"}
,{"stream_name":"stderr","time":158.874588533,"data":"26/09/21 05:59:51 WARN DAGScheduler: Broadcasting large task binary with size 2.2 MiB\n"}
,{"stream_name":"stderr","time":158.874846808,"data":"\n"}
,{"stream_name":"stderr","time":158.876647684,"data":"26/09/21 05:59:51 WARN DAGScheduler: Broadcasting large task binary with size 2.2 MiB\n"}
,{"stream_name":"stderr","time":159.398362845,"data":"\r[Stage 287:\u003e                                                        (0 + 4) / 4]\r\r                                                                                \r\r[Stage 287:\u003e                                                        (0 + 4) / 4]\r\r                                                                                \r\n"}
,{"stream_name":"stderr","time":159.412111321,"data":"\r[Stage 287:\u003e                                                        (0 + 4) / 4]\r\r                                                                                \r26/09/21 05:59:52 WARN DAGScheduler: Broadcasting large task binary with size 2.2 MiB\n"}
,{"stream_name":"stderr","time":159.618621966,"data":"26/09/21 05:59:52 WARN DAGScheduler: Broadcasting large task binary with size 2.2 MiB\n"}
,{"stream_name":"stderr","time":159.618656063,"data":"\n"}
,{"stream_name":"stderr","time":159.618835903,"data":"26/09/21 05:59:52 WARN DAGScheduler: Broadcasting large task binary with size 2.2 MiB\n"}
,{"stream_name":"stderr","time":160.071989861,"data":"26/09/21 05:59:52 WARN DAGScheduler: Broadcasting large task binary with size 2.2 MiB\n"}
,{"stream_name":"stderr","time":160.274782034,"data":"26/09/21 05:59:52 WARN DAGScheduler: Broadcasting large task binary with size 2.2 MiB\n"}
,{"stream_name":"stderr","time":160.274828908,"data":"\n"}
,{"stream_name":"stderr","time":160.274833309,"data":"26/09/21 05:59:52 WARN DAGScheduler: Broadcasting large task binary with size 2.2 MiB\n"}
,{"stream_name":"stderr","time":160.659334534,"data":"26/09/21 05:59:53 WARN DAGScheduler: Broadcasting large task binary with size 2.2 MiB\n"}
,{"stream_name":"stderr","time":160.865209182,"data":"26/09/21 05:59:53 WARN DAGScheduler: Broadcasting large task binary with size 2.2 MiB\n"}
,{"stream_name":"stderr","time":160.865246167,"data":"\n"}
,{"stream_name":"stderr","time":160.865250792,"data":"26/09/21 05:59:53 WARN DAGScheduler: Broadcasting large task binary with size 2.2 MiB\n"}
,{"stream_name":"stderr","time":161.395218652,"data":"\r[Stage 292:\u003e                                                        (0 + 4) / 4]\r\r                                                                                \r\r[Stage 292:\u003e                                                        (0 + 4) / 4]\r\r                                                                                \r\n"}
,{"stream_name":"stderr","time":161.405279877,"data":"\r[Stage 292:\u003e                                                        (0 + 4) / 4]\r\r                                                                                \r26/09/21 05:59:54 WARN DAGScheduler: Broadcasting large task binary with size 2.2 MiB\n"}
,{"stream_name":"stderr","time":161.612753163,"data":"26/09/21 05:59:54 WARN DAGScheduler: Broadcasting large task binary with size 2.2 MiB\n"}
,{"stream_name":"stderr","time":161.612795528,"data":"\n"}
,{"stream_name":"stderr","time":161.613057448,"data":"26/09/21 05:59:54 WARN DAGScheduler: Broadcasting large task binary with size 2.2 MiB\n"}
,{"stream_name":"stderr","time":162.105319361,"data":"26/09/21 05:59:54 WARN DAGScheduler: Broadcasting large task binary with size 2.2 MiB\n"}
,{"stream_name":"stderr","time":162.307963908,"data":"26/09/21 05:59:54 WARN DAGScheduler: Broadcasting large task binary with size 2.2 MiB\n"}
,{"stream_name":"stderr","time":162.308008141,"data":"\n"}
,{"stream_name":"stderr","time":162.308011775,"data":"26/09/21 05:59:54 WARN DAGScheduler: Broadcasting large task binary with size 2.2 MiB\n"}
,{"stream_name":"stderr","time":162.652686559,"data":"26/09/21 05:59:55 WARN DAGScheduler: Broadcasting large task binary with size 2.2 MiB\n"}
,{"stream_name":"stderr","time":162.860020106,"data":"26/09/21 05:59:55 WARN DAGScheduler: Broadcasting large task binary with size 2.2 MiB\n"}
,{"stream_name":"stderr","time":162.860070056,"data":"\n"}
,{"stream_name":"stderr","time":162.86007487,"data":"26/09/21 05:59:55 WARN DAGScheduler: Broadcasting large task binary with size 2.2 MiB\n"}
,{"stream_name":"stderr","time":163.258842516,"data":"\r[Stage 297:==============\u003e                                          (1 + 3) / 4]\r\r                                                                                \r26/09/21 05:59:55 WARN DAGScheduler: Broadcasting large task binary with size 2.2 MiB\n"}
,{"stream_name":"stderr","time":163.412341034,"data":"\r[Stage 297:==============\u003e                                          (1 + 3) / 4]\r\r                                                                                \r26/09/21 05:59:55 WARN DAGScheduler: Broadcasting large task binary with size 2.2 MiB\n"}
,{"stream_name":"stderr","time":163.412376915,"data":"\n"}
,{"stream_name":"stderr","time":163.412381412,"data":"\r[Stage 297:==============\u003e                                          (1 + 3) / 4]\r\r                                                                                \r26/09/21 05:59:55 WARN DAGScheduler: Broadcasting large task binary with size 2.2 MiB\n"}
,{"stream_name":"stderr","time":163.942632893,"data":"26/09/21 05:59:56 WARN DAGScheduler: Broadcasting large task binary with size 2.2 MiB\n"}
,{"stream_name":"stderr","time":164.14465104,"data":"26/09/21 05:59:56 WARN DAGScheduler: Broadcasting large task binary with size 2.2 MiB\n"}
,{"stream_name":"stderr","time":164.144693806,"data":"\n"}
,{"stream_name":"stderr","time":164.144698796,"data":"26/09/21 05:59:56 WARN DAGScheduler: Broadcasting large task binary with size 2.2 MiB\n"}
,{"stream_name":"stderr","time":164.52216346,"data":"26/09/21 05:59:57 WARN DAGScheduler: Broadcasting large task binary with size 2.2 MiB\n"}
,{"stream_name":"stderr","time":164.731410373,"data":"26/09/21 05:59:57 WARN DAGScheduler: Broadcasting large task binary with size 2.2 MiB\n"}
,{"stream_name":"stderr","time":164.731444508,"data":"\n"}
,{"stream_name":"stderr","time":164.731606457,"data":"26/09/21 05:59:57 WARN DAGScheduler: Broadcasting large task binary with size 2.2 MiB\n"}
,{"stream_name":"stderr","time":165.058315161,"data":"\r[Stage 302:============================\u003e                            (2 + 2) / 4]\r\r                                                                                \r26/09/21 05:59:57 WARN DAGScheduler: Broadcasting large task binary with size 2.2 MiB\n"}
,{"stream_name":"stderr","time":165.202712913,"data":"\r[Stage 302:============================\u003e                            (2 + 2) / 4]\r\r                                                                                \r26/09/21 05:59:57 WARN DAGScheduler: Broadcasting large task binary with size 2.2 MiB\n"}
,{"stream_name":"stderr","time":165.202756147,"data":"\n"}
,{"stream_name":"stderr","time":165.202989769,"data":"\r[Stage 302:============================\u003e                            (2 + 2) / 4]\r\r                                                                                \r26/09/21 05:59:57 WARN DAGScheduler: Broadcasting large task binary with size 2.2 MiB\n"}
,{"stream_name":"stderr","time":165.773653622,"data":"26/09/21 05:59:58 WARN DAGScheduler: Broadcasting large task binary with size 2.2 MiB\n"}
,{"stream_name":"stderr","time":165.976172154,"data":"26/09/21 05:59:58 WARN DAGScheduler: Broadcasting large task binary with size 2.2 MiB\n"}
,{"stream_name":"stderr","time":165.976222303,"data":"\n"}
,{"stream_name":"stderr","time":165.976227978,"data":"26/09/21 05:59:58 WARN DAGScheduler: Broadcasting large task binary with size 2.2 MiB\n"}
,{"stream_name":"stderr","time":166.423575912,"data":"26/09/21 05:59:59 WARN DAGScheduler: Broadcasting large task binary with size 2.2 MiB\n"}
,{"stream_name":"stderr","time":166.635641661,"data":"26/09/21 05:59:59 WARN DAGScheduler: Broadcasting large task binary with size 2.2 MiB\n"}
,{"stream_name":"stderr","time":166.635712898,"data":"\n"}
,{"stream_name":"stderr","time":166.63864601,"data":"26/09/21 05:59:59 WARN DAGScheduler: Broadcasting large task binary with size 2.2 MiB\n"}
,{"stream_name":"stderr","time":167.039386043,"data":"\r[Stage 307:============================\u003e                            (2 + 2) / 4]\r\r                                                                                \r26/09/21 05:59:59 WARN DAGScheduler: Broadcasting large task binary with size 2.2 MiB\n"}
,{"stream_name":"stderr","time":167.19758187,"data":"\r[Stage 307:============================\u003e                            (2 + 2) / 4]\r\r                                                                                \r26/09/21 05:59:59 WARN DAGScheduler: Broadcasting large task binary with size 2.2 MiB\n"}
,{"stream_name":"stderr","time":167.197626506,"data":"\n"}
,{"stream_name":"stderr","time":167.197632742,"data":"\r[Stage 307:============================\u003e                            (2 + 2) / 4]\r\r                                                                                \r26/09/21 05:59:59 WARN DAGScheduler: Broadcasting large task binary with size 2.2 MiB\n"}
,{"stream_name":"stderr","time":167.695105348,"data":"26/09/21 06:00:00 WARN DAGScheduler: Broadcasting large task binary with size 2.2 MiB\n"}
,{"stream_name":"stderr","time":167.897288056,"data":"26/09/21 06:00:00 WARN DAGScheduler: Broadcasting large task binary with size 2.2 MiB\n"}
,{"stream_name":"stderr","time":167.89732582,"data":"\n"}
,{"stream_name":"stderr","time":167.897330758,"data":"26/09/21 06:00:00 WARN DAGScheduler: Broadcasting large task binary with size 2.2 MiB\n"}
,{"stream_name":"stderr","time":168.264681219,"data":"26/09/21 06:00:00 WARN DAGScheduler: Broadcasting large task binary with size 2.2 MiB\n"}
,{"stream_name":"stderr","time":168.476266829,"data":"26/09/21 06:00:00 WARN DAGScheduler: Broadcasting large task binary with size 2.2 MiB\n"}
,{"stream_name":"stderr","time":168.476314354,"data":"\n"}
,{"stream_name":"stderr","time":168.476321029,"data":"26/09/21 06:00:00 WARN DAGScheduler: Broadcasting large task binary with size 2.2 MiB\n"}
,{"stream_name":"stderr","time":168.881006456,"data":"\r[Stage 312:\u003e                                                        (0 + 4) / 4]\r\r                                                                                \r26/09/21 06:00:01 WARN DAGScheduler: Broadcasting large task binary with size 2.2 MiB\n"}
,{"stream_name":"stderr","time":168.998650608,"data":"\r[Stage 312:\u003e                                                        (0 + 4) / 4]\r\r                                                                                \r26/09/21 06:00:01 WARN DAGScheduler: Broadcasting large task binary with size 2.2 MiB\n"}
,{"stream_name":"stderr","time":168.998698674,"data":"\n"}
,{"stream_name":"stderr","time":168.998703215,"data":"\r[Stage 312:\u003e                                                        (0 + 4) / 4]\r\r                                                                                \r26/09/21 06:00:01 WARN DAGScheduler: Broadcasting large task binary with size 2.2 MiB\n"}
,{"stream_name":"stderr","time":169.523251017,"data":"26/09/21 06:00:02 WARN DAGScheduler: Broadcasting large task binary with size 2.2 MiB\n"}
,{"stream_name":"stderr","time":169.726777292,"data":"26/09/21 06:00:02 WARN DAGScheduler: Broadcasting large task binary with size 2.2 MiB\n"}
,{"stream_name":"stderr","time":169.726824271,"data":"\n"}
,{"stream_name":"stderr","time":169.726829099,"data":"26/09/21 06:00:02 WARN DAGScheduler: Broadcasting large task binary with size 2.2 MiB\n"}
,{"stream_name":"stderr","time":170.239983684,"data":"26/09/21 06:00:02 WARN DAGScheduler: Broadcasting large task binary with size 2.2 MiB\n"}
,{"stream_name":"stderr","time":170.446129477,"data":"26/09/21 06:00:02 WARN DAGScheduler: Broadcasting large task binary with size 2.2 MiB\n"}
,{"stream_name":"stderr","time":170.446172688,"data":"\n"}
,{"stream_name":"stderr","time":170.446177317,"data":"26/09/21 06:00:02 WARN DAGScheduler: Broadcasting large task binary with size 2.2 MiB\n"}
,{"stream_name":"stderr","time":170.755977842,"data":"26/09/21 06:00:03 WARN DAGScheduler: Broadcasting large task binary with size 2.2 MiB\n"}
,{"stream_name":"stderr","time":170.960810015,"data":"26/09/21 06:00:03 WARN DAGScheduler: Broadcasting large task binary with size 2.2 MiB\n"}
,{"stream_name":"stderr","time":170.96084437,"data":"\n"}
,{"stream_name":"stderr","time":170.961073671,"data":"26/09/21 06:00:03 WARN DAGScheduler: Broadcasting large task binary with size 2.2 MiB\n"}
,{"stream_name":"stderr","time":171.496658294,"data":"26/09/21 06:00:04 WARN DAGScheduler: Broadcasting large task binary with size 2.2 MiB\n"}
,{"stream_name":"stderr","time":171.699140043,"data":"26/09/21 06:00:04 WARN DAGScheduler: Broadcasting large task binary with size 2.2 MiB\n"}
,{"stream_name":"stderr","time":171.699198647,"data":"\n"}
,{"stream_name":"stderr","time":171.699203896,"data":"26/09/21 06:00:04 WARN DAGScheduler: Broadcasting large task binary with size 2.2 MiB\n"}
,{"stream_name":"stderr","time":172.110658564,"data":"26/09/21 06:00:04 WARN DAGScheduler: Broadcasting large task binary with size 2.2 MiB\n"}
,{"stream_name":"stderr","time":172.320637607,"data":"26/09/21 06:00:04 WARN DAGScheduler: Broadcasting large task binary with size 2.2 MiB\n"}
,{"stream_name":"stderr","time":172.320675104,"data":"\n"}
,{"stream_name":"stderr","time":172.323646669,"data":"26/09/21 06:00:04 WARN DAGScheduler: Broadcasting large task binary with size 2.2 MiB\n"}
,{"stream_name":"stderr","time":172.776735984,"data":"\r[Stage 322:\u003e                                                        (0 + 4) / 4]\r\r                                                                                \r26/09/21 06:00:05 WARN DAGScheduler: Broadcasting large task binary with size 2.2 MiB\n"}
,{"stream_name":"stderr","time":172.801548193,"data":"\r[Stage 322:\u003e                                                        (0 + 4) / 4]\r\r                                                                                \r26/09/21 06:00:05 WARN DAGScheduler: Broadcasting large task binary with size 2.2 MiB\n"}
,{"stream_name":"stderr","time":172.801612547,"data":"\n"}
,{"stream_name":"stderr","time":172.801618475,"data":"\r[Stage 322:\u003e                                                        (0 + 4) / 4]\r\r                                                                                \r26/09/21 06:00:05 WARN DAGScheduler: Broadcasting large task binary with size 2.2 MiB\n"}
,{"stream_name":"stderr","time":173.477123156,"data":"26/09/21 06:00:06 WARN DAGScheduler: Broadcasting large task binary with size 2.2 MiB\n"}
,{"stream_name":"stderr","time":173.700082584,"data":"26/09/21 06:00:06 WARN DAGScheduler: Broadcasting large task binary with size 2.2 MiB\n"}
,{"stream_name":"stderr","time":173.700118544,"data":"\n"}
,{"stream_name":"stderr","time":173.700123802,"data":"26/09/21 06:00:06 WARN DAGScheduler: Broadcasting large task binary with size 2.2 MiB\n"}
,{"stream_name":"stderr","time":174.061157608,"data":"26/09/21 06:00:06 WARN DAGScheduler: Broadcasting large task binary with size 2.2 MiB\n"}
,{"stream_name":"stderr","time":174.275997503,"data":"26/09/21 06:00:06 WARN DAGScheduler: Broadcasting large task binary with size 2.2 MiB\n"}
,{"stream_name":"stderr","time":174.276033309,"data":"\n"}
,{"stream_name":"stderr","time":174.276038219,"data":"26/09/21 06:00:06 WARN DAGScheduler: Broadcasting large task binary with size 2.2 MiB\n"}
,{"stream_name":"stderr","time":174.788411455,"data":"\r[Stage 327:\u003e                                                        (0 + 4) / 4]\r\r                                                                                \r26/09/21 06:00:07 WARN DAGScheduler: Broadcasting large task binary with size 2.2 MiB\n"}
,{"stream_name":"stderr","time":174.794451348,"data":"\r[Stage 327:\u003e                                                        (0 + 4) / 4]\r\r                                                                                \r26/09/21 06:00:07 WARN DAGScheduler: Broadcasting large task binary with size 2.2 MiB\n"}
,{"stream_name":"stderr","time":174.794485944,"data":"\n"}
,{"stream_name":"stderr","time":174.794490698,"data":"\r[Stage 327:\u003e                                                        (0 + 4) / 4]\r\r                                                                                \r26/09/21 06:00:07 WARN DAGScheduler: Broadcasting large task binary with size 2.2 MiB\n"}
,{"stream_name":"stderr","time":175.462358095,"data":"26/09/21 06:00:08 WARN DAGScheduler: Broadcasting large task binary with size 2.2 MiB\n"}
,{"stream_name":"stderr","time":175.664875951,"data":"26/09/21 06:00:08 WARN DAGScheduler: Broadcasting large task binary with size 2.2 MiB\n"}
,{"stream_name":"stderr","time":175.664921486,"data":"\n"}
,{"stream_name":"stderr","time":175.664925184,"data":"26/09/21 06:00:08 WARN DAGScheduler: Broadcasting large task binary with size 2.2 MiB\n"}
,{"stream_name":"stderr","time":176.018748323,"data":"26/09/21 06:00:08 WARN DAGScheduler: Broadcasting large task binary with size 2.2 MiB\n"}
,{"stream_name":"stderr","time":176.230136849,"data":"26/09/21 06:00:08 WARN DAGScheduler: Broadcasting large task binary with size 2.2 MiB\n"}
,{"stream_name":"stderr","time":176.230174557,"data":"\n"}
,{"stream_name":"stderr","time":176.230179941,"data":"26/09/21 06:00:08 WARN DAGScheduler: Broadcasting large task binary with size 2.2 MiB\n"}
,{"stream_name":"stderr","time":176.768312662,"data":"\r[Stage 332:\u003e                                                        (0 + 4) / 4]\r\r                                                                                \r26/09/21 06:00:09 WARN DAGScheduler: Broadcasting large task binary with size 2.2 MiB\n"}
,{"stream_name":"stderr","time":176.797046454,"data":"\r[Stage 332:\u003e                                                        (0 + 4) / 4]\r\r                                                                                \r26/09/21 06:00:09 WARN DAGScheduler: Broadcasting large task binary with size 2.2 MiB\n"}
,{"stream_name":"stderr","time":176.797075755,"data":"\n"}
,{"stream_name":"stderr","time":176.797800237,"data":"\r[Stage 332:\u003e                                                        (0 + 4) / 4]\r\r                                                                                \r26/09/21 06:00:09 WARN DAGScheduler: Broadcasting large task binary with size 2.2 MiB\n"}
,{"stream_name":"stderr","time":177.431533497,"data":"26/09/21 06:00:10 WARN DAGScheduler: Broadcasting large task binary with size 2.2 MiB\n"}
,{"stream_name":"stderr","time":177.633906559,"data":"26/09/21 06:00:10 WARN DAGScheduler: Broadcasting large task binary with size 2.2 MiB\n"}
,{"stream_name":"stderr","time":177.633954627,"data":"\n"}
,{"stream_name":"stderr","time":177.633960764,"data":"26/09/21 06:00:10 WARN DAGScheduler: Broadcasting large task binary with size 2.2 MiB\n"}
,{"stream_name":"stderr","time":177.987134469,"data":"26/09/21 06:00:10 WARN DAGScheduler: Broadcasting large task binary with size 2.2 MiB\n"}
,{"stream_name":"stderr","time":178.200412962,"data":"26/09/21 06:00:10 WARN DAGScheduler: Broadcasting large task binary with size 2.2 MiB\n"}
,{"stream_name":"stderr","time":178.20045267,"data":"\n"}
,{"stream_name":"stderr","time":178.200458028,"data":"26/09/21 06:00:10 WARN DAGScheduler: Broadcasting large task binary with size 2.2 MiB\n"}
,{"stream_name":"stderr","time":178.715357717,"data":"\r[Stage 337:==============\u003e                                          (1 + 3) / 4]\r\r                                                                                \r26/09/21 06:00:11 WARN DAGScheduler: Broadcasting large task binary with size 2.2 MiB\n"}
,{"stream_name":"stderr","time":178.799578666,"data":"\r[Stage 337:==============\u003e                                          (1 + 3) / 4]\r\r                                                                                \r26/09/21 06:00:11 WARN DAGScheduler: Broadcasting large task binary with size 2.2 MiB\n"}
,{"stream_name":"stderr","time":178.799639926,"data":"\n"}
,{"stream_name":"stderr","time":178.800651453,"data":"\r[Stage 337:==============\u003e                                          (1 + 3) / 4]\r\r                                                                                \r26/09/21 06:00:11 WARN DAGScheduler: Broadcasting large task binary with size 2.2 MiB\n"}
,{"stream_name":"stderr","time":179.393023013,"data":"\r[Stage 338:\u003e                                                        (0 + 4) / 4]\r26/09/21 06:00:12 WARN DAGScheduler: Broadcasting large task binary with size 2.2 MiB\n"}
,{"stream_name":"stderr","time":179.396406773,"data":"\r[Stage 338:\u003e                                                        (0 + 4) / 4]\r26/09/21 06:00:12 WARN DAGScheduler: Broadcasting large task binary with size 2.2 MiB\n"}
,{"stream_name":"stderr","time":179.396432682,"data":"\n"}
,{"stream_name":"stderr","time":179.396438877,"data":"\r[Stage 338:\u003e                                                        (0 + 4) / 4]\r26/09/21 06:00:12 WARN DAGScheduler: Broadcasting large task binary with size 2.2 MiB\n"}
,{"stream_name":"stderr","time":179.640668516,"data":"\r                                                                                \r\r                                                                                \r\n"}
,{"stream_name":"stderr","time":179.996192903,"data":"\r                                                                                \r26/09/21 06:00:12 WARN DAGScheduler: Broadcasting large task binary with size 2.2 MiB\n"}
,{"stream_name":"stderr","time":180.200642429,"data":"26/09/21 06:00:12 WARN DAGScheduler: Broadcasting large task binary with size 2.2 MiB\n"}
,{"stream_name":"stderr","time":180.200687708,"data":"\n"}
,{"stream_name":"stderr","time":180.201467356,"data":"26/09/21 06:00:12 WARN DAGScheduler: Broadcasting large task binary with size 2.2 MiB\n"}
,{"stream_name":"stderr","time":180.633082751,"data":"26/09/21 06:00:13 WARN DAGScheduler: Broadcasting large task binary with size 2.2 MiB\n"}
,{"stream_name":"stderr","time":180.837662229,"data":"26/09/21 06:00:13 WARN DAGScheduler: Broadcasting large task binary with size 2.2 MiB\n"}
,{"stream_name":"stderr","time":180.837706613,"data":"\n"}
,{"stream_name":"stderr","time":180.839675841,"data":"26/09/21 06:00:13 WARN DAGScheduler: Broadcasting large task binary with size 2.2 MiB\n"}
,{"stream_name":"stderr","time":181.395123819,"data":"\r[Stage 343:==============\u003e                                          (1 + 3) / 4]\r\r[Stage 343:==============\u003e                                          (1 + 3) / 4]\r\n"}
,{"stream_name":"stderr","time":181.438862807,"data":"\r[Stage 343:==============\u003e                                          (1 + 3) / 4]\r26/09/21 06:00:14 WARN DAGScheduler: Broadcasting large task binary with size 2.2 MiB\n"}
,{"stream_name":"stderr","time":181.641606773,"data":"\r                                                                                \r26/09/21 06:00:14 WARN DAGScheduler: Broadcasting large task binary with size 2.2 MiB\n"}
,{"stream_name":"stderr","time":181.641694251,"data":"\r                                                                                \r\n"}
,{"stream_name":"stderr","time":181.641701494,"data":"26/09/21 06:00:14 WARN DAGScheduler: Broadcasting large task binary with size 2.2 MiB\n"}
,{"stream_name":"stderr","time":182.014454434,"data":"\r                                                                                \r26/09/21 06:00:14 WARN DAGScheduler: Broadcasting large task binary with size 2.2 MiB\n"}
,{"stream_name":"stderr","time":182.224594256,"data":"26/09/21 06:00:14 WARN DAGScheduler: Broadcasting large task binary with size 2.2 MiB\n"}
,{"stream_name":"stderr","time":182.224654456,"data":"\n"}
,{"stream_name":"stderr","time":182.224659641,"data":"26/09/21 06:00:14 WARN DAGScheduler: Broadcasting large task binary with size 2.2 MiB\n"}
,{"stream_name":"stderr","time":182.692454212,"data":"\r[Stage 347:==============\u003e                                          (1 + 3) / 4]\r\r                                                                                \r26/09/21 06:00:15 WARN DAGScheduler: Broadcasting large task binary with size 2.2 MiB\n"}
,{"stream_name":"stderr","time":182.804705336,"data":"\r[Stage 347:==============\u003e                                          (1 + 3) / 4]\r\r                                                                                \r26/09/21 06:00:15 WARN DAGScheduler: Broadcasting large task binary with size 2.2 MiB\n"}
,{"stream_name":"stderr","time":182.804748577,"data":"\n"}
,{"stream_name":"stderr","time":182.807567031,"data":"\r[Stage 347:==============\u003e                                          (1 + 3) / 4]\r\r                                                                                \r26/09/21 06:00:15 WARN DAGScheduler: Broadcasting large task binary with size 2.2 MiB\n"}
,{"stream_name":"stderr","time":183.39793812,"data":"\r[Stage 348:\u003e                                                        (0 + 4) / 4]\r\r[Stage 348:\u003e                                                        (0 + 4) / 4]\r\n"}
,{"stream_name":"stderr","time":183.437190757,"data":"\r[Stage 348:\u003e                                                        (0 + 4) / 4]\r26/09/21 06:00:16 WARN DAGScheduler: Broadcasting large task binary with size 2.2 MiB\n"}
,{"stream_name":"stderr","time":183.640010165,"data":"\r                                                                                \r26/09/21 06:00:16 WARN DAGScheduler: Broadcasting large task binary with size 2.2 MiB\n"}
,{"stream_name":"stderr","time":183.640063525,"data":"\r                                                                                \r\n"}
,{"stream_name":"stderr","time":183.640067586,"data":"26/09/21 06:00:16 WARN DAGScheduler: Broadcasting large task binary with size 2.2 MiB\n"}
,{"stream_name":"stderr","time":184.02042711,"data":"\r                                                                                \r26/09/21 06:00:16 WARN DAGScheduler: Broadcasting large task binary with size 2.2 MiB\n"}
,{"stream_name":"stderr","time":184.230653485,"data":"26/09/21 06:00:16 WARN DAGScheduler: Broadcasting large task binary with size 2.2 MiB\n"}
,{"stream_name":"stderr","time":184.230687291,"data":"\n"}
,{"stream_name":"stderr","time":184.231670292,"data":"26/09/21 06:00:16 WARN DAGScheduler: Broadcasting large task binary with size 2.2 MiB\n"}
,{"stream_name":"stderr","time":184.739423612,"data":"\r[Stage 352:\u003e                                                        (0 + 4) / 4]\r\r                                                                                \r26/09/21 06:00:17 WARN DAGScheduler: Broadcasting large task binary with size 2.2 MiB\n"}
,{"stream_name":"stderr","time":184.797294052,"data":"\r[Stage 352:\u003e                                                        (0 + 4) / 4]\r\r                                                                                \r26/09/21 06:00:17 WARN DAGScheduler: Broadcasting large task binary with size 2.2 MiB\n"}
,{"stream_name":"stderr","time":184.797335496,"data":"\n"}
,{"stream_name":"stderr","time":184.798685152,"data":"\r[Stage 352:\u003e                                                        (0 + 4) / 4]\r\r                                                                                \r26/09/21 06:00:17 WARN DAGScheduler: Broadcasting large task binary with size 2.2 MiB\n"}
,{"stream_name":"stderr","time":185.39117031,"data":"\r[Stage 353:\u003e                                                        (0 + 4) / 4]\r26/09/21 06:00:18 WARN DAGScheduler: Broadcasting large task binary with size 2.2 MiB\n"}
,{"stream_name":"stderr","time":185.397766772,"data":"\r[Stage 353:\u003e                                                        (0 + 4) / 4]\r26/09/21 06:00:18 WARN DAGScheduler: Broadcasting large task binary with size 2.2 MiB\n"}
,{"stream_name":"stderr","time":185.397789381,"data":"\n"}
,{"stream_name":"stderr","time":185.397793805,"data":"\r[Stage 353:\u003e                                                        (0 + 4) / 4]\r26/09/21 06:00:18 WARN DAGScheduler: Broadcasting large task binary with size 2.2 MiB\n"}
,{"stream_name":"stderr","time":185.640392742,"data":"\r                                                                                \r\r                                                                                \r\n"}
,{"stream_name":"stderr","time":185.971185963,"data":"\r                                                                                \r26/09/21 06:00:18 WARN DAGScheduler: Broadcasting large task binary with size 2.2 MiB\n"}
,{"stream_name":"stderr","time":186.179238475,"data":"26/09/21 06:00:18 WARN DAGScheduler: Broadcasting large task binary with size 2.2 MiB\n"}
,{"stream_name":"stderr","time":186.179281775,"data":"\n"}
,{"stream_name":"stderr","time":186.179286862,"data":"26/09/21 06:00:18 WARN DAGScheduler: Broadcasting large task binary with size 2.2 MiB\n"}
,{"stream_name":"stderr","time":186.681110491,"data":"\r[Stage 357:============================\u003e                            (2 + 2) / 4]\r\r                                                                                \r26/09/21 06:00:19 WARN DAGScheduler: Broadcasting large task binary with size 2.2 MiB\n"}
,{"stream_name":"stderr","time":186.799077842,"data":"\r[Stage 357:============================\u003e                            (2 + 2) / 4]\r\r                                                                                \r26/09/21 06:00:19 WARN DAGScheduler: Broadcasting large task binary with size 2.2 MiB\n"}
,{"stream_name":"stderr","time":186.79913736,"data":"\n"}
,{"stream_name":"stderr","time":186.799143688,"data":"\r[Stage 357:============================\u003e                            (2 + 2) / 4]\r\r                                                                                \r26/09/21 06:00:19 WARN DAGScheduler: Broadcasting large task binary with size 2.2 MiB\n"}
,{"stream_name":"stderr","time":187.363457801,"data":"\r[Stage 358:==============\u003e                                          (1 + 3) / 4]\r26/09/21 06:00:20 WARN DAGScheduler: Broadcasting large task binary with size 2.2 MiB\n"}
,{"stream_name":"stderr","time":187.394480675,"data":"\r[Stage 358:==============\u003e                                          (1 + 3) / 4]\r26/09/21 06:00:20 WARN DAGScheduler: Broadcasting large task binary with size 2.2 MiB\n"}
,{"stream_name":"stderr","time":187.394544463,"data":"\n"}
,{"stream_name":"stderr","time":187.394549094,"data":"\r[Stage 358:==============\u003e                                          (1 + 3) / 4]\r26/09/21 06:00:20 WARN DAGScheduler: Broadcasting large task binary with size 2.2 MiB\n"}
,{"stream_name":"stderr","time":187.612816243,"data":"\r                                                                                \r\r                                                                                \r\n"}
,{"stream_name":"stderr","time":187.987700342,"data":"\r                                                                                \r26/09/21 06:00:20 WARN DAGScheduler: Broadcasting large task binary with size 2.2 MiB\n"}
,{"stream_name":"stderr","time":188.197081048,"data":"26/09/21 06:00:20 WARN DAGScheduler: Broadcasting large task binary with size 2.2 MiB\n"}
,{"stream_name":"stderr","time":188.197114563,"data":"\n"}
,{"stream_name":"stderr","time":188.197118864,"data":"26/09/21 06:00:20 WARN DAGScheduler: Broadcasting large task binary with size 2.2 MiB\n"}
,{"stream_name":"stderr","time":188.58188398,"data":"26/09/21 06:00:21 WARN DAGScheduler: Broadcasting large task binary with size 2.2 MiB\n"}
,{"stream_name":"stderr","time":188.786785325,"data":"26/09/21 06:00:21 WARN DAGScheduler: Broadcasting large task binary with size 2.2 MiB\n"}
,{"stream_name":"stderr","time":188.786823679,"data":"\n"}
,{"stream_name":"stderr","time":188.789628084,"data":"26/09/21 06:00:21 WARN DAGScheduler: Broadcasting large task binary with size 2.2 MiB\n"}
,{"stream_name":"stderr","time":189.323071372,"data":"26/09/21 06:00:22 WARN DAGScheduler: Broadcasting large task binary with size 2.2 MiB\n"}
,{"stream_name":"stderr","time":189.526270402,"data":"26/09/21 06:00:22 WARN DAGScheduler: Broadcasting large task binary with size 2.2 MiB\n"}
,{"stream_name":"stderr","time":189.526310442,"data":"\n"}
,{"stream_name":"stderr","time":189.526315466,"data":"26/09/21 06:00:22 WARN DAGScheduler: Broadcasting large task binary with size 2.2 MiB\n"}
,{"stream_name":"stderr","time":189.883345029,"data":"26/09/21 06:00:22 WARN DAGScheduler: Broadcasting large task binary with size 2.2 MiB\n"}
,{"stream_name":"stderr","time":190.087673694,"data":"26/09/21 06:00:22 WARN DAGScheduler: Broadcasting large task binary with size 2.2 MiB\n"}
,{"stream_name":"stderr","time":190.087726602,"data":"\n"}
,{"stream_name":"stderr","time":190.0877313,"data":"26/09/21 06:00:22 WARN DAGScheduler: Broadcasting large task binary with size 2.2 MiB\n"}
,{"stream_name":"stderr","time":190.494392018,"data":"\r[Stage 367:\u003e                                                        (0 + 4) / 4]\r\r                                                                                \r26/09/21 06:00:23 WARN DAGScheduler: Broadcasting large task binary with size 2.2 MiB\n"}
,{"stream_name":"stderr","time":190.599232842,"data":"\r[Stage 367:\u003e                                                        (0 + 4) / 4]\r\r                                                                                \r26/09/21 06:00:23 WARN DAGScheduler: Broadcasting large task binary with size 2.2 MiB\n"}
,{"stream_name":"stderr","time":190.599284177,"data":"\n"}
,{"stream_name":"stderr","time":190.599288712,"data":"\r[Stage 367:\u003e                                                        (0 + 4) / 4]\r\r                                                                                \r26/09/21 06:00:23 WARN DAGScheduler: Broadcasting large task binary with size 2.2 MiB\n"}
,{"stream_name":"stderr","time":191.195531071,"data":"\r[Stage 368:============================\u003e                            (2 + 2) / 4]\r\r[Stage 368:============================\u003e                            (2 + 2) / 4]\r\n"}
,{"stream_name":"stderr","time":191.259090982,"data":"\r[Stage 368:============================\u003e                            (2 + 2) / 4]\r26/09/21 06:00:23 WARN DAGScheduler: Broadcasting large task binary with size 2.2 MiB\n"}
,{"stream_name":"stderr","time":191.461524702,"data":"\r                                                                                \r26/09/21 06:00:23 WARN DAGScheduler: Broadcasting large task binary with size 2.2 MiB\n"}
,{"stream_name":"stderr","time":191.461568179,"data":"\r                                                                                \r\n"}
,{"stream_name":"stderr","time":191.46157306,"data":"26/09/21 06:00:23 WARN DAGScheduler: Broadcasting large task binary with size 2.2 MiB\n"}
,{"stream_name":"stderr","time":191.865200418,"data":"\r                                                                                \r26/09/21 06:00:24 WARN DAGScheduler: Broadcasting large task binary with size 2.2 MiB\n"}
,{"stream_name":"stderr","time":192.078980736,"data":"26/09/21 06:00:24 WARN DAGScheduler: Broadcasting large task binary with size 2.2 MiB\n"}
,{"stream_name":"stderr","time":192.079044466,"data":"\n"}
,{"stream_name":"stderr","time":192.079049836,"data":"26/09/21 06:00:24 WARN DAGScheduler: Broadcasting large task binary with size 2.2 MiB\n"}
,{"stream_name":"stderr","time":192.379243144,"data":"26/09/21 06:00:25 WARN DAGScheduler: Broadcasting large task binary with size 2.2 MiB\n"}
,{"stream_name":"stderr","time":192.585791162,"data":"26/09/21 06:00:25 WARN DAGScheduler: Broadcasting large task binary with size 2.2 MiB\n"}
,{"stream_name":"stderr","time":192.58582718,"data":"\n"}
,{"stream_name":"stderr","time":192.586530874,"data":"26/09/21 06:00:25 WARN DAGScheduler: Broadcasting large task binary with size 2.2 MiB\n"}
,{"stream_name":"stderr","time":193.081701957,"data":"\r[Stage 373:\u003e                                                        (0 + 4) / 4]\r\r[Stage 373:\u003e                                                        (0 + 4) / 4]\r\n"}
,{"stream_name":"stderr","time":193.090483929,"data":"\r[Stage 373:\u003e                                                        (0 + 4) / 4]\r26/09/21 06:00:25 WARN DAGScheduler: Broadcasting large task binary with size 2.2 MiB\n"}
,{"stream_name":"stderr","time":193.293113187,"data":"\r                                                                                \r26/09/21 06:00:25 WARN DAGScheduler: Broadcasting large task binary with size 2.2 MiB\n"}
,{"stream_name":"stderr","time":193.293149142,"data":"\r                                                                                \r\n"}
,{"stream_name":"stderr","time":193.293153675,"data":"26/09/21 06:00:25 WARN DAGScheduler: Broadcasting large task binary with size 2.2 MiB\n"}
,{"stream_name":"stderr","time":193.729895449,"data":"\r                                                                                \r26/09/21 06:00:26 WARN DAGScheduler: Broadcasting large task binary with size 2.2 MiB\n"}
,{"stream_name":"stderr","time":193.934640983,"data":"26/09/21 06:00:26 WARN DAGScheduler: Broadcasting large task binary with size 2.2 MiB\n"}
,{"stream_name":"stderr","time":193.934675214,"data":"\n"}
,{"stream_name":"stderr","time":193.935661492,"data":"26/09/21 06:00:26 WARN DAGScheduler: Broadcasting large task binary with size 2.2 MiB\n"}
,{"stream_name":"stderr","time":194.24480809,"data":"26/09/21 06:00:26 WARN DAGScheduler: Broadcasting large task binary with size 2.2 MiB\n"}
,{"stream_name":"stderr","time":194.451040596,"data":"26/09/21 06:00:26 WARN DAGScheduler: Broadcasting large task binary with size 2.2 MiB\n"}
,{"stream_name":"stderr","time":194.45108642,"data":"\n"}
,{"stream_name":"stderr","time":194.452661223,"data":"26/09/21 06:00:26 WARN DAGScheduler: Broadcasting large task binary with size 2.2 MiB\n"}
,{"stream_name":"stderr","time":194.858528388,"data":"26/09/21 06:00:27 WARN DAGScheduler: Broadcasting large task binary with size 2.2 MiB\n"}
,{"stream_name":"stderr","time":195.061116437,"data":"26/09/21 06:00:27 WARN DAGScheduler: Broadcasting large task binary with size 2.2 MiB\n"}
,{"stream_name":"stderr","time":195.061167035,"data":"\n"}
,{"stream_name":"stderr","time":195.06118623,"data":"26/09/21 06:00:27 WARN DAGScheduler: Broadcasting large task binary with size 2.2 MiB\n"}
,{"stream_name":"stderr","time":195.526277483,"data":"26/09/21 06:00:28 WARN DAGScheduler: Broadcasting large task binary with size 2.2 MiB\n"}
,{"stream_name":"stderr","time":195.739388823,"data":"26/09/21 06:00:28 WARN DAGScheduler: Broadcasting large task binary with size 2.2 MiB\n"}
,{"stream_name":"stderr","time":195.739434094,"data":"\n"}
,{"stream_name":"stderr","time":195.739441219,"data":"26/09/21 06:00:28 WARN DAGScheduler: Broadcasting large task binary with size 2.2 MiB\n"}
,{"stream_name":"stderr","time":196.20964325,"data":"\r[Stage 382:\u003e                                                        (0 + 4) / 4]\r\r                                                                                \r\r[Stage 382:\u003e                                                        (0 + 4) / 4]\r\r                                                                                \r\n"}
,{"stream_name":"stderr","time":196.241969266,"data":"\r[Stage 382:\u003e                                                        (0 + 4) / 4]\r\r                                                                                \r26/09/21 06:00:28 WARN DAGScheduler: Broadcasting large task binary with size 2.2 MiB\n"}
,{"stream_name":"stderr","time":196.451164304,"data":"26/09/21 06:00:28 WARN DAGScheduler: Broadcasting large task binary with size 2.2 MiB\n"}
,{"stream_name":"stderr","time":196.451216914,"data":"\n"}
,{"stream_name":"stderr","time":196.451222547,"data":"26/09/21 06:00:28 WARN DAGScheduler: Broadcasting large task binary with size 2.2 MiB\n"}
,{"stream_name":"stderr","time":196.872617016,"data":"26/09/21 06:00:29 WARN DAGScheduler: Broadcasting large task binary with size 2.2 MiB\n"}
,{"stream_name":"stderr","time":197.075427369,"data":"26/09/21 06:00:29 WARN DAGScheduler: Broadcasting large task binary with size 2.2 MiB\n"}
,{"stream_name":"stderr","time":197.07552518,"data":"\n"}
,{"stream_name":"stderr","time":197.075540379,"data":"26/09/21 06:00:29 WARN DAGScheduler: Broadcasting large task binary with size 2.2 MiB\n"}
,{"stream_name":"stderr","time":197.531933346,"data":"26/09/21 06:00:30 WARN DAGScheduler: Broadcasting large task binary with size 2.2 MiB\n"}
,{"stream_name":"stderr","time":197.740975821,"data":"26/09/21 06:00:30 WARN DAGScheduler: Broadcasting large task binary with size 2.2 MiB\n"}
,{"stream_name":"stderr","time":197.741021128,"data":"\n"}
,{"stream_name":"stderr","time":197.741439044,"data":"26/09/21 06:00:30 WARN DAGScheduler: Broadcasting large task binary with size 2.2 MiB\n"}
,{"stream_name":"stderr","time":198.050404025,"data":"26/09/21 06:00:30 WARN DAGScheduler: Broadcasting large task binary with size 2.2 MiB\n"}
,{"stream_name":"stderr","time":198.253763787,"data":"26/09/21 06:00:30 WARN DAGScheduler: Broadcasting large task binary with size 2.2 MiB\n"}
,{"stream_name":"stderr","time":198.253796121,"data":"\n"}
,{"stream_name":"stderr","time":198.253801132,"data":"26/09/21 06:00:30 WARN DAGScheduler: Broadcasting large task binary with size 2.2 MiB\n"}
,{"stream_name":"stderr","time":198.755959175,"data":"26/09/21 06:00:31 WARN DAGScheduler: Broadcasting large task binary with size 2.2 MiB\n"}
,{"stream_name":"stderr","time":198.958488088,"data":"26/09/21 06:00:31 WARN DAGScheduler: Broadcasting large task binary with size 2.2 MiB\n"}
,{"stream_name":"stderr","time":198.958541033,"data":"\n"}
,{"stream_name":"stderr","time":198.958545744,"data":"26/09/21 06:00:31 WARN DAGScheduler: Broadcasting large task binary with size 2.2 MiB\n"}
,{"stream_name":"stderr","time":199.367994695,"data":"26/09/21 06:00:32 WARN DAGScheduler: Broadcasting large task binary with size 2.2 MiB\n"}
,{"stream_name":"stderr","time":199.573024775,"data":"26/09/21 06:00:32 WARN DAGScheduler: Broadcasting large task binary with size 2.2 MiB\n"}
,{"stream_name":"stderr","time":199.573067944,"data":"\n"}
,{"stream_name":"stderr","time":199.573372399,"data":"26/09/21 06:00:32 WARN DAGScheduler: Broadcasting large task binary with size 2.2 MiB\n"}
,{"stream_name":"stderr","time":199.889576563,"data":"26/09/21 06:00:32 WARN DAGScheduler: Broadcasting large task binary with size 2.2 MiB\n"}
,{"stream_name":"stderr","time":200.091627731,"data":"26/09/21 06:00:32 WARN DAGScheduler: Broadcasting large task binary with size 2.2 MiB\n"}
,{"stream_name":"stderr","time":200.091672658,"data":"\n"}
,{"stream_name":"stderr","time":200.0916782,"data":"26/09/21 06:00:32 WARN DAGScheduler: Broadcasting large task binary with size 2.2 MiB\n"}
,{"stream_name":"stderr","time":200.526839417,"data":"26/09/21 06:00:33 WARN DAGScheduler: Broadcasting large task binary with size 2.2 MiB\n"}
,{"stream_name":"stderr","time":200.729246813,"data":"26/09/21 06:00:33 WARN DAGScheduler: Broadcasting large task binary with size 2.2 MiB\n"}
,{"stream_name":"stderr","time":200.729306187,"data":"\n"}
,{"stream_name":"stderr","time":200.729313588,"data":"26/09/21 06:00:33 WARN DAGScheduler: Broadcasting large task binary with size 2.2 MiB\n"}
,{"stream_name":"stderr","time":201.336704103,"data":"26/09/21 06:00:34 WARN DAGScheduler: Broadcasting large task binary with size 2.2 MiB\n"}
,{"stream_name":"stderr","time":201.542723398,"data":"26/09/21 06:00:34 WARN DAGScheduler: Broadcasting large task binary with size 2.2 MiB\n"}
,{"stream_name":"stderr","time":201.542785291,"data":"\n"}
,{"stream_name":"stderr","time":201.542792553,"data":"26/09/21 06:00:34 WARN DAGScheduler: Broadcasting large task binary with size 2.2 MiB\n"}
,{"stream_name":"stderr","time":201.888472244,"data":"26/09/21 06:00:34 WARN DAGScheduler: Broadcasting large task binary with size 2.2 MiB\n"}
,{"stream_name":"stderr","time":202.093679152,"data":"26/09/21 06:00:34 WARN DAGScheduler: Broadcasting large task binary with size 2.2 MiB\n"}
,{"stream_name":"stderr","time":202.093734201,"data":"\n"}
,{"stream_name":"stderr","time":202.093739764,"data":"26/09/21 06:00:34 WARN DAGScheduler: Broadcasting large task binary with size 2.2 MiB\n"}
,{"stream_name":"stderr","time":202.496585669,"data":"26/09/21 06:00:35 WARN DAGScheduler: Broadcasting large task binary with size 2.2 MiB\n"}
,{"stream_name":"stderr","time":202.698864928,"data":"26/09/21 06:00:35 WARN DAGScheduler: Broadcasting large task binary with size 2.2 MiB\n"}
,{"stream_name":"stderr","time":202.6989037,"data":"\n"}
,{"stream_name":"stderr","time":202.69890789,"data":"26/09/21 06:00:35 WARN DAGScheduler: Broadcasting large task binary with size 2.2 MiB\n"}
,{"stream_name":"stderr","time":203.194950513,"data":"26/09/21 06:00:35 WARN DAGScheduler: Broadcasting large task binary with size 2.2 MiB\n"}
,{"stream_name":"stderr","time":203.403208825,"data":"26/09/21 06:00:35 WARN DAGScheduler: Broadcasting large task binary with size 2.2 MiB\n"}
,{"stream_name":"stderr","time":203.403251753,"data":"\n"}
,{"stream_name":"stderr","time":203.403256729,"data":"26/09/21 06:00:35 WARN DAGScheduler: Broadcasting large task binary with size 2.2 MiB\n"}
,{"stream_name":"stderr","time":203.698856126,"data":"26/09/21 06:00:36 WARN DAGScheduler: Broadcasting large task binary with size 2.2 MiB\n"}
,{"stream_name":"stderr","time":203.978661835,"data":"26/09/21 06:00:36 WARN DAGScheduler: Broadcasting large task binary with size 2.2 MiB\n"}
,{"stream_name":"stderr","time":203.978690823,"data":"\n"}
,{"stream_name":"stderr","time":203.978695421,"data":"26/09/21 06:00:36 WARN DAGScheduler: Broadcasting large task binary with size 2.2 MiB\n"}
,{"stream_name":"stderr","time":204.323376312,"data":"26/09/21 06:00:37 WARN DAGScheduler: Broadcasting large task binary with size 2.2 MiB\n"}
,{"stream_name":"stderr","time":204.525977538,"data":"26/09/21 06:00:37 WARN DAGScheduler: Broadcasting large task binary with size 2.2 MiB\n"}
,{"stream_name":"stderr","time":204.526043002,"data":"\n"}
,{"stream_name":"stderr","time":204.52604926,"data":"26/09/21 06:00:37 WARN DAGScheduler: Broadcasting large task binary with size 2.2 MiB\n"}
,{"stream_name":"stderr","time":204.882120138,"data":"26/09/21 06:00:37 WARN DAGScheduler: Broadcasting large task binary with size 2.2 MiB\n"}
,{"stream_name":"stderr","time":205.090034341,"data":"26/09/21 06:00:37 WARN DAGScheduler: Broadcasting large task binary with size 2.2 MiB\n"}
,{"stream_name":"stderr","time":205.090077528,"data":"\n"}
,{"stream_name":"stderr","time":205.093629634,"data":"26/09/21 06:00:37 WARN DAGScheduler: Broadcasting large task binary with size 2.2 MiB\n"}
,{"stream_name":"stderr","time":205.596883997,"data":"\r[Stage 407:\u003e                                                        (0 + 4) / 4]\r\r                                                                                \r\r[Stage 407:\u003e                                                        (0 + 4) / 4]\r\r                                                                                \r\n"}
,{"stream_name":"stderr","time":205.622814146,"data":"\r[Stage 407:\u003e                                                        (0 + 4) / 4]\r\r                                                                                \r26/09/21 06:00:38 WARN DAGScheduler: Broadcasting large task binary with size 2.2 MiB\n"}
,{"stream_name":"stderr","time":205.824982256,"data":"26/09/21 06:00:38 WARN DAGScheduler: Broadcasting large task binary with size 2.2 MiB\n"}
,{"stream_name":"stderr","time":205.825062188,"data":"\n"}
,{"stream_name":"stderr","time":205.82665556,"data":"26/09/21 06:00:38 WARN DAGScheduler: Broadcasting large task binary with size 2.2 MiB\n"}
,{"stream_name":"stderr","time":206.268013039,"data":"26/09/21 06:00:38 WARN DAGScheduler: Broadcasting large task binary with size 2.2 MiB\n"}
,{"stream_name":"stderr","time":206.470331419,"data":"26/09/21 06:00:38 WARN DAGScheduler: Broadcasting large task binary with size 2.2 MiB\n"}
,{"stream_name":"stderr","time":206.470369185,"data":"\n"}
,{"stream_name":"stderr","time":206.470373536,"data":"26/09/21 06:00:38 WARN DAGScheduler: Broadcasting large task binary with size 2.2 MiB\n"}
,{"stream_name":"stderr","time":206.819272951,"data":"26/09/21 06:00:39 WARN DAGScheduler: Broadcasting large task binary with size 2.2 MiB\n"}
,{"stream_name":"stderr","time":207.035548712,"data":"26/09/21 06:00:39 WARN DAGScheduler: Broadcasting large task binary with size 2.2 MiB\n"}
,{"stream_name":"stderr","time":207.035615087,"data":"\n"}
,{"stream_name":"stderr","time":207.036640398,"data":"26/09/21 06:00:39 WARN DAGScheduler: Broadcasting large task binary with size 2.2 MiB\n"}
,{"stream_name":"stderr","time":207.504528419,"data":"\r[Stage 412:\u003e                                                        (0 + 4) / 4]\r\r                                                                                \r26/09/21 06:00:40 WARN DAGScheduler: Broadcasting large task binary with size 2.2 MiB\n"}
,{"stream_name":"stderr","time":207.595614412,"data":"\r[Stage 412:\u003e                                                        (0 + 4) / 4]\r\r                                                                                \r26/09/21 06:00:40 WARN DAGScheduler: Broadcasting large task binary with size 2.2 MiB\n"}
,{"stream_name":"stderr","time":207.59564716,"data":"\n"}
,{"stream_name":"stderr","time":207.595651705,"data":"\r[Stage 412:\u003e                                                        (0 + 4) / 4]\r\r                                                                                \r26/09/21 06:00:40 WARN DAGScheduler: Broadcasting large task binary with size 2.2 MiB\n"}
,{"stream_name":"stderr","time":208.194548838,"data":"\r[Stage 413:\u003e                                                        (0 + 4) / 4]\r\r[Stage 413:\u003e                                                        (0 + 4) / 4]\r\n"}
,{"stream_name":"stderr","time":208.243200729,"data":"\r[Stage 413:\u003e                                                        (0 + 4) / 4]\r26/09/21 06:00:40 WARN DAGScheduler: Broadcasting large task binary with size 2.2 MiB\n"}
,{"stream_name":"stderr","time":208.445802151,"data":"\r                                                                                \r26/09/21 06:00:40 WARN DAGScheduler: Broadcasting large task binary with size 2.2 MiB\n"}
,{"stream_name":"stderr","time":208.445861582,"data":"\r                                                                                \r\n"}
,{"stream_name":"stderr","time":208.445868146,"data":"26/09/21 06:00:40 WARN DAGScheduler: Broadcasting large task binary with size 2.2 MiB\n"}
,{"stream_name":"stderr","time":208.81169856100001,"data":"\r                                                                                \r26/09/21 06:00:41 WARN DAGScheduler: Broadcasting large task binary with size 2.2 MiB\n"}
,{"stream_name":"stderr","time":209.027947415,"data":"26/09/21 06:00:41 WARN DAGScheduler: Broadcasting large task binary with size 2.2 MiB\n"}
,{"stream_name":"stderr","time":209.027980326,"data":"\n"}
,{"stream_name":"stderr","time":209.027985119,"data":"26/09/21 06:00:41 WARN DAGScheduler: Broadcasting large task binary with size 2.2 MiB\n"}
,{"stream_name":"stderr","time":209.493858972,"data":"\r[Stage 417:\u003e                                                        (0 + 4) / 4]\r\r                                                                                \r26/09/21 06:00:42 WARN DAGScheduler: Broadcasting large task binary with size 2.2 MiB\n"}
,{"stream_name":"stderr","time":209.602220598,"data":"\r[Stage 417:\u003e                                                        (0 + 4) / 4]\r\r                                                                                \r26/09/21 06:00:42 WARN DAGScheduler: Broadcasting large task binary with size 2.2 MiB\n"}
,{"stream_name":"stderr","time":209.602296074,"data":"\n"}
,{"stream_name":"stderr","time":209.602302465,"data":"\r[Stage 417:\u003e                                                        (0 + 4) / 4]\r\r                                                                                \r26/09/21 06:00:42 WARN DAGScheduler: Broadcasting large task binary with size 2.2 MiB\n"}
,{"stream_name":"stderr","time":210.194133045,"data":"\r[Stage 418:\u003e                                                        (0 + 4) / 4]\r\r[Stage 418:\u003e                                                        (0 + 4) / 4]\r\n"}
,{"stream_name":"stderr","time":210.213713387,"data":"\r[Stage 418:\u003e                                                        (0 + 4) / 4]\r26/09/21 06:00:42 WARN DAGScheduler: Broadcasting large task binary with size 2.2 MiB\n"}
,{"stream_name":"stderr","time":210.416462441,"data":"\r                                                                                \r26/09/21 06:00:42 WARN DAGScheduler: Broadcasting large task binary with size 2.2 MiB\n"}
,{"stream_name":"stderr","time":210.416547183,"data":"\r                                                                                \r\n"}
,{"stream_name":"stderr","time":210.41655526,"data":"26/09/21 06:00:42 WARN DAGScheduler: Broadcasting large task binary with size 2.2 MiB\n"}
,{"stream_name":"stderr","time":210.811605924,"data":"\r                                                                                \r26/09/21 06:00:43 WARN DAGScheduler: Broadcasting large task binary with size 2.2 MiB\n"}
,{"stream_name":"stderr","time":211.023797229,"data":"26/09/21 06:00:43 WARN DAGScheduler: Broadcasting large task binary with size 2.2 MiB\n"}
,{"stream_name":"stderr","time":211.023846903,"data":"\n"}
,{"stream_name":"stderr","time":211.024139358,"data":"26/09/21 06:00:43 WARN DAGScheduler: Broadcasting large task binary with size 2.2 MiB\n"}
,{"stream_name":"stderr","time":211.535309344,"data":"\r[Stage 422:============================\u003e                            (2 + 2) / 4]\r\r                                                                                \r26/09/21 06:00:44 WARN DAGScheduler: Broadcasting large task binary with size 2.2 MiB\n"}
,{"stream_name":"stderr","time":211.595723037,"data":"\r[Stage 422:============================\u003e                            (2 + 2) / 4]\r\r                                                                                \r26/09/21 06:00:44 WARN DAGScheduler: Broadcasting large task binary with size 2.2 MiB\n"}
,{"stream_name":"stderr","time":211.595762743,"data":"\n"}
,{"stream_name":"stderr","time":211.595769084,"data":"\r[Stage 422:============================\u003e                            (2 + 2) / 4]\r\r                                                                                \r26/09/21 06:00:44 WARN DAGScheduler: Broadcasting large task binary with size 2.2 MiB\n"}
,{"stream_name":"stderr","time":212.194279979,"data":"\r[Stage 423:\u003e                                                        (0 + 4) / 4]\r\r[Stage 423:\u003e                                                        (0 + 4) / 4]\r\n"}
,{"stream_name":"stderr","time":212.241972301,"data":"\r[Stage 423:\u003e                                                        (0 + 4) / 4]\r26/09/21 06:00:44 WARN DAGScheduler: Broadcasting large task binary with size 2.2 MiB\n"}
,{"stream_name":"stderr","time":212.44458245,"data":"\r                                                                                \r26/09/21 06:00:44 WARN DAGScheduler: Broadcasting large task binary with size 2.2 MiB\n"}
,{"stream_name":"stderr","time":212.444627073,"data":"\r                                                                                \r\n"}
,{"stream_name":"stderr","time":212.444633317,"data":"26/09/21 06:00:44 WARN DAGScheduler: Broadcasting large task binary with size 2.2 MiB\n"}
,{"stream_name":"stderr","time":212.843207838,"data":"\r                                                                                \r26/09/21 06:00:45 WARN DAGScheduler: Broadcasting large task binary with size 2.2 MiB\n"}
,{"stream_name":"stderr","time":213.054033704,"data":"26/09/21 06:00:45 WARN DAGScheduler: Broadcasting large task binary with size 2.2 MiB\n"}
,{"stream_name":"stderr","time":213.05406929,"data":"\n"}
,{"stream_name":"stderr","time":213.056638924,"data":"26/09/21 06:00:45 WARN DAGScheduler: Broadcasting large task binary with size 2.2 MiB\n"}
,{"stream_name":"stderr","time":213.47422948,"data":"\r[Stage 427:\u003e                                                        (0 + 4) / 4]\r\r                                                                                \r26/09/21 06:00:46 WARN DAGScheduler: Broadcasting large task binary with size 2.2 MiB\n"}
,{"stream_name":"stderr","time":213.596550194,"data":"\r[Stage 427:\u003e                                                        (0 + 4) / 4]\r\r                                                                                \r26/09/21 06:00:46 WARN DAGScheduler: Broadcasting large task binary with size 2.2 MiB\n"}
,{"stream_name":"stderr","time":213.59661655,"data":"\n"}
,{"stream_name":"stderr","time":213.596669928,"data":"\r[Stage 427:\u003e                                                        (0 + 4) / 4]\r\r                                                                                \r26/09/21 06:00:46 WARN DAGScheduler: Broadcasting large task binary with size 2.2 MiB\n"}
,{"stream_name":"stderr","time":214.163234344,"data":"\r[Stage 428:============================\u003e                            (2 + 2) / 4]\r26/09/21 06:00:46 WARN DAGScheduler: Broadcasting large task binary with size 2.2 MiB\n"}
,{"stream_name":"stderr","time":214.193944242,"data":"\r[Stage 428:============================\u003e                            (2 + 2) / 4]\r26/09/21 06:00:46 WARN DAGScheduler: Broadcasting large task binary with size 2.2 MiB\n"}
,{"stream_name":"stderr","time":214.194000468,"data":"\n"}
,{"stream_name":"stderr","time":214.194005678,"data":"\r[Stage 428:============================\u003e                            (2 + 2) / 4]\r26/09/21 06:00:46 WARN DAGScheduler: Broadcasting large task binary with size 2.2 MiB\n"}
,{"stream_name":"stderr","time":214.410818631,"data":"\r                                                                                \r\r                                                                                \r\n"}
,{"stream_name":"stderr","time":214.770372806,"data":"\r                                                                                \r26/09/21 06:00:47 WARN DAGScheduler: Broadcasting large task binary with size 2.2 MiB\n"}
,{"stream_name":"stderr","time":214.983222963,"data":"26/09/21 06:00:47 WARN DAGScheduler: Broadcasting large task binary with size 2.2 MiB\n"}
,{"stream_name":"stderr","time":214.983259634,"data":"\n"}
,{"stream_name":"stderr","time":214.983264732,"data":"26/09/21 06:00:47 WARN DAGScheduler: Broadcasting large task binary with size 2.2 MiB\n"}
,{"stream_name":"stderr","time":215.394915797,"data":"26/09/21 06:00:48 WARN DAGScheduler: Broadcasting large task binary with size 2.2 MiB\n"}
,{"stream_name":"stderr","time":215.606607455,"data":"26/09/21 06:00:48 WARN DAGScheduler: Broadcasting large task binary with size 2.2 MiB\n"}
,{"stream_name":"stderr","time":215.606738812,"data":"\n"}
,{"stream_name":"stderr","time":215.606745864,"data":"26/09/21 06:00:48 WARN DAGScheduler: Broadcasting large task binary with size 2.2 MiB\n"}
,{"stream_name":"stderr","time":216.087969752,"data":"26/09/21 06:00:48 WARN DAGScheduler: Broadcasting large task binary with size 2.2 MiB\n"}
,{"stream_name":"stderr","time":216.290202167,"data":"26/09/21 06:00:48 WARN DAGScheduler: Broadcasting large task binary with size 2.2 MiB\n"}
,{"stream_name":"stderr","time":216.290249788,"data":"\n"}
,{"stream_name":"stderr","time":216.29025578,"data":"26/09/21 06:00:48 WARN DAGScheduler: Broadcasting large task binary with size 2.2 MiB\n"}
,{"stream_name":"stderr","time":216.665028676,"data":"26/09/21 06:00:49 WARN DAGScheduler: Broadcasting large task binary with size 2.2 MiB\n"}
,{"stream_name":"stderr","time":216.877587396,"data":"26/09/21 06:00:49 WARN DAGScheduler: Broadcasting large task binary with size 2.2 MiB\n"}
,{"stream_name":"stderr","time":216.877629271,"data":"\n"}
,{"stream_name":"stderr","time":216.877635631,"data":"26/09/21 06:00:49 WARN DAGScheduler: Broadcasting large task binary with size 2.2 MiB\n"}
,{"stream_name":"stderr","time":217.300631183,"data":"\r[Stage 437:\u003e                                                        (0 + 4) / 4]\r\r                                                                                \r26/09/21 06:00:50 WARN DAGScheduler: Broadcasting large task binary with size 2.2 MiB\n"}
,{"stream_name":"stderr","time":217.399521303,"data":"\r[Stage 437:\u003e                                                        (0 + 4) / 4]\r\r                                                                                \r26/09/21 06:00:50 WARN DAGScheduler: Broadcasting large task binary with size 2.2 MiB\n"}
,{"stream_name":"stderr","time":217.399570514,"data":"\n"}
,{"stream_name":"stderr","time":217.399576781,"data":"\r[Stage 437:\u003e                                                        (0 + 4) / 4]\r\r                                                                                \r26/09/21 06:00:50 WARN DAGScheduler: Broadcasting large task binary with size 2.2 MiB\n"}
,{"stream_name":"stderr","time":217.983831899,"data":"\r[Stage 438:============================\u003e                            (2 + 2) / 4]\r26/09/21 06:00:50 WARN DAGScheduler: Broadcasting large task binary with size 2.2 MiB\n"}
,{"stream_name":"stderr","time":217.994410524,"data":"\r[Stage 438:============================\u003e                            (2 + 2) / 4]\r26/09/21 06:00:50 WARN DAGScheduler: Broadcasting large task binary with size 2.2 MiB\n"}
,{"stream_name":"stderr","time":217.994446786,"data":"\n"}
,{"stream_name":"stderr","time":217.994453496,"data":"\r[Stage 438:============================\u003e                            (2 + 2) / 4]\r26/09/21 06:00:50 WARN DAGScheduler: Broadcasting large task binary with size 2.2 MiB\n"}
,{"stream_name":"stderr","time":218.23177836,"data":"\r                                                                                \r\r                                                                                \r\n"}
,{"stream_name":"stderr","time":218.584741808,"data":"\r                                                                                \r26/09/21 06:00:51 WARN DAGScheduler: Broadcasting large task binary with size 2.2 MiB\n"}
,{"stream_name":"stderr","time":218.790576732,"data":"26/09/21 06:00:51 WARN DAGScheduler: Broadcasting large task binary with size 2.2 MiB\n"}
,{"stream_name":"stderr","time":218.790642186,"data":"\n"}
,{"stream_name":"stderr","time":218.790668219,"data":"26/09/21 06:00:51 WARN DAGScheduler: Broadcasting large task binary with size 2.2 MiB\n"}
,{"stream_name":"stderr","time":219.250675194,"data":"\r[Stage 442:==========================================\u003e              (3 + 1) / 4]\r\r                                                                                \r26/09/21 06:00:51 WARN DAGScheduler: Broadcasting large task binary with size 2.2 MiB\n"}
,{"stream_name":"stderr","time":219.406682371,"data":"\r[Stage 442:==========================================\u003e              (3 + 1) / 4]\r\r                                                                                \r26/09/21 06:00:51 WARN DAGScheduler: Broadcasting large task binary with size 2.2 MiB\n"}
,{"stream_name":"stderr","time":219.406719629,"data":"\n"}
,{"stream_name":"stderr","time":219.406724159,"data":"\r[Stage 442:==========================================\u003e              (3 + 1) / 4]\r\r                                                                                \r26/09/21 06:00:51 WARN DAGScheduler: Broadcasting large task binary with size 2.2 MiB\n"}
,{"stream_name":"stderr","time":219.927052527,"data":"26/09/21 06:00:52 WARN DAGScheduler: Broadcasting large task binary with size 2.2 MiB\n"}
,{"stream_name":"stderr","time":220.129990478,"data":"26/09/21 06:00:52 WARN DAGScheduler: Broadcasting large task binary with size 2.2 MiB\n"}
,{"stream_name":"stderr","time":220.130098808,"data":"\n"}
,{"stream_name":"stderr","time":220.13010611,"data":"26/09/21 06:00:52 WARN DAGScheduler: Broadcasting large task binary with size 2.2 MiB\n"}
,{"stream_name":"stderr","time":220.51825779,"data":"26/09/21 06:00:53 WARN DAGScheduler: Broadcasting large task binary with size 2.2 MiB\n"}
,{"stream_name":"stderr","time":220.722144494,"data":"26/09/21 06:00:53 WARN DAGScheduler: Broadcasting large task binary with size 2.2 MiB\n"}
,{"stream_name":"stderr","time":220.722188082,"data":"\n"}
,{"stream_name":"stderr","time":220.724649713,"data":"26/09/21 06:00:53 WARN DAGScheduler: Broadcasting large task binary with size 2.2 MiB\n"}
,{"stream_name":"stderr","time":221.1990699,"data":"\r[Stage 447:\u003e                                                        (0 + 4) / 4]\r\r[Stage 447:============================\u003e                            (2 + 2) / 4]\r\r[Stage 447:\u003e                                                        (0 + 4) / 4]\r\r[Stage 447:============================\u003e                            (2 + 2) / 4]\r\n"}
,{"stream_name":"stderr","time":221.274694252,"data":"\r[Stage 447:\u003e                                                        (0 + 4) / 4]\r\r[Stage 447:============================\u003e                            (2 + 2) / 4]\r\r                                                                                \r26/09/21 06:00:53 WARN DAGScheduler: Broadcasting large task binary with size 2.2 MiB\n"}
,{"stream_name":"stderr","time":221.420645375,"data":"\r                                                                                \r26/09/21 06:00:53 WARN DAGScheduler: Broadcasting large task binary with size 2.2 MiB\n"}
,{"stream_name":"stderr","time":221.420704997,"data":"\n"}
,{"stream_name":"stderr","time":221.420710626,"data":"\r                                                                                \r26/09/21 06:00:53 WARN DAGScheduler: Broadcasting large task binary with size 2.2 MiB\n"}
,{"stream_name":"stderr","time":221.903739247,"data":"26/09/21 06:00:54 WARN DAGScheduler: Broadcasting large task binary with size 2.2 MiB\n"}
,{"stream_name":"stderr","time":222.106474886,"data":"26/09/21 06:00:54 WARN DAGScheduler: Broadcasting large task binary with size 2.2 MiB\n"}
,{"stream_name":"stderr","time":222.106596139,"data":"\n"}
,{"stream_name":"stderr","time":222.106606039,"data":"26/09/21 06:00:54 WARN DAGScheduler: Broadcasting large task binary with size 2.2 MiB\n"}
,{"stream_name":"stderr","time":222.490383248,"data":"26/09/21 06:00:55 WARN DAGScheduler: Broadcasting large task binary with size 2.2 MiB\n"}
,{"stream_name":"stderr","time":222.701136737,"data":"26/09/21 06:00:55 WARN DAGScheduler: Broadcasting large task binary with size 2.2 MiB\n"}
,{"stream_name":"stderr","time":222.701218196,"data":"\n"}
,{"stream_name":"stderr","time":222.701223825,"data":"26/09/21 06:00:55 WARN DAGScheduler: Broadcasting large task binary with size 2.2 MiB\n"}
,{"stream_name":"stderr","time":223.184695244,"data":"\r[Stage 452:\u003e                                                        (0 + 4) / 4]\r\r                                                                                \r26/09/21 06:00:55 WARN DAGScheduler: Broadcasting large task binary with size 2.2 MiB\n"}
,{"stream_name":"stderr","time":223.197574853,"data":"\r[Stage 452:\u003e                                                        (0 + 4) / 4]\r\r                                                                                \r26/09/21 06:00:55 WARN DAGScheduler: Broadcasting large task binary with size 2.2 MiB\n"}
,{"stream_name":"stderr","time":223.197612408,"data":"\n"}
,{"stream_name":"stderr","time":223.19761729,"data":"\r[Stage 452:\u003e                                                        (0 + 4) / 4]\r\r                                                                                \r26/09/21 06:00:55 WARN DAGScheduler: Broadcasting large task binary with size 2.2 MiB\n"}
,{"stream_name":"stderr","time":223.843276556,"data":"26/09/21 06:00:56 WARN DAGScheduler: Broadcasting large task binary with size 2.2 MiB\n"}
,{"stream_name":"stderr","time":224.045460929,"data":"26/09/21 06:00:56 WARN DAGScheduler: Broadcasting large task binary with size 2.2 MiB\n"}
,{"stream_name":"stderr","time":224.045519116,"data":"\n"}
,{"stream_name":"stderr","time":224.045528286,"data":"26/09/21 06:00:56 WARN DAGScheduler: Broadcasting large task binary with size 2.2 MiB\n"}
,{"stream_name":"stderr","time":224.454693787,"data":"26/09/21 06:00:57 WARN DAGScheduler: Broadcasting large task binary with size 2.2 MiB\n"}
,{"stream_name":"stderr","time":224.667559137,"data":"26/09/21 06:00:57 WARN DAGScheduler: Broadcasting large task binary with size 2.2 MiB\n"}
,{"stream_name":"stderr","time":224.66759964,"data":"\n"}
,{"stream_name":"stderr","time":224.667854223,"data":"26/09/21 06:00:57 WARN DAGScheduler: Broadcasting large task binary with size 2.2 MiB\n"}
,{"stream_name":"stderr","time":225.131766544,"data":"\r[Stage 457:\u003e                                                        (0 + 4) / 4]\r\r                                                                                \r26/09/21 06:00:57 WARN DAGScheduler: Broadcasting large task binary with size 2.2 MiB\n"}
,{"stream_name":"stderr","time":225.196918845,"data":"\r[Stage 457:\u003e                                                        (0 + 4) / 4]\r\r                                                                                \r26/09/21 06:00:57 WARN DAGScheduler: Broadcasting large task binary with size 2.2 MiB\n"}
,{"stream_name":"stderr","time":225.196956427,"data":"\n"}
,{"stream_name":"stderr","time":225.196960467,"data":"\r[Stage 457:\u003e                                                        (0 + 4) / 4]\r\r                                                                                \r26/09/21 06:00:57 WARN DAGScheduler: Broadcasting large task binary with size 2.2 MiB\n"}
,{"stream_name":"stderr","time":225.791716704,"data":"\r[Stage 458:\u003e                                                        (0 + 4) / 4]\r26/09/21 06:00:58 WARN DAGScheduler: Broadcasting large task binary with size 2.2 MiB\n"}
,{"stream_name":"stderr","time":225.802057265,"data":"\r[Stage 458:\u003e                                                        (0 + 4) / 4]\r26/09/21 06:00:58 WARN DAGScheduler: Broadcasting large task binary with size 2.2 MiB\n"}
,{"stream_name":"stderr","time":225.802084478,"data":"\n"}
,{"stream_name":"stderr","time":225.80208983,"data":"\r[Stage 458:\u003e                                                        (0 + 4) / 4]\r26/09/21 06:00:58 WARN DAGScheduler: Broadcasting large task binary with size 2.2 MiB\n"}
,{"stream_name":"stderr","time":226.039595376,"data":"\r                                                                                \r\r                                                                                \r\n"}
,{"stream_name":"stderr","time":226.388035714,"data":"\r                                                                                \r26/09/21 06:00:59 WARN DAGScheduler: Broadcasting large task binary with size 2.2 MiB\n"}
,{"stream_name":"stderr","time":226.596585833,"data":"26/09/21 06:00:59 WARN DAGScheduler: Broadcasting large task binary with size 2.2 MiB\n"}
,{"stream_name":"stderr","time":226.59661969,"data":"\n"}
,{"stream_name":"stderr","time":226.596624008,"data":"26/09/21 06:00:59 WARN DAGScheduler: Broadcasting large task binary with size 2.2 MiB\n"}
,{"stream_name":"stderr","time":227.054700097,"data":"\r[Stage 462:==========================================\u003e              (3 + 1) / 4]\r\r                                                                                \r26/09/21 06:00:59 WARN DAGScheduler: Broadcasting large task binary with size 2.2 MiB\n"}
,{"stream_name":"stderr","time":227.219669656,"data":"\r[Stage 462:==========================================\u003e              (3 + 1) / 4]\r\r                                                                                \r26/09/21 06:00:59 WARN DAGScheduler: Broadcasting large task binary with size 2.2 MiB\n"}
,{"stream_name":"stderr","time":227.219705675,"data":"\n"}
,{"stream_name":"stderr","time":227.219710454,"data":"\r[Stage 462:==========================================\u003e              (3 + 1) / 4]\r\r                                                                                \r26/09/21 06:00:59 WARN DAGScheduler: Broadcasting large task binary with size 2.2 MiB\n"}
,{"stream_name":"stderr","time":227.704320722,"data":"26/09/21 06:01:00 WARN DAGScheduler: Broadcasting large task binary with size 2.2 MiB\n"}
,{"stream_name":"stderr","time":227.906997146,"data":"26/09/21 06:01:00 WARN DAGScheduler: Broadcasting large task binary with size 2.2 MiB\n"}
,{"stream_name":"stderr","time":227.907040641,"data":"\n"}
,{"stream_name":"stderr","time":227.907046326,"data":"26/09/21 06:01:00 WARN DAGScheduler: Broadcasting large task binary with size 2.2 MiB\n"}
,{"stream_name":"stderr","time":228.303170524,"data":"26/09/21 06:01:01 WARN DAGScheduler: Broadcasting large task binary with size 2.2 MiB\n"}
,{"stream_name":"stderr","time":228.515267678,"data":"26/09/21 06:01:01 WARN DAGScheduler: Broadcasting large task binary with size 2.2 MiB\n"}
,{"stream_name":"stderr","time":228.515305352,"data":"\n"}
,{"stream_name":"stderr","time":228.518662353,"data":"26/09/21 06:01:01 WARN DAGScheduler: Broadcasting large task binary with size 2.2 MiB\n"}
,{"stream_name":"stderr","time":228.937549419,"data":"\r[Stage 467:\u003e                                                        (0 + 4) / 4]\r\r                                                                                \r26/09/21 06:01:01 WARN DAGScheduler: Broadcasting large task binary with size 2.2 MiB\n"}
,{"stream_name":"stderr","time":228.997260631,"data":"\r[Stage 467:\u003e                                                        (0 + 4) / 4]\r\r                                                                                \r26/09/21 06:01:01 WARN DAGScheduler: Broadcasting large task binary with size 2.2 MiB\n"}
,{"stream_name":"stderr","time":228.99733316,"data":"\n"}
,{"stream_name":"stderr","time":228.997338424,"data":"\r[Stage 467:\u003e                                                        (0 + 4) / 4]\r\r                                                                                \r26/09/21 06:01:01 WARN DAGScheduler: Broadcasting large task binary with size 2.2 MiB\n"}
,{"stream_name":"stderr","time":229.6110481,"data":"26/09/21 06:01:02 WARN DAGScheduler: Broadcasting large task binary with size 2.2 MiB\n"}
,{"stream_name":"stderr","time":229.813582395,"data":"26/09/21 06:01:02 WARN DAGScheduler: Broadcasting large task binary with size 2.2 MiB\n"}
,{"stream_name":"stderr","time":229.813628532,"data":"\n"}
,{"stream_name":"stderr","time":229.813645805,"data":"26/09/21 06:01:02 WARN DAGScheduler: Broadcasting large task binary with size 2.2 MiB\n"}
,{"stream_name":"stderr","time":230.186259414,"data":"26/09/21 06:01:02 WARN DAGScheduler: Broadcasting large task binary with size 2.2 MiB\n"}
,{"stream_name":"stderr","time":230.403599016,"data":"26/09/21 06:01:02 WARN DAGScheduler: Broadcasting large task binary with size 2.2 MiB\n"}
,{"stream_name":"stderr","time":230.403638666,"data":"\n"}
,{"stream_name":"stderr","time":230.403980255,"data":"26/09/21 06:01:02 WARN DAGScheduler: Broadcasting large task binary with size 2.2 MiB\n"}
,{"stream_name":"stderr","time":230.824162696,"data":"26/09/21 06:01:03 WARN DAGScheduler: Broadcasting large task binary with size 2.2 MiB\n"}
,{"stream_name":"stderr","time":231.028570965,"data":"26/09/21 06:01:03 WARN DAGScheduler: Broadcasting large task binary with size 2.2 MiB\n"}
,{"stream_name":"stderr","time":231.028599646,"data":"\n"}
,{"stream_name":"stderr","time":231.03164412,"data":"26/09/21 06:01:03 WARN DAGScheduler: Broadcasting large task binary with size 2.2 MiB\n"}
,{"stream_name":"stderr","time":231.594387104,"data":"\r[Stage 473:\u003e                                                        (0 + 4) / 4]\r\r[Stage 473:\u003e                                                        (0 + 4) / 4]\r\n"}
,{"stream_name":"stderr","time":231.612829053,"data":"\r[Stage 473:\u003e                                                        (0 + 4) / 4]\r26/09/21 06:01:04 WARN DAGScheduler: Broadcasting large task binary with size 2.2 MiB\n"}
,{"stream_name":"stderr","time":231.816021508,"data":"\r                                                                                \r26/09/21 06:01:04 WARN DAGScheduler: Broadcasting large task binary with size 2.2 MiB\n"}
,{"stream_name":"stderr","time":231.816063842,"data":"\r                                                                                \r\n"}
,{"stream_name":"stderr","time":231.816069759,"data":"26/09/21 06:01:04 WARN DAGScheduler: Broadcasting large task binary with size 2.2 MiB\n"}
,{"stream_name":"stderr","time":232.209278381,"data":"\r                                                                                \r26/09/21 06:01:04 WARN DAGScheduler: Broadcasting large task binary with size 2.2 MiB\n"}
,{"stream_name":"stderr","time":232.415614233,"data":"26/09/21 06:01:04 WARN DAGScheduler: Broadcasting large task binary with size 2.2 MiB\n"}
,{"stream_name":"stderr","time":232.4156502,"data":"\n"}
,{"stream_name":"stderr","time":232.418643856,"data":"26/09/21 06:01:04 WARN DAGScheduler: Broadcasting large task binary with size 2.2 MiB\n"}
,{"stream_name":"stderr","time":232.844742097,"data":"\r[Stage 477:============================\u003e                            (2 + 2) / 4]\r\r                                                                                \r26/09/21 06:01:05 WARN DAGScheduler: Broadcasting large task binary with size 2.2 MiB\n"}
,{"stream_name":"stderr","time":232.994639305,"data":"\r[Stage 477:============================\u003e                            (2 + 2) / 4]\r\r                                                                                \r26/09/21 06:01:05 WARN DAGScheduler: Broadcasting large task binary with size 2.2 MiB\n"}
,{"stream_name":"stderr","time":232.994687047,"data":"\n"}
,{"stream_name":"stderr","time":232.994691495,"data":"\r[Stage 477:============================\u003e                            (2 + 2) / 4]\r\r                                                                                \r26/09/21 06:01:05 WARN DAGScheduler: Broadcasting large task binary with size 2.2 MiB\n"}
,{"stream_name":"stderr","time":233.523613661,"data":"26/09/21 06:01:06 WARN DAGScheduler: Broadcasting large task binary with size 2.2 MiB\n"}
,{"stream_name":"stderr","time":233.725889792,"data":"26/09/21 06:01:06 WARN DAGScheduler: Broadcasting large task binary with size 2.2 MiB\n"}
,{"stream_name":"stderr","time":233.725931299,"data":"\n"}
,{"stream_name":"stderr","time":233.725936389,"data":"26/09/21 06:01:06 WARN DAGScheduler: Broadcasting large task binary with size 2.2 MiB\n"}
,{"stream_name":"stderr","time":234.099550205,"data":"26/09/21 06:01:06 WARN DAGScheduler: Broadcasting large task binary with size 2.2 MiB\n"}
,{"stream_name":"stderr","time":234.364367879,"data":"26/09/21 06:01:06 WARN DAGScheduler: Broadcasting large task binary with size 2.2 MiB\n"}
,{"stream_name":"stderr","time":234.364401734,"data":"\n"}
,{"stream_name":"stderr","time":234.364407554,"data":"26/09/21 06:01:06 WARN DAGScheduler: Broadcasting large task binary with size 2.2 MiB\n"}
,{"stream_name":"stderr","time":234.661824314,"data":"\r[Stage 482:==========================================\u003e              (3 + 1) / 4]\r\r                                                                                \r26/09/21 06:01:07 WARN DAGScheduler: Broadcasting large task binary with size 2.2 MiB\n"}
,{"stream_name":"stderr","time":234.794678812,"data":"\r[Stage 482:==========================================\u003e              (3 + 1) / 4]\r\r                                                                                \r26/09/21 06:01:07 WARN DAGScheduler: Broadcasting large task binary with size 2.2 MiB\n"}
,{"stream_name":"stderr","time":234.794719712,"data":"\n"}
,{"stream_name":"stderr","time":234.794727269,"data":"\r[Stage 482:==========================================\u003e              (3 + 1) / 4]\r\r                                                                                \r26/09/21 06:01:07 WARN DAGScheduler: Broadcasting large task binary with size 2.2 MiB\n"}
,{"stream_name":"stderr","time":235.394010462,"data":"\r[Stage 483:\u003e                                                        (0 + 4) / 4]\r\r[Stage 483:\u003e                                                        (0 + 4) / 4]\r\n"}
,{"stream_name":"stderr","time":235.430954066,"data":"\r[Stage 483:\u003e                                                        (0 + 4) / 4]\r26/09/21 06:01:08 WARN DAGScheduler: Broadcasting large task binary with size 2.2 MiB\n"}
,{"stream_name":"stderr","time":235.633841329,"data":"\r                                                                                \r26/09/21 06:01:08 WARN DAGScheduler: Broadcasting large task binary with size 2.2 MiB\n"}
,{"stream_name":"stderr","time":235.633901356,"data":"\r                                                                                \r\n"}
,{"stream_name":"stderr","time":235.633908396,"data":"26/09/21 06:01:08 WARN DAGScheduler: Broadcasting large task binary with size 2.2 MiB\n"}
,{"stream_name":"stderr","time":235.968409362,"data":"\r                                                                                \r26/09/21 06:01:08 WARN DAGScheduler: Broadcasting large task binary with size 2.2 MiB\n"}
,{"stream_name":"stderr","time":236.173364489,"data":"26/09/21 06:01:08 WARN DAGScheduler: Broadcasting large task binary with size 2.2 MiB\n"}
,{"stream_name":"stderr","time":236.173410432,"data":"\n"}
,{"stream_name":"stderr","time":236.175734462,"data":"26/09/21 06:01:08 WARN DAGScheduler: Broadcasting large task binary with size 2.2 MiB\n"}
,{"stream_name":"stderr","time":236.613887018,"data":"26/09/21 06:01:09 WARN DAGScheduler: Broadcasting large task binary with size 2.2 MiB\n"}
,{"stream_name":"stderr","time":236.823040946,"data":"26/09/21 06:01:09 WARN DAGScheduler: Broadcasting large task binary with size 2.2 MiB\n"}
,{"stream_name":"stderr","time":236.823076854,"data":"\n"}
,{"stream_name":"stderr","time":236.825659336,"data":"26/09/21 06:01:09 WARN DAGScheduler: Broadcasting large task binary with size 2.2 MiB\n"}
,{"stream_name":"stderr","time":237.353698381,"data":"\r[Stage 488:==============\u003e                                          (1 + 3) / 4]\r26/09/21 06:01:10 WARN DAGScheduler: Broadcasting large task binary with size 2.2 MiB\n"}
,{"stream_name":"stderr","time":237.395175091,"data":"\r[Stage 488:==============\u003e                                          (1 + 3) / 4]\r26/09/21 06:01:10 WARN DAGScheduler: Broadcasting large task binary with size 2.2 MiB\n"}
,{"stream_name":"stderr","time":237.395206224,"data":"\n"}
,{"stream_name":"stderr","time":237.395211399,"data":"\r[Stage 488:==============\u003e                                          (1 + 3) / 4]\r26/09/21 06:01:10 WARN DAGScheduler: Broadcasting large task binary with size 2.2 MiB\n"}
,{"stream_name":"stderr","time":237.601298079,"data":"\r                                                                                \r\r                                                                                \r\n"}
,{"stream_name":"stderr","time":237.901674333,"data":"\r                                                                                \r26/09/21 06:01:10 WARN DAGScheduler: Broadcasting large task binary with size 2.2 MiB\n"}
,{"stream_name":"stderr","time":238.114586474,"data":"26/09/21 06:01:10 WARN DAGScheduler: Broadcasting large task binary with size 2.2 MiB\n"}
,{"stream_name":"stderr","time":238.11471066,"data":"\n"}
,{"stream_name":"stderr","time":238.114826446,"data":"26/09/21 06:01:10 WARN DAGScheduler: Broadcasting large task binary with size 2.2 MiB\n"}
,{"stream_name":"stderr","time":238.493739978,"data":"\r[Stage 492:==============\u003e                                          (1 + 3) / 4]\r\r                                                                                \r26/09/21 06:01:11 WARN DAGScheduler: Broadcasting large task binary with size 2.2 MiB\n"}
,{"stream_name":"stderr","time":238.60822872,"data":"\r[Stage 492:==============\u003e                                          (1 + 3) / 4]\r\r                                                                                \r26/09/21 06:01:11 WARN DAGScheduler: Broadcasting large task binary with size 2.2 MiB\n"}
,{"stream_name":"stderr","time":238.608315003,"data":"\n"}
,{"stream_name":"stderr","time":238.60832042,"data":"\r[Stage 492:==============\u003e                                          (1 + 3) / 4]\r\r                                                                                \r26/09/21 06:01:11 WARN DAGScheduler: Broadcasting large task binary with size 2.2 MiB\n"}
,{"stream_name":"stderr","time":239.17742447,"data":"\r[Stage 493:============================\u003e                            (2 + 2) / 4]\r26/09/21 06:01:11 WARN DAGScheduler: Broadcasting large task binary with size 2.2 MiB\n"}
,{"stream_name":"stderr","time":239.207388811,"data":"\r[Stage 493:============================\u003e                            (2 + 2) / 4]\r26/09/21 06:01:11 WARN DAGScheduler: Broadcasting large task binary with size 2.2 MiB\n"}
,{"stream_name":"stderr","time":239.207460233,"data":"\n"}
,{"stream_name":"stderr","time":239.20746708,"data":"\r[Stage 493:============================\u003e                            (2 + 2) / 4]\r26/09/21 06:01:11 WARN DAGScheduler: Broadcasting large task binary with size 2.2 MiB\n"}
,{"stream_name":"stderr","time":239.463231906,"data":"\r                                                                                \r\r                                                                                \r\n"}
,{"stream_name":"stderr","time":239.764563507,"data":"\r                                                                                \r26/09/21 06:01:12 WARN DAGScheduler: Broadcasting large task binary with size 2.2 MiB\n"}
,{"stream_name":"stderr","time":239.975091777,"data":"26/09/21 06:01:12 WARN DAGScheduler: Broadcasting large task binary with size 2.2 MiB\n"}
,{"stream_name":"stderr","time":239.9751271,"data":"\n"}
,{"stream_name":"stderr","time":239.975132204,"data":"26/09/21 06:01:12 WARN DAGScheduler: Broadcasting large task binary with size 2.2 MiB\n"}
,{"stream_name":"stderr","time":240.280939862,"data":"26/09/21 06:01:12 WARN DAGScheduler: Broadcasting large task binary with size 2.2 MiB\n"}
,{"stream_name":"stderr","time":240.48899843,"data":"26/09/21 06:01:12 WARN DAGScheduler: Broadcasting large task binary with size 2.2 MiB\n"}
,{"stream_name":"stderr","time":240.489035888,"data":"\n"}
,{"stream_name":"stderr","time":240.489040686,"data":"26/09/21 06:01:12 WARN DAGScheduler: Broadcasting large task binary with size 2.2 MiB\n"}
,{"stream_name":"stderr","time":241.012884748,"data":"\r[Stage 498:\u003e                                                        (0 + 4) / 4]\r\r[Stage 498:\u003e                                                        (0 + 4) / 4]\r\n"}
,{"stream_name":"stderr","time":241.029719543,"data":"\r[Stage 498:\u003e                                                        (0 + 4) / 4]\r26/09/21 06:01:13 WARN DAGScheduler: Broadcasting large task binary with size 2.2 MiB\n"}
,{"stream_name":"stderr","time":241.23204229,"data":"\r                                                                                \r26/09/21 06:01:13 WARN DAGScheduler: Broadcasting large task binary with size 2.2 MiB\n"}
,{"stream_name":"stderr","time":241.232086447,"data":"\r                                                                                \r\n"}
,{"stream_name":"stderr","time":241.232092687,"data":"26/09/21 06:01:13 WARN DAGScheduler: Broadcasting large task binary with size 2.2 MiB\n"}
,{"stream_name":"stderr","time":241.736589764,"data":"\r                                                                                \r26/09/21 06:01:14 WARN DAGScheduler: Broadcasting large task binary with size 2.2 MiB\n"}
,{"stream_name":"stderr","time":241.949997513,"data":"26/09/21 06:01:14 WARN DAGScheduler: Broadcasting large task binary with size 2.2 MiB\n"}
,{"stream_name":"stderr","time":241.950078322,"data":"\n"}
,{"stream_name":"stderr","time":241.950084162,"data":"26/09/21 06:01:14 WARN DAGScheduler: Broadcasting large task binary with size 2.2 MiB\n"}
,{"stream_name":"stderr","time":242.247331464,"data":"\r[Stage 502:============================\u003e                            (2 + 2) / 4]\r\r                                                                                \r26/09/21 06:01:14 WARN DAGScheduler: Broadcasting large task binary with size 2.2 MiB\n"}
,{"stream_name":"stderr","time":242.394662346,"data":"\r[Stage 502:============================\u003e                            (2 + 2) / 4]\r\r                                                                                \r26/09/21 06:01:14 WARN DAGScheduler: Broadcasting large task binary with size 2.2 MiB\n"}
,{"stream_name":"stderr","time":242.394747262,"data":"\n"}
,{"stream_name":"stderr","time":242.394753531,"data":"\r[Stage 502:============================\u003e                            (2 + 2) / 4]\r\r                                                                                \r26/09/21 06:01:14 WARN DAGScheduler: Broadcasting large task binary with size 2.2 MiB\n"}
,{"stream_name":"stderr","time":242.873975542,"data":"26/09/21 06:01:15 WARN DAGScheduler: Broadcasting large task binary with size 2.2 MiB\n"}
,{"stream_name":"stderr","time":243.076368092,"data":"26/09/21 06:01:15 WARN DAGScheduler: Broadcasting large task binary with size 2.2 MiB\n"}
,{"stream_name":"stderr","time":243.076416479,"data":"\n"}
,{"stream_name":"stderr","time":243.076423916,"data":"26/09/21 06:01:15 WARN DAGScheduler: Broadcasting large task binary with size 2.2 MiB\n"}
,{"stream_name":"stderr","time":243.579317026,"data":"26/09/21 06:01:16 WARN DAGScheduler: Broadcasting large task binary with size 2.2 MiB\n"}
,{"stream_name":"stderr","time":243.792984138,"data":"26/09/21 06:01:16 WARN DAGScheduler: Broadcasting large task binary with size 2.2 MiB\n"}
,{"stream_name":"stderr","time":243.793029222,"data":"\n"}
,{"stream_name":"stderr","time":243.793034199,"data":"26/09/21 06:01:16 WARN DAGScheduler: Broadcasting large task binary with size 2.2 MiB\n"}
,{"stream_name":"stderr","time":244.172807754,"data":"26/09/21 06:01:16 WARN DAGScheduler: Broadcasting large task binary with size 2.2 MiB\n"}
,{"stream_name":"stderr","time":244.379106122,"data":"26/09/21 06:01:16 WARN DAGScheduler: Broadcasting large task binary with size 2.2 MiB\n"}
,{"stream_name":"stderr","time":244.379167959,"data":"\n"}
,{"stream_name":"stderr","time":244.379174983,"data":"26/09/21 06:01:16 WARN DAGScheduler: Broadcasting large task binary with size 2.2 MiB\n"}
,{"stream_name":"stderr","time":244.905688582,"data":"26/09/21 06:01:17 WARN DAGScheduler: Broadcasting large task binary with size 2.2 MiB\n"}
,{"stream_name":"stderr","time":245.108632502,"data":"26/09/21 06:01:17 WARN DAGScheduler: Broadcasting large task binary with size 2.2 MiB\n"}
,{"stream_name":"stderr","time":245.108714433,"data":"\n"}
,{"stream_name":"stderr","time":245.108721433,"data":"26/09/21 06:01:17 WARN DAGScheduler: Broadcasting large task binary with size 2.2 MiB\n"}
,{"stream_name":"stderr","time":245.46140885,"data":"26/09/21 06:01:18 WARN DAGScheduler: Broadcasting large task binary with size 2.2 MiB\n"}
,{"stream_name":"stderr","time":245.67219458,"data":"26/09/21 06:01:18 WARN DAGScheduler: Broadcasting large task binary with size 2.2 MiB\n"}
,{"stream_name":"stderr","time":245.672233886,"data":"\n"}
,{"stream_name":"stderr","time":245.672240595,"data":"26/09/21 06:01:18 WARN DAGScheduler: Broadcasting large task binary with size 2.2 MiB\n"}
,{"stream_name":"stderr","time":246.054873501,"data":"\r[Stage 512:==============\u003e                                          (1 + 3) / 4]\r\r                                                                                \r26/09/21 06:01:18 WARN DAGScheduler: Broadcasting large task binary with size 2.2 MiB\n"}
,{"stream_name":"stderr","time":246.195575223,"data":"\r[Stage 512:==============\u003e                                          (1 + 3) / 4]\r\r                                                                                \r26/09/21 06:01:18 WARN DAGScheduler: Broadcasting large task binary with size 2.2 MiB\n"}
,{"stream_name":"stderr","time":246.195638568,"data":"\n"}
,{"stream_name":"stderr","time":246.195645791,"data":"\r[Stage 512:==============\u003e                                          (1 + 3) / 4]\r\r                                                                                \r26/09/21 06:01:18 WARN DAGScheduler: Broadcasting large task binary with size 2.2 MiB\n"}
,{"stream_name":"stderr","time":246.706284317,"data":"26/09/21 06:01:19 WARN DAGScheduler: Broadcasting large task binary with size 2.2 MiB\n"}
,{"stream_name":"stderr","time":246.908756323,"data":"26/09/21 06:01:19 WARN DAGScheduler: Broadcasting large task binary with size 2.2 MiB\n"}
,{"stream_name":"stderr","time":246.908830519,"data":"\n"}
,{"stream_name":"stderr","time":246.908836795,"data":"26/09/21 06:01:19 WARN DAGScheduler: Broadcasting large task binary with size 2.2 MiB\n"}
,{"stream_name":"stderr","time":247.352980334,"data":"26/09/21 06:01:20 WARN DAGScheduler: Broadcasting large task binary with size 2.2 MiB\n"}
,{"stream_name":"stderr","time":247.558084187,"data":"26/09/21 06:01:20 WARN DAGScheduler: Broadcasting large task binary with size 2.2 MiB\n"}
,{"stream_name":"stderr","time":247.558129815,"data":"\n"}
,{"stream_name":"stderr","time":247.558134222,"data":"26/09/21 06:01:20 WARN DAGScheduler: Broadcasting large task binary with size 2.2 MiB\n"}
,{"stream_name":"stderr","time":247.863809729,"data":"26/09/21 06:01:20 WARN DAGScheduler: Broadcasting large task binary with size 2.2 MiB\n"}
,{"stream_name":"stderr","time":248.067644031,"data":"26/09/21 06:01:20 WARN DAGScheduler: Broadcasting large task binary with size 2.2 MiB\n"}
,{"stream_name":"stderr","time":248.067679075,"data":"\n"}
,{"stream_name":"stderr","time":248.070658182,"data":"26/09/21 06:01:20 WARN DAGScheduler: Broadcasting large task binary with size 2.2 MiB\n"}
,{"stream_name":"stderr","time":248.594254078,"data":"\r[Stage 518:\u003e                                                        (0 + 4) / 4]\r\r[Stage 518:\u003e                                                        (0 + 4) / 4]\r\n"}
,{"stream_name":"stderr","time":248.707693585,"data":"\r[Stage 518:\u003e                                                        (0 + 4) / 4]\r26/09/21 06:01:21 WARN DAGScheduler: Broadcasting large task binary with size 2.2 MiB\n"}
,{"stream_name":"stderr","time":248.910596921,"data":"\r                                                                                \r26/09/21 06:01:21 WARN DAGScheduler: Broadcasting large task binary with size 2.2 MiB\n"}
,{"stream_name":"stderr","time":248.910646805,"data":"\r                                                                                \r\n"}
,{"stream_name":"stderr","time":248.910665336,"data":"26/09/21 06:01:21 WARN DAGScheduler: Broadcasting large task binary with size 2.2 MiB\n"}
,{"stream_name":"stderr","time":249.252273582,"data":"\r                                                                                \r26/09/21 06:01:21 WARN DAGScheduler: Broadcasting large task binary with size 2.2 MiB\n"}
,{"stream_name":"stderr","time":249.456953522,"data":"26/09/21 06:01:21 WARN DAGScheduler: Broadcasting large task binary with size 2.2 MiB\n"}
,{"stream_name":"stderr","time":249.456993333,"data":"\n"}
,{"stream_name":"stderr","time":249.456999896,"data":"26/09/21 06:01:21 WARN DAGScheduler: Broadcasting large task binary with size 2.2 MiB\n"}
,{"stream_name":"stderr","time":249.86836281,"data":"\r[Stage 522:==============\u003e                                          (1 + 3) / 4]\r\r                                                                                \r26/09/21 06:01:22 WARN DAGScheduler: Broadcasting large task binary with size 2.2 MiB\n"}
,{"stream_name":"stderr","time":250.008283872,"data":"\r[Stage 522:==============\u003e                                          (1 + 3) / 4]\r\r                                                                                \r26/09/21 06:01:22 WARN DAGScheduler: Broadcasting large task binary with size 2.2 MiB\n"}
,{"stream_name":"stderr","time":250.008350755,"data":"\n"}
,{"stream_name":"stderr","time":250.008355329,"data":"\r[Stage 522:==============\u003e                                          (1 + 3) / 4]\r\r                                                                                \r26/09/21 06:01:22 WARN DAGScheduler: Broadcasting large task binary with size 2.2 MiB\n"}
,{"stream_name":"stderr","time":250.578667823,"data":"\r[Stage 523:============================\u003e                            (2 + 2) / 4]\r26/09/21 06:01:23 WARN DAGScheduler: Broadcasting large task binary with size 2.2 MiB\n"}
,{"stream_name":"stderr","time":250.623788434,"data":"\r                                                                                \r\r[Stage 523:============================\u003e                            (2 + 2) / 4]\r26/09/21 06:01:23 WARN DAGScheduler: Broadcasting large task binary with size 2.2 MiB\n"}
,{"stream_name":"stderr","time":250.623828695,"data":"\n"}
,{"stream_name":"stderr","time":250.623833959,"data":"\r[Stage 523:============================\u003e                            (2 + 2) / 4]\r26/09/21 06:01:23 WARN DAGScheduler: Broadcasting large task binary with size 2.2 MiB\n"}
,{"stream_name":"stderr","time":250.825956399,"data":"\r                                                                                \r\n"}
,{"stream_name":"stderr","time":251.223380845,"data":"\r                                                                                \r26/09/21 06:01:23 WARN DAGScheduler: Broadcasting large task binary with size 2.2 MiB\n"}
,{"stream_name":"stderr","time":251.431142131,"data":"26/09/21 06:01:23 WARN DAGScheduler: Broadcasting large task binary with size 2.2 MiB\n"}
,{"stream_name":"stderr","time":251.431179308,"data":"\n"}
,{"stream_name":"stderr","time":251.431184343,"data":"26/09/21 06:01:23 WARN DAGScheduler: Broadcasting large task binary with size 2.2 MiB\n"}
,{"stream_name":"stderr","time":251.889056547,"data":"\r[Stage 527:\u003e                                                        (0 + 4) / 4]\r\r                                                                                \r26/09/21 06:01:24 WARN DAGScheduler: Broadcasting large task binary with size 2.2 MiB\n"}
,{"stream_name":"stderr","time":252.002690211,"data":"\r[Stage 527:\u003e                                                        (0 + 4) / 4]\r\r                                                                                \r26/09/21 06:01:24 WARN DAGScheduler: Broadcasting large task binary with size 2.2 MiB\n"}
,{"stream_name":"stderr","time":252.002728803,"data":"\n"}
,{"stream_name":"stderr","time":252.002733788,"data":"\r[Stage 527:\u003e                                                        (0 + 4) / 4]\r\r                                                                                \r26/09/21 06:01:24 WARN DAGScheduler: Broadcasting large task binary with size 2.2 MiB\n"}
,{"stream_name":"stderr","time":252.582859491,"data":"\r[Stage 528:==============\u003e                                          (1 + 3) / 4]\r26/09/21 06:01:25 WARN DAGScheduler: Broadcasting large task binary with size 2.2 MiB\n"}
,{"stream_name":"stderr","time":252.594327169,"data":"\r[Stage 528:==============\u003e                                          (1 + 3) / 4]\r26/09/21 06:01:25 WARN DAGScheduler: Broadcasting large task binary with size 2.2 MiB\n"}
,{"stream_name":"stderr","time":252.594359319,"data":"\n"}
,{"stream_name":"stderr","time":252.594365116,"data":"\r[Stage 528:==============\u003e                                          (1 + 3) / 4]\r26/09/21 06:01:25 WARN DAGScheduler: Broadcasting large task binary with size 2.2 MiB\n"}
,{"stream_name":"stderr","time":252.829579655,"data":"\r                                                                                \r\r                                                                                \r\n"}
,{"stream_name":"stderr","time":253.177747466,"data":"\r                                                                                \r26/09/21 06:01:25 WARN DAGScheduler: Broadcasting large task binary with size 2.2 MiB\n"}
,{"stream_name":"stderr","time":253.383107571,"data":"26/09/21 06:01:25 WARN DAGScheduler: Broadcasting large task binary with size 2.2 MiB\n"}
,{"stream_name":"stderr","time":253.383169939,"data":"\n"}
,{"stream_name":"stderr","time":253.3846349,"data":"26/09/21 06:01:25 WARN DAGScheduler: Broadcasting large task binary with size 2.2 MiB\n"}
,{"stream_name":"stderr","time":253.862172329,"data":"\r[Stage 532:==========================================\u003e              (3 + 1) / 4]\r\r                                                                                \r26/09/21 06:01:26 WARN DAGScheduler: Broadcasting large task binary with size 2.2 MiB\n"}
,{"stream_name":"stderr","time":253.995659203,"data":"\r[Stage 532:==========================================\u003e              (3 + 1) / 4]\r\r                                                                                \r26/09/21 06:01:26 WARN DAGScheduler: Broadcasting large task binary with size 2.2 MiB\n"}
,{"stream_name":"stderr","time":253.995706973,"data":"\n"}
,{"stream_name":"stderr","time":253.995712637,"data":"\r[Stage 532:==========================================\u003e              (3 + 1) / 4]\r\r                                                                                \r26/09/21 06:01:26 WARN DAGScheduler: Broadcasting large task binary with size 2.2 MiB\n"}
,{"stream_name":"stderr","time":254.551274297,"data":"\r[Stage 533:==========================================\u003e              (3 + 1) / 4]\r26/09/21 06:01:27 WARN DAGScheduler: Broadcasting large task binary with size 2.2 MiB\n"}
,{"stream_name":"stderr","time":254.595315263,"data":"\r[Stage 533:==========================================\u003e              (3 + 1) / 4]\r26/09/21 06:01:27 WARN DAGScheduler: Broadcasting large task binary with size 2.2 MiB\n"}
,{"stream_name":"stderr","time":254.595837498,"data":"\n"}
,{"stream_name":"stderr","time":254.595853773,"data":"\r[Stage 533:==========================================\u003e              (3 + 1) / 4]\r26/09/21 06:01:27 WARN DAGScheduler: Broadcasting large task binary with size 2.2 MiB\n"}
,{"stream_name":"stderr","time":254.799103834,"data":"\r                                                                                \r\r                                                                                \r\n"}
,{"stream_name":"stderr","time":255.137662836,"data":"\r                                                                                \r26/09/21 06:01:27 WARN DAGScheduler: Broadcasting large task binary with size 2.2 MiB\n"}
,{"stream_name":"stderr","time":255.350113985,"data":"26/09/21 06:01:27 WARN DAGScheduler: Broadcasting large task binary with size 2.2 MiB\n"}
,{"stream_name":"stderr","time":255.35015555,"data":"\n"}
,{"stream_name":"stderr","time":255.350161427,"data":"26/09/21 06:01:27 WARN DAGScheduler: Broadcasting large task binary with size 2.2 MiB\n"}
,{"stream_name":"stderr","time":255.747806794,"data":"26/09/21 06:01:28 WARN DAGScheduler: Broadcasting large task binary with size 2.2 MiB\n"}
,{"stream_name":"stderr","time":255.958583254,"data":"26/09/21 06:01:28 WARN DAGScheduler: Broadcasting large task binary with size 2.2 MiB\n"}
,{"stream_name":"stderr","time":255.958620562,"data":"\n"}
,{"stream_name":"stderr","time":255.958626153,"data":"26/09/21 06:01:28 WARN DAGScheduler: Broadcasting large task binary with size 2.2 MiB\n"}
,{"stream_name":"stderr","time":256.454182493,"data":"26/09/21 06:01:29 WARN DAGScheduler: Broadcasting large task binary with size 2.2 MiB\n"}
,{"stream_name":"stderr","time":256.656286841,"data":"26/09/21 06:01:29 WARN DAGScheduler: Broadcasting large task binary with size 2.2 MiB\n"}
,{"stream_name":"stderr","time":256.656328691,"data":"\n"}
,{"stream_name":"stderr","time":256.656333599,"data":"26/09/21 06:01:29 WARN DAGScheduler: Broadcasting large task binary with size 2.2 MiB\n"}
,{"stream_name":"stderr","time":257.072827642,"data":"26/09/21 06:01:29 WARN DAGScheduler: Broadcasting large task binary with size 2.2 MiB\n"}
,{"stream_name":"stderr","time":257.276255333,"data":"26/09/21 06:01:29 WARN DAGScheduler: Broadcasting large task binary with size 2.2 MiB\n"}
,{"stream_name":"stderr","time":257.276326859,"data":"\n"}
,{"stream_name":"stderr","time":257.277815886,"data":"26/09/21 06:01:29 WARN DAGScheduler: Broadcasting large task binary with size 2.2 MiB\n"}
,{"stream_name":"stderr","time":257.794431815,"data":"\r[Stage 542:\u003e                                                        (0 + 4) / 4]\r\r                                                                                \r\r[Stage 542:\u003e                                                        (0 + 4) / 4]\r\r                                                                                \r\n"}
,{"stream_name":"stderr","time":257.796628801,"data":"\r[Stage 542:\u003e                                                        (0 + 4) / 4]\r\r                                                                                \r26/09/21 06:01:30 WARN DAGScheduler: Broadcasting large task binary with size 2.2 MiB\n"}
,{"stream_name":"stderr","time":258.011584608,"data":"26/09/21 06:01:30 WARN DAGScheduler: Broadcasting large task binary with size 2.2 MiB\n"}
,{"stream_name":"stderr","time":258.011625059,"data":"\n"}
,{"stream_name":"stderr","time":258.011678665,"data":"26/09/21 06:01:30 WARN DAGScheduler: Broadcasting large task binary with size 2.2 MiB\n"}
,{"stream_name":"stderr","time":258.421489344,"data":"26/09/21 06:01:31 WARN DAGScheduler: Broadcasting large task binary with size 2.2 MiB\n"}
,{"stream_name":"stderr","time":258.624042403,"data":"26/09/21 06:01:31 WARN DAGScheduler: Broadcasting large task binary with size 2.2 MiB\n"}
,{"stream_name":"stderr","time":258.624083628,"data":"\n"}
,{"stream_name":"stderr","time":258.624087429,"data":"26/09/21 06:01:31 WARN DAGScheduler: Broadcasting large task binary with size 2.2 MiB\n"}
,{"stream_name":"stderr","time":259.096530387,"data":"26/09/21 06:01:31 WARN DAGScheduler: Broadcasting large task binary with size 2.2 MiB\n"}
,{"stream_name":"stderr","time":259.302603874,"data":"26/09/21 06:01:31 WARN DAGScheduler: Broadcasting large task binary with size 2.2 MiB\n"}
,{"stream_name":"stderr","time":259.302645851,"data":"\n"}
,{"stream_name":"stderr","time":259.302910868,"data":"26/09/21 06:01:31 WARN DAGScheduler: Broadcasting large task binary with size 2.2 MiB\n"}
,{"stream_name":"stderr","time":259.70593794,"data":"\r[Stage 547:==============\u003e                                          (1 + 3) / 4]\r\r                                                                                \r26/09/21 06:01:32 WARN DAGScheduler: Broadcasting large task binary with size 2.2 MiB\n"}
,{"stream_name":"stderr","time":259.798920009,"data":"\r[Stage 547:==============\u003e                                          (1 + 3) / 4]\r\r                                                                                \r26/09/21 06:01:32 WARN DAGScheduler: Broadcasting large task binary with size 2.2 MiB\n"}
,{"stream_name":"stderr","time":259.798963801,"data":"\n"}
,{"stream_name":"stderr","time":259.79897008,"data":"\r[Stage 547:==============\u003e                                          (1 + 3) / 4]\r\r                                                                                \r26/09/21 06:01:32 WARN DAGScheduler: Broadcasting large task binary with size 2.2 MiB\n"}
,{"stream_name":"stderr","time":260.405218228,"data":"\r[Stage 548:============================\u003e                            (2 + 2) / 4]\r26/09/21 06:01:33 WARN DAGScheduler: Broadcasting large task binary with size 2.2 MiB\n"}
,{"stream_name":"stderr","time":260.405658066,"data":"\r[Stage 548:============================\u003e                            (2 + 2) / 4]\r\n"}
,{"stream_name":"stderr","time":260.608643568,"data":"\r[Stage 548:============================\u003e                            (2 + 2) / 4]\r\r                                                                                \r26/09/21 06:01:33 WARN DAGScheduler: Broadcasting large task binary with size 2.2 MiB\n"}
,{"stream_name":"stderr","time":260.608688292,"data":"\r                                                                                \r\n"}
,{"stream_name":"stderr","time":260.608693182,"data":"26/09/21 06:01:33 WARN DAGScheduler: Broadcasting large task binary with size 2.2 MiB\n"}
,{"stream_name":"stderr","time":260.999304944,"data":"\r                                                                                \r26/09/21 06:01:33 WARN DAGScheduler: Broadcasting large task binary with size 2.2 MiB\n"}
,{"stream_name":"stderr","time":261.218423384,"data":"26/09/21 06:01:33 WARN DAGScheduler: Broadcasting large task binary with size 2.2 MiB\n"}
,{"stream_name":"stderr","time":261.218454836,"data":"\n"}
,{"stream_name":"stderr","time":261.21845945,"data":"26/09/21 06:01:33 WARN DAGScheduler: Broadcasting large task binary with size 2.2 MiB\n"}
,{"stream_name":"stderr","time":261.571574728,"data":"26/09/21 06:01:34 WARN DAGScheduler: Broadcasting large task binary with size 2.2 MiB\n"}
,{"stream_name":"stderr","time":261.778636083,"data":"26/09/21 06:01:34 WARN DAGScheduler: Broadcasting large task binary with size 2.2 MiB\n"}
,{"stream_name":"stderr","time":261.778677327,"data":"\n"}
,{"stream_name":"stderr","time":261.781656802,"data":"26/09/21 06:01:34 WARN DAGScheduler: Broadcasting large task binary with size 2.2 MiB\n"}
,{"stream_name":"stderr","time":262.394690111,"data":"\r[Stage 553:============================\u003e                            (2 + 2) / 4]\r\r[Stage 553:============================\u003e                            (2 + 2) / 4]\r\n"}
,{"stream_name":"stderr","time":262.396886878,"data":"\r[Stage 553:============================\u003e                            (2 + 2) / 4]\r26/09/21 06:01:35 WARN DAGScheduler: Broadcasting large task binary with size 2.2 MiB\n"}
,{"stream_name":"stderr","time":262.599366344,"data":"\r                                                                                \r26/09/21 06:01:35 WARN DAGScheduler: Broadcasting large task binary with size 2.2 MiB\n"}
,{"stream_name":"stderr","time":262.599415997,"data":"\r                                                                                \r\n"}
,{"stream_name":"stderr","time":262.59942264,"data":"26/09/21 06:01:35 WARN DAGScheduler: Broadcasting large task binary with size 2.2 MiB\n"}
,{"stream_name":"stderr","time":262.950638518,"data":"\r                                                                                \r26/09/21 06:01:35 WARN DAGScheduler: Broadcasting large task binary with size 2.2 MiB\n"}
,{"stream_name":"stderr","time":263.160753064,"data":"26/09/21 06:01:35 WARN DAGScheduler: Broadcasting large task binary with size 2.2 MiB\n"}
,{"stream_name":"stderr","time":263.160793817,"data":"\n"}
,{"stream_name":"stderr","time":263.162984058,"data":"26/09/21 06:01:35 WARN DAGScheduler: Broadcasting large task binary with size 2.2 MiB\n"}
,{"stream_name":"stderr","time":263.605225133,"data":"26/09/21 06:01:36 WARN DAGScheduler: Broadcasting large task binary with size 2.2 MiB\n"}
,{"stream_name":"stderr","time":263.817002472,"data":"26/09/21 06:01:36 WARN DAGScheduler: Broadcasting large task binary with size 2.2 MiB\n"}
,{"stream_name":"stderr","time":263.81706207,"data":"\n"}
,{"stream_name":"stderr","time":263.817068097,"data":"26/09/21 06:01:36 WARN DAGScheduler: Broadcasting large task binary with size 2.2 MiB\n"}
,{"stream_name":"stderr","time":264.316065733,"data":"26/09/21 06:01:37 WARN DAGScheduler: Broadcasting large task binary with size 2.2 MiB\n"}
,{"stream_name":"stderr","time":264.547174181,"data":"26/09/21 06:01:37 WARN DAGScheduler: Broadcasting large task binary with size 2.2 MiB\n"}
,{"stream_name":"stderr","time":264.547208824,"data":"\n"}
,{"stream_name":"stderr","time":264.54721339499997,"data":"26/09/21 06:01:37 WARN DAGScheduler: Broadcasting large task binary with size 2.2 MiB\n"}
,{"stream_name":"stderr","time":264.87378628,"data":"26/09/21 06:01:37 WARN DAGScheduler: Broadcasting large task binary with size 2.2 MiB\n"}
,{"stream_name":"stderr","time":265.085645007,"data":"26/09/21 06:01:37 WARN DAGScheduler: Broadcasting large task binary with size 2.2 MiB\n"}
,{"stream_name":"stderr","time":265.085711086,"data":"\n"}
,{"stream_name":"stderr","time":265.08862483,"data":"26/09/21 06:01:37 WARN DAGScheduler: Broadcasting large task binary with size 2.2 MiB\n"}
,{"stream_name":"stderr","time":265.570312799,"data":"\r[Stage 562:\u003e                                                        (0 + 4) / 4]\r\r                                                                                \r26/09/21 06:01:38 WARN DAGScheduler: Broadcasting large task binary with size 2.2 MiB\n"}
,{"stream_name":"stderr","time":265.600299216,"data":"\r[Stage 562:\u003e                                                        (0 + 4) / 4]\r\r                                                                                \r26/09/21 06:01:38 WARN DAGScheduler: Broadcasting large task binary with size 2.2 MiB\n"}
,{"stream_name":"stderr","time":265.600340665,"data":"\n"}
,{"stream_name":"stderr","time":265.600347337,"data":"\r[Stage 562:\u003e                                                        (0 + 4) / 4]\r\r                                                                                \r26/09/21 06:01:38 WARN DAGScheduler: Broadcasting large task binary with size 2.2 MiB\n"}
,{"stream_name":"stderr","time":266.258536958,"data":"26/09/21 06:01:38 WARN DAGScheduler: Broadcasting large task binary with size 2.2 MiB\n"}
,{"stream_name":"stderr","time":266.460685739,"data":"26/09/21 06:01:38 WARN DAGScheduler: Broadcasting large task binary with size 2.2 MiB\n"}
,{"stream_name":"stderr","time":266.460729495,"data":"\n"}
,{"stream_name":"stderr","time":266.460736115,"data":"26/09/21 06:01:38 WARN DAGScheduler: Broadcasting large task binary with size 2.2 MiB\n"}
,{"stream_name":"stderr","time":266.907123001,"data":"26/09/21 06:01:39 WARN DAGScheduler: Broadcasting large task binary with size 2.2 MiB\n"}
,{"stream_name":"stderr","time":267.122678141,"data":"26/09/21 06:01:39 WARN DAGScheduler: Broadcasting large task binary with size 2.2 MiB\n"}
,{"stream_name":"stderr","time":267.122724125,"data":"\n"}
,{"stream_name":"stderr","time":267.122730104,"data":"26/09/21 06:01:39 WARN DAGScheduler: Broadcasting large task binary with size 2.2 MiB\n"}
,{"stream_name":"stderr","time":267.532017994,"data":"\r[Stage 567:\u003e                                                        (0 + 4) / 4]\r\r                                                                                \r26/09/21 06:01:40 WARN DAGScheduler: Broadcasting large task binary with size 2.2 MiB\n"}
,{"stream_name":"stderr","time":267.597567637,"data":"\r[Stage 567:\u003e                                                        (0 + 4) / 4]\r\r                                                                                \r26/09/21 06:01:40 WARN DAGScheduler: Broadcasting large task binary with size 2.2 MiB\n"}
,{"stream_name":"stderr","time":267.597658205,"data":"\n"}
,{"stream_name":"stderr","time":267.597663715,"data":"\r[Stage 567:\u003e                                                        (0 + 4) / 4]\r\r                                                                                \r26/09/21 06:01:40 WARN DAGScheduler: Broadcasting large task binary with size 2.2 MiB\n"}
,{"stream_name":"stderr","time":268.229574996,"data":"\r[Stage 568:==============\u003e                                          (1 + 3) / 4]\r\r[Stage 568:==============\u003e                                          (1 + 3) / 4]\r\n"}
,{"stream_name":"stderr","time":268.252152094,"data":"\r[Stage 568:==============\u003e                                          (1 + 3) / 4]\r26/09/21 06:01:40 WARN DAGScheduler: Broadcasting large task binary with size 2.2 MiB\n"}
,{"stream_name":"stderr","time":268.454974298,"data":"\r                                                                                \r26/09/21 06:01:40 WARN DAGScheduler: Broadcasting large task binary with size 2.2 MiB\n"}
,{"stream_name":"stderr","time":268.455012658,"data":"\r                                                                                \r\n"}
,{"stream_name":"stderr","time":268.455017372,"data":"26/09/21 06:01:40 WARN DAGScheduler: Broadcasting large task binary with size 2.2 MiB\n"}
,{"stream_name":"stderr","time":268.82533159,"data":"\r                                                                                \r26/09/21 06:01:41 WARN DAGScheduler: Broadcasting large task binary with size 2.2 MiB\n"}
,{"stream_name":"stderr","time":269.033974475,"data":"26/09/21 06:01:41 WARN DAGScheduler: Broadcasting large task binary with size 2.2 MiB\n"}
,{"stream_name":"stderr","time":269.034014327,"data":"\n"}
,{"stream_name":"stderr","time":269.036640017,"data":"26/09/21 06:01:41 WARN DAGScheduler: Broadcasting large task binary with size 2.2 MiB\n"}
,{"stream_name":"stderr","time":269.339845566,"data":"26/09/21 06:01:42 WARN DAGScheduler: Broadcasting large task binary with size 2.2 MiB\n"}
,{"stream_name":"stderr","time":269.550096022,"data":"26/09/21 06:01:42 WARN DAGScheduler: Broadcasting large task binary with size 2.2 MiB\n"}
,{"stream_name":"stderr","time":269.550133123,"data":"\n"}
,{"stream_name":"stderr","time":269.551650258,"data":"26/09/21 06:01:42 WARN DAGScheduler: Broadcasting large task binary with size 2.2 MiB\n"}
,{"stream_name":"stderr","time":270.048934039,"data":"\r[Stage 573:\u003e                                                        (0 + 4) / 4]\r\r[Stage 573:\u003e                                                        (0 + 4) / 4]\r\n"}
,{"stream_name":"stderr","time":270.144145779,"data":"\r[Stage 573:\u003e                                                        (0 + 4) / 4]\r26/09/21 06:01:42 WARN DAGScheduler: Broadcasting large task binary with size 2.2 MiB\n"}
,{"stream_name":"stderr","time":270.346410542,"data":"\r                                                                                \r26/09/21 06:01:42 WARN DAGScheduler: Broadcasting large task binary with size 2.2 MiB\n"}
,{"stream_name":"stderr","time":270.34647665,"data":"\r                                                                                \r\n"}
,{"stream_name":"stderr","time":270.346483982,"data":"26/09/21 06:01:42 WARN DAGScheduler: Broadcasting large task binary with size 2.2 MiB\n"}
,{"stream_name":"stderr","time":270.729815662,"data":"\r                                                                                \r26/09/21 06:01:43 WARN DAGScheduler: Broadcasting large task binary with size 2.2 MiB\n"}
,{"stream_name":"stderr","time":270.940554236,"data":"26/09/21 06:01:43 WARN DAGScheduler: Broadcasting large task binary with size 2.2 MiB\n"}
,{"stream_name":"stderr","time":270.940595435,"data":"\n"}
,{"stream_name":"stderr","time":270.940871675,"data":"26/09/21 06:01:43 WARN DAGScheduler: Broadcasting large task binary with size 2.2 MiB\n"}
,{"stream_name":"stderr","time":271.393113422,"data":"26/09/21 06:01:44 WARN DAGScheduler: Broadcasting large task binary with size 2.2 MiB\n"}
,{"stream_name":"stderr","time":271.599795167,"data":"26/09/21 06:01:44 WARN DAGScheduler: Broadcasting large task binary with size 2.2 MiB\n"}
,{"stream_name":"stderr","time":271.599859327,"data":"\n"}
,{"stream_name":"stderr","time":271.601685599,"data":"26/09/21 06:01:44 WARN DAGScheduler: Broadcasting large task binary with size 2.2 MiB\n"}
,{"stream_name":"stderr","time":272.167037665,"data":"\r[Stage 578:==========================================\u003e              (3 + 1) / 4]\r26/09/21 06:01:44 WARN DAGScheduler: Broadcasting large task binary with size 2.2 MiB\n"}
,{"stream_name":"stderr","time":272.194434075,"data":"\r[Stage 578:==========================================\u003e              (3 + 1) / 4]\r26/09/21 06:01:44 WARN DAGScheduler: Broadcasting large task binary with size 2.2 MiB\n"}
,{"stream_name":"stderr","time":272.194507825,"data":"\n"}
,{"stream_name":"stderr","time":272.194521893,"data":"\r[Stage 578:==========================================\u003e              (3 + 1) / 4]\r26/09/21 06:01:44 WARN DAGScheduler: Broadcasting large task binary with size 2.2 MiB\n"}
,{"stream_name":"stderr","time":272.418310303,"data":"\r                                                                                \r\r                                                                                \r\n"}
,{"stream_name":"stderr","time":272.792568007,"data":"\r                                                                                \r26/09/21 06:01:45 WARN DAGScheduler: Broadcasting large task binary with size 2.2 MiB\n"}
,{"stream_name":"stderr","time":273.004016368,"data":"26/09/21 06:01:45 WARN DAGScheduler: Broadcasting large task binary with size 2.2 MiB\n"}
,{"stream_name":"stderr","time":273.004080866,"data":"\n"}
,{"stream_name":"stderr","time":273.004622522,"data":"26/09/21 06:01:45 WARN DAGScheduler: Broadcasting large task binary with size 2.2 MiB\n"}
,{"stream_name":"stderr","time":273.322114755,"data":"26/09/21 06:01:46 WARN DAGScheduler: Broadcasting large task binary with size 2.2 MiB\n"}
,{"stream_name":"stderr","time":273.527797435,"data":"26/09/21 06:01:46 WARN DAGScheduler: Broadcasting large task binary with size 2.2 MiB\n"}
,{"stream_name":"stderr","time":273.527832084,"data":"\n"}
,{"stream_name":"stderr","time":273.529620255,"data":"26/09/21 06:01:46 WARN DAGScheduler: Broadcasting large task binary with size 2.2 MiB\n"}
,{"stream_name":"stderr","time":273.996228316,"data":"\r[Stage 583:\u003e                                                        (0 + 4) / 4]\r\r[Stage 583:\u003e                                                        (0 + 4) / 4]\r\n"}
,{"stream_name":"stderr","time":274.222254268,"data":"\r[Stage 583:\u003e                                                        (0 + 4) / 4]\r26/09/21 06:01:46 WARN DAGScheduler: Broadcasting large task binary with size 2.2 MiB\n"}
,{"stream_name":"stderr","time":274.424731619,"data":"\r                                                                                \r26/09/21 06:01:46 WARN DAGScheduler: Broadcasting large task binary with size 2.2 MiB\n"}
,{"stream_name":"stderr","time":274.424793717,"data":"\r                                                                                \r\n"}
,{"stream_name":"stderr","time":274.424800007,"data":"26/09/21 06:01:46 WARN DAGScheduler: Broadcasting large task binary with size 2.2 MiB\n"}
,{"stream_name":"stderr","time":274.773981669,"data":"\r                                                                                \r26/09/21 06:01:47 WARN DAGScheduler: Broadcasting large task binary with size 2.2 MiB\n"}
,{"stream_name":"stderr","time":274.984050782,"data":"26/09/21 06:01:47 WARN DAGScheduler: Broadcasting large task binary with size 2.2 MiB\n"}
,{"stream_name":"stderr","time":274.984095835,"data":"\n"}
,{"stream_name":"stderr","time":274.984101302,"data":"26/09/21 06:01:47 WARN DAGScheduler: Broadcasting large task binary with size 2.2 MiB\n"}
,{"stream_name":"stderr","time":275.420585077,"data":"26/09/21 06:01:48 WARN DAGScheduler: Broadcasting large task binary with size 2.2 MiB\n"}
,{"stream_name":"stderr","time":275.626680729,"data":"26/09/21 06:01:48 WARN DAGScheduler: Broadcasting large task binary with size 2.2 MiB\n"}
,{"stream_name":"stderr","time":275.626714767,"data":"\n"}
,{"stream_name":"stderr","time":275.626719037,"data":"26/09/21 06:01:48 WARN DAGScheduler: Broadcasting large task binary with size 2.2 MiB\n"}
,{"stream_name":"stderr","time":276.155917148,"data":"\r[Stage 588:==========================================\u003e              (3 + 1) / 4]\r26/09/21 06:01:48 WARN DAGScheduler: Broadcasting large task binary with size 2.2 MiB\n"}
,{"stream_name":"stderr","time":276.194144221,"data":"\r[Stage 588:==========================================\u003e              (3 + 1) / 4]\r26/09/21 06:01:48 WARN DAGScheduler: Broadcasting large task binary with size 2.2 MiB\n"}
,{"stream_name":"stderr","time":276.194192864,"data":"\n"}
,{"stream_name":"stderr","time":276.194199404,"data":"\r[Stage 588:==========================================\u003e              (3 + 1) / 4]\r26/09/21 06:01:48 WARN DAGScheduler: Broadcasting large task binary with size 2.2 MiB\n"}
,{"stream_name":"stderr","time":276.439663824,"data":"\r                                                                                \r\r                                                                                \r\n"}
,{"stream_name":"stderr","time":276.863304348,"data":"\r                                                                                \r26/09/21 06:01:49 WARN DAGScheduler: Broadcasting large task binary with size 2.2 MiB\n"}
,{"stream_name":"stderr","time":277.069551758,"data":"26/09/21 06:01:49 WARN DAGScheduler: Broadcasting large task binary with size 2.2 MiB\n"}
,{"stream_name":"stderr","time":277.069611403,"data":"\n"}
,{"stream_name":"stderr","time":277.069617891,"data":"26/09/21 06:01:49 WARN DAGScheduler: Broadcasting large task binary with size 2.2 MiB\n"}
,{"stream_name":"stderr","time":277.577154643,"data":"\r[Stage 592:\u003e                                                        (0 + 4) / 4]\r\r                                                                                \r26/09/21 06:01:50 WARN DAGScheduler: Broadcasting large task binary with size 2.2 MiB\n"}
,{"stream_name":"stderr","time":277.600606378,"data":"\r[Stage 592:\u003e                                                        (0 + 4) / 4]\r\r                                                                                \r26/09/21 06:01:50 WARN DAGScheduler: Broadcasting large task binary with size 2.2 MiB\n"}
,{"stream_name":"stderr","time":277.600687372,"data":"\n"}
,{"stream_name":"stderr","time":277.600694398,"data":"\r[Stage 592:\u003e                                                        (0 + 4) / 4]\r\r                                                                                \r26/09/21 06:01:50 WARN DAGScheduler: Broadcasting large task binary with size 2.2 MiB\n"}
,{"stream_name":"stderr","time":278.347924273,"data":"\r[Stage 593:==========================================\u003e              (3 + 1) / 4]\r26/09/21 06:01:51 WARN DAGScheduler: Broadcasting large task binary with size 2.2 MiB\n"}
,{"stream_name":"stderr","time":278.394843551,"data":"\r                                                                                \r\r[Stage 593:==========================================\u003e              (3 + 1) / 4]\r26/09/21 06:01:51 WARN DAGScheduler: Broadcasting large task binary with size 2.2 MiB\n"}
,{"stream_name":"stderr","time":278.39488653,"data":"\n"}
,{"stream_name":"stderr","time":278.394892376,"data":"\r[Stage 593:==========================================\u003e              (3 + 1) / 4]\r26/09/21 06:01:51 WARN DAGScheduler: Broadcasting large task binary with size 2.2 MiB\n"}
,{"stream_name":"stderr","time":278.613612097,"data":"\r                                                                                \r\n"}
,{"stream_name":"stderr","time":279.279962494,"data":"\r                                                                                \r26/09/21 06:01:51 WARN DAGScheduler: Broadcasting large task binary with size 2.2 MiB\n"}
,{"stream_name":"stderr","time":279.484651296,"data":"26/09/21 06:01:51 WARN DAGScheduler: Broadcasting large task binary with size 2.2 MiB\n"}
,{"stream_name":"stderr","time":279.484703991,"data":"\n"}
,{"stream_name":"stderr","time":279.485082255,"data":"26/09/21 06:01:51 WARN DAGScheduler: Broadcasting large task binary with size 2.2 MiB\n"}
,{"stream_name":"stderr","time":279.803256452,"data":"26/09/21 06:01:52 WARN DAGScheduler: Broadcasting large task binary with size 2.2 MiB\n"}
,{"stream_name":"stderr","time":280.011025981,"data":"26/09/21 06:01:52 WARN DAGScheduler: Broadcasting large task binary with size 2.2 MiB\n"}
,{"stream_name":"stderr","time":280.011064364,"data":"\n"}
,{"stream_name":"stderr","time":280.011069527,"data":"26/09/21 06:01:52 WARN DAGScheduler: Broadcasting large task binary with size 2.2 MiB\n"}
,{"stream_name":"stderr","time":280.525816948,"data":"26/09/21 06:01:53 WARN DAGScheduler: Broadcasting large task binary with size 2.2 MiB\n"}
,{"stream_name":"stderr","time":280.728001266,"data":"26/09/21 06:01:53 WARN DAGScheduler: Broadcasting large task binary with size 2.2 MiB\n"}
,{"stream_name":"stderr","time":280.728059504,"data":"\n"}
,{"stream_name":"stderr","time":280.728064441,"data":"26/09/21 06:01:53 WARN DAGScheduler: Broadcasting large task binary with size 2.2 MiB\n"}
,{"stream_name":"stderr","time":281.276787342,"data":"26/09/21 06:01:53 WARN DAGScheduler: Broadcasting large task binary with size 2.2 MiB\n"}
,{"stream_name":"stderr","time":281.488579107,"data":"26/09/21 06:01:53 WARN DAGScheduler: Broadcasting large task binary with size 2.2 MiB\n"}
,{"stream_name":"stderr","time":281.488622052,"data":"\n"}
,{"stream_name":"stderr","time":281.488626824,"data":"26/09/21 06:01:53 WARN DAGScheduler: Broadcasting large task binary with size 2.2 MiB\n"}
,{"stream_name":"stderr","time":281.854418648,"data":"\r[Stage 602:============================\u003e                            (2 + 2) / 4]\r\r                                                                                \r26/09/21 06:01:54 WARN DAGScheduler: Broadcasting large task binary with size 2.2 MiB\n"}
,{"stream_name":"stderr","time":282.003104227,"data":"\r[Stage 602:============================\u003e                            (2 + 2) / 4]\r\r                                                                                \r26/09/21 06:01:54 WARN DAGScheduler: Broadcasting large task binary with size 2.2 MiB\n"}
,{"stream_name":"stderr","time":282.003168176,"data":"\n"}
,{"stream_name":"stderr","time":282.006637551,"data":"\r[Stage 602:============================\u003e                            (2 + 2) / 4]\r\r                                                                                \r26/09/21 06:01:54 WARN DAGScheduler: Broadcasting large task binary with size 2.2 MiB\n"}
,{"stream_name":"stderr","time":282.568566865,"data":"\r[Stage 603:============================\u003e                            (2 + 2) / 4]\r26/09/21 06:01:55 WARN DAGScheduler: Broadcasting large task binary with size 2.2 MiB\n"}
,{"stream_name":"stderr","time":282.594589908,"data":"\r[Stage 603:============================\u003e                            (2 + 2) / 4]\r26/09/21 06:01:55 WARN DAGScheduler: Broadcasting large task binary with size 2.2 MiB\n"}
,{"stream_name":"stderr","time":282.594921369,"data":"\n"}
,{"stream_name":"stderr","time":282.594932204,"data":"\r[Stage 603:============================\u003e                            (2 + 2) / 4]\r26/09/21 06:01:55 WARN DAGScheduler: Broadcasting large task binary with size 2.2 MiB\n"}
,{"stream_name":"stderr","time":282.81869388,"data":"\r                                                                                \r\r                                                                                \r\n"}
,{"stream_name":"stderr","time":283.169770109,"data":"\r                                                                                \r26/09/21 06:01:55 WARN DAGScheduler: Broadcasting large task binary with size 2.2 MiB\n"}
,{"stream_name":"stderr","time":283.374196309,"data":"26/09/21 06:01:55 WARN DAGScheduler: Broadcasting large task binary with size 2.2 MiB\n"}
,{"stream_name":"stderr","time":283.374240576,"data":"\n"}
,{"stream_name":"stderr","time":283.375657371,"data":"26/09/21 06:01:55 WARN DAGScheduler: Broadcasting large task binary with size 2.2 MiB\n"}
,{"stream_name":"stderr","time":283.845969873,"data":"\r[Stage 607:\u003e                                                        (0 + 4) / 4]\r\r[Stage 607:============================\u003e                            (2 + 2) / 4]\r\r                                                                                \r\r[Stage 607:\u003e                                                        (0 + 4) / 4]\r\r[Stage 607:============================\u003e                            (2 + 2) / 4]\r\r                                                                                \r\n"}
,{"stream_name":"stderr","time":283.86809657,"data":"\r[Stage 607:\u003e                                                        (0 + 4) / 4]\r\r[Stage 607:============================\u003e                            (2 + 2) / 4]\r\r                                                                                \r26/09/21 06:01:56 WARN DAGScheduler: Broadcasting large task binary with size 2.2 MiB\n"}
,{"stream_name":"stderr","time":284.078048166,"data":"26/09/21 06:01:56 WARN DAGScheduler: Broadcasting large task binary with size 2.2 MiB\n"}
,{"stream_name":"stderr","time":284.078126519,"data":"\n"}
,{"stream_name":"stderr","time":284.078132302,"data":"26/09/21 06:01:56 WARN DAGScheduler: Broadcasting large task binary with size 2.2 MiB\n"}
,{"stream_name":"stderr","time":284.511665216,"data":"26/09/21 06:01:57 WARN DAGScheduler: Broadcasting large task binary with size 2.2 MiB\n"}
,{"stream_name":"stderr","time":284.714050589,"data":"26/09/21 06:01:57 WARN DAGScheduler: Broadcasting large task binary with size 2.2 MiB\n"}
,{"stream_name":"stderr","time":284.71409561,"data":"\n"}
,{"stream_name":"stderr","time":284.71410064,"data":"26/09/21 06:01:57 WARN DAGScheduler: Broadcasting large task binary with size 2.2 MiB\n"}
,{"stream_name":"stderr","time":285.192003815,"data":"26/09/21 06:01:57 WARN DAGScheduler: Broadcasting large task binary with size 2.2 MiB\n"}
,{"stream_name":"stderr","time":285.404594058,"data":"26/09/21 06:01:57 WARN DAGScheduler: Broadcasting large task binary with size 2.2 MiB\n"}
,{"stream_name":"stderr","time":285.404674125,"data":"\n"}
,{"stream_name":"stderr","time":285.404679917,"data":"26/09/21 06:01:57 WARN DAGScheduler: Broadcasting large task binary with size 2.2 MiB\n"}
,{"stream_name":"stderr","time":285.815580445,"data":"26/09/21 06:01:58 WARN DAGScheduler: Broadcasting large task binary with size 2.2 MiB\n"}
,{"stream_name":"stderr","time":286.01763757,"data":"26/09/21 06:01:58 WARN DAGScheduler: Broadcasting large task binary with size 2.2 MiB\n"}
,{"stream_name":"stderr","time":286.017673187,"data":"\n"}
,{"stream_name":"stderr","time":286.022657214,"data":"26/09/21 06:01:58 WARN DAGScheduler: Broadcasting large task binary with size 2.2 MiB\n"}
,{"stream_name":"stderr","time":286.550437755,"data":"\r[Stage 613:==========================================\u003e              (3 + 1) / 4]\r26/09/21 06:01:59 WARN DAGScheduler: Broadcasting large task binary with size 2.2 MiB\n"}
,{"stream_name":"stderr","time":286.594537439,"data":"\r                                                                                \r\r[Stage 613:==========================================\u003e              (3 + 1) / 4]\r26/09/21 06:01:59 WARN DAGScheduler: Broadcasting large task binary with size 2.2 MiB\n"}
,{"stream_name":"stderr","time":286.594578545,"data":"\n"}
,{"stream_name":"stderr","time":286.594583678,"data":"\r[Stage 613:==========================================\u003e              (3 + 1) / 4]\r26/09/21 06:01:59 WARN DAGScheduler: Broadcasting large task binary with size 2.2 MiB\n"}
,{"stream_name":"stderr","time":286.620540893,"data":"\r                                                                                \r\n"}
,{"stream_name":"stdout","time":287.283790504,"data":"{\n"}
,{"stream_name":"stdout","time":287.283820474,"data":"  \"created_at\": \"2026-09-21T06:01:59.750239+00:00\",\n"}
,{"stream_name":"stdout","time":287.283830024,"data":"  \"selection\": {\n"}
,{"stream_name":"stdout","time":287.2838349,"data":"    \"selected_model\": \"random_forest\",\n"}
,{"stream_name":"stdout","time":287.283839621,"data":"    \"selected_model_type\": \"random_forest\",\n"}
,{"stream_name":"stdout","time":287.283844305,"data":"    \"selection_source\": \"gold validation split\",\n"}
,{"stream_name":"stdout","time":287.283849047,"data":"    \"gold_model_path\": \"models/random_forest_gold\",\n"}
,{"stream_name":"stdout","time":287.283853767,"data":"    \"expanded_model_path\": \"models/random_forest_expanded\",\n"}
,{"stream_name":"stdout","time":287.283858486,"data":"    \"primary_metric\": \"expanded_macro_f1\",\n"}
,{"stream_name":"stdout","time":287.283863109,"data":"    \"tie_break_metric\": \"expanded_fake_pr_auc\"\n"}
,{"stream_name":"stdout","time":287.283867822,"data":"  },\n"}
,{"stream_name":"stdout","time":287.283872138,"data":"  \"test_rows\": 1356,\n"}
,{"stream_name":"stdout","time":287.283876575,"data":"  \"test_class_counts\": {\n"}
,{"stream_name":"stdout","time":287.283881235,"data":"    \"1\": 1155,\n"}
,{"stream_name":"stdout","time":287.283885522,"data":"    \"0\": 201\n"}
,{"stream_name":"stdout","time":287.283889679,"data":"  },\n"}
,{"stream_name":"stdout","time":287.283894172,"data":"  \"test_scoring_policy\": \"Validation-selected gold-only and expanded configurations were each scored once on the locked gold test split.\",\n"}
,{"stream_name":"stdout","time":287.2838992,"data":"  \"gold_only\": {\n"}
,{"stream_name":"stdout","time":287.283903519,"data":"    \"condition\": \"gold_only\",\n"}
,{"stream_name":"stdout","time":287.283908084,"data":"    \"model\": \"random_forest\",\n"}
,{"stream_name":"stdout","time":287.283912816,"data":"    \"macro_f1\": 0.9193606675114248,\n"}
,{"stream_name":"stdout","time":287.283917408,"data":"    \"macro_precision\": 0.9484117483228199,\n"}
,{"stream_name":"stdout","time":287.283932743,"data":"    \"macro_recall\": 0.8953027072430058,\n"}
,{"stream_name":"stdout","time":287.283936339,"data":"    \"accuracy\": 0.9616519174041298,\n"}
,{"stream_name":"stdout","time":287.283939816,"data":"    \"fake_pr_auc\": 0.9213342213335388,\n"}
,{"stream_name":"stdout","time":287.283943187,"data":"    \"fake_roc_auc\": 0.9642566388835045,\n"}
,{"stream_name":"stdout","time":287.283946617,"data":"    \"fake_precision\": 0.930635838150289,\n"}
,{"stream_name":"stdout","time":287.283950185,"data":"    \"fake_recall\": 0.8009950248756219,\n"}
,{"stream_name":"stdout","time":287.283953734,"data":"    \"fake_f1\": 0.8609625668449198,\n"}
,{"stream_name":"stdout","time":287.283957089,"data":"    \"genuine_precision\": 0.9661876584953508,\n"}
,{"stream_name":"stdout","time":287.283960522,"data":"    \"genuine_recall\": 0.9896103896103896,\n"}
,{"stream_name":"stdout","time":287.283964359,"data":"    \"genuine_f1\": 0.9777587681779298,\n"}
,{"stream_name":"stdout","time":287.283967889,"data":"    \"confusion_matrix\": [\n"}
,{"stream_name":"stdout","time":287.283971403,"data":"      [\n"}
,{"stream_name":"stdout","time":287.283974935,"data":"        161,\n"}
,{"stream_name":"stdout","time":287.283978261,"data":"        40\n"}
,{"stream_name":"stdout","time":287.28398144,"data":"      ],\n"}
,{"stream_name":"stdout","time":287.283984535,"data":"      [\n"}
,{"stream_name":"stdout","time":287.283987814,"data":"        12,\n"}
,{"stream_name":"stdout","time":287.283991099,"data":"        1143\n"}
,{"stream_name":"stdout","time":287.283994472,"data":"      ]\n"}
,{"stream_name":"stdout","time":287.283997679,"data":"    ]\n"}
,{"stream_name":"stdout","time":287.284000959,"data":"  },\n"}
,{"stream_name":"stdout","time":287.284004302,"data":"  \"gold_plus_pseudo\": {\n"}
,{"stream_name":"stdout","time":287.284007717,"data":"    \"condition\": \"gold_plus_pseudo\",\n"}
,{"stream_name":"stdout","time":287.284011234,"data":"    \"model\": \"random_forest\",\n"}
,{"stream_name":"stdout","time":287.284014819,"data":"    \"macro_f1\": 0.9097746467364342,\n"}
,{"stream_name":"stdout","time":287.28401822,"data":"    \"macro_precision\": 0.94979743002128,\n"}
,{"stream_name":"stdout","time":287.284021628,"data":"    \"macro_recall\": 0.8787555727854235,\n"}
,{"stream_name":"stdout","time":287.284025087,"data":"    \"accuracy\": 0.9579646017699115,\n"}
,{"stream_name":"stdout","time":287.284028715,"data":"    \"fake_pr_auc\": 0.9032780982181965,\n"}
,{"stream_name":"stdout","time":287.284032377,"data":"    \"fake_roc_auc\": 0.9571622407443303,\n"}
,{"stream_name":"stdout","time":287.284035797,"data":"    \"fake_precision\": 0.9390243902439024,\n"}
,{"stream_name":"stdout","time":287.284039232,"data":"    \"fake_recall\": 0.7661691542288557,\n"}
,{"stream_name":"stdout","time":287.284042615,"data":"    \"fake_f1\": 0.8438356164383561,\n"}
,{"stream_name":"stdout","time":287.284045991,"data":"    \"genuine_precision\": 0.9605704697986577,\n"}
,{"stream_name":"stdout","time":287.284049303,"data":"    \"genuine_recall\": 0.9913419913419913,\n"}
,{"stream_name":"stdout","time":287.28405258,"data":"    \"genuine_f1\": 0.9757136770345122,\n"}
,{"stream_name":"stdout","time":287.284056307,"data":"    \"confusion_matrix\": [\n"}
,{"stream_name":"stdout","time":287.28405977,"data":"      [\n"}
,{"stream_name":"stdout","time":287.284063195,"data":"        154,\n"}
,{"stream_name":"stdout","time":287.284066333,"data":"        47\n"}
,{"stream_name":"stdout","time":287.284069804,"data":"      ],\n"}
,{"stream_name":"stdout","time":287.284076308,"data":"      [\n"}
,{"stream_name":"stdout","time":287.284079709,"data":"        10,\n"}
,{"stream_name":"stdout","time":287.284082956,"data":"        1145\n"}
,{"stream_name":"stdout","time":287.284086329,"data":"      ]\n"}
,{"stream_name":"stdout","time":287.284089579,"data":"    ]\n"}
,{"stream_name":"stdout","time":287.284092872,"data":"  },\n"}
,{"stream_name":"stdout","time":287.28409609,"data":"  \"delta_macro_f1\": -0.0095860207749906,\n"}
,{"stream_name":"stdout","time":287.28410044,"data":"  \"delta_fake_pr_auc\": -0.018056123115342326,\n"}
,{"stream_name":"stdout","time":287.284104074,"data":"  \"lime_cases\": 110\n"}
,{"stream_name":"stdout","time":287.284107461,"data":"}\n"}
,{"stream_name":"stderr","time":287.487439889,"data":"\r                                                                                \r26/09/21 06:02:00 WARN JavaUtils: Attempt to delete using native Unix OS command failed for path = /tmp/spark-da59538f-ecc2-43cd-abd3-df93261ed8ea. Falling back to Java IO way\n"}
,{"stream_name":"stderr","time":287.487465868,"data":"java.io.IOException: Failed to delete: /tmp/spark-da59538f-ecc2-43cd-abd3-df93261ed8ea\n"}
,{"stream_name":"stderr","time":287.487510558,"data":"\tat org.apache.spark.network.util.JavaUtils.deleteRecursivelyUsingUnixNative(JavaUtils.java:199)\n"}
,{"stream_name":"stderr","time":287.487519871,"data":"\tat org.apache.spark.network.util.JavaUtils.deleteRecursively(JavaUtils.java:116)\n"}
,{"stream_name":"stderr","time":287.487524477,"data":"\tat org.apache.spark.network.util.JavaUtils.deleteRecursively(JavaUtils.java:94)\n"}
,{"stream_name":"stderr","time":287.487528868,"data":"\tat org.apache.spark.util.SparkFileUtils.deleteRecursively(SparkFileUtils.scala:121)\n"}
,{"stream_name":"stderr","time":287.487533133,"data":"\tat org.apache.spark.util.SparkFileUtils.deleteRecursively$(SparkFileUtils.scala:120)\n"}
,{"stream_name":"stderr","time":287.487537534,"data":"\tat org.apache.spark.util.Utils$.deleteRecursively(Utils.scala:1048)\n"}
,{"stream_name":"stderr","time":287.487541985,"data":"\tat org.apache.spark.util.ShutdownHookManager$.$anonfun$new$4(ShutdownHookManager.scala:70)\n"}
,{"stream_name":"stderr","time":287.487546249,"data":"\tat org.apache.spark.util.ShutdownHookManager$.$anonfun$new$4$adapted(ShutdownHookManager.scala:67)\n"}
,{"stream_name":"stderr","time":287.488334922,"data":"\tat scala.collection.ArrayOps$.foreach$extension(ArrayOps.scala:1324)\n"}
,{"stream_name":"stderr","time":287.48835332,"data":"\tat org.apache.spark.util.ShutdownHookManager$.$anonfun$new$2(ShutdownHookManager.scala:67)\n"}
,{"stream_name":"stderr","time":287.488357859,"data":"\tat org.apache.spark.util.SparkShutdownHook.run(ShutdownHookManager.scala:231)\n"}
,{"stream_name":"stderr","time":287.488362125,"data":"\tat org.apache.spark.util.SparkShutdownHookManager.$anonfun$runAll$2(ShutdownHookManager.scala:205)\n"}
,{"stream_name":"stderr","time":287.488366137,"data":"\tat scala.runtime.java8.JFunction0$mcV$sp.apply(JFunction0$mcV$sp.scala:18)\n"}
,{"stream_name":"stderr","time":287.488370438,"data":"\tat org.apache.spark.util.Utils$.logUncaughtExceptions(Utils.scala:1937)\n"}
,{"stream_name":"stderr","time":287.488374078,"data":"\tat org.apache.spark.util.SparkShutdownHookManager.$anonfun$runAll$1(ShutdownHookManager.scala:205)\n"}
,{"stream_name":"stderr","time":287.488377808,"data":"\tat scala.runtime.java8.JFunction0$mcV$sp.apply(JFunction0$mcV$sp.scala:18)\n"}
,{"stream_name":"stderr","time":287.488381679,"data":"\tat scala.util.Try$.apply(Try.scala:217)\n"}
,{"stream_name":"stderr","time":287.48840189,"data":"\tat org.apache.spark.util.SparkShutdownHookManager.runAll(ShutdownHookManager.scala:205)\n"}
,{"stream_name":"stderr","time":287.488405877,"data":"\tat org.apache.spark.util.SparkShutdownHookManager$$anon$2.run(ShutdownHookManager.scala:184)\n"}
,{"stream_name":"stderr","time":287.488409353,"data":"\tat java.base/java.util.concurrent.Executors$RunnableAdapter.call(Executors.java:539)\n"}
,{"stream_name":"stderr","time":287.488413303,"data":"\tat java.base/java.util.concurrent.FutureTask.run(FutureTask.java:264)\n"}
,{"stream_name":"stderr","time":287.488417039,"data":"\tat java.base/java.util.concurrent.ThreadPoolExecutor.runWorker(ThreadPoolExecutor.java:1136)\n"}
,{"stream_name":"stderr","time":287.48842112,"data":"\tat java.base/java.util.concurrent.ThreadPoolExecutor$Worker.run(ThreadPoolExecutor.java:635)\n"}
,{"stream_name":"stderr","time":287.488425158,"data":"\tat java.base/java.lang.Thread.run(Thread.java:840)\n"}
,{"stream_name":"stderr","time":292.222236039,"data":"/usr/local/lib/python3.12/dist-packages/mistune.py:435: SyntaxWarning: invalid escape sequence '\\|'\n"}
,{"stream_name":"stderr","time":292.2222794,"data":"  cells[i][c] = re.sub('\\\\\\\\\\|', '|', cell)\n"}
,{"stream_name":"stderr","time":292.378015045,"data":"/usr/local/lib/python3.12/dist-packages/nbconvert/filters/filter_links.py:36: SyntaxWarning: invalid escape sequence '\\_'\n"}
,{"stream_name":"stderr","time":292.378052794,"data":"  text = re.sub(r'_', '\\_', text) # Escape underscores in display text\n"}
,{"stream_name":"stderr","time":292.986778884,"data":"[NbConvertApp] Converting notebook __notebook__.ipynb to notebook\n"}
,{"stream_name":"stderr","time":293.339159813,"data":"[NbConvertApp] Writing 72710 bytes to __notebook__.ipynb\n"}
,{"stream_name":"stderr","time":295.73906445,"data":"[NbConvertApp] Converting notebook __notebook__.ipynb to html\n"}
,{"stream_name":"stderr","time":296.739532891,"data":"[NbConvertApp] Writing 416519 bytes to __results__.html\n"}
]