review_id,label,prediction,fake_probability,review_queue
9ccbf03b6d1b06d9aeaea49d108c41cdf125a43e3c61dabb431bc478e66ab4bc,0,0.0,0.998,high_priority
61bcd85eff20d00587737757b55c75fe4cece41cdbc02dd34a0141edc4769b03,0,0.0,0.9973,high_priority
889034036c40961d53fa2872df4bf9ef8b110cefe1f35e73e6ff670657488bb0,0,0.0,0.9972,high_priority
b72f4451c206a46488d4b242f5b71c243c6315d93903247613c8c1cabe22b329,0,0.0,0.9971,high_priority
3ed24f4cbc033a25879288ab1a4735da96c1c1d342829f3679ea3e41b3d20ba2,0,0.0,0.997,high_priority
ff558eb178ccf1f654bedb076dad315f816938a149b85a44a8e6342f6119811f,0,0.0,0.9964,high_priority
72212889ded47807f3535e7552eb33e6bd95cf3d81c48f40317d93c695fd8e66,0,0.0,0.9944,high_priority
02071e44874ce4cc89d27cb9f3b1d188e05d0b57c87c923d3f12e152c745ac82,0,0.0,0.994,high_priority
3ec5e968ec45502896d0a93bd04ff39cca81156aed59f5d499aba9168956c301,0,0.0,0.994,high_priority
95138b375b53a94681cba8c031051f22024b8297158a2aea4daa6d9189d13950,0,0.0,0.994,high_priority
ebe473436b6aa4cbbc1a9113a6b9aed3e62de59b496ca7ae6b0a18c27269683f,0,0.0,0.9939,high_priority
1376027894e3cb4f8d76ab99fa4a3a738519a63d14a3d3a2f433ce346317a18d,0,0.0,0.9917,high_priority
2064dfe658c9aefb0fe6a8741c23316929ed5df2d2989c9fad8d9b8df8c3b147,0,0.0,0.9907,high_priority
8b95551d658b354f89e1e8538e57f4c2a086385a10bd27bce8a829accaccef2f,0,0.0,0.9907,high_priority
2c0fdabf7bb9ba99e6783385f2fa1ff54bfd27b11d7569f037c2218adf13ef6d,0,0.0,0.9906,high_priority
dca0f613a02b9811ec70d048aabbc46ff95e7334f4d37d5a5b5b33d7a030606d,0,0.0,0.9893,high_priority
cd16d2db70d5065ba5a10aef24f3ed6b86832c35e1f130e2098fee2d635fa4a3,0,0.0,0.9892,high_priority
ad29baa7e11bc7b92165f13fa643bbcad69b62966e4e84e1dcf98d3f6156cd49,0,0.0,0.9891,high_priority
636975c09e415366825fa9d5c210181f50b66df3064ff6156e9347af1b053f4f,0,0.0,0.9878,high_priority
26ddf068ed3de301ecc84f6e355b2c2c37cce58980194c27a1546543d14b8ef9,0,0.0,0.9878,high_priority
0ff5e6539ca21bf139bb84f82a2e7dd001de5a23c3b6e9d2f867e09cd3d92392,0,0.0,0.9876,high_priority
a0c1d409961d6a15a1602b957b64511a91a995103eb6faf807600a7b5a6c6bff,0,0.0,0.9865,high_priority
2d5e0090be6c0e964bddf1d8d1bb989f0317be61999ef683dbab2cc3542cdd7c,0,0.0,0.9864,high_priority
6c3847bcd1592e776899a93112a0bb0baa6783702ab745288b60c5838564a489,0,0.0,0.9862,high_priority
ca810a22eba63737693cd6b40d91daca60debdad1572bd669a79879ffaa66fb7,0,0.0,0.9862,high_priority
e8d61344092eed3b97c0799549b28cb800693e072749b0f75cc3763ade015fed,0,0.0,0.985,high_priority
4684d406b8c30e8ef78c20ee4fb8699e68d050e2a150f0c92c30ad69b14cd837,0,0.0,0.9845,high_priority
e9f573561a184eb905b3b7609ddc1a791974c1c3b87841365f8370ae5af1cf4a,0,0.0,0.9844,high_priority
3a07d5529a67105cceaa62a97131fa1c428f4ebf2ec5168bc761722c18728f93,0,0.0,0.9841,high_priority
c7852eb8a13585f070d0ed24e7816825d50e998f1343089824d8b2a818aff021,0,0.0,0.984,high_priority
090dc8ba6a5ddb6233732de97ac808db112387005ef5fe6b44f446de2c2b1b53,0,0.0,0.984,high_priority
0c9227e8cd819b3eaf51e6cc7f0bbef73a4f95c9eecf3bedbbbb1b650fd25a70,0,0.0,0.9832,high_priority
05d6820eef3c19aa8bb8ef36afa948d73e1919a1ac5118d2fef0d74cac3e5bc6,0,0.0,0.983,high_priority
b43430a3e8a4075d3812b8d6433e28ea15880d5bb6690f9ff5a483a831b93817,0,0.0,0.9829,high_priority
151034db5a41b0ee4a6c2223e741f7648b6b9002eda0f725f325df60ea476769,0,0.0,0.9828,high_priority
af39cc1205ac244033102240341d5dc54d7fc933fa081e086cedc192e44398b8,0,0.0,0.9826,high_priority
a590d74266ec2eccd842a6e76347c7da8c756ca04a4e7bb140a0902b187ccbbf,0,0.0,0.9826,high_priority
2895bffe6cf3309e80b237b4f67620642502952bb933a78a0633388e2c1c7768,0,0.0,0.9825,high_priority
aa0c6c50c42ce7ebb9a72a699ad717cdae2d10004d8f572c4fdc678522208478,0,0.0,0.9809,high_priority
1405f9168f567f736b576f8c0e21c7bd34da3367250f5eda365aa73f02afd171,0,0.0,0.9799,high_priority
cb73110a5605fb5d4a71b36bd0be7f917292a6641f8a56e8d0de3fa975b76bc5,0,0.0,0.9793,high_priority
672d18b1e8caed244fa3dcc3fdaa6b10972e045ab523590f075eff6475883c5d,0,0.0,0.979,high_priority
85a9fedd2cebe0bd73183ed4f6ebedfb691ad0c05b6692dc8b678a7e7003ab00,0,0.0,0.9788,high_priority
089386c646416b8ea4638c8b36ed81d79827458f637dce4c78bd355113326cd1,0,0.0,0.9787,high_priority
c10ad7789f9d85971a02ebbedbdc2cd706ae35b21f1944985bee7fed81ee4192,0,0.0,0.9786,high_priority
386fcbeb0fd14abf049de464f31a7fd295812de0d2a0641a051d0733fd6f3f4a,0,0.0,0.9784,high_priority
364b20fb953d8489ba53b0f630f3597298811ead02b7f66d8b330f8106a92410,0,0.0,0.9777,high_priority
0d48283110b522beb691037955ac8136bb9aaf23c3b02f979e5000f2321e6502,0,0.0,0.9776,high_priority
4d08b1779255d003e51879f8eeafad59f6fd87eff512ce4d1618dd43873107a6,0,0.0,0.9776,high_priority
831ce68125c8f2b0b13c2df765442642582f079c392c82f5fa5e1f1b4ea1486e,0,0.0,0.9767,high_priority
18901717e31a9629bd56a059f3ab293756e0bc9e075582d5a2e112a61d874d0a,0,0.0,0.9757,high_priority
6d60da5d5fa5b7770c425e323f0a92f2481daa14f1db5779d4085084e592aa3e,0,0.0,0.9755,high_priority
c2c62148e8279a8e70829f8e4554be95b23ae775299ea78aca37f3a42127ed85,0,0.0,0.9754,high_priority
ffb153ca8537458c7d7be7ed13dd34e9fdaf0a1669f8230bba979c18b0c5c5f8,0,0.0,0.975,high_priority
31a716d7ce4f0fa7a8727485c4cdca0d61d57f830e4fb2676d5857dbfc3a3af5,0,0.0,0.9749,high_priority
451353930305b2149aaeed41b422bcb1e7f63e0557b3ed777c0c2b0b956f2f68,0,0.0,0.9747,high_priority
04e4396fc8451767da2ec64fdb64da477dc3deb0a3b473e8fac56eb5d93816da,0,0.0,0.9741,high_priority
4978a77c15a83b69e5a9b552b67ccc9b86c9bd167562e7a50cb94f3b74ba3772,0,0.0,0.9736,high_priority
b6b24c1d6fbad5d5c5b62659f480684667a8e0e85cb03907dd1ad3f642795ebc,0,0.0,0.9736,high_priority
661d52d90565386e5b4776b5b50ee3ed0d9e84a97d509cde2653d2d486900f5d,0,0.0,0.9734,high_priority
f0c7aaf4f28dca7d09144018e8e9ce14410f1c236ecc8627d77e8de515161c9c,0,0.0,0.9709,high_priority
41781d0c401f5b90503c13c109e081169a9a0ef85fc6ed710d6cd1901a2ed0f2,0,0.0,0.9708,high_priority
90bef446350acbd25b7154bb1fc464cb44291a9ba130f98149b5e4f79a3872f4,0,0.0,0.9705,high_priority
0ab30c54a5a67e369ecc78a9bd2731fca075cc67d53af0d1057611f60b109ff1,0,0.0,0.9702,high_priority
e00e70e22ac742306db39afc8022ab0eef722d688ac88d7fbd4ff2b25ae62319,0,0.0,0.9695,high_priority
2cfe741243c4a22813cd259aef83969503e93243b39698440d7857693e964a38,0,0.0,0.9684,high_priority
0978935176e0c9b6bc3b4c983e76fb074c4068190c70d0f101e95f0cc12fe24c,0,0.0,0.968,high_priority
7be022bd368fe688b2ec414e1ec22569de1c42ab8776dd1310dfff5a9dacc1a0,0,0.0,0.968,high_priority
6973cd66b30767075d7863e645a9c1c74663c8e63d45c0bc65e93ded26c2fb7e,0,0.0,0.9671,high_priority
a1c5438408081688313215d73f2754eff15c6216f349bc5cf0ad33b2f4659714,0,0.0,0.967,high_priority
003805189529448858288669f6d076b64b54684b03ef077b2071e26f312ebe9c,0,0.0,0.9668,high_priority
c9df3d51c1f11406a46bee636d9b383e06646a9df9397852989c14cb10307840,0,0.0,0.9666,high_priority
fcebbd75f5b2d874bc32106aed87075490f1bad21d3616c5607a95656c7b431f,0,0.0,0.9662,high_priority
e06082fa352c70ca4e6e800d952983cbfeb7521828e1bf9587c78c7f2086a8c4,0,0.0,0.9657,high_priority
00cab2a635c4cbdf71ed9de7c7d34a86ece8f3106c9102f4381d2eaa081de1f1,0,0.0,0.9647,high_priority
af652f8ec0c00ec2de4be0ab1692e403a62ed69e015e720651d30d07d3fa4bdc,0,0.0,0.9645,high_priority
6071fea76f41c749cddcb7e575c35c583767ebe014c47a0aa5d5f8b3de14434b,0,0.0,0.964,high_priority
771ae9b49a1b0deecb137134c4169c1baae79b61368171e13f77bec3bc5834e2,0,0.0,0.9632,high_priority
bd40749d2e190c48a12431bfe515cadb2a3cbc3fcdab79b1ebf6d6a9b389bfbb,0,0.0,0.963,high_priority
282ebbcf7b6c905c7d952e5baa1b470326974790420a9937ec6ef1fe7e4c3ef1,0,0.0,0.9614,high_priority
cb6d614cfb4c97d070b03977aa79a51635e1edbe62a11dee2a9a28f3a65ddf65,0,0.0,0.9611,high_priority
80c7ea81ff17c2946c006f9e794a03bd2cf2c91c95bf62afea0a866c603e2294,0,0.0,0.9605,high_priority
5501135600ff22e6f3fd3c536278eb7d122679be78f3fd6e1fb8ee9f49f6759e,0,0.0,0.9603,high_priority
cb040fe276e34da87ec34aff4d6eeb4b51f1a221af2190476217186717dfe103,0,0.0,0.9602,high_priority
22cef51bdffdb5c3ed7166ee850c580fbab1812e95497c531c361604e56a7fc9,0,0.0,0.9601,high_priority
0c2fb774a70089e9ee54b149896b52400980bfc37137f8772c690ef15d87e7da,0,0.0,0.9598,high_priority
6aeb323fa4ca3b7baaa21bf0c2f86aa33aa3a5d5e678046892244dca3cd2694c,0,0.0,0.9597,high_priority
4a8fbef83248eb93aa221bbc3f8300dc84796b5334aa9907f048b2bd9bb27f22,0,0.0,0.9597,high_priority
9b801fca47dd138bb921018dd4805b0c844be5ac1c652d6ebc0e5fe6ae1e5b94,0,0.0,0.9595,high_priority
2ac8738a718150df7fbdee69fa3349d26aad60e5e27065643ac8ee1011282bce,0,0.0,0.9587,high_priority
63480b30677881ae84baff21b4c9681bd0433303bc483c4024a751492d1eb4e0,0,0.0,0.9587,high_priority
c607f755c91e51eb87a08c7c92e391b958cb3b7f268c2c559fc597c40fa72140,0,0.0,0.9587,high_priority
f4234cfa0100b9ebb17678040cf8810cafa596430627e1bd202c77da235df174,1,0.0,0.9586,high_priority
5cfa167835b0bafff1a97aa3638b98243af78909fffda1a5f7406c25498c9d17,0,0.0,0.9586,high_priority
ab94b15a66ad95fef07dfc1bb4d23fe443c0738391a939ccd08d0c4140789b39,0,0.0,0.9583,high_priority
ab5acfb48aeaa75280b4ad64d30de819ea32616cc5402b6385188f7446a2ce38,0,0.0,0.9579,high_priority
a95eed65cb347368d51ea603d597ce36d46b6a7453cbf453fe12592ea58ff70b,0,0.0,0.9575,high_priority
3804df5b6339d02b577b0c8de339dd335422c2cb2d5f20cffe82764828abcc66,0,0.0,0.9574,high_priority
97a1dd248c6e126696fd1aedc359d978480ddd2ca2e4be660e9af79c0d4c3b91,0,0.0,0.9572,high_priority
8835ca45ac6a698e1e23560bc58d953c81369db1951ef6763001f8a6f76d4590,0,0.0,0.9566,high_priority
d5103e576f5a57cfd2e8e6acf142160aa01bf3090eeee077626a40d9f20343d9,0,0.0,0.9566,high_priority
e0c043b186912f34ba4dbb588c2aea235089f73e935c61d217f70712e1ba4e48,0,0.0,0.9565,high_priority
e84f9d5aa7d4f177623f21d3d43ac5c8bc4812c97e4ca86fafc74a7de57b12bb,0,0.0,0.9551,high_priority
0f8371c54a00bd4f906cc2bd3356217473510a54e0aecf36962ebcf82e3195d7,0,0.0,0.955,high_priority
05642e5616bcbbf6db1f69715826e50c157a53b1f9367493b19da6cf17161ee5,0,0.0,0.9539,high_priority
edff99f903a4d498627ac37472d9759cdfd5592317c0b1f72e9bcd8af3db3d72,0,0.0,0.9537,high_priority
fe74dcd87e63cbc1a7696afd2800d31dc513f6119c3fa5ef82046912ff4053a2,0,0.0,0.9536,high_priority
e6359870cabb1006a990d4e0d421169e3b5452f5487ced6e12493c41a3993d86,0,0.0,0.953,high_priority
023a69ea39bfc6207680d296450769e1c9db9bc27dbb559bdf22ba40716941f3,0,0.0,0.9528,high_priority
a58a67074f49df527b1bde1e88db3bc9ec3ca4ab5b5ba0f9f1918dface4a7039,0,0.0,0.9527,high_priority
c0b046203913ef2051842562213db66820d60e35b4a0efac3e8407fd9dba312b,0,0.0,0.9526,high_priority
9887ba4891ed43c6e1b17e6852d73fbe507b9b0358610368eff61402a6c669ca,0,0.0,0.9525,high_priority
b34bac3122f343f35f101183d16488a9885e9c9d05b7f20b7162d5856b2a3a15,0,0.0,0.9522,high_priority
2b61b7a45a81495a0d040cf92671dfcd5619d002440bc9e9f58b53a3fea14602,0,0.0,0.9507,high_priority
baf420efedc68241d3ed33167cce8bae2983b68674a06cb2c53c7f1e51b3a8ee,0,0.0,0.9507,high_priority
4ef372712ab37deacbfe586ec393061aff9ca7c8906fbfc6f54e8d7a20643010,0,0.0,0.95,high_priority
70c6a078220b40f60d419530a16478b4622e3189648aa9d88f7cdb3c413888de,0,0.0,0.9498,high_priority
46e7038a70caae2e1a1215de849d42b22b2d8a2a97997ccfeee02862fa5aaa5e,0,0.0,0.9497,high_priority
0d2a7b95bee71753eaf0c612c09cb8af4b93807095d00a2f0999037eb6fdbc6e,0,0.0,0.9487,high_priority
78a65cecb432e102e8f31619430af94f7a42929e433f29edc8f627b21911fcf9,0,0.0,0.9485,high_priority
d0f8530443bdc2a5995b660a4a96a87ead1de9ce954940210b5c9e15bec4b32b,0,0.0,0.9483,high_priority
d59c072444707b5d3ef9d293ae5f3bbed6680cab4a629fb6279067eec8f03f85,0,0.0,0.9482,high_priority
c1716487ee1d1c7a511bab1f7417bf8701d0aa864567511a38786465d9f1d166,0,0.0,0.948,high_priority
b82cfd1c82229670534ebe3a7ade81755f90666caafa4ffe987ab0d50371fc95,0,0.0,0.9475,high_priority
9847445f318932e3b33705ead3a5f0d303af94cd254ad1822aabc90858dd0597,0,0.0,0.9466,high_priority
61fc8e43b80e66f0d7ae1bf3b9c16ac9be3b10a4978711e05523a4e8da9e564f,0,0.0,0.9459,high_priority
856b6c0323ea913eaa8cefecee0f18377b2543e89a3dfb3dc526fd80a0dd8e43,0,0.0,0.9448,high_priority
4bf03f3a2152b30011c7dba080a909018c7f74952e88ff1661bd521558658ad6,0,0.0,0.9419,high_priority
ff935e26065fa1c8d76d44ab735f2670fa272bfef693c3c988bf7d28efd6d3a7,1,0.0,0.9414,high_priority
c085872c64eb373a457ba4c592ad12e71a7ed1ef972825c3a20f71976f1b8e73,0,0.0,0.9385,high_priority
638fad6f8ac0555e5bf44e4f52f4f48e4e5b475e6275f72d443288a7789a404e,0,0.0,0.9368,high_priority
bced0edbe58ad4b07d12943ed12af9bd3d7a03258608c154850c166cbe0a0340,0,0.0,0.9348,high_priority
ae162de29ac20c819da44f2ad9a1a4c7f9ee558aea30400d78c69d6262c6b0c3,0,0.0,0.9345,high_priority
a491343e528f5c931fbeabdea74fecdf0bba6f1a2139250cf5ec1e122a223ca1,0,0.0,0.9329,high_priority
080370e5a6bc31652a3fd8b2154f86f046ad9c974d92f22b306cbb66287f1f29,0,0.0,0.9326,high_priority
5b6a32ee0407530b5043b706e768f371553fff4e366106e58c3ac5f610ec5e1c,0,0.0,0.9323,high_priority
ce677111dad3a15de700d4deb87cc96c284f3d5fc5cbda0f993ae860df2e1b6b,0,0.0,0.9316,high_priority
c9211f53de45932389df5145a9f182278e2313d97056ad8d4fd0ac72d9b60031,1,0.0,0.9288,high_priority
875e812b16cfd48cf64668c40fbc1cbb0ce57f4f1a19f702a3999a1144732265,0,0.0,0.9281,high_priority
c0a266092723b5c3ac7974178b774de7c02a8a4d0e7d1bafcbeb583674fa5063,0,0.0,0.9281,high_priority
fbfc4c2dfdd1c66cc483c015edced749c95230c070ce4f0886040802ec498c16,0,0.0,0.9274,high_priority
30e8b24ba57988a2c50d2ac434c59ab11c02df1c7f96a51535456f58c9212b8c,1,0.0,0.9262,high_priority
20a96d3ca9bb0be57859d392c5c4f79ebbcb6bdaa8b6cf70e018673bee1eb85e,0,0.0,0.9244,high_priority
4c3a987bf43e5dbddcce52e6b9b03136e1428b439c61b4945c87eefe2ef95842,0,0.0,0.9241,high_priority
abe260f02d34eabf178da3a27fae096a8b013efe205a04648b104c4fd76295f3,0,0.0,0.9215,high_priority
006337f90103f723f00339c2d86f7b869277459560091e0b4cbe543c97151834,0,0.0,0.9175,high_priority
17a65bb1c6e43d379d750c7240bc187133f6695326982e8105e01fd4632aebb2,0,0.0,0.9153,high_priority
451bac4143913cc1689821fa7718c941dc60e69b08de3affa17956f1cf136566,0,0.0,0.9107,high_priority
c8919b31c9588a9423523d523b9e875680a38fc4484212b63d776e1f7ccdfeeb,0,0.0,0.8435,review_sample
bdcb59f37b2f1d4674c38669cef961b4a5e5a3dc44d352e246fcc2a93b6cd003,0,0.0,0.8387,review_sample
bcf99b8c285065a947ee0d5bec466ad93abc22d4e6480588570d312a3b70726a,1,0.0,0.8207,review_sample
d5d99db4ac0f312617423cb7fe3a27205b4a1801e0b08218735cd9cbb49c85ec,0,0.0,0.8156,review_sample
e7088e1ad84daec21f141d1cb02b708591d67733b1c3fa4bf17c751c5da0c7dc,0,0.0,0.8007,review_sample
e3983c70848f292458d1e7c903e51740b6d749d055cbdeb464e1df424cf3b950,0,0.0,0.7898,review_sample
a498145bfe54470dbe6b2c353b9ed11168f30ecd1918b13d28aa82e4f11e805c,0,0.0,0.7506,review_sample
c82bbee66f1d2314a58ceb73a144d39d52cba6747004b94f4e0f54abbb5cb531,0,0.0,0.7211,low_priority
760701e2214f0b3c831653a394880d240b818c7531c7a720e0760c4c577f0691,1,0.0,0.6508,low_priority
0f26abbc2334c3854e0beff5ad9fe535dc99a6e3166306dce697903076da31f8,0,0.0,0.6468,low_priority
527df83abf1831f39c6897adc8bdf5dadacf99fa0a1bcc84ef5e861bd9aa25b1,1,0.0,0.6431,low_priority
2e039bc364cd4e6ba76a44bf1409e60e5e5738ad35836655d62134e1cd233ff1,0,0.0,0.578,low_priority
afd871cf0af05cd85e590e618c64d3b2470fefd6feb21984cec4bde44b2bcc62,1,0.0,0.5608,low_priority
a355cf890c34a83293f0f8f7b7b6f8730b18945b4a89da13bb210f95dee24110,1,0.0,0.5331,low_priority
e050e839ab7cde0469fdd3a1f0650f97018c6935b0db66a319c8fd9c7bc18415,1,0.0,0.5263,low_priority
b8594f8c92e4f61a7fc802c5cc5e7805c00e1c18279294387cdb3a6aaec21fb3,0,0.0,0.501,low_priority
4135bc749c290f89a4a92f7cb3108a84611b904336ede8b764b6e810959ea522,0,1.0,0.4971,low_priority
85150b27216d2589c8ea0a102018b7af445068fd077c8a34775953b7b01a1341,0,1.0,0.4967,low_priority
273bc261ef6299991f6e480fbf8cb27141019d7a59615ddee10b65e53a018825,0,1.0,0.4955,low_priority
40d416bc81be820c5ab4128e913915b163298ddbbbffcb165d10d844a03443a0,1,1.0,0.4802,low_priority
c3c3009abd5dfee2a18296bc9e7ada025fd63bae47335df2998e6029c45616be,0,1.0,0.4726,low_priority
8ba84c86857e1ab79f61406be17672afb76eab8ccecea8387a4d19cbdfe1038d,1,1.0,0.4644,low_priority
713752ffdc2dbe8cf6e9254a841f42b844f4deb7dbf7e01c10f31a0391965ee7,0,1.0,0.4617,low_priority
09da7f61216c3ced43eb638d723957843a4d3392fcf79145bf3b3e5e36a14d4b,0,1.0,0.4613,low_priority
b563ce185e7f05dfce3b38dc9cca606d1520b7f36b224d9735ea8eed6ab24533,0,1.0,0.4602,low_priority
ddfdbbbcadca7b6366d785cbb074f30b6d8b3db42e58b0ee2564c736ffc09133,1,1.0,0.4324,low_priority
57400de978207793b75d023a8652c132499143cc70e0c5e3ea4b062d535a19b1,1,1.0,0.4183,low_priority
b6dd4ccc118742aa524bfadae0116f54a0a3902a6d4f364a13a3cb41be209547,1,1.0,0.418,low_priority
5eef492ca4af9088e61713623ab7441a18e26403ba4430e3ee288563ad845835,0,1.0,0.413,low_priority
b81e6254bc824e25c2b1bea0f0d0f89541933b861a7974f1c654ec86f70564d5,1,1.0,0.4078,low_priority
585b8f7131c8702720385f1cc3a8a1a465dfcd5931195292033ab697c55a1150,0,1.0,0.3953,low_priority
729b92489053fc964d0551ef654d36056ade2d824cbbede24ee28ac93e3f68b2,0,1.0,0.3939,low_priority
cee28fa7b12acff293352b4e85a7e237a652ac6ea1025579fab7ee6e665b31a4,0,1.0,0.3883,low_priority
8e24e391c57af431a6037ccf818e84575960eba4d0d6337b16e37c87966b378a,1,1.0,0.3802,low_priority
55f79f2f04f8b61cf230c3376ec2c30c261358f64e2d38bb4c91c88c6617b7a8,1,1.0,0.3796,low_priority
d51b5809a216fe117187552587505b4f0c7758a6093134776dfb0fe3bd448d85,1,1.0,0.3756,low_priority
d5880825894ef7d4a1def8408864042e8cf4d20eaf04092698faada9d7b3a39e,1,1.0,0.3749,low_priority
d77830dede87bb079ec9dab0984f52a91252c24913bd745e1c874fe04b27caac,1,1.0,0.3702,low_priority
3639fbbb2ae736e0a0f9d1465fc25ff4b7752136920a60288633e4a41ea88f09,1,1.0,0.3639,low_priority
f41556effaaad378e84b0b7e8e376fd208ac6d81041fc76b2b95b7f12e45c8a8,1,1.0,0.3568,low_priority
1fffe8b5cebc3ff767fcaadb7d9368374b1422356ad3780f402878627eb1c6f9,1,1.0,0.3561,low_priority
961cd68b8f937b59075e1b71eb6fd84d74a702eacc0641dca8d3bcba5e627813,1,1.0,0.3407,low_priority
41c1fb26a33b3f48081f15b928c0d579bbac36d8ad83c8a3dcaccbe96e65bea9,0,1.0,0.339,low_priority
21ec24d84515720a13b19a2f56406cf285de4a8ec1a619c62e6c28d92a9064a0,1,1.0,0.3382,low_priority
dbdb6e4e5bf89495a5ec759b17a9f4acdb790bebaa5a164971a25d94ed60a874,1,1.0,0.3356,low_priority
ebee9162407c8b24440cf72be7c04c92620a3eeee8fd50d631c3cdf4bf2d025f,0,1.0,0.3333,low_priority
9717c23dd0292518e54c25cffb82f0bad04de7e0996a7f116660b4d82f164916,1,1.0,0.3328,low_priority
a2fdecf1371ff6f5047912a3100f22178a43bb57e9a2a3c2141a93f927da1835,1,1.0,0.3321,low_priority
25efb0611b8297ced49f5a0bb3799c2fe929293ad936b3aee52415d6c1f3a546,1,1.0,0.331,low_priority
1d2ebd77b250fc6896f373bd4c50e30ad087e69467790bf24c2473025a50c7c2,1,1.0,0.325,low_priority
cc5718ea420c50e9fc78d0ecb1b1c13c41cc22a9b43666d6dfed010fa2f140b4,0,1.0,0.3217,low_priority
905f70008286472777c5d8db550763f15d284c20735cbe32da04584642afbba5,1,1.0,0.3192,low_priority
5e57129b2eca667c8724f88ee6836faa54fb3556d6d3efc0b3e8957bea74b3ad,1,1.0,0.3169,low_priority
79d1b4e100baa5c9c9f115d7385885382be9c2011643561ed68c148657e30735,1,1.0,0.3033,low_priority
7d3da5b54cd4228071e6040fb65063c8de63689f296ed46b61345c5e49b4bdd5,0,1.0,0.303,low_priority
1323c0705ad36eee924dc38249170d7bc96a564e05ef35732085f2ea73f146f9,1,1.0,0.3012,low_priority
e9b1a586a00e66fcd7d49660c42d33608c30a2d23d2a9c9a769cedbc2e406616,1,1.0,0.2983,low_priority
9768fc3977fa8eee3fc0de6dc40d54211fbb72fa5448817bfc0593b163b645d9,1,1.0,0.2977,low_priority
d456639c622593149c4c8470d51af67521708e9997f004f0925a17081c34d2f1,1,1.0,0.2917,low_priority
1feccfed3801f67905e274e18d1090f203722f41510b6e67628082b6602acb24,0,1.0,0.2908,low_priority
94188701d82580fa820a91e5247a9fb4ba00a2e348dc2408b6b44a3825d877ec,1,1.0,0.2902,low_priority
74095017195d79c22523e6013a11ad22531e112fd483beeb7364cdb0b9c5de3d,1,1.0,0.2899,low_priority
2e7cf0ebdca66afbf1e75dd3adc3e1ae7d5a9e497c5fe26c0b23a037979bba18,1,1.0,0.2876,low_priority
d05a447e58ae2507d5d959bc28f62b060750ab4d7718cd25e2c736ea93f8d02f,1,1.0,0.2868,low_priority
944e0da93cbfb39a8b9071c856970047423d7fd5b902ca86693bc57100a8bec0,1,1.0,0.2847,low_priority
06fbeeec3ce7e399614b24f37b1df1819cd3260182c0fd86c1ef63e92d55a54a,1,1.0,0.2844,low_priority
579780c2bca599daa55b7519bd250ca4c1b39ed19642b0251f3aab366b771654,1,1.0,0.2807,low_priority
dcfbc21423507ff3714f705d5581acdd15f4bfc831da22dc2a905987dfc4e2f8,1,1.0,0.28,low_priority
a179e837c67542a0b7e847f2c56789dda7f43c2bf44a168f47d5d2c9d78409ba,1,1.0,0.2795,low_priority
a77cbefd90558ea0702e3630132b289c0e59de4597d3527b89e7d11e2aec3217,1,1.0,0.2784,low_priority
243ffcc2a8608a00901c8695cedc6f342042cfaaa1b058e682458410138fc760,0,1.0,0.2751,low_priority
6e4549bce7b49752c3a811ea457570106b94dcb370e88ebed0b2b20740a271c0,0,1.0,0.2739,low_priority
9eabee6d521eabe9f68e191cc664bf631f96f097d77171b53bd348f634f86717,1,1.0,0.2697,low_priority
d75960fea93270d5e8604e0af6bbbbb61e9646c1f837dd97766a54ed40696524,1,1.0,0.2632,low_priority
2e22da740e06fefd9890183dc453c43677cfc27d4e77d84e0f1011af1d61e079,1,1.0,0.2612,low_priority
9a792e4b6e975bdea4fb11f78d198e11c2ab785206b002516ea206b382ac5521,1,1.0,0.2583,low_priority
acf7a6100d39b79be3fec9d3c1a5bd870cacc0fbea11e4d11362947a74eaee58,1,1.0,0.2565,low_priority
d333a90f6cd50a5bcd48cf89c618bf3dfb4141e782d35feac18b960fe1bd6c20,1,1.0,0.256,low_priority
7cdc02ec21f60dad47d0cc06b49411eedb3bcc78a7b079c89fac7e2db3377842,1,1.0,0.2536,low_priority
806a63ac7a7204e86286796a4da96d626ab39d300a8af739436d10dba71e5d01,1,1.0,0.251,low_priority
7d6155bce0f624fb35c5749e6b2d58a33873a045a3802639bcfbf31686dc3a23,1,1.0,0.251,low_priority
6c0d2696694cb2a5781626c59d4f60401e57089afb4ee66494967cb0bf15ba7c,1,1.0,0.2483,low_priority
44ad53cc5094caac89d183720c1b4779faabc383159eb6776f8956862e6081ac,1,1.0,0.2479,low_priority
93d08e4c2382ac147a9a60e8daab5069b8da06186081cddee72c3ae740f3d9ec,0,1.0,0.2471,low_priority
c8fbc80f5c7ebc2e09cb04cde9d0f70845ce2a05103b02798ba0522fc6e3cdfb,1,1.0,0.2454,low_priority
41e42b91b27d607b386047209c2ef3b25c8cdba1744380c77ba664a838623fe1,1,1.0,0.2411,low_priority
75881cb14e45fbd910eef4c0888c17712d9c3b9d9450a10f0455b42d057830df,1,1.0,0.2362,low_priority
ef37771dd021b702a185741a6e85ecd9ce87a924c219e60b6685ee80c9238188,1,1.0,0.2361,low_priority
e1d6610f12a50458d36f0e6d96371f8d4417cc6e7119121542ad7bff177f3b02,1,1.0,0.2346,low_priority
21917ece7a1fae93bc422acbff8f777017e1217ee76485b027be9c398ce69311,1,1.0,0.2341,low_priority
28e0abf7fe9b3fff4bcd9172a4c5539c0fbe4cdb38de6e70511db8f29d746c19,1,1.0,0.2332,low_priority
ccb02697319643d9c2c977997c9aec51ecbe469e846083c3ad7dcc22e26fcc0b,1,1.0,0.2285,low_priority
908c8ee39eb48e3dad6217173bbbccd5b411ee9ebe24130adeab112f2181ac77,1,1.0,0.2278,low_priority
43941cfb09ec85449680effa04d184f5d58bc813de0ebf5fe260a31be91ee200,1,1.0,0.2252,low_priority
3db503cac706d83553711ed5d2efb7ed0044a053385cccadf5c84ff62b1b6537,1,1.0,0.2245,low_priority
c95db4afa66c6008e39268ca3abae4346382e73dbd1a557facf7b3963fc4559d,1,1.0,0.2227,low_priority
a7ba15829650c2d5337190b6e1e4d714154803c0c910d609daa2d657d4efabf4,1,1.0,0.222,low_priority
4d5ecb52c5eeb213d9359f3965f328c4468dab5c2ace6f8be599e613669405c3,1,1.0,0.2216,low_priority
bfd916d8b3369e36e6dd13c31ddaa2b3920817b509f7ce3391878dcdb883b8cd,1,1.0,0.2198,low_priority
ffb5f55ad045ea9362a97673301650b7e56f2f7a0d54aa7330b9c4c178c492e0,0,1.0,0.2188,low_priority
c578810767dc9f88edf2a4d81f52d97711c641eb3dc265bea81af55db90f9f75,1,1.0,0.2162,low_priority
f33a10fe53fdc33b022981127236957f5b6eb1ab70edaad073306fa354414e7a,0,1.0,0.216,low_priority
8d5deb75fc3a28f6eec951f4c69e0cf6d8f488ff45509262ade390d8d114443b,1,1.0,0.2157,low_priority
3b51ad3cf24de18ecca0a99a1caee3f99d0b7af49070bb284b3ed9b01f2a51e8,1,1.0,0.2155,low_priority
f4303d6819030dae2fd293a04a4f102efa111c0cd306076ac0468961415a6604,1,1.0,0.2154,low_priority
8ba9ecf3aae18c313b0dbb105d38e99e4553569e445d46da8627be8e6698a2e6,1,1.0,0.2152,low_priority
f9153c45b04f1324cdb10a856a8de612b8ee4b2f19b6e250380f264027a5417b,1,1.0,0.2141,low_priority
56c34cb60b6e4d2b4f4ce0001cfa948a9e98bba63daba1f49b94b467c31e8a41,1,1.0,0.2123,low_priority
47683a4433ec2ce749f55570edf6a5890e9b3a865eeac6ed1bc6875b27f8e634,1,1.0,0.2112,low_priority
2c3e95489d18664ce0979b7a354c82baca8c38204177c7c73c6d9ce191d363e6,1,1.0,0.2095,low_priority
3692f59df966b38585c889a5c085b64820979c0abc3bde0f6c662492c3e3608c,1,1.0,0.2087,low_priority
a4c985ac2a27ae43d019b0341f1226a52aedb26ae23f6526ba06aa41115fab2c,0,1.0,0.2085,low_priority
aedca677bdcc50e00b8ebab4167285c49ab9ea79f7ce068424e6952371274056,1,1.0,0.2083,low_priority
b95e59d4df9db3a2fc2a06d1c87fd5ea4ba41fce354675e812edc682d989de77,1,1.0,0.2076,low_priority
e594a8ddbdfcddc0189b294e6c2f2d8c60c3ed0f34af52a002114957e90457cb,1,1.0,0.2074,low_priority
dac2421453f12cafe1a6fb25ee1c6762aca92611dbfd590afa915e3aa37cf8e4,1,1.0,0.206,low_priority
c3131047fb07bec189be864585a603130b09cf5d6c01aea81d2a56ee8a562680,1,1.0,0.2031,low_priority
866832d02fe02fe116b5aa5e0c98c65ade318cc648e9c71f566ac0c9dbff98e5,1,1.0,0.2029,low_priority
9bd5fd4d1dc74f5045a6b768ae7d05a51769005c4c00e4f44a71a17a45bd944b,1,1.0,0.2001,low_priority
02b6ee90c26ea6c5a614c65c435f65a1d13283733457abfe3cb3a5c7264d9890,1,1.0,0.2,low_priority
ce7a5d812c80845dfb1a1c0c8d07b8146867b4e55f269bbb94fe8fbffdfa4258,0,1.0,0.1987,low_priority
2a3302939a7240749d248958cb1f0c4c73dc0cf07ab9c38f9047ff871fc8c872,1,1.0,0.1977,low_priority
73eabde60e999314925c9f0262202bae2b7faa54c21a653e6152900828bda5b7,1,1.0,0.1969,low_priority
0de02dca021d10cf1f1ddba96981a9320c2a5a870759611918afc32a6b878bd0,1,1.0,0.1969,low_priority
e3de430da9bdfd50eba6574171cc7f909cca3e62d11abdc5bed80ab2a5ed28ac,1,1.0,0.1966,low_priority
a7a94b5fcf632916a3dcc1bbeb03ee9d7b7da32f8fa26ecbb0df52ec7fdd81d6,1,1.0,0.1965,low_priority
dbb4e58d53f58cdcf3bb833f329b58c554b9a68dfb486670af6d97b94c123b8d,1,1.0,0.1958,low_priority
e9db8f8965771398d2fca706f84efdc693447393dadf29fa53bf4b7897f7fbfd,1,1.0,0.1953,low_priority
e24833f3dea18f4f1bce1f4e179987422a53e5c119f33aa34fcbca05e903a621,1,1.0,0.1945,low_priority
424862155a3cbbd1fea63b094d02a0102029b70465075628df05bc8e83f5ac2c,1,1.0,0.1939,low_priority
f8a7e50e9fcd0849b065213f702d38aeef1500197640ea16a211f854b6a5f9ea,1,1.0,0.1937,low_priority
c191983ce65d5ad9ca760f5828c2740ebdb100e203ba96ebd50d1c2b219839b2,1,1.0,0.1926,low_priority
313b09ba6d4589d58d44d24ee4f1023a00dfcec3b625f4536968d4aeb08d1894,1,1.0,0.1926,low_priority
e93b80373d9df0da88dd5ad2a7edf242f0928c6b6c0273a4838641c8633eeb53,1,1.0,0.1921,low_priority
e10393f8bb78404a88e49cbd4b7166cf3a31e010cf48cc1e43705865f8e4a9ea,1,1.0,0.1917,low_priority
012a90ce176fec44ce744d5e6d3d57ed8a697ede579fd9ac37f4acf593b07f4c,1,1.0,0.191,low_priority
c0068ad1869ee80715386095bd355bf6e4e0091b13df5647d9001e5269d64d4c,1,1.0,0.1904,low_priority
39beb4c26471b20e29c9f88955ee72cf289303531ca083065141fcb2cac0d52a,1,1.0,0.1901,low_priority
f9813ede94681e5aac4f8041bbfad77ecc6b6a55b9ce66cd3f94ef8a74c0dc23,1,1.0,0.1895,low_priority
b903ac58dce7b056b33f6075816bd7fda0a7df1912546c5d8e67d05ed6e66cc9,1,1.0,0.1891,low_priority
e29d5dd985dfd863a2e6e577c5ac044c8f43bf10359de7e6dacc87c10629b5a2,1,1.0,0.1891,low_priority
954ca3a823a0e40684585e8ef15866e3a67d2a4e29df367638056972d43e8698,1,1.0,0.1881,low_priority
86b5baee144e885f2cf0f9975d63abadd8a8ba181adef72065dc9e373779724b,1,1.0,0.1876,low_priority
8439863aa4db11105d0acd4613b17b6b2d3f8021719d4d4a8eb6e77aa7abf5e6,1,1.0,0.1873,low_priority
7b69b5751247a1e748a3a69dec5b1e2be7c01a5041d4131493fa3a9f0b660e74,1,1.0,0.1858,low_priority
eafce5a3da992b057f8f6c0cb57e1380d7a49835e38636e22e820c2a04abd656,1,1.0,0.1857,low_priority
c43f36b3fb789942b02440e470a17f20ba776de56eefca9abfadfe66ebccb8e2,1,1.0,0.1856,low_priority
1d9c8bcf42a2aba8e4c9666fd0ebba74db57e506a05cf2414643e1cfc31c57b1,1,1.0,0.1851,low_priority
d35264553f2629db2c7468d130457c02e40462890f2c32eaa96ec40ce846649a,1,1.0,0.1848,low_priority
5c87ff780dd0356c5afe769cb26f83bc00366538447847a3c8e614638ac7b025,1,1.0,0.184,low_priority
b4a0ecdc371bf31851a356ac39b7636b44f241d7e61bdec955d9132d133a6672,0,1.0,0.1839,low_priority
8421c9913d46d14ebfd5bb67ca52dbaecb603ed65999546f41c4780e9214e76b,1,1.0,0.1835,low_priority
8d2f3544e52f1c35cad215d031e683cf12f2735ae15303703eac2ec5dd978cd1,1,1.0,0.1829,low_priority
01410d67c45ee7b7b2e1525a55a248739cdd41d4f6fe745e5da03818c7d07f0c,1,1.0,0.1827,low_priority
afed5d362d2a31c37807af895e5c7d6806c0f63d7c5eb4c960973baf1ff2fdfc,1,1.0,0.1819,low_priority
bcf12a7547c1ddc719a41f6f8b8b3907bded6dc979392ee5e50139e0ba70e799,1,1.0,0.1819,low_priority
733756e2572a4d0f7dbd049586be46b0c8d441cc85300376fbb740e9c12aa1f9,1,1.0,0.1815,low_priority
51b76bf0530294c679309f64d672d818e5cd3f21120ecbcaf0699c7a97e729ce,1,1.0,0.181,low_priority
b291dacfac8b1e3c5dc7ff200436d37baf153dc27498100085da96ff51a00577,1,1.0,0.1806,low_priority
335a7bbe9ef7df3edbe068b1b8e695ce1b781be4241c64f6511718770bdbcbad,1,1.0,0.1797,low_priority
e6f5aefcb499cbca6f26856c622f2772f13d4880af5d0da78469e4398e5f7998,1,1.0,0.1788,low_priority
76567b46393d4e9596a1b56ae249d2c46307655908139aacb1f5d42fb51479ca,1,1.0,0.1785,low_priority
7adf1d40a473d1b60b0f55222ea6627283a004aa175d57d6781bdfe556016946,1,1.0,0.177,low_priority
0243898880d0c24850e856e96978b4556c7e300c6db45bd1a00f756570e460af,1,1.0,0.1764,low_priority
8f60e13be1f904a95a92490bb24398057e756558c70d4ab64475d9f6bdf32b6d,1,1.0,0.1758,low_priority
2db17f4fa6b8624f4a623effabb575f2ea64390989d40b9db5847a48cfdfc916,1,1.0,0.1757,low_priority
bd00edeb510fcd4fcfd3f08ede86f9fd6e29a1115b3c3ca3204c5e0ce91bd360,1,1.0,0.1752,low_priority
fb92f2620f6c98ca1542c0cc3b0d51007db3127c81d1c107019bbddd2faf987d,1,1.0,0.1749,low_priority
f46608ec6014f558e372c597cd8d474dd9314b92c73cd8662bc143221b8935f4,1,1.0,0.1748,low_priority
e7e37c4483469b481767a9eb3985b37fd89c360a0daec2566b7046e279217ac8,1,1.0,0.1743,low_priority
887dfa280b468c21ad2fb3e7cd2c0fc4577c597cfbb27a23212ce0de4e7eec39,1,1.0,0.1733,low_priority
8a24d1f8683a9ccca6adebfb24563cf937387bd582372e5c00725d5253d4ac85,1,1.0,0.1729,low_priority
f7fbf67de9cb179c5b8f8fe08682107e437afa634de8cb8e427027a359887b7c,1,1.0,0.172,low_priority
8efe1a24d184395c40fbf0c5384c3874ba3d9832f9743d9c4f465503d29335a4,1,1.0,0.1719,low_priority
ba501fdcceaf8eaa67c04438e094413e413c68c871bbc10409c4486fe0e1b494,1,1.0,0.1715,low_priority
c599960fbb55a9933e379626e4e14b1fa232769f25c1a3132eb78c0fb99b74e8,1,1.0,0.1714,low_priority
6fa0d1f79973896053f3eacf6b55519c6e6d0738c1b9e9c213164feb461352ca,1,1.0,0.171,low_priority
ef031819a26e54970bb5cb701fc6c03a769340fd9c61a373698098fc208b34e4,1,1.0,0.1706,low_priority
51c8c7ff9a142b400bf4e53f0b8eae41a7607a17a2aaa7bc70a55cd9dca9315a,1,1.0,0.17,low_priority
76592c1087a5ac9dbeeba964959f0b382b49926f8d8fb7603554cc9883d8a0e5,1,1.0,0.1697,low_priority
1f200e0262cb341603f51e72a9b0ca3af5dc24a5ff67653b07c3844afb816769,1,1.0,0.1686,low_priority
7e8e55e8e483e3a2b29c05f3f0829940714f5183a3acaedafcec6508abaa6e38,1,1.0,0.1682,low_priority
fc88effb9f9307371aac24b5c19fdcf5419851c6a838d4c55499d0511b734c54,1,1.0,0.1666,low_priority
e3522604d339315bd36359b82e4e76435ae62f11be4b153da1527412eee0dc43,1,1.0,0.166,low_priority
5de5692f8a662051ab3054a3a691688c7b8a01dbfddb71bfda173ba2af8d704a,1,1.0,0.1653,low_priority
4816d6e7c7a4d330094808f4ff8843cf0b6af55ca4ab3ba46f1f1ed5cb2a40be,1,1.0,0.1648,low_priority
7ce0cd428c64dc77104ca00e27cd764e5ee468ebde7299e4385dfc6aeb072999,1,1.0,0.1642,low_priority
d1d3614a1e493d2df8fa94752dd3561036992d92bdf1a297a5010349a8f3a89a,1,1.0,0.164,low_priority
4eb972d3d06d0c30ce3f632c0c03f277d78d4b5ff571a9ecec3d54edeb672db4,1,1.0,0.1627,low_priority
8745f6c770c038bdad56a70af9f33a04503b273013c685a79bf424e68b2da8c0,1,1.0,0.1624,low_priority
95e7c7f409d1d38c7488448987e8e1d589ca2a0eb1714b0b21ca4737ead8c011,1,1.0,0.1619,low_priority
fc1ef0aafe8255fbfd6903b6ca6512aee3b9f52fb110ab3e5d8ce1533c189c18,1,1.0,0.1614,low_priority
b4485264840f0d2b617bcb215050e1c64ef59778a4d928b362238c6fae2ca028,0,1.0,0.1609,low_priority
a0f466d4a0c3afef33c9d2193364d1f06f399e7268126f7d5246007d52b8bfe6,1,1.0,0.1601,low_priority
21a450159d50628355d1b790a859e7dc5af65ccf3012b13f0d9a68a3d4e09e41,1,1.0,0.16,low_priority
0f0731f8f8e3afec1fc3ac348bfa3a30a8c99e8ac8c00db52bd8490fe38c8f56,1,1.0,0.16,low_priority
3ca8c5d06973247aa36a17b5ff63984d2b425441515822831c2e3502ba96ea1f,1,1.0,0.1598,low_priority
d1b6d5cb2750b9d1f173189267073a6b5945fc52b74937f68bd8d92b46b4281c,1,1.0,0.1589,low_priority
c6f2871e4126dd2f5b7fb856eaa4bd83eb5dc8ddead3dbad3e57083e95739438,1,1.0,0.1581,low_priority
9dcdef1f101bd2bb617682fcd1c30b23010cea1018889be50bae2d73dc69c5fd,1,1.0,0.1581,low_priority
8f8c7070e635b94565a8b3a9c0473fd15601207a9c7227ed1e9d8ef52916f6f4,1,1.0,0.1578,low_priority
177906e8fd0bc527d2f89ebfdb5f785aeffcad616d1b89253c0bf9ebe58689e9,1,1.0,0.1569,low_priority
1864ee32be077fd23f0675e98affa3b7d06ec4c15af825e238db52661573b55c,1,1.0,0.1568,low_priority
a73643683601a71d09a6a593e76be8792350d64bd42fbaa34e9b2b26adae2523,1,1.0,0.1564,low_priority
98620ece7281481373c46cd71efa34f3afc2e18dfd3d54b4ddeb11939d7ee6b1,1,1.0,0.1562,low_priority
081086be3a75347dca7a0a70928c0076b5aafe68feee401f1e261082d7927f09,1,1.0,0.1558,low_priority
a5064b03f16cec7b17348d5e3fe04680a4a1af55ad29df95613475a0d6a75c77,1,1.0,0.1549,low_priority
e297628e7dc2e58a69c75e6618355ee5e89c3fc8d5a6ed8ffc5e782a3f7b389d,1,1.0,0.1547,low_priority
c69429dafb51821afe6983a69c437dfb1f2b0baa22c4747e92ff2d94a7fee13f,1,1.0,0.1541,low_priority
f37608a733ef61e9d343ae8ede5e7d84776b37dc03fe37c784971cff1c9165f5,1,1.0,0.154,low_priority
86da66fa689ed89437b49d942d386434dac7d9876aeabf507bd3abcf5d0e0311,1,1.0,0.1539,low_priority
acb23fd0a3d1e97f12276eaa8ead781206ebacc2e93d7833649eccc4f5b09048,0,1.0,0.1535,low_priority
aedfb8b2a32da7d3ae266e9bcef9ab5d970df4d31bd273cc44292d079174e1bd,0,1.0,0.1533,low_priority
c41928d603d394258ceb7d7aa62d730b957f38140115a09088f847d1a2e0f99f,1,1.0,0.1519,low_priority
957fb48a93c08a6e926e6acd145f625bc57156cba29f76ac7f8ace55ea46b363,1,1.0,0.1518,low_priority
f0f48d3c925ef437c0bfd6397d96107e73a920dbfb01e9711079e3dacd165ee1,1,1.0,0.1512,low_priority
ab7d754fc53e1376bdc9e0badab5b6fbfa550005e6c0eceb309e0f45611954c3,1,1.0,0.1511,low_priority
79d7ac242a3af5980942c649eb9b68410a0b3ead1bece4755c8bca35ff9af294,1,1.0,0.151,low_priority
6c39381fd2e1c45d0dccfe65d45257d9663f3a3f65f5df50f513facde7f4b142,1,1.0,0.1508,low_priority
3253e97e437d5d63f5b7cf88a15865f68ec9ea147a9f97e830c2d94c52f2033c,1,1.0,0.1505,low_priority
3c1aae843074687ce18704d9a4ecbcd4996ff433598d7a38f6a21487ac7ca8bd,1,1.0,0.1503,low_priority
90991f014e0753cee185fac95a71f92308bd8a9a308dcaa4ab173b0c04ffc3e2,1,1.0,0.1498,low_priority
9d3bcb17ea7177609d3b6bf46c07c1d9ea4ebca4b058c61a148ab6a790d68df2,1,1.0,0.1493,low_priority
45a3017153d20d5bdfc088246309d40c987807314ccfee831f29188473ab2a56,0,1.0,0.1492,low_priority
782e07eeb84dc8a3cef6b5e3bbf5b1da6cec46d566bf401a2d0b335b3d69ba58,1,1.0,0.1491,low_priority
996d18e5293a32e71ebd35e0cf9e5755dc7fb719250a58d4300df692f941c1a3,1,1.0,0.149,low_priority
59dc38aa5541ce2c6a3db108a355a91c2291ee12339a2b0944cb1f63aad3dc93,1,1.0,0.1488,low_priority
142a335510d5b8d0011c93a8bcf11c20c368868350708e1d9bb8fc8b38754524,1,1.0,0.1485,low_priority
5c13cccb73b9831d47c66dc8402e7226117096bc7763d2f42fa0e6721a32d89a,1,1.0,0.1484,low_priority
40e56ade7bfca5c8954fd52b7eaeec66b4d9f87f334b345198d445f984a89a10,1,1.0,0.1481,low_priority
1727d70059f756be96d81b24f6b7ddea19dedc1a5e928e01a1b45a128e12376e,1,1.0,0.1478,low_priority
722dc06f97a258ebdedb7f5d22908e754e4976e1297a66debac26173ca4ead88,1,1.0,0.1477,low_priority
d40de6d28eee6aa7c365db64a2b9bbc2b2fe73404f1d5953e2ca0185dc9652bd,1,1.0,0.1476,low_priority
d0b76aac7d069bdc0927773ffae5d05d8b12148f31747969c621c24c8c44e30f,1,1.0,0.1473,low_priority
19a72a5462546363686e8553769dfce324ca2532cebed3bd22e7eb3293eb9b90,0,1.0,0.1472,low_priority
2337fcdd612ac3a1ed2be8ace550af846c0e3f3f9441c34163d5646cb5b7b210,1,1.0,0.1472,low_priority
dfb7808ab82a35d3bd968c5409b3099fea1de79d5e316ad1a5e918b01b933071,1,1.0,0.1467,low_priority
1ec31f8d4a70ef73b67c956b808d195e6987eea0814691489609cbca3bbd11d3,1,1.0,0.1464,low_priority
b83cef4c882e74c8efc66eb34dd3ef71c7f9a343ef70792c50157240634b4098,1,1.0,0.1464,low_priority
9e9538205116171d4e5f958a48bcaa1c89718ebd79684c25d1aa145daae0f989,1,1.0,0.1458,low_priority
531766cf3c9a9f719f616be95d84e3085568823ab54e85bcd207a83408e547f7,1,1.0,0.1455,low_priority
2e5662c5445fa9df874468266aaafbb1720d525961d75e1dafaeffce53cd84f6,1,1.0,0.1455,low_priority
088bf16ec379d77c9b36e84d7b9b09d644c8ceb419f190fd2b49924ec7305f06,0,1.0,0.1455,low_priority
769a966cdc14bdfe812422a9a3f594d34769b91bec605998dfebbfd2fad96b11,1,1.0,0.1455,low_priority
f232ffe395c6859705bb1b24e2f7d498c2cb3ca8a5d40e3f6a1ccbe8d4266a80,1,1.0,0.1454,low_priority
00528ca4d393571bcda7d7736b2b701ecf6d2f38f570f10f155f934773b55040,1,1.0,0.1452,low_priority
8e3d17be6033e7f0d6557de5f9388b5e3a24425abce858e6cb4f901a97bdc301,1,1.0,0.1449,low_priority
66667871a2340df2bb777975c9ccddf660f6a0cfd10cab850758cbf85e92b734,1,1.0,0.1446,low_priority
6664713d46eef78abd95c8c9dcce80ce6ba202f7c7393ca0e6075c7f1009917d,1,1.0,0.144,low_priority
05a681efcbe54ec7aeb9e34e5ffc5a02be4b4d5e7ab531f86f90195bd8646c92,1,1.0,0.1437,low_priority
6a22698f155d64288c836be1af6726161ac2947515d5e6423c6d886c40c0722d,1,1.0,0.1433,low_priority
83a7b7e2a236792a0f4683fab27b40608e5e9bc8e5d9710e199960bee9a3d6cf,1,1.0,0.1429,low_priority
9c2f8769c1b8d228020297069e6b18030497f1346390332a1f239ae4649d9098,1,1.0,0.142,low_priority
41ba072fbfd52bfbacecd1796cf68db3e112b4cc1efffbab5c3041c6ac510700,1,1.0,0.1417,low_priority
d078421c092e514bc116acc0b6b6076ed8b423ab6b024ed47d3ffe3fa1b1726c,1,1.0,0.1416,low_priority
816eea2568309da04eb8afdc8b2f9ebe4874fe225827e1e61528d4ea5284bd0b,1,1.0,0.1399,low_priority
faf0e38e6c99feee6751545ed4ca6eb8e5df0ec36594f8625fd70df1f6a70655,1,1.0,0.1396,low_priority
ce4a3fa07c78a0beb976844a411a863a388f5c5e5e3f0b3b5ae9a2d6ad247d93,1,1.0,0.1396,low_priority
0610699a0ce049bcfb4f88d714478afeb20f282f30b520c8d007b4a7e639b148,1,1.0,0.1393,low_priority
142962648e57d5257801346b3b16293420ebf067e72e623602ee7011f57ab1bf,1,1.0,0.1386,low_priority
c2da4f4be9f00c3da2dfb365a82173b7ce935f4d1927c9b74de487a18b1e6f3f,1,1.0,0.1381,low_priority
7a9aebab0c60d3e3882a42315820ff50a61158199532c60430481d2cc6ab4ef8,1,1.0,0.1379,low_priority
88c332ca8e087dac3d811191bb9dcd1bd13729ac011ece73c81c473064c323b8,1,1.0,0.1374,low_priority
3101d1699bfe580af15e6654bddfc0af9823d13352ca3c63e57520b43cf6a9de,1,1.0,0.1366,low_priority
818efbeb72611fc586b313e6b4867752bb12d746127f91e24f65ea252de737c7,1,1.0,0.1366,low_priority
bf445c832191cfc64226025a453bbc682874a5e8246cc5c06806addc8f52753c,1,1.0,0.1366,low_priority
cb5d52eba10e4ac3fd966a281f049038c3c929516b578cd883416cfbbf53a0b3,1,1.0,0.1361,low_priority
6586f85371a0871d6a46c239fe08e31b9235232b699943327326b1a5c3e33058,1,1.0,0.136,low_priority
1b63a320426d81bd2ebf73daaa25db2710db5e930140b20cfef1e9f8824cd4fc,1,1.0,0.1359,low_priority
d9f27be04f34fd106acd1d587458d3902da4442f680f8d18a699b42f21bcda34,1,1.0,0.1356,low_priority
99c03d35c99730515af4ec152b9185a70d30aa2a9e8066392b51593021160baf,1,1.0,0.1348,low_priority
40dd96d77ccb448857b60c99f3d4f7e5e313e0ebab3db53256e668a358404801,1,1.0,0.1343,low_priority
6a5609a2cd3e209f50c61a0ba669dddba7b71c2bd76743d88e5e8fe8978dcb53,1,1.0,0.1343,low_priority
39716f3ee0f98e02d89cd3d0548cdc080e659271079bfe4a33605d9c15ab2b41,1,1.0,0.1343,low_priority
24fd6d4dd3d7b427f80be438c1788461c0beb22e521c027e8035adf94f04ac83,0,1.0,0.1342,low_priority
0506e2c02e12e3ccefed2199b09219a0f678f685cc6a470b3fb9c18d2aaae169,1,1.0,0.1338,low_priority
55df2c8128686db47e63660e9016df90f0fac65bf5b192b12a82976119ad69f6,1,1.0,0.1337,low_priority
a036966c5a9c28e0f87b226181b0943551822f666bc8b2656d64ee9e34f51faf,1,1.0,0.1334,low_priority
8aaa06eb25c4bdef9d0878eff7a826c5adbf570249d73c5a259dd0fad11545bd,1,1.0,0.1328,low_priority
f484b8bcf3a250125b2e19beb0f3d8aa45658c7fb91a1172ea0f6d83b78c5d9c,1,1.0,0.1328,low_priority
8bd42114c14737b6e327bd7ad3c83543ce973891dcc36bca7bca85df51fc8d64,1,1.0,0.1324,low_priority
db5ee8b4fc53948c8d8a126a5b3e037a41070afda7657a97e29b065ba2329ea2,1,1.0,0.1319,low_priority
c51601f45c65b0a8dedb49e7558c4e9ab95c83577e7c656897f681aeb45ccf16,1,1.0,0.1317,low_priority
209e5d59c05535518dc46a0001f615652768a8d340413ee2dc6ed01a9d98cda4,1,1.0,0.1317,low_priority
6f850606b61bfd1ce6b59c648375eb659f4bd98b679cfc3e098971c1f76e3161,1,1.0,0.1315,low_priority
57ba5a3ed3c99aed9b9fc9850eaff29c0e58ae2c1719bed91cc5dafbd6f063cc,0,1.0,0.1313,low_priority
352946976491a39754ad2511b509fa30e9d69b0689d6647644f4d6d3d6242845,1,1.0,0.1311,low_priority
5ca8c3442083abdf2075f2cd6af5776c90d2d5fa8a25701694b7e76b1811b454,1,1.0,0.1309,low_priority
f6ec6f8dae66f4346b4a1e134ad77c7b7e30a5a6b086c8b8912e382a8f2e3011,1,1.0,0.1306,low_priority
68edb37196b940ad5e34de553d6b92902b8cdca70bb4f286444fb68596a1fae9,1,1.0,0.1302,low_priority
7d591295f83b7fdb56c5bc2efd758766156e7349caafcc37cce7f95b684f9890,1,1.0,0.1302,low_priority
44186228a91e74d40e7b51a8260bb0e29966e18d5fbab18ace8b07328fe91c44,1,1.0,0.1302,low_priority
ab831ebc773b1b2ec700e15f1a866505f3777da52fb7d5c8c662be47f767380b,1,1.0,0.1301,low_priority
bea2389aba503e95f89634632be1951e0431907a3548256f39703b002e8a65f8,1,1.0,0.13,low_priority
ea1df807027798f48d3109e6a79014fdf37cffc1982e6094c37ac21b129493c5,1,1.0,0.1293,low_priority
f81c13298cee8b840c684d3081fc02b9438f9f14c849838cc66493c26f33317f,0,1.0,0.1282,low_priority
efa9f878ba59912897e005df25a9cd8a1c9c2acfa8442949aaa587ea4d958995,1,1.0,0.1282,low_priority
5681aeb11f02fbf4d730c543e24ad1b092665c0355137556c2efe072519f0068,1,1.0,0.1282,low_priority
5366ea964ab77941eb0213c1cf6dbeb1a4862d7ab435e38e02689ca12dc111b5,1,1.0,0.1281,low_priority
e80c526e0d0b3f695c7c1175744a14489eb1d22fe8b1e19760612f3609c58396,1,1.0,0.1271,low_priority
394f21bacc0ddd19f95d564d5fb8dc9df33f75ff865031b0d7c854aa95d93adf,1,1.0,0.1267,low_priority
474c10cd089a6be9079850eb170b40636fc52a057fd7c1d5211348e23d8ef905,0,1.0,0.1264,low_priority
49c39094af0413b89d74cea33aba456aa99a92d95f48c260bedce13f28469f2b,1,1.0,0.1263,low_priority
bb0b7c1d8ea31dc74ffee68619ca03abaafef79e07ba4aea1ff6419c7e8db3c5,1,1.0,0.1262,low_priority
edf79c9594f81ea229e9d421568692bf7595ab4e2901a6b9c44740f532fcd756,1,1.0,0.1259,low_priority
8800948ff8095f696e7c19b5dcd079ff4b05a397c69c270db2e01324295f956a,1,1.0,0.1257,low_priority
9349676dd486b1ba69042ab79c8803e47a4d2f65cee311d3319e1ae27ec27d70,1,1.0,0.1256,low_priority
76d559615c728b22e938e5675464e47f03c8d0f96e8e0dfaccffaab92505e01e,1,1.0,0.1256,low_priority
3eb09265b607693fd4559d7e36fef0f8f790a32fecb9fd57a1ea394d32a910fb,1,1.0,0.1252,low_priority
21f154999c3ad0845466fe570825b07cdad00415da98cd0281b363306b89693c,1,1.0,0.1249,low_priority
7434c8ddc65a65b893f70d9da9eca9dd0495acd26116ff2fc1eb504f4036e092,1,1.0,0.1247,low_priority
c35ffcfca43b5045caaec1f0c3294af5f80c23b8a2b5c369f95cac9f94824364,1,1.0,0.1242,low_priority
af020e5e01672b6487da847e2dfa900d40e9bcd8c6c8e594bf8a71ff1601d2d0,1,1.0,0.1236,low_priority
44992ca47bbfa5e56491ed05bc562a85486e177031858eeb0b73775277f9b915,1,1.0,0.1234,low_priority
b564c0fcdadd1dbf521290847e66f235bdac83ad06569a14dc5ed8a838d940ec,1,1.0,0.1232,low_priority
fe7c67d5376a4949ec79eae42e9a644b1d212af7c3d434c67afebd7528ceaa7c,0,1.0,0.1231,low_priority
20bbe422b6eabb3dd5e08404350dd7cef0c4c2b348aaeedfdff39e9801806e36,1,1.0,0.1231,low_priority
4769dbaf3cb92a9b4151b941da5a747011653c845a9eb9a54d327266b394b117,1,1.0,0.1228,low_priority
015ce1e168855d3bbbda92825e3c7e587edd6d1c1f1984dd849d8d355ec684de,1,1.0,0.1227,low_priority
dfc455a58d65a0b5d56ef86511434c573e3e1c74d1d22762391953218d014036,1,1.0,0.1227,low_priority
469d488f46e110332d9636acf51a0b8ac4c80ad80ee5f26eaccf592e69bbda06,1,1.0,0.1227,low_priority
05c92c6b039793c1508690d697016698f6d8238fe231c04e0b2ff0dbdd85c233,1,1.0,0.1224,low_priority
994a2fa9fbcbb6e9f3869b8f4d5ed1d79411e16762eec5acd1c582c04c46ab92,1,1.0,0.1219,low_priority
11b982f036386335eb59d905dd5fca7ae0cef4b53a87adf60b18559dcb0121a4,1,1.0,0.1219,low_priority
9a22b33626ebb9c2be31894a15c56bb5b26a7b8df265ea87e1d78a00908f1dff,1,1.0,0.1217,low_priority
ed20bf75340ba8489596a6228b683940b358e53d63057b33f6366036a25ed7bb,1,1.0,0.1209,low_priority
7d23b302827c259bcd10d4641be3edf330e405476e8e1f2d9ae90ed924cff8ab,1,1.0,0.1209,low_priority
ec6bf351883166d18413b660db505812921c4144b53fc03360d976055ea80e55,1,1.0,0.1207,low_priority
28d58fbe44392b627f65b29ef911a83c1079f353b98fa524366c90f52781f44f,0,1.0,0.1206,low_priority
d8460bee89e82155b215e99c022622ba03e746932d5415a2272d11226cf1b996,1,1.0,0.1205,low_priority
433cba8f20339cd263fcc6962dabdb32c1b3b46e692364082c93bfd8daafaf15,1,1.0,0.1202,low_priority
90abfd257acc2a6b6383ed16f993baa0265bffab60adedb5a60a172741e71222,0,1.0,0.1199,low_priority
c4bdd84ddc8fe6242defcca93c02fd4e8100bff2322df691a5df9063d2a2211d,1,1.0,0.1199,low_priority
b131463ff975be51ad96090894f60b91123fe8edd4676554c4dedf6588898a16,1,1.0,0.1196,low_priority
73e70b4b88279cdf2a9792898595a17115058feb9261804e40d93abdf4d2712b,1,1.0,0.1196,low_priority
02e23201c8d5038b355e2ea8b5fc5333ee9d51c69a94369726f333a42555b456,1,1.0,0.1189,low_priority
3f9a60a942307251d7dd4fcfba62263aa4f2d462914c6787bb58ac43cd3e4b95,1,1.0,0.1189,low_priority
da2d3c0440092bbc8693cb73d354dfc856f694f5fcfc17351be414571935c87f,1,1.0,0.1189,low_priority
34f38cef6520b5b415f9cb96b1e5e0b91ff3e9720d2c30cedab9dfedac37dea5,1,1.0,0.1186,low_priority
814e0e1262bce23a0c22540b90c02002646ceff0af4787d48e8b4e7b3b49c18e,1,1.0,0.1184,low_priority
5d6657898ffcd3893c889a492f4864eefa4ad5ce1ea2dd3476f0e9d618306dca,1,1.0,0.1183,low_priority
9a056ffab936525dcf152d8503856e6c3941b368698ccf86ecbb2437c26c941f,1,1.0,0.1182,low_priority
40dfb44e32dc651a79ad4d6138042b6aa7ac3279964e81665073c824b6f2754f,1,1.0,0.1182,low_priority
9053b3c954b821a88362d5ba16290ac1844288b868595a2b20adde818caf5bde,1,1.0,0.1182,low_priority
6f3e5e1207eb48a0964e0af3409d02b66f405c41dcf5c0ac4d3f232bdfcde488,1,1.0,0.1175,low_priority
4eedc265e72e59e2d4155952262cd84ef92215313060b3c189b2f73aaaab8d14,0,1.0,0.1175,low_priority
2f276a893c03850b238ae235817055e27106767ce70f278e7ddbb6af1c9f4a3b,1,1.0,0.1174,low_priority
5bedb5d1805e444b02d9beba0c51990598b7a438e810920b25ecb525827e8377,1,1.0,0.1173,low_priority
968e83a0179e4853875948d10373cd93651e2326a855f148a6837bc83b358b21,1,1.0,0.1172,low_priority
253f87a319096ec47b406ca5e3fb078c19bb5ec505beb4ce4b890dfae9bd931d,1,1.0,0.1159,low_priority
ec34cc66c5324c48860d6e5c50f64726d28b316c2fa92b2e976d85395df8b6a1,1,1.0,0.1159,low_priority
206664539f2dea159622f8584560c214dba99978c615f7303f53778f2348e7e2,1,1.0,0.1158,low_priority
7c39b9ab4bac02ae05bea24b78aec19eff98ece90cc1ddbdd93a4ab2ece0a91b,1,1.0,0.1154,low_priority
0ab111eea2c082444b84e634503e9ddf3c311121a0231e8192e53eccb90099b8,1,1.0,0.1153,low_priority
a4ae6222a232fa353e7318b001fc4f4f628885f3edbdb35d0fa233420da8a7ab,1,1.0,0.1153,low_priority
0aa7d82e6eadd0398cf90dca8049a0cb620e1a8560a36183e66298ea69f2fe6a,1,1.0,0.1152,low_priority
4c67eb72ea9005900ba572f0ca2a4e9ab9f36d0ec438fac57b551c53dcaaf69d,1,1.0,0.1149,low_priority
7fc9de9cb5c64abe0e1ec6bf17434f81306ff90545735e7b358286f1c116cda9,1,1.0,0.1147,low_priority
cc73b2330893d948b544a3f78e83702ba5aab347cea0d0faa345cd116faf411b,1,1.0,0.1146,low_priority
7f7826812778957b77bff93c2d7f0f95051fe09aaed2da728c863a72fcc3ce60,1,1.0,0.1143,low_priority
f0edca439d0462ab006cf79cfe78c40ef4d5475b8cab794eed938559200357d9,1,1.0,0.114,low_priority
8efebf0fd2b02cde69bfbc8e7748bb71341141162e907c1ad0ca563aa1ed03bf,1,1.0,0.1139,low_priority
5a1514fe806a5ceb9d1bda229aeb4eb1bccb289f5ccc9e3eecec15f880feb7d7,1,1.0,0.1136,low_priority
5152d0cdbfa838aa08b0214359c77555a9ae2962a028facf631b1bf888c23e50,1,1.0,0.1135,low_priority
d6f596484e743cb6ca5d25a58a400c642f8d5834c0081f8dff1b11a12fffd4f7,1,1.0,0.1133,low_priority
a264cf2e6dc082691ae192513929d81550f9f222ead5365d599f3fc4590c8a4d,1,1.0,0.1132,low_priority
a58aed4f5f67a588a9cf485e5ca4b1101b49f758c9dc10c483f319ecb419e99a,1,1.0,0.1125,low_priority
9221f5bccc557d95cf65c7a58a53f0a1a262d2ca74ecb17676bf259950cefa6e,1,1.0,0.1122,low_priority
d95e8772aae165e81c62348a6dc7e54fe5a13d012a788cbfd244a028d697b3a1,1,1.0,0.1121,low_priority
3af049f13a3462fa122e69dd0aca9c53071fd9d9f431f941047cf9d869332b99,1,1.0,0.1117,low_priority
19c5707a4097cacba4831182b96263d7be87927168687966568e4fd017a02fcd,1,1.0,0.1115,low_priority
7c863b812b0390067de861fe546b801eb38f05b101d79ca1bb9a669fde3987c5,1,1.0,0.1114,low_priority
7b1743173f824004a8f16109999d62a5ef2bad6af4bb28feeb091e3a6ae4e020,1,1.0,0.1113,low_priority
1bde5f7730338ddc1645cfc814c0fadd20056c7fefe44684febd71c952baee79,1,1.0,0.111,low_priority
b7c4234e99c3ea28239bcdbb6cfe80dafe13c96ee8598f7df1d2d8a0b61ba7cd,1,1.0,0.1107,low_priority
3d16f7fe8fe0e31349abb8349782e83c0aa59962219cef2ed9ce3ece63a5c753,1,1.0,0.1106,low_priority
d56de99d8db02ebfd3657c65fe4d1831579e7ea4e7e8f93b0c9a5bbb3b9a65fd,1,1.0,0.1105,low_priority
b904a0aa298b06306cf28328c14de960cd5dab92319594a695df109ef86142fe,1,1.0,0.1104,low_priority
0c7c9627fa12a56c9e9c0ef622ee557928ceaaa509a42795dc854dbf2a75afbf,1,1.0,0.1103,low_priority
f532f5d79bf9376e84ef7f628f9f002eb031118937c03185f2dd1d95df4ab4c6,1,1.0,0.1103,low_priority
409f9e19f373c9fbe71d626a4df6b714a73b563122be9a15ed019e4120c5fc69,1,1.0,0.11,low_priority
0cb64e82911c67ee5235ee043a41b9bb78d3e6732c44b29c6f25af7b72910e02,1,1.0,0.1099,low_priority
24d0ddbc92426fe39e4675edec417ff94d422c7d42009cbd756b4a3e2c35589c,1,1.0,0.1096,low_priority
dfce6398facbc86d9e3750e3b742902c6a4e8e1dbe207a12018b90a962494386,1,1.0,0.1095,low_priority
9068ec027d0dedd3ce966f5712f0345f2fd98a2beeaf46edf4f7f07187183b9c,1,1.0,0.1094,low_priority
5b29b65e1ef04f2649c685fb8ca82c9724829cefc6a80ce797e610fcf78f501d,1,1.0,0.1093,low_priority
c2b35fb5a0ef399158c3c91b94b01f4a293da41a35f7c155cf7b5fb1e3e0f82f,1,1.0,0.109,low_priority
7065aa1f4dfcf394e7a1311cce7d1ea2ac43063c07c90a1149bd2a11445b1c39,1,1.0,0.1087,low_priority
a5f52f99d6f05d61dd97a93eb60cdd99052d98e70e5f1ad2d4209f14b05212d8,1,1.0,0.1084,low_priority
5c7b0faa0072c0fa3a0fbcc0d280a6fd0cc487867a0fd8654b4dcfcd6c71a749,1,1.0,0.1079,low_priority
99a9f16c327162951380a53163b7824a458e6c7b40187c909f4a224b208f09c1,1,1.0,0.1079,low_priority
0f3466cca698d4b76c9fd86bcfcd2aa44a888d95363444b6eda33bf5aa976f3b,1,1.0,0.1079,low_priority
7960532c8990b042d81374b9762153b8b6431c9d7b77c4d8889dabe1c455e6ca,1,1.0,0.1075,low_priority
605d5bb9985e80e0c20e524a019d9f1c68c8e7946dfa3db8dbd2a84927641d19,1,1.0,0.1074,low_priority
e1eb0010983da2c53de57db2d14c163ba8ae23a54772f9497302d00d4700bebd,1,1.0,0.1073,low_priority
29c7102451da7bd508d3a7186c48e4213e6dda18e0d07901b672f07bb2e551a6,1,1.0,0.1071,low_priority
7c6ddd32405a628f9e795c86e424ab37e93c355fea9dc1e4f5127eec1a0a289b,1,1.0,0.107,low_priority
3693655bfb95cb99282d06aa2dd9e152b1c4717453741d30a79d2bd4a7f040d7,1,1.0,0.1068,low_priority
a3759d9aca8e15cad06125a222b70f6e00e28232c2bca38bee9496d72b058aae,1,1.0,0.1068,low_priority
3d16eb404adabde9993c62ad81a55bc0c7660020b86bd5bb96a4b16c6f2203f6,1,1.0,0.1067,low_priority
6c3b5d0f4302c11aa29bc602063c5473fd196e04447d436f7a1003261b8550d6,1,1.0,0.1067,low_priority
9110f08260c46ea4f22d60d0a6da7fde0f84fbd8c182bbf6e76756c51a39e82a,1,1.0,0.1066,low_priority
05e56a8620fe73037887ca8249e82547e9842ff1de37aaea3821f931f090186f,1,1.0,0.1065,low_priority
2e67917cac4257f039c52afaf898db17dbdd15506a8428d89189f42150e7b13d,1,1.0,0.1064,low_priority
870351f9e28d3a88e82af76bf06fa01dd9551371f2fb28dcd8abd17e81d7b28b,1,1.0,0.1062,low_priority
5a983fe09c0012e6db6eabb93d7a758bc48b2fa35edee2073df3117fcabb7334,1,1.0,0.1061,low_priority
c0f86201f6f7e6b1656c02e3b9edb4b6f8579a65705dfd43558f40ac30021c6e,1,1.0,0.106,low_priority
ad1f3fd19a97a7c85d0c1c23b610bed168c9f34302131d823890594c5ed516b9,1,1.0,0.1058,low_priority
03f0af54655bfb55b66b9eb5cf6d044769b5ff9d9bb45c70e320b3958e01293a,1,1.0,0.1055,low_priority
92d53ba1999eb603d80560617a0a86ea6eae8d556f2949e75f7a589b67012eca,1,1.0,0.1055,low_priority
94a4f7fdd8a3568077c574701a5ff982ec486cd46f78989839bcfa85f00af67f,1,1.0,0.1054,low_priority
8619b8762d8433ab305f28949707d74c2e3885d11f5d814c127dc326f8a2229a,1,1.0,0.1051,low_priority
58fd651be0cffb0aaa1e56e6fd18469815d329396fe3f6109cc756f67cd89aee,1,1.0,0.1051,low_priority
a83a826408cbbe79bfb8aff5401f49b64eb18ba87d859f7487c01aa1dc353bc4,1,1.0,0.105,low_priority
b16f3203dddb7e74bb6bf08a5e335dbcb4610f2be3d2f206b5b593d4a687a2b3,1,1.0,0.1049,low_priority
e3b3857a2c4c5d28359873a8a03ae1d925c8a9bea8f71922ba8d742146590da6,1,1.0,0.1049,low_priority
f651409c36d4bb7324e9bbdac6f8433b52fd0912d9832448fa5fe5d29f074036,1,1.0,0.1047,low_priority
1998de7c85a7c0752a488431507ce5b02cca0cf59967dc5dbe78c9ea9f5c330d,1,1.0,0.1046,low_priority
a6ce69c1c8d78e38ef77bd6e0d6fd902104b02d1773ffd2f367ea18751934151,1,1.0,0.1046,low_priority
dfc7b2898b0e0acc19ffd833d408323f5179c482b3c2262f361b35cca886d56e,1,1.0,0.1039,low_priority
6eb17b58b2badc39a2091d2ef458916c33c35aeb7522538f760adbba07c4c312,1,1.0,0.1038,low_priority
c05ac74ff3187c5869f35fc8f34fad07d43c6a5f56f1c98bcd2e4b6ac3bbfc80,1,1.0,0.1037,low_priority
f6cba8f7fb086c26ffc9c48be0f40ebcfd5eaeea032a7b1013f61bc55f46db49,1,1.0,0.1036,low_priority
8705a93c4e1a4b458bd4a3a41182d052de28ae71b6aba4e99d1b2725fd15a52d,1,1.0,0.1035,low_priority
22e7d054f3c2065c26081366a8b22da69e6de7f741d1d269d9514ced29d4e6a1,1,1.0,0.1035,low_priority
a141ab79892946d0e9b2f9400f43d29c7cf8b1c61948f94a39ce42d547f48862,1,1.0,0.1035,low_priority
7b45e8318dc79c787480b8ed379e955885ccd5e38b5a2f5fd95add62ab0fdd51,1,1.0,0.1034,low_priority
68cf1bd413dafd2aea6882e82a3594ae235bc20e30c3665989496590ea3d1136,0,1.0,0.1033,low_priority
768db7dbdf2ce79179cb7b4d5c99c20bd262aa2880b1011750c5e21867e7df31,1,1.0,0.1033,low_priority
673989c79ca1fa5237823da0e0b4400d1ae739573c97718ea099ff556c042116,1,1.0,0.103,low_priority
26ccec9bfc974c9088c1c505742ece6440d18044747b54463908bda85aef46ef,1,1.0,0.1028,low_priority
9d1f2f500ea95934a2bd29ecdcefa8a0cf53f9f61e5fed60838a8add488dc21f,1,1.0,0.1027,low_priority
768846ca1bdb7f5a3fafb8de991435ca329f9094952df554547aec4b4f0fea0b,1,1.0,0.1025,low_priority
862092c73615c9ec0cf37c7784b2c3fa8db91b8563d72f794675e18ede27d85e,1,1.0,0.1025,low_priority
0baf1807295c2067e96079a9d5571c7b4e82fcee91bfa07db865342d18ca9b29,1,1.0,0.1025,low_priority
eebe67840552301bb0bd91aedb2233e2552d72ab3474b674ea06186fa80257f6,1,1.0,0.1024,low_priority
0bc65c1c087c2a86cfa32a0a1112d2b51c54ed9eb83b5dace29ed00c561bc5b3,1,1.0,0.1023,low_priority
c5c150100fe6ce6849dc2c016519ddc1bd6c5aa413a3e83c6609c51fd3b351e2,1,1.0,0.102,low_priority
9d1717fbeb1703e0cb1af60aea9c2a73e49004224398d8519a3e0c5a0c8b8ea0,1,1.0,0.1017,low_priority
c217566f2440bececb06f98a33aeff185f32dcebcb740c204fc7bf4959aa5831,1,1.0,0.1015,low_priority
348f095b03f07ee6696d777925c093095921b8eae3ec2b32c16fcf345c7fc561,1,1.0,0.1015,low_priority
66e1373eb0409b349ea8aa204b73a12225b3ffc32ebce1f6799366f07b0f320d,1,1.0,0.1014,low_priority
2f6d45c2095c07737c965cc305f507b59fed7ab359e0af0f876cc2d95c2a7253,1,1.0,0.1013,low_priority
ffa47cf61662a6894b30208821407666593d098b0299702997775e40c7a27bdb,1,1.0,0.101,low_priority
62c0a93726df8863008da965d3d872d15101c34bf3464a82fd3c015095b87047,1,1.0,0.1008,low_priority
dcfe09344d5fe80c7e23086b3bb28709d71500f20bed43b03b5ae70751a4916a,1,1.0,0.1006,low_priority
f55327f0cec7110b3f0568940ab1193e44c686dbaf264f3a0d9e0ff774501070,1,1.0,0.1006,low_priority
e54005fbcc62e0ad21a58e11b71ee594d45f197b172683f12f6af734d8c224d3,1,1.0,0.1006,low_priority
254de836d4189156fa195aa2873de661fa3931311a71d714fb20378cbaf0f0de,1,1.0,0.1005,low_priority
a6902c620d98de88a81c0b0a9cc73a60985e444ae80a33f0b6bac9b6ace312f6,1,1.0,0.1004,low_priority
ba2f152154839e417ac29553b9fff22dd63dcdba54d351c3bd1759d61a471fe3,1,1.0,0.1004,low_priority
61f9f7012e53d88726cf4cc2172b87fd81fc2ee7460f32b4282fc9b2cc5dfd16,1,1.0,0.1001,low_priority
bc85376cba57e4819e4015e4dad82f0995e12c56f38cecacfe5d2fa352ac47df,1,1.0,0.1001,low_priority
aa3ee1724ea93c8f6e1ecced4efaa5ae336912a013f7aa68a49c30a09a54027f,1,1.0,0.0997,low_priority
067c323757265e9faf5da0988ca45d6f33423e3f93deadee9caa4d10e8140e03,1,1.0,0.0996,low_priority
65f1bb7e36d99517da5be176e3decafb2495dc2da01a88394ca8c8e3dd4c0f10,1,1.0,0.0996,low_priority
de2c648d9e4a1ae29b7916b4fff34d9fc67777ddb94e34a8ef91b290a9d52d37,1,1.0,0.0995,low_priority
2ef5e5ab5e18fc267c7dba16096782157023bead3d934a370ed51a12f9d13687,1,1.0,0.0995,low_priority
16dc1f45b766587d010a9bc13863fdf99504ccaa9c6936e024a5238974016467,1,1.0,0.0992,low_priority
58724bcadee6c38cb7335101ba81ea3098e0d23869df3b7980a0d16a3b59f43c,1,1.0,0.0991,low_priority
fb285c438d061626734103cd0bf743854a03c47bbf5edd1eebdc43776e903cd2,1,1.0,0.0989,low_priority
44f3ce3abef3c8b1b723a7896d9691f73d60a0d3fa94ced33cd335fac72669fc,1,1.0,0.0989,low_priority
ee9df61ebb9f3a02b627315f26a714b939555cc88f011dd2a31552d3227b15b0,1,1.0,0.0989,low_priority
4b9a07970e36ab9cf253ab69181752cf16334ba95bad9363325a2504337a8c6e,1,1.0,0.0988,low_priority
326bf09b62804e15fafc843d60342554def0d4645563b474e3b8b0b47790507f,1,1.0,0.0985,low_priority
881899afb2b6a77080c2d085236bf5d376da58cbb540dd334210ca147c6e7a90,1,1.0,0.0983,low_priority
97996991e5e09f642347ff0f0c8fa511c11f8113efcc6b90f4a8df89123a150f,1,1.0,0.0982,low_priority
3a3abb3af2d0c0a22fa0ba72d621e23ed3f23fad45ad9509a6602b8177a7ff25,1,1.0,0.0981,low_priority
c90f26ab4c082ad565c67421c376e54e7fd823710c3a96cbae2bcd7bfffbca51,1,1.0,0.098,low_priority
1aafc464206aab7bed5f31cb3cedf9ebcc85b0850bbf2e20f6b6cf62336f50cd,1,1.0,0.0979,low_priority
df4a724f086476ed703a45a5dc429544cd2492640729e727b4c5272ea7024a2e,1,1.0,0.0978,low_priority
ce724715b4e68807fb0cd0d8b73814407be858770e6afe33db05ca733dbbdaa5,0,1.0,0.0978,low_priority
ca68e363fd05738274ef34282d04537b54c8e17e826de3f04bd03bd8c0dc4ace,1,1.0,0.0974,low_priority
7cbcf99e4fde7486eff5f64d47d0cc4f07f41cfa1646100400ff7b33cfab59c8,1,1.0,0.0971,low_priority
5a1276f1d926245f9074884967106ef6a7e0166a490fc32711120c9d2c1db896,1,1.0,0.0968,low_priority
0b7e2974b928fef2134764d5fcf01babd054874fd1fd7f645f5d1ff502319d79,1,1.0,0.0968,low_priority
d37fa9021795a67896d87579134121476ea772d4ed92cf160aeea10d8e87c514,1,1.0,0.0968,low_priority
3cbf11d0106e7671cdde466848ab1d737dc181058ca19f72c9b62072022636f0,1,1.0,0.0967,low_priority
4ba146c2af5fb17b53dceab07f3677ce47bacebebd2045791b37159ed2e5dd49,1,1.0,0.0966,low_priority
0b8d2da52fc4a1e7bce66081e323a63c58f8daabf6e97a1516278c2f5574c01d,1,1.0,0.0965,low_priority
1397a8e5a1787b6269c71dc0276bb663152a896ad6b7d168ceb1590228702f83,1,1.0,0.0964,low_priority
7f7670a3a2eaccc0f8e517c7a9f30a42af5a26fb963144aa477ded99a3c0c814,1,1.0,0.0962,low_priority
ba545cb1f4d176c657c8d2b75206cc217ce036bcd2e9efd4bddcab0acbf31287,1,1.0,0.0959,low_priority
a220b6ff2f8bc6556e748e23466a10c0779265262ff8440c66bbad14bbd05d44,1,1.0,0.0959,low_priority
df321d251fefb21f5d7810513ea2937617c75c4b482af69a6c7776ae42598bbb,1,1.0,0.0958,low_priority
9c18aa7d31ea52201fc42a49475946e38e572e2b58877df9ee078b584cb2db02,1,1.0,0.0958,low_priority
36283837e3697021843329e5e3c722454fa079ad7c42fd7c532aab3ef83d20c3,1,1.0,0.0957,low_priority
743c372efc78e91a38c50895bcfbc6e8edc1741c0f36e8a74b72d8752dd35054,1,1.0,0.0956,low_priority
4179b25340f4fcd3e75cfab8ce457a68d22b7eeeb734b55a27cfb70933c21697,1,1.0,0.0956,low_priority
2cfe22cdf9ae925e03c1e35751b762d39d9dfc62ba9d1abf8b49302719256312,1,1.0,0.0952,low_priority
e0e7f4538565a713eb104f32ed9dcf9616e49379430992df26717ae1f6d0db7f,1,1.0,0.0949,low_priority
f8a3b2b9e7a25ecb1f210b0a9b0000af7bc1e6cc45c0af9044851418605dbc8c,1,1.0,0.0949,low_priority
3c111621f45feb8027f2a8e0144e74f83e7707361b9a4950500eaae5effb9a87,1,1.0,0.0948,low_priority
25feaad992f3e33a5aab66fd3c81610810079aa0d7386268fb5d47cbab7a81a4,1,1.0,0.0947,low_priority
5326714118ba751b7ae5e266697a3eb38a2ce3dbc8876152b47df16248c0c74a,1,1.0,0.0947,low_priority
94080c8a77f7abb7c94cdb121a8b219596d17caf2c9525ddab2b0bf174060ebc,1,1.0,0.0947,low_priority
fe966ae2e41b8db5788d66d2c718f38ab99a28b8df6ebe7788611ff1be534dd4,1,1.0,0.0947,low_priority
b70f61baadbdfee677e79fc77b004645547bc1a37f772e47277ab3bf865a16b9,1,1.0,0.0946,low_priority
066af3a303fd2f369ecf695875ec1bf62f1770c2b291f393c22d96072bd25315,1,1.0,0.0946,low_priority
f1b0f3c9c691269f2d11f17fd01d627cecf333a477b362d1dbc75d14626306b8,1,1.0,0.0945,low_priority
f9765ab31c8e1d0166507f00c92be4fb259e186113a27a79f7b625f2a9a643b9,1,1.0,0.0945,low_priority
245b6334e4c4edb524a4c3cc4191dc5d1f7d3dbcbb1a73b4afc38b2fc4444c02,1,1.0,0.0944,low_priority
e4c2f4cb6c7138bcff2a2f11a8f81937551ac37fd52d8aaa7e109168e171002c,1,1.0,0.0944,low_priority
3d832371d15293faa3a9e0c03d33dcc045e92f617cda0daf50488c1ef76edcd6,1,1.0,0.0943,low_priority
eca63188601a3b7fe56f02c4778d868114a02b9cd518aa79304f208b1bead6ff,1,1.0,0.094,low_priority
b688c969e1fe02aef72240ed894eb276c5610b920ed7011e31161686bd6aa832,1,1.0,0.094,low_priority
55defb9087684f250ee13abe4e7e94c9a87f67508488dddd81bddc92d702150f,1,1.0,0.094,low_priority
8770a4539ca40fc3f82a915b6c4b0a81d0a9d4d27f714cbf91324689efd9ca48,1,1.0,0.0939,low_priority
f7db17f1768d422c5993e1e65e2846efbc22b2cf97fbc32c5ac1a4136046cf27,1,1.0,0.0939,low_priority
07532e6473666def100a2ddce2956230d5542db045af42174df96b8bbe12c9d4,1,1.0,0.0938,low_priority
4b631a54b675c7782d21d2f6277c1a397eb4faaf7b6692a2c6d03dee02da1242,1,1.0,0.0938,low_priority
a428d22f52ff4a3df243c9eed934bef0e97f9214ac7b2d841fe89e1bd253ea08,1,1.0,0.0934,low_priority
009e50b9f01ed2a8b00a63eea4bd35ef834f4b27847f14b1af54770edb6abc58,1,1.0,0.0933,low_priority
4f034bd94f7fed8db5ccd4c79d393782faca8e9043663ddb928728911a5ac61c,1,1.0,0.0931,low_priority
0c92d516ca9946ff247e11cc4990300e235f6762901d1c414c2da1b99f1d23ce,1,1.0,0.093,low_priority
56e2f6101ae24f41e5cbe523fafa60ef48c4295745bd79c36da1bb49f9f5e37f,1,1.0,0.0929,low_priority
979afcdca7acc53649cac511a600872b750c10b17750ae62a3bcae51b4df6498,1,1.0,0.0928,low_priority
5548b493df2a31540daf7b530fe008ec8ed225387938004cea0fa3a2e384fba9,1,1.0,0.0927,low_priority
1805f5186d130788722c800b4662a8c7af2e6dcf90e7bcdce7774a9dafe70914,1,1.0,0.0926,low_priority
c461322b93a88b7e1fa3243dd2044abc7a83b0ea6cfbe2b9f2a8fc853f61a02e,1,1.0,0.0926,low_priority
66713af47f6bc44968790dc4b3139f18e00c32b0d55d911291b192c5bf918863,1,1.0,0.0924,low_priority
30d3b7eb904460edd2676337937c9e80b1a2ee4e8b63e8c8c76f5309ce88a84a,1,1.0,0.0924,low_priority
6d8a92896bda99b7451dbe770e86f6fd0f4d6b47491708197ce8751badfcd0a1,1,1.0,0.0922,low_priority
3a8cb852cf8a128235417d5c4b78e8629d5c7d21f270922eb9ac2a5b980aaf14,1,1.0,0.0921,low_priority
4dd5de663313eccb4500ae332bf6f5579d26084175af0351fd0088606d94c649,1,1.0,0.0921,low_priority
59a0719eae49e069cccb1a2c19e909fc8f6fe08d82fe2e8203320d2e0b14440a,1,1.0,0.0921,low_priority
cb2238b8b61938ec928e4dde6a1dec9f3e23c6c5d2ea45439cdfce07609bbc57,1,1.0,0.0921,low_priority
873c6d09330c91475515c0a02a276371d67de44cc582099ae9779ce284e44a0b,1,1.0,0.092,low_priority
c9f905f5ead8da035479d977fc61a134269b2836d2e21d6b394675a133190945,1,1.0,0.092,low_priority
b485c97f4693309fb97474bd636a960e82c6bfa698f821ed830fb380e8ebf2e6,1,1.0,0.0914,low_priority
ddbdf4816f3db380b9acce4288673a77b6c9a75616667cd4be07432431ddffef,1,1.0,0.0913,low_priority
0678aefdc1a591647abf4892ae2e551912ced88f3c55bca91c9fa4854bed9dce,1,1.0,0.0913,low_priority
ab2a17323e18d39d8c7398bdf13eca7131d6897083e79cdae63a73e88f1a8234,1,1.0,0.0913,low_priority
06cac8501788d939dc648896799f7cf1482940e7f8cb5f135d0d0f7c7c963127,1,1.0,0.0912,low_priority
5da9b4da63c6f60e0ecd7d37116de3045591932977daa29ecf5bc10771f97efb,1,1.0,0.0911,low_priority
be36f219dec2ab6d5319394e0a7a386be736af2c059a5b20f6f99a47c53616f1,1,1.0,0.0911,low_priority
e7b9813b5f110c4f72945346805b05e0a574e0f06f540d02639bd3d67e0a5051,1,1.0,0.091,low_priority
8edb9c30ffda52eadb47e600a228295eee36de564e4f3bbbadf415dbfe9d0130,1,1.0,0.091,low_priority
110aada0ab2ebb0865132059ac4930fa8fe0ccb04f4ce36dfd3376bc54185a49,1,1.0,0.0907,low_priority
a9b2918768d5c8e39c1f90ff0d432da028db1e39a7fedde1a047844c47446157,1,1.0,0.0904,low_priority
be73f9fc3229ee1d9aac9f76e2d4920b28a134e6a3ff2bad3fcfeea4e41d7775,0,1.0,0.0901,low_priority
c12f1573b84e934645589804617648dc322caac3bbb71b6269f589c411828ba7,1,1.0,0.0901,low_priority
b3a587dec2fb69da6a4b7173e7ff6aaa4d922943f7377a7774c9a187d7151792,1,1.0,0.0897,low_priority
01f784de489f80159caf0654c36aa7a2e9db7919623182e54bfcafefdd1a32c0,1,1.0,0.0895,low_priority
eaa94a37ffc39db4513db4ad5c8b3444434735929fe98160c5d8054be5bf2894,1,1.0,0.0894,low_priority
eddde57bfa37fff754897eeb646ebaf97f9c30bb478467572be49a93cf70325b,1,1.0,0.0894,low_priority
021d7b321df89df84928e4da9138c57131ea33423852be33af84781a425f8f40,1,1.0,0.0893,low_priority
357b55ba8b4fc9986ada97f18536cc37c10f7aefea0d339019ae765f557fa695,1,1.0,0.0893,low_priority
95d55d83b44a25862ee13fa61aecf7340f5134fa9a0d6483804330791165b19f,1,1.0,0.0892,low_priority
202a353a3ae4b75cbff0a1bb74ef7f0064089aeaa66f0e0752bced97b21c3e56,1,1.0,0.0892,low_priority
c6324662e2dc0f9fe8b8996837c59bb35ea390dc249df1a0598ff50d886928d0,1,1.0,0.0891,low_priority
02441a35c6fa5926367a96a9b293969f28ca5fb83a253ca043b296e6251af802,1,1.0,0.089,low_priority
3618e8dd1486f554e66384b5b48a44339084c3cf17c7a92b783f00f45308814f,1,1.0,0.0889,low_priority
95bdee811ae661ab8f9cce7fed752747b01d176b7862972a0b4f3738fb75d8a3,1,1.0,0.0887,low_priority
da643c253797fbe015f3c577db61253e856a32553f5cfc768ed0b4988521f9db,1,1.0,0.0887,low_priority
8620e8cec2a2b2c5dec8840365917cfebdd7ee2f36ef903f10d0d403c831d86a,1,1.0,0.0886,low_priority
f3086b30ffe33dc20b866758afcef7af6f9e9530924847b9b1c1bcc8cc46de3f,1,1.0,0.0883,low_priority
376034a5c96e7e1010c522fccb9551c709fed14e0afc33eb596bad4b0ea66e41,1,1.0,0.0881,low_priority
16cdd00dfbc96054c785fe583e964f197003ac5feffc936721555e3f526cd8f5,1,1.0,0.0879,low_priority
c84ee6bbf88e0f0d6a440c55a03122d795a961c97f03802de27e53c00e413002,0,1.0,0.0877,low_priority
a6f795d3accdb7cadb5de114de585acca67be64c0a6e12a8615da6616418354f,1,1.0,0.0877,low_priority
71f20369c17f2ba804f7b855f1b0832a4863fe83977a8e2ba9c0000e48bc293e,1,1.0,0.0877,low_priority
238dc949b2d5569532ad4e6d8eedd49c8ed7d2ec06ccc99a9894c95aebf0ed83,1,1.0,0.0876,low_priority
9ecebca424c686b633f2b5d5d16e6bff7b9443f6933ae87c7e10ee3a7b3e3e93,1,1.0,0.0875,low_priority
0bd3e33457b504bc3366faf6987ee5b5397955991d043660c3594f18890fdfd7,1,1.0,0.0874,low_priority
562cde8168eb830cd6b03ce9b2dbdcaae67953b18dd39137384aaa57b99672cb,1,1.0,0.0874,low_priority
dad5a76b01fdfb61d76be53fd4c29855e462b116889ecb06c7dc9a943702e1cf,1,1.0,0.0874,low_priority
ae4f065c89d097cf95757ad3954428028c6b7617ba6034b47828571f7d9df4b6,1,1.0,0.0874,low_priority
15bf5eb3b595926a93cf7adacb74deb9adb2abb8e5e67492d09285e546859f42,1,1.0,0.0871,low_priority
f1fbf471a42dfa0f7c7d6237e9f974bbb8e3fd4b28e8bf0b603fecc97c0119c7,1,1.0,0.087,low_priority
4d6b8fb20cb6d9053464135f184e98543605b0b072aef54e41531c33a473d657,1,1.0,0.087,low_priority
5c420caaa2bf5063eeadeaa401523c5c7025b6c4acc2188ff4a875bd43a8a3c7,1,1.0,0.0869,low_priority
41f2b93b6de9e1a8306fda301756a559056d89fd3bff5c8c9dad9d783811d429,1,1.0,0.0869,low_priority
62280fc448f4d10e740f4916203491cc4a2a8497fa23e0f25143188288096506,1,1.0,0.0868,low_priority
172cd9feb2466e9eb1e683b32fade477e8a169f487acadb58c36b5a94d3fae07,1,1.0,0.0868,low_priority
0f8d8bfdeeec4b441628a90d8db91babdda5fefedb6216cc936ea2786d19edad,1,1.0,0.0867,low_priority
46e7e07be411dad7071f14dc32ef9f8cbc260c33ab987509c73ce8eb86405cec,1,1.0,0.0865,low_priority
d0633c4336860ee4168bf5d6debf469edbee38db7a8a61de48066d28507e113b,1,1.0,0.0864,low_priority
cebb1b1193d321e1bdd72240d335c97e91f5c1d6f786456002ac63ce02cf8896,1,1.0,0.0863,low_priority
1f5a1c779c254bbbdde02417441184a0eaae96410c681a82a9675c1b71935b47,1,1.0,0.0861,low_priority
aba3b36e878eec548287552a8e891fa2e9414e723ec8da91c0b4f43857330853,1,1.0,0.0861,low_priority
4d88d197f25a37d38ea02b7aaf6e2ba98c645dde0c7f09d773aca384e6b839f2,1,1.0,0.0858,low_priority
3f25971b31d85af37c3d8c92db2107465a6a0b7fe7ea37cba0dbb545297b404d,1,1.0,0.0858,low_priority
e1a28ad8e195f6b6890a08a78bfc97c355b2ec06fda872d6ab324909835abd49,1,1.0,0.0855,low_priority
1a58d42ffde230207cff478cdca4874db012edcdb6c48ac6c45e5cce7b6386a0,1,1.0,0.0855,low_priority
06356a08f5ca4aaab4a0c30948659420b6c3b5c34c31615a5b202b35a698424e,1,1.0,0.0855,low_priority
2383e7282573349f85468295838d702665c17ab800ea60ae1a9c08fa50dd0856,1,1.0,0.0854,low_priority
3da8938d604957e6045ec6caffd46476d7ff69227f866e15f0b506c6809a4a59,1,1.0,0.0853,low_priority
25afadd33d44df321e1d3b69de1b23915234f9f43777ff857258752559fdcb50,1,1.0,0.0851,low_priority
b73a131f3c0bf293482265840a9914712c33dcb32f6f0d625b704c8a6938687f,1,1.0,0.085,low_priority
ecc49f1903d6d100a8f94cc1ad7181f70d26d30369f7aafc6cec7708acc41a23,1,1.0,0.0849,low_priority
44c4d6a7b305950f0672e8692c83b8677d414d6abe739efff11409187435533f,1,1.0,0.0849,low_priority
e0392db285a4c1654ff853460e6d9a9fb6f4c425870eb79e1254d321306fda6c,1,1.0,0.0845,low_priority
c3adfed3b695440d7197daef64b0810f5045a828dee95d5a6bce9396361b2dc4,1,1.0,0.0845,low_priority
57f2006247847e628459c17d54c2dea7327c95fa91be99269b3cc3d36774f68b,1,1.0,0.0843,low_priority
097d86675af16d5f54941a128e70d534ae214a30ad6d5e704f8d2cd1f602d218,1,1.0,0.0841,low_priority
24fdafa4c4e52cc71ea973e91a6b4b73f8e6b0801fb2afd1112d94e678fa740d,1,1.0,0.0841,low_priority
1cec02e8577cd85ed218a51fd993d82e766265d921771c4ddfdca195548a690b,1,1.0,0.0841,low_priority
b2ef53d3936a14c507aa5b7cedf83536cab0f46ea37348fa521013ca77571ad2,1,1.0,0.0841,low_priority
48d2d181d09525d8ee031647e68b932fa02748a2f578fb646122208bd218a7d3,1,1.0,0.0841,low_priority
15e5eb228f5454099c75652283cdcd84815b03acbc091af95acb7b7fed82bb8e,1,1.0,0.084,low_priority
ddeede953f2674819642124444dc6ae93291fda79e07bba37e1082f5fd2ddd01,1,1.0,0.0839,low_priority
23c1cc3c6b89df6fd3f1917555bb163612409f07c5e1ae74a430bb893c153b56,1,1.0,0.0838,low_priority
c2f4ebee9f5cee9f9732cf4386552325cb152a47780616b1408080e994f36ad3,1,1.0,0.0836,low_priority
44c6c0340a578d418ed41705ed36a4b9215a6247cde90f40899beaf67698c704,1,1.0,0.0835,low_priority
757ef1f5df48b31687d534822475c16a793e18885f68dcc7261636e1bea91f69,1,1.0,0.0835,low_priority
060809cfeff9c74d62c681ef3b2c316c7f286de870cbb2a604532aebc5331a40,1,1.0,0.0834,low_priority
e1d041b961d0999a25f8057511303ff3e5a757cdbae2634fa82241be88c1dac8,1,1.0,0.0832,low_priority
95a44c4efba3ecdf225df1bf38ff2d791be79cb9408fd099c55bd45a3cb88f78,1,1.0,0.0831,low_priority
4337581a7a9c069aa7c6d597f4c911a1e585912dbf0f8adf9295f9645a30b852,1,1.0,0.083,low_priority
8e961dd6edb39a4efe4a077faebc5c65b93856959458c4de11f053223b5a7f87,1,1.0,0.083,low_priority
ffae7b3fb0ec207159e613fb23edda663df20dfab067b7a342b3bb9e0c571a13,1,1.0,0.0829,low_priority
ad1b81ef822306f18108926d283d79d41dfaf08e9615fb07bd90bb3161b4d2a6,1,1.0,0.0829,low_priority
4135029474da92c9ac7686fd84fc7a6e95452b9de9878e5fdf45747c11fe59ff,1,1.0,0.0822,low_priority
ff4a7138e57c51694aaa6533c341dff4efe8385c539ade30ba62abdfb5600d45,1,1.0,0.082,low_priority
2cc4996ecf1bf5582d345e946484767b486435ae7d2a1d0f4e3b832f7fff4616,1,1.0,0.0818,low_priority
78e6c09574fa6aa2118c6f691767966ac6b3f2225fc2c607f2ad7a37b9791570,1,1.0,0.0818,low_priority
b701017ffec78e612107061a9b10f5f1cb6eb6fabf2f40d07fe01867e58611bd,1,1.0,0.0817,low_priority
6098d319707adffbe6e5ab77bde6cec4be5e2efad6c2ce17f46c41d594cc3d45,1,1.0,0.0817,low_priority
a2a657c642281479b98bc3114cb4c56f301473c0eb984d374c2b5c74261a8e57,1,1.0,0.0815,low_priority
e4b5beba582e261bd675d730e6ff84a8229496a7bc0f2892192427077a7689e0,1,1.0,0.0814,low_priority
f6c79b99740059aee1598097d3d532f159be8704776d02eab83096afc7a13aa4,1,1.0,0.0813,low_priority
c971d7b9c1c8079d5d563b459f1e191458b315562e3d7e9cc88f7eccd36eaf7c,1,1.0,0.0813,low_priority
3a8dacf184f632a28a8b4e7f35938f8458769388be87a79d35c57857ba2c842f,1,1.0,0.0812,low_priority
f96531d281eed56f7b8834f0784a7208ba6d3a240fc64035ebb2e78025041782,1,1.0,0.0812,low_priority
f2e6479de6c25dae0b08af39028306c7d05eb4bdbc2789f022c830f836b76e9f,1,1.0,0.0811,low_priority
1025a72da74d21d17429a7f5c84083ac2e9d81a6e2fa05f9191e21a3d7c46798,1,1.0,0.081,low_priority
2a2e13f77907e0864654a6a26049437ee807c9872fa7ebde3f4c2716d494a211,1,1.0,0.0809,low_priority
f337f7520c70575f83a1c5e2cd18d661bb26193c6a82285afdbcf6620015a32f,1,1.0,0.0807,low_priority
77dbbbe6b588cb39a358b1acf517f69ef5dba13e8e181653418bbd9dc88ab5de,1,1.0,0.0807,low_priority
c3b6833379260ce2af9f310800f6c707bd82bad3243dc596a5af0d30da641c38,1,1.0,0.0806,low_priority
ee42b4045e73e7660884a7b652f3710831417f100f8eb39636e78717d7d66898,1,1.0,0.0805,low_priority
e59cc32f9453a1b94907c2329dee3e1445547440bcb5663a5a0a771b3700ca1f,1,1.0,0.0803,low_priority
88cec729c75685f85d224d4f44465ca248761ff8a1a1ca1de9075b5f6c1675f4,1,1.0,0.0802,low_priority
507f8192fd4ae42d05434ea711c1e2b3c69988a70fe7ec210e2d813e36665af7,1,1.0,0.08,low_priority
7f1855ac5a09f18ddf8990288d82668616b3599dcfb494b23c80edf58c63ea68,1,1.0,0.0795,low_priority
8df9d92d1a0ac78cfd6dacc28dc4237af23957371d9c1cea96bb0e05c1589800,1,1.0,0.0794,low_priority
ae6dadcb113b4a56e07dcb9a10a1b7715024e065530876e7d659149f3473c489,1,1.0,0.0794,low_priority
56ee004adc1920163d3fc91aa7d6ef4c173082aed63c87faa258ea81eb5d608a,1,1.0,0.0793,low_priority
a9a8d8bb621d8bceb89776bb08187b659ac4ff0feda42a157b09aebb6bbbccb9,1,1.0,0.0792,low_priority
b6ae0020eff6a7fcd3a247cd3f7db1f15bbaca79f3016c2c9bd8c4f5968845bc,1,1.0,0.0792,low_priority
63db315c446fc2c3e75edb21836dea873801de28dad73bafd9e1fd3a39302907,1,1.0,0.0789,low_priority
98219f81d1bda12b8c7ccf8235841974c843f4358601236ff8ae1aa2e66fd236,1,1.0,0.0787,low_priority
93e444b44ce38fcbeb9c7f36809b4158e4dbbac5f2c9e83deabf9d8233ccaddf,1,1.0,0.0786,low_priority
8e0ded5b95d9dc679a6fa96b0654180bed242d8582f69d4d5e3a7343b4831262,1,1.0,0.0785,low_priority
66fe21c7807a86d1846db0a5d659dcaae94298b7b0157274d726cacf4dd47ae3,1,1.0,0.0785,low_priority
2bc19114114cfa9b0debaaa286a5a009f9042737d1f3c8512e912665f39d3a29,1,1.0,0.0783,low_priority
db0251c220eefc23c1d612c318445bbaeca6aebc14488aeb47fc052ba00fb644,1,1.0,0.0783,low_priority
26a045a45f481aa69b00542ffe779fd0987f1f8eb9c2e2719482df628ad3720d,1,1.0,0.0782,low_priority
3e13a0c942e3ffa95bb4d820e359f95e941a5546ff355c9c331aa3d11ac02e5d,1,1.0,0.0781,low_priority
a5318b1be6eaeb4ce315ed32fd13ab90f3ec587040749fdeed12e47f6ed96501,1,1.0,0.0779,low_priority
27b071278650c7733ce288f0fd66862045717bd59e977b32595c7504e2b9a64d,1,1.0,0.0778,low_priority
eba24602d3189e2a98055bc60c5fe4b27e76c00ada8d34f1002e117ed4857a22,1,1.0,0.0777,low_priority
2b742a6236471a40169a6a3c5bfd9b2fe78f57d65d91fd6d2eec81472ca7aa9b,1,1.0,0.0776,low_priority
31b697599aa92b13b9d77a491b793f95271a9369ac2dd671827efc829c683d1e,1,1.0,0.0776,low_priority
39d91770e4a5dcd858471241143e9d9a8eda4fca2a79bd61d90bab00a1f5f8f0,1,1.0,0.0775,low_priority
52328306bd4d20bb56ca1c9864e9b882a5be5f9e0eef85d04d4286970b7c2dbf,1,1.0,0.0775,low_priority
0f33bc5f1d5c06bae1d3aa18ba2996b510b422f5ccca11b4df226b0f54dc7c19,1,1.0,0.0775,low_priority
e55f9d9dd269c6c37260519e5fcd74db6f7f0fef5dd133304a3c348b3bacee3c,1,1.0,0.0774,low_priority
eea20ee18823a2402b7addc7c85ad5ecdc3153c2b8a29d86c0aacb3c75d693a3,1,1.0,0.0773,low_priority
a70769ba6f096a36be97f7735dd8640f18957e0ffba06f172d7c8ce84b984a35,1,1.0,0.0773,low_priority
569f21159d1003d0ede92177b0bc82cb3839126b8f048ee72d6f95d9166dc16f,1,1.0,0.0772,low_priority
0ac4de2d702a8bb791443ec52ced0370c609a5edd04cc6aa23da59f631652dab,1,1.0,0.0772,low_priority
1ad346a7570e5cb974824d4396d50aa21f175b2be99acaa2e658c2cb5ca69252,1,1.0,0.0768,low_priority
d59ede5fa9d733f03275736ba88561720125180155a9e941f32776d3a0df72c3,1,1.0,0.0767,low_priority
24d2957aba99e18a3873a987999816f7f1915515b58f8cfa10903ce500c72c99,1,1.0,0.0765,low_priority
b5619f01851dd0149eb60bf9e819fc7a2969c8349ed98d8d6e63e4d52ef43ab3,1,1.0,0.0765,low_priority
fa7fd0944329ac50b396789aa104aa4d0c610a5b63e4fe3ff29351b3b4a8575f,1,1.0,0.0764,low_priority
46bdc7c9654305fc889daa375141ee7a82f2910497470109bf22896e4e7c085d,1,1.0,0.0764,low_priority
e72937d34f488338cd0f5d9514411557a817f29677656e1aac8c3865ee22c54a,1,1.0,0.0763,low_priority
b0545af1ff5a5895ea64221938d548c57e3a548bb627e7dd078bea768ce3d809,1,1.0,0.0762,low_priority
2222328439d0b5b0c1195ba27d0626cf952c7d41ceaab86960e31dcad6ba1a46,1,1.0,0.0762,low_priority
7cab12c829d92850729224890b8fa4844385b79661ceb2510ed09f96bf1240e6,1,1.0,0.0761,low_priority
dc5f645a772b6265d33fea182c12261ea7f6ff50091d09da03ea1c5937c92bfd,1,1.0,0.0761,low_priority
fcf0803b1853e3bb5e634beb032b0e5ac25070434c9a751cb56621463a187d13,1,1.0,0.0759,low_priority
5b38ea66b01d649133dd9f9e73eae9f0844a3fa56b4db28564e8df7980970730,1,1.0,0.0759,low_priority
e742775d022324b981da0e017619e52e073fe0027c921eb177318e05c0f32fc7,1,1.0,0.0758,low_priority
e194c71f0d8ac395cb4341cacb093cbf8c5e10a08c74ee72d5f416ff0f55c5f5,1,1.0,0.0756,low_priority
c21d03bab5a066eec75cb14a5f3e5217c595ccc07c2038ead1590ac69642c4b1,1,1.0,0.0756,low_priority
d526363d819cc719ae9d1966d3636349b12ced4db0bba1f2fd2845c83d8b94ff,1,1.0,0.0754,low_priority
aeba203046407bbed22c83c13fab8c4809a869f11c7d89eb047961366f150d68,1,1.0,0.0754,low_priority
13b0745667a8e85d5fad5460db9cb14f38af64303d4148fa3d8e110c6804c2ad,0,1.0,0.0753,low_priority
d8bc337efff63a253586b3e4a1441a7b3473a01141bc41e52cadf1aeb237e588,1,1.0,0.0753,low_priority
033a0b1c03a5e14933433ad61df6061c0f6acd1b8f1c77c173752766f775d82d,1,1.0,0.0753,low_priority
6ec8e77d4543c0aac980d29fc47d982cd2242711d5477c812f2ea3b949f2e7ee,1,1.0,0.0753,low_priority
32ed3239a77eb8eef1dfcc2296eac1368d30ecc34cf0a8f636e3747f9651d42c,1,1.0,0.0752,low_priority
b13d4e43e6ac682a1f6541ad2737757c04cf93ab61a648cad1cd32abfd7eae8c,1,1.0,0.0752,low_priority
1eb76a0bfbcacf99ccc2616f455e9325d9e738307d662f79b6b727ccc239582c,1,1.0,0.0751,low_priority
6ebbf740f2a1a36d33b86cb09d6b59e1d59b44c8eed8beaf3b42344b1bc2a31f,1,1.0,0.0751,low_priority
c7a97f9b3c9cec10c262fb886a034ddfc93b84ee34d66696e136bb8e176c5d8c,1,1.0,0.0751,low_priority
2d628e289f658680c2699576c80098b83be7fdaf1d745787bfd2d0e2e538324d,1,1.0,0.075,low_priority
c7f4b3eca55cb7ee6fa0ba6e9a78b9d85f14f7dcf9f98611dacfd354d634a243,1,1.0,0.0749,low_priority
37c20a58fc3a02225ef356a0eee65c797ccc6ddeb1aa2082b77295bf200ee5ec,1,1.0,0.0748,low_priority
99a11e33a8cde6a70c239dd7871e4f1c439b5932888611c3097d25c8e209c62c,1,1.0,0.0748,low_priority
959375be7f3e50c697ff42c75122ed65a4429a56717e7e0308d01d97f8d40fef,1,1.0,0.0747,low_priority
2ab529e30900ea64d470035e5c9788485bc9830d19094966f3982d6322723cc3,1,1.0,0.0746,low_priority
c4ca0f8bfd0e0c11653665b947c96ccbe5f8f40e1d52076ba2d3b5e75d57903f,1,1.0,0.0746,low_priority
fecbaffeccb082f5956c4404fc28eb2beec39d63415da1f12acf19e86bbb0589,1,1.0,0.0745,low_priority
a31c80e42b25e5bc1444e03684b528340d6bd5752a7cf9cad4ced84cd4cf77d0,1,1.0,0.0745,low_priority
d4b5610a01ce360eea5061749f7c1ae3a8fe16f3f4000c01e0df25659e7cd284,1,1.0,0.0745,low_priority
d76eb96a2e3a034cd8463607c7e32b2cbf0fd92eed61531c1139ba075157cbe2,1,1.0,0.0744,low_priority
9c9d815d6e3e8044cc70234017ce87fc16e8c9e489e52c89a7f2f6e6ae992ff5,1,1.0,0.0744,low_priority
ef8136ffa05dee29500c274c8c3eda20be0f6184606a3670a1c1e5e63f1203aa,1,1.0,0.0743,low_priority
6f9bc71fd04825734e4e1193948b05cfb5b4ca2226e7a08d7f95ada061874e67,1,1.0,0.0742,low_priority
5c359339da8eb8af872fc7642e587ef8055d28a279f38c67d9f66eefcb5de836,1,1.0,0.0742,low_priority
ccd1b812bf4376fba440bbf0ab476f6310862d26c81461ff337476651df9a811,1,1.0,0.0741,low_priority
c7c16dd8366c888cf68b74ccc4da80f9d47cf61ab9b4e8c81372521ac04469cb,1,1.0,0.074,low_priority
46ba53eeb7d1c039a35582c7f41d4b74a5594cb7685640af66b19b7c46c5fdad,1,1.0,0.0738,low_priority
0dbae5773b5015b600a48fd6291d0932afb49dddc45e2128a54335cfa16305e0,1,1.0,0.0734,low_priority
b6a4032bf968fcf1867702c61161c14f24abc481953cd13139f291c6df919053,1,1.0,0.0734,low_priority
8bae97b2096332dbf3a00ef2d86b49cff319fc52b0cb26d5cc047e8f918525af,1,1.0,0.0733,low_priority
10bee872ac09e3e08453aa6737835240b02b73b339baf99c9b0deb40aa72fe8b,1,1.0,0.0732,low_priority
e7fc0488c5fcf1e9e2478b1ced86712fc7b3de056fbf3b08b2537159ed33ba05,0,1.0,0.0732,low_priority
7d1cc7c18c6adee38dd5d445a37935b428fba56f67bdd6c055e2bf897781b640,1,1.0,0.0731,low_priority
78f427d034c863debd00e36bb8d7824c946c9d34e6a06fa74b9bf6b906e1758c,1,1.0,0.0731,low_priority
c145db1a5e04972d0ee6bd2ce667ce43d2d19fe7483e0e41a96fecfb87f94b54,1,1.0,0.073,low_priority
a69d42512e54a1e5ed1cd00d753733dd1ce7ec68915d448e9c01a2a40a0c9ab7,1,1.0,0.0728,low_priority
aeea6fe5227500d19072f7328e4c397beb894e4fd53c0d6fedb6aa9aa45b7274,1,1.0,0.0725,low_priority
3615c94d123cbb1af9cc51a327f8ec0df80d0b4ffec8364fdf9ba03c8548cd3f,1,1.0,0.0723,low_priority
86708482c3ebe96e4c790bb30d87233290cf009ffdbea49eff6c4c940bb6ce0e,1,1.0,0.0721,low_priority
28ec8c3d462c0ef2a9d827f3fe65caef06f81573d63e64c0c0bc750acf99b35e,1,1.0,0.072,low_priority
db47a66514e93ac905201a5235064d3847bc8424728e606e407910321ea8a708,1,1.0,0.072,low_priority
859e041bcea003516e09aef9dda49ab553cbd2d335b703a31606a0e2f95ca92c,1,1.0,0.072,low_priority
163388ec85c6e4a8ceb29bf584a1dee5ea24221d03e7d6ded82cd6118f25b0de,1,1.0,0.0718,low_priority
1343fd4a32f54e31cc9608af89670fde48c4241c07569fd741facbe40c1948f9,1,1.0,0.0716,low_priority
4368e382513c335f8b67307236f1246de5b974f7bc84a96cbbd07d8737c785b3,1,1.0,0.0716,low_priority
54f350d65626f062bcb5b6602cf0961c63bb950742a01aa3f750aedee96647e8,1,1.0,0.0716,low_priority
7ebcea8469d008ab183f811221e620e977159bf43664d74de4fc1b949b7c0ac0,1,1.0,0.0714,low_priority
f43301f6d64792e1283df160005fabf0d40749c25a2d086ce83a08907a81debf,1,1.0,0.0714,low_priority
5d54a8d97f833f690cbf5625e827c938c9abbc5c7693db3b4d0445dc21ec1731,1,1.0,0.0713,low_priority
1bd0ee505d5515836f7ea8d837c74c998849fa52df10014754960712637b207c,1,1.0,0.0713,low_priority
e8b49f08970bcffef363456eafce77a612bbb8c9c0645531a29809c05433a01f,1,1.0,0.0713,low_priority
7396fba3b40b21c06de35bdca7212b8b0b37e0a0fb70f3bc75430f67932d3881,1,1.0,0.0712,low_priority
7161e5ca2b1e38f8f9206a21c9140b7a5ae3d14831d313403b3ae1b37218670c,1,1.0,0.0712,low_priority
dad39ca49cf84dadd458ea40903d2665f31c756d45497cac7d6b9ff3ed471d8a,1,1.0,0.0712,low_priority
e86455ae7bec0f5dc36a57c8f1ebfb926b1118c12ebafc1bd9a5f0960b5f1a60,1,1.0,0.0709,low_priority
d0a2c327bdf12e009a93f6e273714e87bf4ecbe899f4cba8b3306d75ed24c9b0,1,1.0,0.0708,low_priority
b6e87f31a834a0a869e6f5ebf324b11182f2b6ff22d64612b365ef264bf8dff6,1,1.0,0.0708,low_priority
4d2852c1bc34015a6b46e34c63797d5b6197150acbf263358b11cf1e1e711f76,1,1.0,0.0706,low_priority
2199ca2a652bcc8300ad9abcd0161efaee6a5d216ca1104f4a6fcdbee8ee97ac,1,1.0,0.0705,low_priority
df27358062af374a50ecb441c5163cbba49c462854b45429f47506da5e482332,1,1.0,0.0705,low_priority
38a6982123af24589643c13beaf9e75773a4d36093b340c411a787ac9ff34399,1,1.0,0.0704,low_priority
64c7b5917b9dba6f6528073da2d85f50404222965ccdea934dd4a7c0c1c3ac02,1,1.0,0.07,low_priority
09c0ae740fd386a2ab8cd5b5c9885aafbb0ba9922ca53f2848929f73aa816e53,1,1.0,0.07,low_priority
5dae3a0b63528a6f878ad8f38795e42cb7544b8b408d9da025dce9dad137bcdc,1,1.0,0.0698,low_priority
875aa35dabf7b152ccc4786d60861a12041ba30fd913d2757fc5c2fbe6c0b111,1,1.0,0.0696,low_priority
5aa6d953d1b621dcc9e39d708f085d81ec867169d31fb34b8a00f631aa4e8f92,1,1.0,0.0694,low_priority
7a3ed9fc56511440040139a7afaa498dcc8146c8520568f0ead054cb17dee5dc,1,1.0,0.0694,low_priority
8cd0c0ce61482a9956273d6bb0e895bcfc6224be2ae49b15adc0d3c34bc6fc41,1,1.0,0.0694,low_priority
a31db860e5f66a52bb179bf48a7df60ce3b345f186a338add8f79cbadec1b609,1,1.0,0.0693,low_priority
fcd2652f31417c1ff16920dc6dc967202dc46fc3834b2a9024ac80f0ef6f13ac,1,1.0,0.0693,low_priority
bead3da59f19404f9df2817f6cb54885453b0d55bcf6423cfa9c5343ba412b35,1,1.0,0.0692,low_priority
9409662348b991f935357710f4664c4746af776eb3deb0d2be5d23937065c2be,1,1.0,0.0691,low_priority
416601ef48b40a62ff068b23db326a75b1508dce7fb4ad725549c19ddc6431af,1,1.0,0.069,low_priority
a8e335d3ce18d7ec9d3bfb3e6301b173f0f92110c04e8299412710e270198c5e,1,1.0,0.0689,low_priority
784406a96961fcb9da795f17097f86f14f14ff6124d0c6ae7875fc918aaf1004,1,1.0,0.0689,low_priority
c8a285fb039753bf9957682b3b7b200a932f195a1ae60b1269465c59f4cff411,1,1.0,0.0689,low_priority
b70057124ea541d1867dd48f5081f2bb23016b79a17d31bc84d5ca48561e09fb,1,1.0,0.0689,low_priority
ee857856ca20bd230874828fb43cec2ecdd7af67890bf07c8e7236f237562d1f,1,1.0,0.0688,low_priority
38a07bc00f1e5aaba23c354494c4643e98039388ff21a23c35171c1db8ced507,1,1.0,0.0688,low_priority
57276a18aae95f08a48bc835755141d0817251e92828e856a4231b4167e084a6,1,1.0,0.0685,low_priority
50099494411e61ce8af011ba6f1a987fdb16e253c181ecb47edaa1ed68a2e280,1,1.0,0.0685,low_priority
ba89f599c0431690b7a53b03a96d2c4d9df423d3b5d3573cabe42f6e4d118f83,1,1.0,0.0682,low_priority
ac20dd89892249e22915720aac56129ddd5348d7ff9b33cb96e7a066dd9339ce,1,1.0,0.0682,low_priority
2de6f8f64c54c23dded2a454c2b8bbf12d87651c27eb1799eec54a1887058ac6,1,1.0,0.0682,low_priority
7724eeda0b10f23fd6f9252e565d932c23eaddfad5075d81c9b24eb2a3e31ed7,1,1.0,0.0681,low_priority
634075512588b1f802595e576cce0ff0eb4310cc66c6e09e0b6a3b0a55336d6f,1,1.0,0.068,low_priority
baa6a6361687a48522325447858d4b20d8edd685744e7551039b0b11903b316f,1,1.0,0.068,low_priority
a757b9324061dd8fc733982d719d936a35c93212a027e2957dba084df48e9396,1,1.0,0.068,low_priority
15b5f1ea801ebd5f4299877560537e0949ef7fd4c03ce7d95ad692c833669955,1,1.0,0.0679,low_priority
51719933e22be3f783aed3a6bd4f84c2afed8aef9b486a319cec64f07ccf2e4a,1,1.0,0.0679,low_priority
1afb1dd51079005c1d099035ba9d4751dc23cd993665a56dc69d63fd32049c49,1,1.0,0.0676,low_priority
b85c59e9995572152be0c7f62ab1cc8038057b0a1e6b5e40d69af39a92e7d726,1,1.0,0.0674,low_priority
ea87529390fb39bdbf47e75ec401368a4e8fa2575dd10fb6442fcf8464de24b2,1,1.0,0.0674,low_priority
607bcbf687d3b00e9bbea31c6ad25f3251b10fff550d41ea20d7c90f2f955792,1,1.0,0.0674,low_priority
18436bc4ae81a46af5df551d6fa107b306554e6239b4f07631a601447074f4e7,1,1.0,0.0674,low_priority
b9051c7053c36c61eef901038952dbda36f3920b6ffc4fa62093c1c6d6bfb802,1,1.0,0.0674,low_priority
cec801e6ed3cedd05ca5045f76dccf8b4a0b278ae07e283756188ba7563963f8,1,1.0,0.0673,low_priority
591e736d1914ced3c50496e2abb66d9bb626adaed0c541ca3f96424fb1eb62aa,1,1.0,0.0673,low_priority
8352d185a90879cca08c31677ab8b1c0553f42bdbe020b5bfbda4de5526fc7c7,1,1.0,0.0673,low_priority
18becc35d684c975e534886463c79f2a366d1b0e78ecff0d297e6a7524bb6660,1,1.0,0.067,low_priority
57630d367e914ed2d677ecb7e4f7b05d64dc001e194eb68baef8454d4e8261ff,1,1.0,0.0669,low_priority
72d9b1d3f1ccd284e0358c99b17e0d8af65d576f238843b7389b4f757862db89,1,1.0,0.0668,low_priority
885bfc6edb00595b0a2f94f8c72064a091f74b465fe0ddb4ddc2323badb56a9d,1,1.0,0.0668,low_priority
4adca7b6a431190f25bcd7843f74e5cf73f066f04617e5aa1075cc5b9874d5fd,1,1.0,0.0668,low_priority
531a26d53b49887c2905aa83955e9e9d26b30f8bac2c751a9bb9920a62007fbf,1,1.0,0.0668,low_priority
b1c05765bdd46d733c2a924111f61219b97f961fcfbf7e8a5bf24cedc7fe54d3,1,1.0,0.0667,low_priority
3496a21411586ea5051ac389b8a06eaf2b517d8294bf5cf326bca2135aee9096,1,1.0,0.0667,low_priority
b4cf160f6943e57d92e45d55434a572b2f44fa0939d17400885f6207c64de43c,1,1.0,0.0667,low_priority
e3115b776aa524d760648223050e1a4a9081b6c280824fb69930272324fbc94a,1,1.0,0.0666,low_priority
50884a9c6efe377aa1b16cb7b8145db97f252d60157975204d116f5999607232,1,1.0,0.0666,low_priority
5ff96b0b15d7833aa0931bdfd06753ea19df7d3368475bf678f6b2c4ecd0e3a3,1,1.0,0.0666,low_priority
b233ebdf291795d9942c0927b7ca62ea0034021632301d80ccf52f66c5aa96e5,1,1.0,0.0665,low_priority
be1ba3efb2c01f4cdbbe1983e944411e75be617052dbb5731415111715b868e3,1,1.0,0.0665,low_priority
3d04eab4761577a46190af81423b42eb5db559efb205042c6b70110873fb3acb,1,1.0,0.0665,low_priority
f4800afc43b029c1ad82058672aa63c8c9daffc5c2ead4621bd7896794d60e6f,1,1.0,0.0662,low_priority
01316d14990523d9041b7e1100060f07a6b29de9ef240f006287580192ff2195,1,1.0,0.0662,low_priority
40c3f24254c1da941b8627602a714f4579ac7a53a8b1de2fb8d81dd6811e4786,1,1.0,0.0662,low_priority
e3b2c16c36129a3570f3d9b1b940c87c1574f8b93a3a127cc8390445af747e5b,1,1.0,0.066,low_priority
60150acde2736cd85a463d91701e7b01ab90f58a9b1b81e857894bb8596cbcf8,1,1.0,0.066,low_priority
10da0557b5655bddc15307be56d206333d5b328513780f613482702d4cc942f0,1,1.0,0.0659,low_priority
382bd01667a8a7ab8fa24becd60d318e3422179365fe740b804bba0652fe3582,1,1.0,0.0658,low_priority
085c0ce0b86b2b5a449aab259edeb67b3ada64dd4c9e506f0f3a6cc5b4b0127f,1,1.0,0.0658,low_priority
6d97b61b4d33b3c240e97857b20ca67521aae2685451850e9eac8efab8f8dc2b,1,1.0,0.0658,low_priority
1d52c55ee6da42bb4023dc8d9a7d5fdc4eee2e231621ada241d8f249c1e19411,1,1.0,0.0657,low_priority
5631ac525276a7cd554ac8f6c723d5a1a54c0c8f20488eb398a4463a1ce6e577,0,1.0,0.0657,low_priority
fc7948e81d9e485cc01abd7d177ae7d19ce1b7c0ae126589265a4471ec554b71,1,1.0,0.0656,low_priority
d733ed83eaacd4d409b2054c113ecbf9d03bae38babbcdbbfeddeaa07a56ceed,1,1.0,0.0656,low_priority
f96bcd6e0a09b9d2cbeec58a7561efcc467b120da76f74e857ea4c2c8580d539,1,1.0,0.0655,low_priority
383f9f34fb7e30f4b9549819ff79d36b5954212d993ff6cf3a563730c4cce121,1,1.0,0.0654,low_priority
9eed660b8e1f1bec4dd27adebdf640860c249ccc4a9a5ba10c1124c3d78664ad,1,1.0,0.0654,low_priority
ccc78d504abe09bdc0ef951b54416970a9b350429a22d5d5481522b9953daa2b,1,1.0,0.0653,low_priority
0046e4fbcb8764e6aba84e5e48fbdc0035b642b0a1562c56a06411a83004436e,1,1.0,0.0653,low_priority
9b7c409e7720361014b38ed3681111978a03577dc2765a5b8badcf4d34dc55a0,1,1.0,0.0653,low_priority
b042275dd092e527ed5ef43852dcdcb04b41a3b22bfe881266519f466978049c,1,1.0,0.0651,low_priority
10e9a45b2009bf321f3e0a215cf6e5e3599525cf639e67b2e6429db0513a2a81,1,1.0,0.0649,low_priority
de2e601ed556156a70feb83055f18a424c187546ff2f0fab7b392f399fc9fc37,1,1.0,0.0648,low_priority
3d34b8f0d5f4e99d549d720e3ad42b8fe563b74e1db87637662ce0142b925e21,1,1.0,0.0648,low_priority
f92fe290937c95ba412540032b59ea4bf56eb5852a441932737507d1c4134ef1,1,1.0,0.0647,low_priority
73d16c3bd1bb16e923f5ee5d69df604f9fdf704847d96c0aaef0b2ec8c663292,1,1.0,0.0647,low_priority
26908691c868ff660b1eefdc0c1ee4f3a3334f30bba5ef0e73c604a2d5210f66,1,1.0,0.0646,low_priority
138300bb11e1c3f29c467c40997c706f5f144a11b580a6b2f4308736f3e0cbd6,1,1.0,0.0646,low_priority
6fdc7b71032425ca96485ab83f93cbeeff54b53affab9b83cac0501f989b48d8,1,1.0,0.0645,low_priority
59ea508097f6e3b26a7473934154144c06b1b1b89c16c1fd82acf7a451a028f1,1,1.0,0.0645,low_priority
0f9becdb653c9e3d2c2ff1e713a936a21fb8b561e02de0602a17f384548b5775,1,1.0,0.0644,low_priority
492165dadff7abb32c5172b0a342d8146d6fa41e78b3a65c1edcdb6e4ddd02fd,1,1.0,0.0643,low_priority
bba05c097a5ade9b9757d595bb545f5135ade18c9ec12d08e57194b4e44ea9e1,1,1.0,0.0643,low_priority
a008c6684120ed430ba6b164e432bd63fb77c091a4e0e0db6cbfdd772ebaf1a1,1,1.0,0.0643,low_priority
529a049b2ee370fc7ed30eb6766c5b4ae4fc5c70ec32af1ebfd99ad725e0dfe4,1,1.0,0.0642,low_priority
8919c0b00e2eef22bbcec55f68e4688bb8f002edbd6f84dfd358817b1608e908,1,1.0,0.064,low_priority
88e1deb70db1ead11362f18f33d025c7c862c8b62aaaf18198b9e358ed54872c,1,1.0,0.0638,low_priority
4e2e070e1da6dd61b7efdd7374b46da4ec929295dbe2fd3a75910deb842390e2,1,1.0,0.0635,low_priority
f1f603f4a17705bc97994fff470e546a9c4e9a4e7a5224f954c7e035357a7326,1,1.0,0.0633,low_priority
1560260625e6eb6e0080e17ef227f50f039fc76b02c744fd5cce22f7347fb074,1,1.0,0.0632,low_priority
91f069308097494d346d5f3ca140c38248504c2a1f42353e74fc18c1d2b4494e,1,1.0,0.0632,low_priority
171499e6101a43277cda7d605124995e44d4447bf3d7e5f96627a1421e5dcfd4,1,1.0,0.0631,low_priority
df28e812ae9927eb7925b4109562121dcadd9ed86fec8762cdda800df40d6373,1,1.0,0.0631,low_priority
4dec91352f684d1fc88ea91d17d6808ed4a49dd962abb72c6628f92a0aba9a2d,1,1.0,0.0629,low_priority
f8d29764c836ef76ece0083e9b1644905944feac2c25d15e0d04da7965b770f5,1,1.0,0.0629,low_priority
1995210e57f4b33a5b0c99d398adebb0e0905f125dc61be256f6754b1354318f,1,1.0,0.0628,low_priority
a7b596e860ce84baa36f0b097a34766aa6c37a4492f5269e2d878f194803bae5,1,1.0,0.0628,low_priority
90ff3e524419a09b9caf86d1d9b7ee3a85b655388e744112998a1d11f6cd742d,1,1.0,0.0627,low_priority
3a8b56e6dcc814d0a9146e000a76c001e3e64c98018b5f627f02f2ff1d611028,1,1.0,0.0627,low_priority
f0a4d70f4f4477fc3bd144fed10d78d5ff13d8fc59f9df1e4e755544d723d1a0,1,1.0,0.0627,low_priority
0932ac982888bc64175486be3d15870d824ad9e7fec14371e0654788e777e689,1,1.0,0.0626,low_priority
fba0f7e8d27b70bebe68feec93762b31c5b08105aeda6fb820a9cd9544c63bbe,1,1.0,0.0626,low_priority
040a19f4e6ba0ed18f061218c95508ea202aee78ad08d36a109bec00e374e89a,1,1.0,0.0625,low_priority
eac3d07cd982d16a2182c5fcbb7af13d2179e16e44f3a3addd7fb49940444250,1,1.0,0.0625,low_priority
18fe0e0bc7d2057f4446de2a34eeedc7394c5379ed22b351df28c439fc2dded1,1,1.0,0.0624,low_priority
8fab7e8b72d43409667bd6a8084f6065bbee9a7b6c42db4b32d11238a429916f,1,1.0,0.0622,low_priority
9784fa06239f107c999fe611f3353de25c886cc832638d70a928166d9cd4ce47,1,1.0,0.062,low_priority
049c96005cea2d5887674fcb39d9ee6a929fd5c23838fa156579c5d711004999,1,1.0,0.062,low_priority
09a30df0056ccfd7a16fc39e3b17d87574a28e32bc0da222dd301f1f820520cd,1,1.0,0.062,low_priority
9ac9af73d6f7ef9a7a122fcdc7dc8870f15862b6182d81e6f433ba752eaa8212,1,1.0,0.0619,low_priority
fd8e54ab717e1eaa91a323cc6293e72466dfcbcdb7cd93675edbe769dddd0b0c,1,1.0,0.0619,low_priority
ca644fcfe8fe5fefb36c7dcaaf470c9a517825c4323e9c802db2334d32d8d43b,1,1.0,0.0619,low_priority
5dd00f47f7dc688e1be4f0075233484ff311b644f4d1a3eaae16017b15e5ad3e,1,1.0,0.0618,low_priority
f3f2823926380b5e1aef438ae1fbce94d951c2773c659c2eb95cd9fe70cc2fdf,1,1.0,0.0617,low_priority
dc87aca0c064a932d9502146f8364e660441859660dd727e1575b3e457bc3683,1,1.0,0.0617,low_priority
e639f15eb7eb5ed5d0a72c3429f6a91107aa7f8580417ee5c10c99c85cfb914b,1,1.0,0.0617,low_priority
0d85450d127977da6a8ced8456cc98066604f42e25814511a7e10e1bd0caf7c8,1,1.0,0.0616,low_priority
3789c406d1f04de58c5a970ecb8a558a088838393b088dbc46286ddfb661668c,1,1.0,0.0615,low_priority
79e06aac85b604675c37ed1c1fe02fa3d241db691b42674e21585dbdc84c2f15,1,1.0,0.0615,low_priority
f58a3aa676da3d4bc4f27cd001e35231757f87824432bac10ec0f95610d8388e,1,1.0,0.0615,low_priority
8db71d3cd306933a2e5093f6d1ffeb30726f79e7f7ec3570b9805dab5fb926cf,1,1.0,0.0614,low_priority
3a7c2d9989851b38596378397766e6b7b327d00c1d2a9fd4a938b811c9aa3457,1,1.0,0.0614,low_priority
44baf21d8820815ac0bfda95030df4d4a4eb74ce7844ae61ff200d22ceda2f25,1,1.0,0.0613,low_priority
3ebaa8391c0a51c30f7dbc06b7432b06e517eba4a48251a1117d087913c73b48,1,1.0,0.0613,low_priority
751475b13cd3937fa55766324cfa8076e1f2aa3b3c4694b23a81d6e4fe09fa86,1,1.0,0.0612,low_priority
5f04ec081f77c2dbe37041bea2d0839a89afb45b9717d9dd91f16fae23b0cec4,1,1.0,0.061,low_priority
cb7795b05d485fe48775d19da69cd108806309e9d0a35b923b9f09a68a43f686,1,1.0,0.061,low_priority
7d031ca8b70bb8603f3c5f95a20ccc5059bb184c425b35008d29321824928784,1,1.0,0.0609,low_priority
c0c47283584560235131c5d4778aaf8b49be4a2e83ce9dda6042df3161ee1e48,1,1.0,0.0608,low_priority
c1cdcdea14aefef18dcd941f8879c9bd6ba61415e553d011f4ad3c71c2466eab,1,1.0,0.0608,low_priority
56b6aa2b4c231f9816ffbd8a81e25957b8b99b198f6ca78e72ed5d940537ad06,1,1.0,0.0607,low_priority
f1c6650e332f73d88b7dc5f54b06dc5276ee31fa00da9c59da754fbaf219461e,1,1.0,0.0605,low_priority
b72544a4eb9dbb509949295d679e3c05a222dac5d2e2b2bc9ab3c31cb33fb5c3,1,1.0,0.0605,low_priority
910d38e6d557c296179140e24a05df5f03d35bd38e3fe7ed333efe0b5736938c,1,1.0,0.0605,low_priority
218ba6795a3fd5a2457246589c55f9b898879607a129cff3bfe627174bbd2781,1,1.0,0.0604,low_priority
9c4784dc85acd26a88303329d416e4796459392d630910e555e8efd99e54a78b,1,1.0,0.0604,low_priority
3994a1f8f35df67931b34c466a5738c9900340e39e50eb7b9866976c51887f0e,1,1.0,0.0603,low_priority
eb70594006a442f481e8bde069b405a4e92b83a2e1e279b4986882ae944aa9fa,1,1.0,0.0602,low_priority
8ccc258d308a93b5d1b5bde4b2367a77cd5d4fc31ffb564d1566b614b830d283,1,1.0,0.0601,low_priority
a698c932ad2090151fa4648e4165b3011f3203ea78b920bc33b4ebb81f5c79a9,1,1.0,0.0601,low_priority
09527a1f6d36cd9937bd2682f27c4f27407ff3d96acb37e4d2968375a78bcbb0,1,1.0,0.06,low_priority
3f529ad9d970fcaf9f90843d4b6eadbbb81d82d39f676c53a68a0884f16ad2ee,1,1.0,0.0599,low_priority
434afe5fb1f0f89a54d87c96448785cc8beb3c101dcd0b3ceb075a5669afdaad,1,1.0,0.0599,low_priority
663c078aea9925b47f28e93231aadeac1d7f0b02d7b3433f5d934fc9910e10f2,1,1.0,0.0598,low_priority
60d0c43ca0f7bb171e01edba0f959e3a43af5573c13b7ffe2758bd3110811e97,1,1.0,0.0598,low_priority
3ae174eb1fa4ed0352b3f29b4e20c26f1cc00f455ee6a77d4c14a7563871a14c,1,1.0,0.0598,low_priority
acd085fd247a6715b88012900d91360ea287096fdd10c085b267f9c46a9a28d7,0,1.0,0.0597,low_priority
7a71ee20157d4e155fad0687b975916b2b7dcb1d509fe3993aa9120f9bb519a5,1,1.0,0.0596,low_priority
dc90bbd4f0d3716aae03c3fe7840c3a7ad012e48be2743494909101717771309,1,1.0,0.0596,low_priority
12b3d5544549feb00af96f49772ce79fe86a11e47fb8b62ae3a433fb92b10433,1,1.0,0.0595,low_priority
08389c3c9e3a40ee469db18338ce6c99759b054be59d1de044f638370ebea873,1,1.0,0.0595,low_priority
0063744c055bcd56dedca713b13a8b67f60ee1b4497cc3563a3eb8cd2669623f,1,1.0,0.0595,low_priority
1e2a75096e96ac9b96ea64ae0a6e2ed37ad06d50f6cdf700dfda688cf5b76426,1,1.0,0.0595,low_priority
c14185974fe2cde8ea7fe0ab6519fa2e79c9486dd4c90ec03265f171bf2a868a,1,1.0,0.0594,low_priority
18e22d6b11b43202947a04c7ab8ea589c4d0c89ca2e6d0a1ad54545d91acd22d,1,1.0,0.0594,low_priority
60f4bf832725ef747db3824fd1dee2b974662dc6fd1fc7c51dd02c85e566226c,1,1.0,0.0594,low_priority
7464e5eabdfb5b9037ea1f60b9afa317de0488919a0597fb547b3c6a04372fa6,1,1.0,0.0594,low_priority
9e6420f5f824bab96d0c713c9b119d2779fee24df1079926bf1e7bcb28876ae4,1,1.0,0.0593,low_priority
e36c97e1120a5240835f0ea0de5305301ab26a656c477f366f2bcb38c7ca2212,1,1.0,0.0593,low_priority
e53df8c52352793aa5876021adb8c50b3860c21b00fbce4d4868ade0a184c0c6,1,1.0,0.0593,low_priority
8a5f3eefbed0bf2a898ab6ba2779286dd7b65c664a42174750c045756682d92a,1,1.0,0.0592,low_priority
b3b86f3471e691fcabb8982a569d42aba74215dfd7a8b7c5a9dfffb27d7bd228,1,1.0,0.0592,low_priority
76268dcd610a3d1cd114236525c74575ebdbc0f335faf785d7aefc0f2150b31c,1,1.0,0.059,low_priority
fe34a2e1320a5618dcaffe9b071498c61841e11e923b87a4eaae98c91d96236a,1,1.0,0.059,low_priority
bf94007c0a09edfa065a4132990a3b6a8f1b7d0b8387dd973ca88484488f657d,1,1.0,0.0589,low_priority
d22fc7dac305e9ff1a9c35ff8ba7e8958495a7c17ffdcd71145571bd6bcc051c,1,1.0,0.0589,low_priority
2c1a98b54ade02929c69459a8281687dae65baf5fb3c392a5b6bd1f7c25553da,1,1.0,0.0588,low_priority
0824b33fdbf9416b25ff1ddb36b620aafebf005a3ef8f1d01cb7de915601ba03,1,1.0,0.0588,low_priority
5fa11db1808d34d0036a745d1ba9ae1ac918e22b760b5696ffd9d25278c15758,1,1.0,0.0588,low_priority
2ebdabcab9d1e566d9cd2c8df5e1a5cffcd46b563d865806bb720c80ea013f0a,1,1.0,0.0586,low_priority
190ba9445ac1b42c6bc079be6e3c83146323a1afba67e4aa6a8f0d17ac906cb0,1,1.0,0.0586,low_priority
5508e5663103a274fc9bad332a4e3de6c2fcca285feb5f6315df5ce79d50dd1d,1,1.0,0.0585,low_priority
d9649979d56e4de212280c6c5bfb5f9f97d86b78aed24af37ec48e0d45982ca6,1,1.0,0.0583,low_priority
7cd249d9bea7adcb3e96209a12610d4de9d8fbc07e1b7f62593d1a1b2cbad018,1,1.0,0.0583,low_priority
9e0c09e101c1645d36eabdd07cbf5f1150dacd923f133e5d875dd42ba7935040,1,1.0,0.0583,low_priority
59f738784b5191171406eef8ef6a4ee30ee0dd85d6dc13fec31980f747f18c92,1,1.0,0.0583,low_priority
0174400fb9d92522807e49a3ec29ebb8b2fcd95439a92e941b742fcfcf551482,1,1.0,0.0582,low_priority
ba3ecac8bcf5854b00abbde5513cb4c7bc3a9c2da1eb06048afd942306cbbaa2,1,1.0,0.0582,low_priority
4f658ce3f446467821e3c369a7cd56ae1d546441ea77d4f7b96155fb6e044c23,1,1.0,0.0582,low_priority
73076aa7c097bf07d4cc09743a87d913c326d862b6dd81679edeeca140e4e95a,1,1.0,0.0581,low_priority
31793c50a7c1eac16b5881d67a9ae9331916abc15c65708d60f0c5704758ad76,1,1.0,0.0581,low_priority
e6c2c0adf492c82b634ad87779a6df77d2330ba912b9f37df5450984caa1a22e,1,1.0,0.058,low_priority
ab384f8ddad53de648437b0f1322a99ea48a10f93ade6e018b624254c2a0cc86,1,1.0,0.0577,low_priority
f2de65711d4cc35a2096fa4cebb62dda7db3ba1086f5077e9d1cc2cf50b54204,1,1.0,0.0577,low_priority
31915334e7db576adf59754b313c8c5c85c3b947f982f698705e129d4534ed4c,1,1.0,0.0577,low_priority
ef08dfafbe5983cdffa4d7fc2b2c7d34d25bd5374d7ee715f4a49be22c898606,1,1.0,0.0576,low_priority
f11957025a9494e2878701b3f5d322879c968238ad649aa93564cc06b928cb07,1,1.0,0.0575,low_priority
12f100c3e84b726fe2b4e6735ebc9aac2a0acba1881ae5144d1967653f6a6812,1,1.0,0.0575,low_priority
893d5512bac2a5c785501162326a6edba282bc360a9ccf3df37947b1569297db,1,1.0,0.0574,low_priority
57cbd6d4e6e56304bce5f662c8876906211f3234b31f5a4bdd0a3d47c9d5b310,1,1.0,0.0574,low_priority
0a3d4ae4b27948502340fbef1a94e19ce9c891dced7d25a24eb2bcb704881c06,1,1.0,0.0573,low_priority
166fdc64b69acca06cc5537d8f604fb4315ef800ecfffd0fb2e7cbab7997f250,1,1.0,0.0573,low_priority
1928c172dbd324db98a815dd4d0910e83c7bae4655749c1c8f14456baca945d3,1,1.0,0.0573,low_priority
8b0d0148857ec6fd3d6c51758c524ff8e36d981a9a3d1b80163cf51ea1d7a0ce,1,1.0,0.0573,low_priority
839dcb28b10b14367835535282adf5a65fa4352ba5f2524d870d5e03fc07c2f6,1,1.0,0.0573,low_priority
bf5205b78fce17bfb97ce98e150adcac6052ed52c996406919b33d2cf1654758,1,1.0,0.0572,low_priority
9c45defbd982bc93ab4ef41776b4a603eb3c748e21588ef517f148b1023828b1,1,1.0,0.0572,low_priority
8e001d292d062dd1da522794aadcf244d33a7b82b2ae6e3e0e2b5a356c936ece,1,1.0,0.0572,low_priority
ea79a22d3ec036f15037e4afe2545949d4529a6f1d8a755a16079696885ef5d2,1,1.0,0.0571,low_priority
9e0a32e7c03705ede9230933757da9ba569cc1600c945d8d23b7a26e82148505,1,1.0,0.0571,low_priority
275a6e0d637f4cc0a230118a6d5183f2a8cdbeb45ea5c279d92260616d3faadd,1,1.0,0.057,low_priority
590d036121c428eeda70a017e4d63089c73b0e09f9332b8669e989d229096b84,1,1.0,0.057,low_priority
16b1f9f8b43439ae0fd44534b875ec551b37c40e9c96e4db77f3c1b9bde94086,1,1.0,0.057,low_priority
2b56470db060e30d7671b44ea13830d9408998832e76bd1be47bad13dedffbc5,1,1.0,0.0567,low_priority
14259d6caeef755e9a19c8c90806624348c15660e4279c7029ca06764255890a,1,1.0,0.0567,low_priority
7a2cda7049414f01e2c6c9264a95a5562c00228585b76982b653e036d053fa0a,1,1.0,0.0566,low_priority
45ec1fe1d257ef7935cf4bc83e25d892e2fe29257f0a5ac3315a2bf1f2dc71a6,1,1.0,0.0565,low_priority
2a459094556ee3105e3da40937ce71313a43f14ea9b9331dea4d6cd60c8ab5cb,1,1.0,0.0564,low_priority
1d9c71f3f83bf8825c6feefa56e5792526bd8c223f75ad7405c962e177748bfc,1,1.0,0.0564,low_priority
6270f315432a9e51ae7b0e8c01dcc63c375babb085ce5a1d80083c2904b8edc1,1,1.0,0.0564,low_priority
cf28c9d9148c6b1cf5a995e574a64ed6dcadc0b746adc4d48b028c86a1eadabc,1,1.0,0.0563,low_priority
7aa9cf1a049dcc7c2bec08002688aaa5f7a3bf5ee541a032329ec87258a0ef48,1,1.0,0.0563,low_priority
dcc19a18b8ebfd13a25f9de73102ddd5c2cdbaa6cf0d0b25a8983eb3722b8172,1,1.0,0.0561,low_priority
72c76d5abf2de96557ed2a06d215f4143743a6f661178924a4715cfe09636f71,1,1.0,0.0561,low_priority
2102b40488786036865e346e562ef316496a3badfe252db349000966bcba9f59,1,1.0,0.056,low_priority
76ebe8f191abe3ff0f3810f2a70cfd0b836cf0756ed40699c462eb7a095b801a,1,1.0,0.0557,low_priority
23643b75502a40ec20c4b16f7f5cb5c7295e46f07e91ec7cf818d6f841cd7f01,1,1.0,0.0556,low_priority
60a74e8a80b810514cf03b3da2a78830a95443ec5facdd16168028de6e794e19,1,1.0,0.0556,low_priority
84d281ec3d42a812d28c39b74f2c9e2863211299bbd3f4ba9e91bea7b17d18fc,1,1.0,0.0556,low_priority
1bb6dfb55c3dd1fdbb949046b3bd351b8df540cac19019cc96e8d38c1439fe25,1,1.0,0.0556,low_priority
9632fb4d78471d910d04258fbb727cccc5df81ee5a25f4e3b03bc3962665bccd,1,1.0,0.0555,low_priority
614232f8c030d59802fc2c57b31d87915e3c6a40203d9e8abfb6bd49a29c1055,1,1.0,0.0555,low_priority
ab9a92cdedb464d59ca41328e7faf5e31bff724be6eb29aa71bb4b2b9faa91d1,1,1.0,0.0554,low_priority
4f673247645d230769473e6332a63d35eea3f1f5bdc751875d97f261b21a2134,1,1.0,0.0553,low_priority
95925faaee9880a2213249ae0824bb1f6131179e2715a85d17f83b043845387c,1,1.0,0.0553,low_priority
69738a8cc0b8973c59b6784d203c7dd209e4ccf6e7e54f486a490c7c7ab3a787,1,1.0,0.0552,low_priority
ce54f935b84b76a375920da0b35b476ae62963a502f8ca04fd7d95ba52209eee,1,1.0,0.0551,low_priority
542c51fb470d061b7f54aaae85f869d85e565938c1992b48f662d7b55c325843,1,1.0,0.055,low_priority
515946b5f2ed4ea388bd37dacf690d7899dde162fc6697ef5192b131ba04a738,1,1.0,0.055,low_priority
c5b091b934cd4269af5fca2a401b2f9a1184c47f5631652962defef49cb3f117,1,1.0,0.055,low_priority
b560b458b385625983ffe4155a463a0967cfb31759218c931920622274a8ea3d,1,1.0,0.0549,low_priority
a524b947412d619350eb3349cf2ea15aa6752b5e9508f3681f61ec15ba3d2193,1,1.0,0.0549,low_priority
6484cd54ce82b96879b63a55f8a7cb7cd13168e5d396953a2c6f2c9dd9f66ce6,1,1.0,0.0549,low_priority
163f21ee60b36cbb1d85af22cd1d9fb6394fe192369212ec0b5da27892aa52ca,1,1.0,0.0548,low_priority
7a1d0cd04479b4b206dfc43dcb97b9ad27e459fd63c5ae9b720eaa70c694784f,1,1.0,0.0548,low_priority
0c2f70c8a92112a36cf9ef7d60917a519d121699217c9ab8babca5083acc034f,1,1.0,0.0547,low_priority
f10a7bdc16dfa15e3c61fc74642665c6d0c7eee6a6ab22d5f8a5a19ef5adef50,0,1.0,0.0547,low_priority
9853105e4edc01d541d96964ec60bb0671140718666a4cc0be88140b6756f9b3,1,1.0,0.0546,low_priority
2753c9cd79cc4eb16a2f67a9704a9587df2ca2de443724de5553eeff3c95d717,1,1.0,0.0546,low_priority
3b5d8ac2b221a35521499e07a1772d0b152ece4014bef2f44420681669ac5882,1,1.0,0.0545,low_priority
deb2df84fed0a1858f76af23e0a096272f13c0449bf30d3e08f609486f84f7c9,1,1.0,0.0544,low_priority
7b7a3d3ca87f5462e3b5ae0db1696c2356c389aed60203142b0e9a442a95660c,1,1.0,0.0543,low_priority
862cd0e5c831de050652a15067a070c8aecc480b3a967c568a9eb98ddaf468b6,1,1.0,0.0542,low_priority
071913dfa454a50a5e15e5af1bc9d0452c8449cc2203d20ad5af029bf0b2e042,1,1.0,0.054,low_priority
d46a623913c1fc3bbfe80cb2a8a0f8ace6a8dcca4b574fc91b1c85760e65ebbf,1,1.0,0.0538,low_priority
030b85776560ea274b14707310d6851701c933e78f57931ff991da20295fc580,1,1.0,0.0533,low_priority
3407163da1951bc7208aaad63c343180eed75f677284643ec9277bb8bda0b17f,1,1.0,0.0533,low_priority
fdf1a2e13b68e64d5367c553b82f3f528b8160696774c148bab431c11bdc9d35,1,1.0,0.0533,low_priority
533e3d12552eb407d1400028055b3a63e98b035338e986db713086deaf760a39,1,1.0,0.0533,low_priority
f67c922cf9f2048d4c0251a8d0663b8410340d4451e6c31b3a9239b5a4f205bf,1,1.0,0.0533,low_priority
3837db61424cdfe68f1a7445c16eb0643584a2dc439f552a403c9d9074be4a8a,1,1.0,0.0531,low_priority
edd1885b228e90456847e8790edb0c5b8849062e645e7eea64ef00fb11b1fed9,1,1.0,0.0531,low_priority
2a74a27d7454fc406ac26d375d9f3b34370caff8bb4f702b7f7d722e866aaa6e,1,1.0,0.0529,low_priority
969758fae13b9cc5fa7fb4996b2a29eb9dc5d0156ff28e10c9382143ba6ec5d3,1,1.0,0.0528,low_priority
1f0e18fa579e180f1a2dc68a97bc0468c3123f436bb936954b65c3bce8681cb0,1,1.0,0.0528,low_priority
ad7794731b1631b1f9b3053c732e70a2c38a1e77a9b9cfba6319a4702761bd3f,1,1.0,0.0528,low_priority
556a6dd901f84bbc2aff9b1febe0ee25fe7347d259cb174cb050e7b1d50b19c7,1,1.0,0.0528,low_priority
545510bf275cb2821f18128dce29ee86442932ee7baf608f9aa7d5635810a542,1,1.0,0.0528,low_priority
06deeb8a40bd08e22fd501451d4bb97f35f6563acc293c96cef36e570002915f,1,1.0,0.0527,low_priority
3f3fb9d787c24b122b041e8da9fc9c4103184d7fde54dfb9a347a6645a49d7f0,1,1.0,0.0527,low_priority
16683d73cfee567ada03e637f361ac96b8f5b045f191749c6ddc3d8348897dab,1,1.0,0.0527,low_priority
78c6598261101aaa2f90278b99775e4939288141c94ecdf1e8cfce8caf55b8f7,1,1.0,0.0526,low_priority
1ad6cfc514ef5b64374b8a26db834ab064f9690c2dfbdfcdb50ca0b34e25f2c0,1,1.0,0.0526,low_priority
4908ddd1202bd01a55fcb57f5253569ae8ecaef0e6a324bfcfaec1b6907ee7bd,1,1.0,0.0525,low_priority
876a21bb27f3b62bc10987e241341d9800f2fa9358816afd05777bcccb49b723,1,1.0,0.0524,low_priority
ca41e3d43b241b4d77d46e0835cd0931f88a226fb0375f10b4111087a737db2f,1,1.0,0.0524,low_priority
35413de232224ff6ca34deffe650749b1fa3855cfa4a4895b3589c6f38780dc1,1,1.0,0.0522,low_priority
c83d811c24f3a3349d20266f48833a2ee8d9412e67a7fa93f39891deec0f9a6a,1,1.0,0.0521,low_priority
eef89d975eb04d591afdd732d714667889440950e44fc51d1e540e2aad57881e,1,1.0,0.0521,low_priority
4ba7fbcdbbd855da48c90d7f7e87ced822d6a14d139fb325545607dc13179924,1,1.0,0.052,low_priority
0c05924b86ed0b9bddbc8d00327406c20566d6caadfa0420db7921bc48ffde6b,1,1.0,0.0519,low_priority
879483b8a8a73a6e5d2f68347a6253de0f686121b68c0a344ca69d1dabad4cd5,1,1.0,0.0519,low_priority
e61ebf9a576f07d6a0f53be9868fd2970ad4940f845c3392bdfdfd3ac056d2fb,1,1.0,0.0518,low_priority
a3a5e480f3fae00d2d7dfcf17954558a3351fd5e49b3103613d623793815b4ad,1,1.0,0.0518,low_priority
b713ffe8f5fa9cec13d7d0d19d8686a34a40c0188784db4591e76580de729e67,1,1.0,0.0516,low_priority
105caaf78613f6f7494d94c63351c52068fcf06f0a0721a86e230bdf0cda9253,1,1.0,0.0516,low_priority
b291e8de68b93aebea08220fc2e44ba7ca01398cb69b2422783b5ec033feaa0e,1,1.0,0.0514,low_priority
c496e04ed073a610edf8fc8e12a4501e7d927519a0219db7f85b675553add0e5,1,1.0,0.0514,low_priority
cb41b19c4422aa2b449714dcd2332cdea77aab11e1bf3d607f12f24209f1f6f3,1,1.0,0.0514,low_priority
f41800776caf5cb7039d426554f3945ab1068a8a8dd126e85d4c3f311b67b57f,1,1.0,0.0513,low_priority
397059dbcbe0d33516cc944e3e99bbaf648ffb5a59f931fb20865b360c4d2f80,1,1.0,0.0513,low_priority
2b1a372b0f8daa0d532c716f25c09faf0dc2e3977f3c8e41bed6de8e27ca753b,1,1.0,0.051,low_priority
3e4db063bf778405d2334b83ac9711e48e0196e2b4f9981a72e10553c4e65a29,1,1.0,0.051,low_priority
fd961e5ed6066c3d57e37b0d8907ebdb5939b68b95654666d73a931228186f9d,1,1.0,0.051,low_priority
654419e9109eb6b6598c2773c6753979a3112a67ff0c9b41f7f0e13f26df04fc,1,1.0,0.051,low_priority
47a32880b49cdf12c9b7d264a2063c8092364575d67fd24acfe5fb1f37b0633e,1,1.0,0.051,low_priority
24ed39c31c008fb4740808191c204f2f17d8bd5705bdc4f2b0e34b0586a66863,1,1.0,0.051,low_priority
b715160d9643e4c2cf05a2631a98b5b00951ac024dacf3771d4416b6a608e7aa,1,1.0,0.0509,low_priority
236c7654687f24084be2b5fa561a771603203bddff40190492b1641fe9e88ca3,1,1.0,0.0509,low_priority
9fc098285378a9a4c779e055365199823ae5a51e81f2b8670ddfcbf24fbad5a8,1,1.0,0.0509,low_priority
b888d91cb5b21f87ce9fa8060121f068548efeea6d657881aa7fb2f070112fca,1,1.0,0.0507,low_priority
830a35a5187fa15a16aed40958ccf4ca819a908ba0189cdab42c9925177be0dc,1,1.0,0.0507,low_priority
431fcf2513b41e6cec9d166b3372bc13834c06c07df760eb0e7c2c5577119ec3,1,1.0,0.0506,low_priority
2cec3e9bd5076c8034e819dd84519954a7223ff3c2c555d088b300d9421687ec,1,1.0,0.0505,low_priority
4b22eaf0c5c0af54dc110e5714378da260608b663a4c2541a13c910f3e323d02,1,1.0,0.0505,low_priority
5ec837dadb3d31bccb688419bcd7bd9e6bb5325c22f47533e4ae65c33668ff4f,1,1.0,0.0504,low_priority
c116cca566c6c37c3490e886d78bec3ddb1c1fc0151cc782df775b0c8c98497e,1,1.0,0.0501,low_priority
86e25270d198ca5655c8276d1edb207a69c544898003cbc7d773e2fb1d4cdbd7,1,1.0,0.05,low_priority
3623818780b02635be0bd97464c2f7eeaeebc448226895dea3145f65b52b5b1e,1,1.0,0.05,low_priority
8d6ffd5b2aa188e8462e176dc852f3763791aee6b5dff27ff65f9e1bd87bf381,1,1.0,0.0497,low_priority
909163bdaf6bdcf8a7e3c2b08bffb0df898cefb9fadc1362fdbe7f9a2d6c4263,1,1.0,0.0497,low_priority
4a83598036426922263e0048a9aa252c1512e6887b51a929b443b01250f70c64,1,1.0,0.0496,low_priority
4ad2cd83078178bbe66ea45db2a50b52e36859df7677fe2c95ef77697fb1bce2,1,1.0,0.0496,low_priority
51aa59b4fcf2842fe1ded2ebd8695b2ab99b6796a5656863bc110fa3a0a99bb2,1,1.0,0.0496,low_priority
044f21a062e6c46b37c304d52837061e16358fdc1a12127e7e0c094bc9572c2f,1,1.0,0.0495,low_priority
4801ad5e8904f41c23d131693dfa5130491c1fe4afe600ecb3f243125de1f4e0,1,1.0,0.0493,low_priority
debfe69600885fcc8644e363cc2c12a4796618a2c2d934be495a14471d7f4ee4,1,1.0,0.0493,low_priority
85e37a1391c88295f11700fa56cae57b8eeaea677a5c260fce19ce7f9806e540,1,1.0,0.0491,low_priority
a643a7e70fd2010c34070191a099dea638d6f2257e1593c6af4b19ee2544e5d1,1,1.0,0.0491,low_priority
548e320cfb4581271d9e48e179d642a518a06965aec75578eb2ae7b06ec6b2fa,1,1.0,0.049,low_priority
d81eaf29647bc7fdcdacead18d0a97c4f9fcb49d27226c940ff773de8b6e149f,1,1.0,0.0489,low_priority
f749495c264b4081dc06eaa1b62d05c6b38bac0f3fbf5d29b92f009d878263dc,1,1.0,0.0489,low_priority
82c8562d54fa1ad1f922183722c0d9c07a99255aac9dcd7cdc39c9be4b9a4af1,1,1.0,0.0489,low_priority
463f7a03363f06dba3d06c395ed7d93189939e634f5d6827ba442ab314004e11,1,1.0,0.0487,low_priority
fc3ef534e98f7e6e4d2d48984ed2e9061d91c3a8d42d1cf91b042f27f5ec06a0,1,1.0,0.0487,low_priority
803e54c515b5429dcb5a46ca8dc8554d39654defb8bac7b360f234fd3a3c2e41,1,1.0,0.0485,low_priority
476fea6ab7a131dc804009fa341aa060ccc9ee0cd929cd04cc5fb673f9f158e4,1,1.0,0.0483,low_priority
2b63dc6c51827a642498a410f996c6083a9592e56dd0acc93af748c7eb6862ce,1,1.0,0.0482,low_priority
3e0c52238b37bfe573e627b0806cda2acbb9c1c8f7103048fbd47102e0b24a4d,1,1.0,0.0482,low_priority
5600175391635d5d6f1a7665c84354dc18f50232c707360dd7f8c2ecd986a63c,1,1.0,0.0481,low_priority
f1fb70a8c0ebdf69fece53cdc1cde7d303cee7ff9e5442597280edc5a2e036cd,1,1.0,0.048,low_priority
a7a27db83cf677a85f796c5ca5729a3c1eb0c39821320d1fab109fd9348787f7,1,1.0,0.048,low_priority
b5fddc01ffeeab0290cc8826d4e6e02991382a148b011ae99710c05f2517f6f7,1,1.0,0.0479,low_priority
b8d8f946aaaeb5026443aad7e7ab0ea06505d1edd86b3b3cf162855e4f3b445a,1,1.0,0.0479,low_priority
ea936b2a9c900490e69fa8fdc59224c4df4f7bd4451dd8066173c13e9c7d206f,1,1.0,0.0479,low_priority
ead8e2fb23519136411e08a7b4945baed637f064f68051ecf4f26638d588f0db,1,1.0,0.0479,low_priority
11c8ad59f21d9cedbc13a7ae313034063c9207131db46e37e4c2486fa79ed123,1,1.0,0.0479,low_priority
a3998f7c89d61b662de841288fb9639001b28feae5da6bd5458c06aa053a44ed,1,1.0,0.0478,low_priority
8c2a73f1caf4a4d6387a5b185598e0246341801312eda23069cee80d461e9b7e,1,1.0,0.0478,low_priority
a6389bf9f57178fadfae94a71b70207f84cb83ce390c79992c80415f4eb03dae,1,1.0,0.0477,low_priority
dc0db6470726e338e9441a45d798874b1373d1ca0a9ba3964a74ee86b9b19178,1,1.0,0.0477,low_priority
b62eea3f1815d271c1a825b13a6bf5ef55a10e6f4d201381ced1cafffd1b85c9,1,1.0,0.0476,low_priority
19a3e59069591b08a3cc982e567cabf3f983a0527ff1a46f184090dac39b8f93,1,1.0,0.0476,low_priority
d406561c32fd201e018857ecfc95b215f2ccb4fd3c706fbf29af74e2d6672e11,1,1.0,0.0474,low_priority
824ca58d852f09e204da455572fd8cfabad2a7a41b43c3f2f3c508c7a8de60b4,1,1.0,0.0473,low_priority
9dd816760022233e546b36b1b399bbcfe1454636c0777b27d2adb40a37166e97,1,1.0,0.0473,low_priority
424118c33036a35ae054a56794347d1ee6d2400180d129e394fbf483bf803fcc,1,1.0,0.0472,low_priority
ffc261c1edf8e92bc898633238218181cdfad8176e2aa7753c79b621894417ec,1,1.0,0.0471,low_priority
3b24f521f5e7ccd09d9742a189a976622aba43aab5a82eed25217033dbc5b3cb,1,1.0,0.047,low_priority
0ed334da4a13aa01489b6708906623f8bf2a1b8998c27e4054725fc1d948e4fa,1,1.0,0.0468,low_priority
1f89ef16dd057c9226d21d79be31f363b489f04d140a3775c8ed194e235ed6c7,1,1.0,0.0468,low_priority
9ab7c3d747142791270233766c7df911788f3bf6df66d2f07ac6718d9ef5a3a6,1,1.0,0.0468,low_priority
7db8607f428ea4020b332f560c5d03ef119c47465aeac612e5184ed3fb2d3ada,1,1.0,0.0466,low_priority
68ddbbd9c4aa2587a12448cd206790ef902d60e152d76694d5cb8397ecbbaa1a,1,1.0,0.0464,low_priority
cd8f2b0ba8e1fdcbfdde1967a42f1375d1aaed038bab6c93fee840e2f817e373,1,1.0,0.0464,low_priority
93c2149a67a859f052deed421f227308c9506f2303b09ab94cd178e1b2e93bc2,1,1.0,0.0464,low_priority
d52ae80e9067f82b4410f8263d630055ad94a1dd76c2e721e703a8aeeb7f9075,1,1.0,0.0463,low_priority
55a06e2c08cb104cfcb714ce041bb6efa3faed60a141792cc97bb7482f91f730,1,1.0,0.0463,low_priority
4465c529914b2df93f4d6161723918659961918465a0e3dc222a7c95e736cb87,1,1.0,0.0462,low_priority
85d814e2994d61fc047378b37e8413b54f9f6d667a36882b513428cbde38370a,1,1.0,0.0462,low_priority
2998110cf9467e097ab8a52e170f2e663f842317c62ca7c5f1701fd5f6725102,1,1.0,0.0462,low_priority
ca0f289b00e461543efe0d347c4b87408a10d826d708bdce31e01e84976657ed,1,1.0,0.046,low_priority
fbcbbfe0572c0b1f80419989944ac8b0b8bb20566d523ff80a4a803b680a0f2e,1,1.0,0.046,low_priority
b061789fd0908b2b92933ffd9e93d1e61994c0c74c2bd5d8d48503af35f73339,1,1.0,0.0459,low_priority
78372a084caad933332306a3e8cf821dc3f02edbbfb0b99d6a239f456c55cfc8,1,1.0,0.0459,low_priority
9aa789291bfa2c88345bfa02851c93f77679dbf30986b4d84fa7a80d5cd2901d,1,1.0,0.0458,low_priority
ba638df2b5ec927e816bda8755e451cb9fea13c71a3da3aad73c60dd919fdcc6,1,1.0,0.0458,low_priority
74cd3146cd2411a1499a3d711b87ea2ba2266a49fed2f878873c3edc92e2f829,1,1.0,0.0457,low_priority
a1a489a47a411fc3f47091e4f0fb2fe734fe5e20bcf760f64c74bfb40059997d,1,1.0,0.0456,low_priority
2d288adf9d972641daeb96284492f3f2806b0f4c48fc183efaa8e9cd0ff76f3a,1,1.0,0.0456,low_priority
791a0b2716dcd9bef884b0ac95e98d18d535d9954163b05c173a8a5c00e6efe8,1,1.0,0.0454,low_priority
e51ba3f6e8ca6c2e19c24b57fdcc5474e686aad81a7491f7ca677a5e6eb21c61,1,1.0,0.0453,low_priority
fe1e3e894cab23440d0354f592e258d33180580e437c0c5ba526e6a2d3e2ac46,1,1.0,0.0453,low_priority
7558bfd00ee07dcfbb6a51ee8b585ef0fe71ae0a53ed3868acdba548548fb26e,1,1.0,0.0452,low_priority
a653ccee6d0cff9cf04b7484be08197dd796b50cb659851c6ef789f8bd5f9e3f,1,1.0,0.0452,low_priority
888a9b69ee30a27105999f01ef0b25d414e46c2f4748c5a93e6b25fbbb143cc0,1,1.0,0.0452,low_priority
b0b41087f9a31323d7e112584d32cc5e770e12ad5a77f05c1f10546211a41f92,1,1.0,0.0452,low_priority
ec4406a2b377f20635e5c4b17b2849ad876a9e44618af994c85291e58c6bc078,1,1.0,0.0452,low_priority
26ef20fca6a8d43f6434a1688a0a3764292b8d72b2f1f9e551dbc495c147c721,1,1.0,0.045,low_priority
11ff15dc81853f0a14dbb71449bbc7a74fc2a61ad8a2443394cf5d9e20a67517,1,1.0,0.0449,low_priority
958c0825127959b715b77710ae02a18c514b92ee0fb598ad62ba3e4110436541,1,1.0,0.0447,low_priority
70d454c4b784e2e4b9b9d57a5b14ac9d5a259d8c52883ae0d1e7564d1d321e5f,1,1.0,0.0447,low_priority
03e7173da51343f19d8fffade98dccc0e29c0dd36816ba4508a42fd8e7e5ccd6,1,1.0,0.0445,low_priority
498b7bcb3b7a70486eea4b90fecdecbd3943e136aaf210b68659c33d6891a22f,1,1.0,0.0445,low_priority
dc0d2dbe61f80d3c210d64338e0cb977b2e135dc150cefb84cf483dda61ca4e8,1,1.0,0.0445,low_priority
9c1866be96a8515c722139bf0ac2179606c96367930c015d2d048a43e3460ffb,1,1.0,0.0443,low_priority
fcde9db2a3b26328596d5c8b0cac5155986258daecfbfc4ae91efd1e95781265,1,1.0,0.0443,low_priority
5b37196f25ac68774fc0711ce003266459802ebc8d725dfa549a1498e87ad5ec,1,1.0,0.0442,low_priority
659eb30142b52bd0ff48773873feb3c611843489702f388cbab673c783d83e4e,1,1.0,0.044,low_priority
31b5fa1bddf95fe742298efb9acb0c0691dbdd24f3cd1014fbc9aa743663a871,1,1.0,0.0439,low_priority
0f40f220693cc00a0ebbff3915a309d33a52806aa12f3eed2136cfae9302717f,1,1.0,0.0437,low_priority
bbf20a65309dc9df264dae4b89e238cc3b94d21757fe22cf410c1a832d0b6eb3,1,1.0,0.0436,low_priority
97ff142fad3a6b1417aaf54fb64f5c6406ca35493c041ec7cfb36984e600893b,1,1.0,0.0436,low_priority
d0ca2abb12aa4a31ea5371a402a790151f4d7a7429f0b2449bed7e6ded80b19c,1,1.0,0.0434,low_priority
1f94b0c5f970f50314c6b2ffd0642c4690e33af60089193fc375df78d31ac45d,1,1.0,0.0434,low_priority
d2900f2ee4495eec098692194b9a19e5d4eed014c5bb49740d4d877b98bcad8e,1,1.0,0.043,low_priority
b31b4f5f4b23cba26d0bdbf63ce947199dec9ed0652251024e1f438d285744ba,1,1.0,0.0424,low_priority
ebee7f09f7df77cde8a8a39fadb972e5ee5e14b4da52628470986c796ed15cff,1,1.0,0.0422,low_priority
97102e038500b5682fbca70bf5bf77c7f1678a8ff67c93613152c63b97875a5e,1,1.0,0.0421,low_priority
ee83a83fd3505e4028f1c81432ad739cb170c76c2246b27b7c42b663bc29cb99,1,1.0,0.0421,low_priority
119d050bdb53e6885d5a8cc95f78e4b064e7de8835997161ea20debae237b742,1,1.0,0.0421,low_priority
ed770baeaeb771789d609b6ebcbdfbaff1559a6aec5a4953e39fe290723d45b4,1,1.0,0.042,low_priority
ccbe67a3849ba51b0862cb4814ff9b411a2b9816dcf3f8044244c3ec730a3614,1,1.0,0.042,low_priority
7537bb78c8dfd6413eb3edbc0092e6d7c56af3c736f9cbdb85c25a94eb9c8ddc,1,1.0,0.0419,low_priority
970d3feea39364ee61560e1dbb21df214c266aa1cd4f4e4f1dc3b9496417c8f5,1,1.0,0.0419,low_priority
41fba317924a00fa15f0e6a49f417702407b8ddd51763dc7c2dce8e07ca81971,1,1.0,0.0417,low_priority
d5a9904c197248e3166a2340d542fdff490b6a389cccd4f4083627b1e96ba418,1,1.0,0.0415,low_priority
801e6ed176b8470836c1ef0f0f555d62c6b890a4aff58c343eb7f76545423d22,1,1.0,0.0414,low_priority
a04294aeb2546cc8abcabb71f9f5a3430988a1a845794560fce2cd2ea868a689,1,1.0,0.0413,low_priority
1d97d0b9707974fc595d699805f016339ffced5487bd5c4b63d73657285066b7,1,1.0,0.0412,low_priority
082a17a02c99252e30802f007bad2a2351e46dd86dd2876c0fefa4154bcf8b35,1,1.0,0.0412,low_priority
42cf892e51f06b7f54c2f1b55eea51a491ecc9a778ce3450645e6836c7a03688,1,1.0,0.0411,low_priority
c2e891e126bcccc5b76daec4938ff21448d85fae8df1c784e58cfa40be89115a,1,1.0,0.0407,low_priority
9516154a6262bd75b4011e0765718af6ae81aa83250ae03f007b6c3eaa713876,1,1.0,0.0406,low_priority
c54447173541bbcfdcc410b2ce1bd2a5a2679e6af9670338672af8a8d0820cd9,1,1.0,0.0406,low_priority
d54ea6b766470b192fdfbf7ef92e77159bbf30903be7e32edf641b396efbd6fa,1,1.0,0.0405,low_priority
ffd13adaa950907b2cdb9568fcf28e3653676ac8c12ffe0910f6cc3c04e9207d,1,1.0,0.0405,low_priority
a96465726a268c1a80a7fdd1e654c90be57b7b57649097b3fc5c5df1c2b3b8b8,1,1.0,0.0402,low_priority
b3e8ddef905ebf0dcca3a3c080fd007b2b50d59827378094065c493d780da21b,1,1.0,0.0402,low_priority
2ccfa8c11cc50c22f9675a5438782f02dbb10ae92cc771cd50b611d6c7a94ff9,1,1.0,0.0401,low_priority
ed42424d9e2f5d6d747a3bb0269d4bc7e07d6f05b5a648192e25205ce15bba1c,1,1.0,0.0401,low_priority
b2e70307b0206627463c81f280417c8a95c0ade0211b58a1e691c609726596ba,1,1.0,0.04,low_priority
313798eee1e6b56b38c4de8e42a4bae8833259bcabc733357c7d6d7871090f69,1,1.0,0.0398,low_priority
a50d5a07be1d5a734fd26ff791bbe2d00dc892309ddd673b3858128432c003e5,1,1.0,0.0397,low_priority
e2023ebd37b6e29f3e7a06b715f014e38d6f0597af4eb07f91734699b1b7437d,1,1.0,0.0395,low_priority
348f189a758c9d8f65d516cdb9a7cb748372af50efed1cd7a423d08deae46879,1,1.0,0.0394,low_priority
9b8dd0057844c678b8e30341ff827510d0f91af4312677522937e6c783e61080,1,1.0,0.0393,low_priority
90e5f1d79035da419b59dfec222ab3d9dda18382138b51646cb88858e49c8703,1,1.0,0.0393,low_priority
9db103e790a7eae4ea3a8e37a4b23691d19b31b3ddce7b065fd6c7e5a92aef62,1,1.0,0.039,low_priority
6bab9d1564b2db78b11b3c047e90e16ffab484e780235588dd30ac3fc71836bb,1,1.0,0.039,low_priority
86b199d341b6b47ee90b05d85c7a649b3995f0192fece92a582d1756dd612f2e,1,1.0,0.0389,low_priority
0e6a3a54dd7bc8b7068e790f4f8468fc091d569a0f25a1eaaee90489cf723b39,1,1.0,0.0389,low_priority
6140196403e4cccc7786a442a6e7b526a71517ad226fdfc6d65f5618e478c63a,1,1.0,0.0388,low_priority
f7f7af2bcef39c6441180fd1341e754f83da88d32636604ffad4f23a2506962b,1,1.0,0.0387,low_priority
761d165e6f53336a84166ecbfa14b8e0439b832b670c0d900c936a060e6969a9,1,1.0,0.0384,low_priority
f331ea763652387ff115c6bc97cc0b565a6adf02eeebaa2d64ccdc661438d359,1,1.0,0.0383,low_priority
f2d7d62acccd7e0b1e0e9e75129e17b01ba08edd38ed82a1abf639c530040727,1,1.0,0.0382,low_priority
27709bcb1c19ea6d0b025563907e6393ce301241a2fc94bc75e41e63b917b940,1,1.0,0.0381,low_priority
7325ac79e87a7233a8097e0387c6a53423eb96f70c61db5b035eb1ac56c4aadf,1,1.0,0.038,low_priority
9fa8ad7db3f20dbe9b7e34fb1ed3620662d3a07b31330da5807b1a9207338273,1,1.0,0.0374,low_priority
1260af241eaa962adda08bef41d19862b8849d62e3d79b6935a10689a88644dc,1,1.0,0.0374,low_priority
6c5b466c6964b48efafc8940b9e47a98f72680b7200d6a346c49ed891c203d3c,1,1.0,0.0373,low_priority
f4471a49d8a9b958f536905e6346a6a6ad2670b4143405f9975aa6735989bc57,1,1.0,0.037,low_priority
a63b38b8b098257027a7ffb85645d4f8385a66670a3910f3b3353ff264650fd1,1,1.0,0.0369,low_priority
d7b1aa8654524d0e256eee9d088b7098098fa55dcb75f31c52c1657f910b841c,1,1.0,0.0369,low_priority
6a47c609298370dea9db3b0f6c635c632a3fd07eef8167521a3068f196ba1dcc,1,1.0,0.0368,low_priority
6185eb0f903ed158b348053adcaf57292dc0c63adcafb0bf2446cbc3ed18df08,1,1.0,0.0365,low_priority
afc013bba47b6af23786e501a91d37bb10385ec3afcfcf742cd212104e1ffbc2,1,1.0,0.0363,low_priority
4a200da7f59adf1fd25f886d7cd3a153d64b44af54e3548fa0052ce030c4e704,1,1.0,0.0363,low_priority
1477a93bc9de2659a19fe338e19e84b6a3e298c3bd3e4a00c23ae43a636830ae,1,1.0,0.0362,low_priority
be48eedeac3402edb769dae7de795aa88e69a3a833d3b445332cd36042997f91,1,1.0,0.036,low_priority
26f360124818a170af74192eca842f6e152528924de31a1a1fb02cb56ef2859a,1,1.0,0.0358,low_priority
60fccbdec53770d6622021959663f528314d5adef74346b9465fff97bc88ffe3,1,1.0,0.0357,low_priority
9a39881c36cf8da449bc9a2995227e3f68315d639cae3b0cf1a7f3c6046bc164,1,1.0,0.0355,low_priority
0a62c346c61191f143cb97ca2b30f89ac142bb2a25513d40edfa7885654ab7ab,1,1.0,0.0355,low_priority
ed3c13dcb78502096cc92ab69fe5136013257f3684a2170ec7e0012ff168aa0b,1,1.0,0.0355,low_priority
1668d5ed8177e08b26422bff4b671e2c0d609666cf9e4ef644330ed38f2e5332,1,1.0,0.0354,low_priority
473cc10e0f26df10c54badf8c66923618a4fd7e46036e73910362ccf5da46132,1,1.0,0.0353,low_priority
ed2f735dcb8373421922654e0afc124f96ec26f298c3f5947077b36e4e2b9ef7,1,1.0,0.0345,low_priority
f8b84efae374e555b1575d83f7e8955b74fbad0953ab47b576ff4c63c780627c,1,1.0,0.0344,low_priority
eff38bb6aca2b7b2fdbb6dfb93e76c83d405b2095805bec9de96c6b56b43db29,1,1.0,0.0343,low_priority
809e6f622f35300a11572a08177644a06b50854d5f30c2df68b8ae212f55d1a2,1,1.0,0.0339,low_priority
9c29e71337f7b7b3836e57344c64a69e31b79e426417ea6818fe73ec9363b083,1,1.0,0.0323,low_priority
201e73749fa5f2fa89b86d957a9f97f8eb4666c7b647549ff43f8cfb87c9dc0f,1,1.0,0.0322,low_priority
e0b4317e5e184e7a0199c82b9801f707996f0a0bd58fb0bf37feb05d71cfba9e,1,1.0,0.0321,low_priority
257fcd2cb4d4060353c0d609948026e1f317cb134c1442758a459a262ccd3281,1,1.0,0.0319,low_priority
56222a5cd1d997ae508f2a9d1b3a478af1803d421c3958e0e93fc8c97e2311ec,1,1.0,0.0318,low_priority
ea5861e5276df2df72f3e4d5685d82c1dee01d4e9838d2d800e0b3fe803eea08,1,1.0,0.0316,low_priority
9bb8ff9d78f7a5a6c5dbb970a1766491a5a4cc4f4f1d3d13a955901962dab74f,1,1.0,0.0314,low_priority
aaebdcdd92af24165b3b82a31c10d87cc2f5867b14eb553725e277dc3f05e484,1,1.0,0.0313,low_priority
998008a924526120123893a0cb797d8ea10443bbba0292e8f3432213ed777a28,1,1.0,0.0307,low_priority
2f9df082ba01d6d9d5d2d533621484e8db2cc2ed3916b1f36138d068179bbe78,1,1.0,0.024,low_priority
bb56e29540c33a456f9a92212240ddb405cf85da7ece4e2056499f9e89d40b03,1,1.0,0.0239,low_priority
d926a995cba752cf361e808df65f58fe1915f248b87e628bbbb52d1a968b6401,1,1.0,0.0234,low_priority
